time,L_禁渔前,L_禁渔后,B_禁渔前,B_禁渔后
0.0,19.3,19.3,15.2,15.2
0.005,19.315842507796145,19.33419519550614,15.202504680437231,15.215428951684427
0.01,19.33162363194153,19.368364218722586,15.205037807261894,15.230894928039385
0.015,19.34734332979185,19.402506780789956,15.207599393042903,15.246397995210343
0.02,19.363001559640164,19.436622593617304,15.210189449927949,15.261938218779521
0.025,19.37859828071687,19.470711369882146,15.212807989643483,15.277515663765914
0.03,19.3941334532412,19.504772823477776,15.215455023478217,15.293130394490106
0.035,19.40960704314894,19.53880668212993,15.218130560768511,15.308782470768579
0.04,19.425019014735533,19.572812664226138,15.220834611264062,15.324471954923023
0.045,19.44036932978301,19.606790481873126,15.223567185400814,15.340198910840003
0.05,19.455657951136526,19.64073984836606,15.226328293151623,15.355963401711278
0.055,19.470884842704347,19.67466047818855,15.229117944026243,15.371765490033793
0.06,19.486049969457838,19.708552087012663,15.23193614707134,15.38760523760968
0.065,19.501153297431483,19.7424143916989,15.23478291087048,15.403482705546265
0.07,19.516194793722864,19.77624711029622,15.23765824354414,15.419397954256059
0.075,19.531174426492683,19.810049962042026,15.240562152749694,15.435351043456762
0.08,19.546092164964747,19.84382266736216,15.243494645681428,15.451342032171265
0.085,19.56094797942597,19.877564947870923,15.246455729070531,15.467370978727647
0.09,19.575741841226375,19.911276526371054,15.249445409185096,15.483437940759178
0.095,19.590473722779095,19.944957126853748,15.25246369183012,15.49954297520431
0.1,19.605143597560378,19.978606474498633,15.255510582347513,15.515686138306693
0.105,19.619751440109567,20.012224295673796,15.258586085616079,15.53186748561516
0.11,19.634297226029126,20.045810317935764,15.261690206051535,15.548087071983737
0.115,19.648780931984625,20.079364270029515,15.2648229476065,15.564344951571632
0.12,19.66320253570474,20.112885881888477,15.267984313770501,15.580641177843251
0.125,19.677562015981266,20.14637488463451,15.271174307569966,15.596975803568183
0.13,19.691859352669088,20.179831010577942,15.27439293156823,15.613348880821206
0.135,19.70609452668622,20.21325399321753,15.277640187865533,15.629760460982292
0.14,19.72026752001377,20.24664356724049,15.280916078099024,15.646210594736596
0.145,19.734378315695963,20.279999468522472,15.28422060344275,15.662699332074464
0.15,19.748426897840137,20.313321434127587,15.287553764607669,15.679226722291432
0.155,19.762413251616724,20.346609202308386,15.290915561841642,15.695792813988223
0.16,19.77633736325928,20.379862512505866,15.294305994929433,15.712397655070754
0.165,19.790199220064466,20.413081105349473,15.297725063192717,15.729041292750123
0.17,19.803998810392045,20.446264722657098,15.301172765490067,15.745723773542625
0.17500000000000002,19.817736123664897,20.47941310743508,15.304649100216968,15.762445143269737
0.18,19.831411150369007,20.512526003878204,15.308154065305805,15.779205447058127
0.185,19.84502388205347,20.545603157369708,15.311687658225871,15.796004729339657
0.19,19.858574311330496,20.578644314481267,15.315249875983362,15.81284303385137
0.195,19.872062431875392,20.611649222973007,15.318840715121382,15.829720403635504
0.2,19.88548823842658,20.6446176317935,15.322460171719937,15.846636881039483
0.20500000000000002,19.898851726785594,20.677549291079774,15.326108241395941,15.863592507715923
0.21,19.912152893817073,20.710443952157288,15.329784919303211,15.880587324622624
0.215,19.925391737448766,20.743301367539964,15.333490200132472,15.897621372022577
0.22,19.938568256671534,20.776121290930153,15.33722407811135,15.914694689483966
0.225,19.95168245153934,20.80890347721867,15.340986547004379,15.931807315880157
0.23,19.964734323169264,20.841647682484766,15.344777600112996,15.94895928938971
0.23500000000000001,19.97772387374149,20.874353663996146,15.34859723027555,15.966150647496374
0.24,19.99065110649931,20.907021180208954,15.352445429867284,15.983381426989082
0.245,20.00351602574913,20.939649990767787,15.356322190800354,16.00065166396196
0.25,20.016318636860458,20.97223985650569,15.360227504523822,16.01796139381433
0.255,20.029058946265923,21.004790539444148,15.364161362023648,16.035310651250683
0.26,20.041736961461247,21.0373018027931,15.368123753822704,16.052699470280714
0.265,20.054352691005274,21.069773410950926,15.372114669980766,16.070127884219314
0.27,20.06690614451995,21.10220512950446,15.376134100094513,16.087595925686543
0.275,20.079397332690338,21.13459672522897,15.380182033297526,16.10510362660766
0.28,20.091826267264594,21.166947966088188,15.384258458260302,16.122651018213123
0.28500000000000003,20.104192961054,21.19925862123428,15.388363363190232,16.140238131038558
0.29,20.11649742793294,21.231528461007862,15.392496735831616,16.157864994924793
0.295,20.128739682838905,21.263757256938003,15.396658563465662,16.175531639017848
0.3,20.1409197417725,21.29594478174221,15.400848832910482,16.193238091768922
0.305,20.15303762179743,21.32809080932644,15.40506753052109,16.21098438093441
0.31,20.165093341040524,21.360195114785103,15.409314642189406,16.22877053357589
0.315,20.177086918691703,21.392257474401042,15.413590153344257,16.24659657606014
0.32,20.18901837500401,21.424277666423457,15.417894048951378,16.264462533781707
0.325,20.200887731110818,21.456255491344148,15.422226313531855,16.282368423950885
0.33,20.212695004035872,21.48819073970132,15.42658693162188,16.30031426711234
0.335,20.22444021566014,21.520083193931608,15.4309758867946,16.31830008645169
0.34,20.23612339168484,21.55193263813059,15.435393161866008,16.336325904307916
0.34500000000000003,20.24774455881094,21.583738858052776,15.439838739198896,16.35439174217338
0.35000000000000003,20.259303744739196,21.615501641111617,15.444312600702855,16.372497620693807
0.355,20.270800978170126,21.647220776379502,15.448814727834268,16.39064355966828
0.36,20.28223628880402,21.678896054587756,15.453345101596316,16.40882957804927
0.365,20.293609707340945,21.710527268126647,15.457903702538978,16.427055693942602
0.37,20.304921265480726,21.742114211045376,15.462490510759027,16.44532192460747
0.375,20.316170995922967,21.77365667905208,15.467105505900033,16.46362828645644
0.38,20.327358932367034,21.805154469513848,15.471748667152363,16.481974795055454
0.385,20.338485109512078,21.836607381456684,15.476419973253183,16.500361465123802
0.39,20.349549563057003,21.868015215565553,15.481119402486447,16.51878831053416
0.395,20.360552329700496,21.899377774184345,15.485846932682914,16.537255344312562
0.4,20.371493447141006,21.930694861315885,15.490602541220138,16.555762578638422
0.405,20.382372954076757,21.96196628262195,15.495386205022465,16.57431002484451
0.41000000000000003,20.393190890205744,21.993191845423244,15.500197900561039,16.59289769341697
0.41500000000000004,20.40394729622573,22.024371358699412,15.505037603853802,16.61152559399531
0.42,20.414642213834245,22.055504633089036,15.509905290465493,16.630193735372416
0.425,20.425275685728593,22.08659148088964,15.514800935507646,16.64890212549453
0.43,20.435847755605852,22.11763171605768,15.51972451363859,16.667650771461272
0.435,20.446358468162863,22.148625154208556,15.52467599906345,16.686439679525627
0.44,20.45680786909624,22.179571612616602,15.529655365534154,16.70526885509394
0.445,20.467196005102373,22.210470910215086,15.534662586349418,16.72413830272594
0.45,20.47752292387741,22.241322867596228,15.53969763435476,16.743048026134716
0.455,20.48778867411728,22.272127307011175,15.544760481942488,16.76199802818672
0.46,20.497993305517678,22.302884052370008,15.549851101051715,16.78098831090178
0.465,20.508136868774066,22.33359292924176,15.554969463168343,16.80001887545309
0.47000000000000003,20.518219415581683,22.36425376485439,15.560115539325075,16.819089722167213
0.47500000000000003,20.52824099863554,22.3948663880948,15.565289300101407,16.838200850524082
0.48,20.538201671630404,22.42543062950883,15.570490715623635,16.857352259156986
0.485,20.548101489260826,22.45594632130126,15.575719755564847,16.876543945852603
0.49,20.557940507221126,22.4864132973358,15.580976389144933,16.895775907550963
0.495,20.567718782205386,22.51683139313511,15.586260585130574,16.91504814034547
0.5,20.577436371907467,22.547200445880776,15.591572311835248,16.934360639482893
0.505,20.58709333502099,22.57752029441333,15.596911537119233,16.953713399363377
0.51,20.596689731239366,22.60779077923224,15.602278228389602,16.973106413540425
0.515,20.60622562125575,22.63801174249591,15.60767235260022,16.99253967472092
0.52,20.615701066763087,22.668183028021684,15.613093876251755,17.0120131747651
0.525,20.62511613045408,22.698304481285845,15.618542765391668,17.031526904686583
0.53,20.63447087602122,22.728375949423615,15.624018985614216,17.051080854652344
0.535,20.64376536815674,22.758397281229144,15.62952250206045,17.07067501398274
0.54,20.65299967255267,22.788368327155535,15.635053279418226,17.090309371151484
0.545,20.662173855900797,22.81828893931482,15.640611281922187,17.109983913785662
0.55,20.671287985892683,22.84815897147797,15.646196473353777,17.129698628665732
0.555,20.68034213121965,22.877978279074895,15.651808817041235,17.149453501725514
0.56,20.68933636157281,22.907746719194442,15.657448275859599,17.169248518052196
0.5650000000000001,20.698270747643022,22.9374641505844,15.663114812230697,17.189083661886343
0.5700000000000001,20.707145361120936,22.96713043365149,15.66880838812316,17.208958916621874
0.5750000000000001,20.715960274696958,22.996745430461377,15.674528965052415,17.228874264806095
0.58,20.72471556206127,23.026309004738657,15.68027650408068,17.24882968813966
0.585,20.733411297903825,23.05582102186687,15.686050965816975,17.268825167476606
0.59,20.742047557914344,23.085281348888493,15.691852310417111,17.288860682824335
0.595,20.75062441878232,23.114689854504938,15.6976804975837,17.30893621334361
0.6,20.759141958197013,23.144046409076562,15.70353548656615,17.329051737348575
0.605,20.767600254847455,23.17335088462265,15.709417236160663,17.34920723230673
0.61,20.775999388422452,23.202603154821432,15.715325704710237,17.369402674838945
0.615,20.784339439610577,23.231803095010076,15.72126085010467,17.38963804071947
0.62,20.79262049010017,23.260950582184684,15.727222629780552,17.40991330487591
0.625,20.800842622579346,23.290045495000296,15.733211000721274,17.430228441389243
0.63,20.80900592073599,23.319087713770898,15.73922591945702,17.450583423493818
0.635,20.817110469257756,23.348077120469405,15.745267342064771,17.470978223577344
0.64,20.825156353832064,23.377013598727675,15.751335224168304,17.49141281318091
0.645,20.833143661146114,23.4058970338365,15.757429520938196,17.511887162998967
0.65,20.84107247888687,23.434727312745615,15.763550187091813,17.532401242879327
0.655,20.84894289574106,23.463504324063692,15.769697176893322,17.552955021823188
0.66,20.856755001395197,23.492227958058333,15.77587044415369,17.5735484679851
0.665,20.864508886535557,23.52089810665609,15.782069942230674,17.594181548672985
0.67,20.87220464284818,23.549514663442448,15.78829562402883,17.61485423034814
0.675,20.87984236301888,23.578077523661825,15.794547441999509,17.635566478625222
0.68,20.887422140733253,23.606586584217588,15.800825348140862,17.65631825827226
0.685,20.89494407067665,23.63504174367203,15.807129293997832,17.677109533210658
0.6900000000000001,20.902408248534197,23.66344290224639,15.813459230662161,17.697940266515175
0.6950000000000001,20.909814770990792,23.691789961820845,15.819815108772387,17.718810420413945
0.7000000000000001,20.9171637357311,23.720082825934504,15.826196878513844,17.73971995628847
0.705,20.92445522475986,23.748321399785418,15.832604494306302,17.760668834673623
0.71,20.93168930187699,23.776505590230578,15.839037915609639,17.78165701525764
0.715,20.938866068162234,23.80463530578591,15.84549709133226,17.80268445688213
0.72,20.945985626600233,23.83271045662628,15.851981969696963,17.823751117542063
0.725,20.953048080717476,23.86073095458549,15.858492498622589,17.844856954385786
0.73,20.960053534582308,23.888696713156282,15.865028625724042,17.86600192371501
0.735,20.967002092804908,23.91660764749033,15.871590298312277,17.887185980984817
0.74,20.97389386053731,23.94446367439826,15.878177463394302,17.908409080803654
0.745,20.98072894347339,23.97226471234962,15.884790067673181,17.929671176933333
0.75,20.98750744784888,24.000010681472904,15.89142805754803,17.950972222289042
0.755,20.99422948044135,24.027701473102308,15.898091379114021,17.972312176673384
0.76,21.000895148570223,24.05533697269227,15.904779978162377,17.993691000815595
0.765,21.007504560096766,24.082917112396725,15.91149380018038,18.0151086430913
0.77,21.014057823424096,24.110441825960354,15.918232790351361,18.03656505107803
0.775,21.020555047497172,24.137911048418665,15.924996893554706,18.058060171631695
0.78,21.02699634180281,24.165324716098,15.931786054365856,18.079593950886597
0.785,21.033381816369662,24.192682766615512,15.93860021705631,18.101166334255428
0.79,21.039711581768234,24.219985138879192,15.945439325593611,18.122777266429274
0.795,21.04598574911088,24.247231773087847,15.952303323641365,18.1444266913776
0.8,21.05220443005179,24.274422610731115,15.95919215455923,18.166114552348272
0.805,21.058367736787023,24.301557594589454,15.966105761402913,18.187840791867536
0.81,21.064475782054465,24.328636668734156,15.973044086924181,18.20960535174003
0.8150000000000001,21.070528679133858,24.355659778527322,15.980007073570855,18.231408173048784
0.8200000000000001,21.07652654184679,24.382626870621895,15.986994663486803,18.253249196155217
0.8250000000000001,21.082469484556693,24.409537892961634,15.994006798511956,18.275128360699135
0.8300000000000001,21.088357622168854,24.43639279478112,16.00104342018229,18.297045605598733
0.835,21.094191070130396,24.463191526605772,16.008104469729847,18.319000869050598
0.84,21.099969944430303,24.489934040251818,16.015189888082713,18.34099408852971
0.845,21.105694361599397,24.516620288826324,16.022299615865027,18.363025200789423
0.85,21.111364438710346,24.543250226727174,16.029433593396988,18.385094141861497
0.855,21.116980293377672,24.56982380964308,16.036591760694847,18.407200847056078
0.86,21.122542043757736,24.596340994553575,16.04377405747091,18.4293452509617
0.865,21.128049808548756,24.62280173972902,16.050980423133534,18.451527287445273
0.87,21.13350370699079,24.649206004730605,16.058210796787133,18.473746889652123
0.875,21.138903858865746,24.675553750410337,16.065465117232172,18.496003990005942
0.88,21.14425038449738,24.701844938911055,16.07274332296517,18.518298520208823
0.885,21.149543404751288,24.728079533666417,16.080045352178708,18.540630411241246
0.89,21.15478304103492,24.75425749940091,16.08737114276141,18.562999593362076
0.895,21.15996941529758,24.78037880212985,16.094720632297957,18.585405996108577
0.9,21.165102650030406,24.806443409159364,16.102093758069092,18.607849548296393
0.905,21.170182868266387,24.83245128908642,16.1094904570516,18.630330178019562
0.91,21.175210193580366,24.858402411798803,16.116910665918326,18.652847812650514
0.915,21.180184750089023,24.884296748475123,16.124354321038172,18.675402378840058
0.92,21.18510666245089,24.910134271584813,16.13182135847609,18.697993802517402
0.925,21.189976055866353,24.93591495488814,16.13931171399308,18.720622008890142
0.93,21.194793056077636,24.96163877343619,16.14682532304621,18.743286922444263
0.935,21.19955778936881,24.98730570357087,16.154362120788594,18.765988466944133
0.9400000000000001,21.2042703825658,25.012915722924916,16.1619220420694,18.78872656543252
0.9450000000000001,21.208930963036373,25.038468810421893,16.16950502143385,18.811501140230572
0.9500000000000001,21.213539658690145,25.06396494627619,16.177110993123215,18.834312112937834
0.9550000000000001,21.218096597978576,25.089404111993012,16.184739891074834,18.857159404432235
0.96,21.222601909894983,25.114786290368396,16.19239164892209,18.880042934870094
0.965,21.22705572397452,25.14011146548921,16.200066199994417,18.902962623686122
0.97,21.23145817029419,25.165379622733134,16.20776347731731,18.92591838959342
0.975,21.235809379472844,25.19059074876868,16.21548341361232,18.94891015058347
0.98,21.240109482671187,25.21574483155519,16.223225941297038,18.971937823926154
0.985,21.24435861159176,25.24084186034282,16.230990992485125,18.995001326169742
0.99,21.24855689847896,25.265881825672558,16.23877849898629,19.01810057314088
0.995,21.252704476119025,25.290864719376216,16.24658839230629,19.04123547994463
1.0,21.256801477840046,25.315790534576433,16.25442060364695,19.064405960964407
1.0050000000000001,21.260848037511956,25.340659265686668,16.26227506390613,19.087611929862053
1.01,21.264844289546538,25.365470908411208,16.27015170367776,19.110853299577773
1.0150000000000001,21.268790368897424,25.390225459745164,16.278050453251822,19.134129982330172
1.02,21.27268641106009,25.414922917974472,16.285971242614345,19.15744188961624
1.025,21.276532552071856,25.4395632826759,16.293914001447412,19.180788932211364
1.03,21.2803289285119,25.464146554717026,16.30187865912917,19.204171020169312
1.035,21.284075677501235,25.488672736256266,16.309865144733806,19.227588062822246
1.04,21.287772936702734,25.51314183074286,16.317873387031575,19.251039968780717
1.045,21.291420844321102,25.537553842916868,16.325903314488777,19.27452664593366
1.05,21.295019539102906,25.561908778809176,16.333954855267766,19.298048001448407
1.055,21.298569160336548,25.586206645741495,16.342027937226955,19.32160394177068
1.06,21.302069847852287,25.610447452326362,16.350122487920807,19.345194372624576
1.065,21.305521742022226,25.63463120846714,16.35823843459984,19.368819199012602
1.07,21.30892498376031,25.658757925358017,16.366375704210633,19.39247832521564
1.075,21.31227971452234,25.682827615484005,16.3745342233958,19.41617165479297
1.08,21.315586076305955,25.706840292620942,16.38271391849403,19.439899090582248
1.085,21.31884421165065,25.730795971835484,16.390914715540056,19.463660534699535
1.09,21.32205426363776,25.75469466948513,16.399136540264664,19.487455888539277
1.095,21.325216375890474,25.77853640321818,16.407379318094698,19.511285052774298
1.1,21.328330692573825,25.802321191973775,16.415642974153055,19.53514792735583
1.105,21.33139735839469,25.82604905598188,16.423927433258683,19.55904441151348
1.11,21.334416518601795,25.849720016763285,16.432232619926587,19.58297440375525
1.115,21.337388318985717,25.873334097129593,16.440558458367825,19.60693780186753
1.12,21.34031290587888,25.89689132118325,16.448904872489514,19.630934502915103
1.125,21.343190426155548,25.920391714317514,16.45727178589481,19.654964403241134
1.1300000000000001,21.346021027231842,25.943835303216474,16.465659121882943,19.679027398467188
1.135,21.34880485706572,25.96722211585504,16.474066803449183,19.703123383493207
1.1400000000000001,21.351542064156995,25.990552181498952,16.482494753284858,19.72725225249753
1.145,21.35423275403389,26.01382553070477,16.49094290497397,19.75141389893688
1.1500000000000001,21.356877025159108,26.037042195319888,16.49941119440006,19.775608215546384
1.155,21.359475028137144,26.06020220848251,16.50789954428595,19.79983509433954
1.16,21.36202691361372,26.08330560462168,16.516407877252625,19.82409442660824
1.165,21.36453283217985,26.106352419457256,16.52493611584358,19.848386102922774
1.17,21.366992934371815,26.12934268999993,16.53348418252483,19.872710013131815
1.175,21.36940737067118,26.152276454551213,16.54205199968491,19.897066046362426
1.18,21.371776291504784,26.17515375270344,16.550639489634868,19.921454091020056
1.185,21.374099847244747,26.19797462533978,16.559246574608274,19.945874034788552
1.19,21.376378188208474,26.220739114634213,16.56787317676121,19.97032576463014
1.195,21.37861146465864,26.243447264051557,16.57651921817228,19.994809166785444
1.2,21.3807998268032,26.266099118347448,16.5851846208426,20.019324126773476
1.205,21.3829434247954,26.288694723568348,16.59386930669581,20.04387052939163
1.21,21.385042408733742,26.311234127051545,16.602573197578067,20.068448258715694
1.215,21.387096928662025,26.333717377425156,16.61129621525804,20.093057198099853
1.22,21.38910713456932,26.356144524608116,16.62003828142692,20.11769723017667
1.225,21.391073176389977,26.378515619810187,16.62879931769841,20.142368236857102
1.23,21.392995204003626,26.40083071553196,16.637579245608737,20.16707009933049
1.235,21.394873367235174,26.423089865564844,16.646377986616645,20.19180269806458
1.24,21.39670781585481,26.44529312499108,16.65519546210339,20.216565912805493
1.245,21.398498699578003,26.467440550183724,16.664031593372748,20.24135962257774
1.25,21.400246168065486,26.48953219880668,16.672886301651012,20.266183705684227
1.2550000000000001,21.401950370923295,26.511568129814645,16.681759508086998,20.291038039706244
1.26,21.40361145770272,26.533548403453164,16.69065113375203,20.31592250150348
1.2650000000000001,21.40522957790035,26.5554730812586,16.699561099639958,20.340836967214
1.27,21.406804880958042,26.577342226058143,16.708489326667145,20.365781312254267
1.2750000000000001,21.40833751626293,26.599155859263867,16.71743573567247,20.390755424835252
1.28,21.409827633147433,26.620913939119845,16.72640024741733,20.415759213581396
1.285,21.411275380889247,26.642616528019527,16.735382782585646,20.440792554600517
1.29,21.412680908711348,26.664263694074265,16.744383261783845,20.465855321980992
1.295,21.414044365781983,26.685855505830215,16.753401605540883,20.490947389447925
1.3,21.415365901214688,26.70739203226837,16.762437734308225,20.51606863036316
1.305,21.41664566406827,26.728873342804533,16.771491568459858,20.54121891772527
1.31,21.41788380334682,26.75029950728933,16.780563028292285,20.566398124169567
1.315,21.41908046799971,26.771670596008207,16.789652034024524,20.591606121968084
1.32,21.420235806921575,26.79298667968143,16.79875850579812,20.616842783029607
1.325,21.42134996895235,26.814247829464087,16.807882363677116,20.642107978899638
1.33,21.422423102877236,26.835454116946085,16.817023527648097,20.667401580760426
1.335,21.42345535742671,26.856605614152148,16.826181917620143,20.692723459430944
1.34,21.42444688127654,26.877702393541824,16.83535745342487,20.7180734853669
1.345,21.425397823047764,26.898744528009484,16.844550054816395,20.743451528660746
1.35,21.4263083313067,26.919732090884306,16.853759641471367,20.768857459041655
1.355,21.427178554564946,26.940665155930304,16.862986132988944,20.79429114587554
1.36,21.428008641279376,26.961543797346305,16.8722294488908,20.81975245816505
1.365,21.428798739852148,26.982368089765956,16.881489508621133,20.845241264549554
1.37,21.429548998630693,27.00313810825772,16.890766231546653,20.870757433305172
1.375,21.430259565907722,27.02385392832489,16.90005953695659,20.89630083234475
1.3800000000000001,21.43093058992123,27.04451562590557,16.90936934406269,20.921871329217865
1.385,21.43156221885448,27.065123277372695,16.91869557199922,20.947468791110836
1.3900000000000001,21.43215460083603,27.085676959534005,16.92803813982296,20.97309308484671
1.395,21.4327078839397,27.10617674963207,16.937396966513205,20.998744076885263
1.4000000000000001,21.433222216184593,27.126622725344284,16.946771970971778,21.024421633323016
1.405,21.433697745535103,27.147014964782848,16.95616307202301,21.050125619893212
1.41,21.434134619900885,27.16735354649479,16.965570188413754,21.075855901965834
1.415,21.434532987136883,27.18763854946197,16.97499323881338,21.101612344547608
1.42,21.43489299504332,27.207870053101043,16.984432141813766,21.12739481228197
1.425,21.435214791365695,27.228048137263507,16.993886815929326,21.15320316944911
1.43,21.435498523794784,27.248172882235664,17.00335717959697,21.179037279965947
1.435,21.435744339966643,27.268244368738653,17.01284315117615,21.20489700738613
1.44,21.43595238746261,27.288262677928415,17.02234464894881,21.230782214900042
1.445,21.436122813809302,27.30822789139572,17.03186159111943,21.256692765334805
1.45,21.436255766478602,27.328140091166162,17.041393895815,21.282628521154265
1.455,21.43635139288769,27.34799935970015,17.050941481085026,21.308589344459016
1.46,21.436409840399016,27.367805779892908,17.06050426490153,21.33457509698637
1.465,21.436431256320304,27.387559435074493,17.070082165159064,21.360585640110383
1.47,21.43641578790457,27.407260409009773,17.079675099674684,21.38662083484184
1.475,21.43636358235009,27.426908785898437,17.089282986187968,21.412680541828266
1.48,21.43627478680044,27.446504650374994,17.09890574236101,21.43876462135391
1.485,21.436149548344453,27.466048087508778,17.10854328577842,21.464872933339763
1.49,21.43598801401626,27.485539182803937,17.118195533947336,21.491005337343545
1.495,21.43579033079526,27.50497802219944,17.1278624042974,21.517161692559714
1.5,21.435556645606134,27.52436469206908,17.137543814180777,21.543341857819456
1.5050000000000001,21.43528710531884,27.543699279221475,17.14723968087215,21.569545691590697
1.51,21.43498185674861,27.562981870900046,17.15694992156872,21.595773051978085
1.5150000000000001,21.43464104665597,27.582212554783045,17.166674453390204,21.622023796723024
1.52,21.43426482174671,27.60139141898355,17.176413193378835,21.648297783203624
1.5250000000000001,21.4338533286719,27.620518552049447,17.186166058499367,21.674594868434752
1.53,21.4334067140279,27.63959404296345,17.195932965639066,21.700914909067993
1.5350000000000001,21.432925124356338,27.658617981143088,17.205713831607724,21.72725776139168
1.54,21.43240870614412,27.67759045644071,17.21550857313764,21.75362328133086
1.545,21.43185760582344,27.696511559143502,17.22531710688364,21.780011324447333
1.55,21.431271969771764,27.715381379973444,17.235139349423065,21.806421745939627
1.555,21.430651944311833,27.73420001008735,17.244975217255764,21.832854400642994
1.56,21.42999767571168,27.752967541076853,17.254824626804112,21.859309143029435
1.565,21.429309310184603,27.771684064968404,17.264687494413007,21.885785827207673
1.57,21.428586993889184,27.79034967422328,17.274563736349855,21.91228430692317
1.575,21.427830872929285,27.80896446173757,17.28445326880458,21.93880443555812
1.58,21.427041093354045,27.82752852084219,17.294356007889625,21.96534606613145
1.585,21.426217801157886,27.84604194530287,17.304271869639955,21.991909051298823
1.59,21.4253611422805,27.864504829320165,17.31420077001305,22.018493243352637
1.595,21.424471262606865,27.882917267529443,17.324142624888896,22.045098494222017
1.6,21.423548307967234,27.90127935500091,17.334097350070017,22.071724655472828
1.605,21.422592424137143,27.919591187239565,17.34406486128144,22.098371578307667
1.61,21.4216037568374,27.93785286018525,17.35404507417071,22.125039113565865
1.615,21.4205824517341,27.956064470212617,17.364037904307896,22.151727111723485
1.62,21.419528654438608,27.974226114131138,17.37404326718558,22.178435422893326
1.625,21.418442510507575,27.99233788918511,17.384061078218863,22.205163896824917
1.6300000000000001,21.417324165442924,28.010399893053645,17.394091252745365,22.231912382904525
1.635,21.416173764691866,28.02841222385068,17.404133706025217,22.258680730155152
1.6400000000000001,21.41499145364688,28.046374980124966,17.414188353241073,22.285468787236525
1.645,21.413777377645733,28.064288260860078,17.424255109498105,22.31227640244511
1.6500000000000001,21.412531681971466,28.082152165474415,17.434333889824,22.339103423714114
1.655,21.411254511852395,28.099966793821185,17.444424609168962,22.365949698613466
1.6600000000000001,21.40994601246212,28.117732246188428,17.454527182405712,22.392815074349834
1.665,21.408606328919525,28.135448623298995,17.464641524329494,22.419699397766614
1.67,21.40723560628876,28.153116026310567,17.47476754965806,22.44660251534395
1.675,21.405833989579268,28.17073455681563,17.484905173031688,22.473524273198706
1.68,21.404401623745752,28.18830431684151,17.49505430901317,22.500464517084485
1.685,21.40293865368821,28.205825408850338,17.505214872087816,22.527423092391622
1.69,21.401445224251916,28.22329793573907,17.515386776663448,22.554399844147184
1.695,21.39992146373271,28.240722000839476,17.525569949710025,22.58139461701498
1.7,21.39836748303604,28.25809770791816,17.53576433198827,22.608407255295543
1.705,21.396783422342008,28.275425161176535,17.545969842138366,22.635437602926146
1.71,21.395169422273923,28.29270446525084,17.55618639829017,22.662485503480795
1.715,21.393525623110484,28.309935725212124,17.566413918660942,22.689550800170224
1.72,21.391852164785767,28.32711904656627,17.57665232155536,22.716633335841905
1.725,21.390149186889225,28.344254535253974,17.586901525365516,22.743732952980046
1.73,21.3884168286657,28.361342297650747,17.597161448570912,22.770849493705583
1.735,21.386655229015414,28.378382440566934,17.607432009738464,22.797982799776193
1.74,21.384864526493963,28.395375071247685,17.617713127522507,22.82513271258628
1.745,21.383044859312335,28.412320297372982,17.628004720664777,22.85229907316699
1.75,21.38119636533689,28.42921822705762,17.638306707994442,22.879481722186185
1.7550000000000001,21.37931918208938,28.446068968851215,17.648619008428064,22.906680499948482
1.76,21.377413446746925,28.462872631738207,17.658941540969632,22.93389524639522
1.7650000000000001,21.37547929614204,28.479629325137854,17.66927422471055,22.961125801104476
1.77,21.373516866762607,28.496339158904227,17.679616978829618,22.988372003291055
1.7750000000000001,21.371526294751906,28.513002243326234,17.689969722593066,23.015633691806503
1.78,21.369507715908586,28.529618689127584,17.700332375354535,23.042910705139096
1.7850000000000001,21.367461265686682,28.54618860746682,17.710704856555076,23.07020288141384
1.79,21.36538707919561,28.5627121099373,17.721087085723152,23.097510058392484
1.795,21.363285291200167,28.5791893085672,17.731478982474645,23.1248320734735
1.8,21.36115603612053,28.595620315819524,17.741880466512846,23.152168763692103
1.805,21.358999448032257,28.612005244592083,17.752291457628463,23.179519965720235
1.81,21.356815660666296,28.62834420821752,17.762711875699612,23.20688551586658
1.815,21.354604807408965,28.64463732046329,17.77314164069183,23.234265250076543
1.82,21.35236702130197,28.660884695531678,17.78358067265806,23.261659003932273
1.825,21.350102435042395,28.67708644805978,17.794028891738666,23.28906661265265
1.83,21.347811180982706,28.693242693119515,17.80448621816142,23.316487911093287
1.835,21.345493391130756,28.709353508093375,17.814952572241502,23.34392276872056
1.84,21.34314919714977,28.725418958898146,17.82542787438152,23.371371066496238
1.845,21.340778730358362,28.74143915723671,17.835912045071492,23.398832643893012
1.85,21.338382121730525,28.757414214872476,17.846405004888833,23.426307340260383
1.855,21.33595950189563,28.773344243494584,17.856906674498394,23.453794994947494
1.86,21.333511001138437,28.789229354717897,17.86741697465243,23.481295447303133
1.865,21.33103674939908,28.805069660082996,17.877935826190598,23.50880853667572
1.87,21.328536876273077,28.820865271056203,17.88846315003999,23.53633410241333
1.875,21.326011511011327,28.836616299029554,17.898998867215095,23.56387198386367
1.8800000000000001,21.323460782520115,28.852322855320818,17.909542898817822,23.59142202037409
1.885,21.320884819361098,28.867985051173488,17.920095166037495,23.618984051291584
1.8900000000000001,21.318283749751327,28.883602997756775,17.930655590150852,23.646557915962788
1.895,21.315657701563218,28.89917680616563,17.941224092522035,23.674143453733976
1.9000000000000001,21.313006802324587,28.914706587420724,17.95180059460261,23.701740503951065
1.905,21.31033117921862,28.930192452468447,17.962385017931553,23.729348905959615
1.9100000000000001,21.30763095908388,28.945634512180924,17.97297728413525,23.756968499104833
1.915,21.304906268414328,28.961032877356004,17.98357731492751,23.784599122731553
1.92,21.30215723335929,28.976387658717258,17.99418503210954,23.812240616184265
1.925,21.29938397972348,28.991698966913987,18.00480035756998,23.839892818807094
1.93,21.296586632966996,29.006966912521218,18.015423213284866,23.867555569943807
1.935,21.293765318205313,29.022191606039698,18.026053521317657,23.895228708937815
1.94,21.29092016020929,29.03737315789591,18.03669120381922,23.922912075132164
1.945,21.288051283405164,29.052511678442055,18.047336183027845,23.950605507869554
1.95,21.28515881187456,29.067607277956064,18.057988381269226,23.97830884649231
1.955,21.282242869354477,29.08266006664159,18.068647720956474,24.006021930342417
1.96,21.2793035792373,29.097670154628016,18.07931412459011,24.03374459876149
1.965,21.276341064570794,29.11263765197045,18.089987514758075,24.061476691090785
1.97,21.273355448058105,29.12756266864972,18.10066781413572,24.089218046671206
1.975,21.270346852057763,29.142445314572388,18.111354945485804,24.116968504843292
1.98,21.267315398583676,29.157285699570743,18.12204883165851,24.14472790494723
1.985,21.264261209305136,29.172083933402792,18.132749395591432,24.172496086322848
1.99,21.26118440554681,29.186840125752273,18.143456560309573,24.200272888309605
1.995,21.25808510828876,29.201554386228647,18.15417024892535,24.22805815024662
2.0,21.254963438166417,29.216226824367105,18.164890384638593,24.255851711472637
2.005,21.251819515470594,29.230857549628563,18.17561689073655,24.28365341132605
2.0100000000000002,21.248653460147494,29.24544667139966,18.186349690593882,24.311463089144894
2.015,21.245465391798696,29.259994298992762,18.19708870767266,24.339280584266845
2.02,21.242255429681155,29.27450054164596,18.207833865522364,24.367105736029217
2.025,21.23902369270722,29.288965508523077,18.218585087779903,24.39493838376897
2.0300000000000002,21.235770299444614,29.303389308713655,18.229342298169584,24.42277836682271
2.035,21.232495368116435,29.317772051232964,18.240105420503134,24.450625524526668
2.04,21.22919901660118,29.332113845022,18.250874378679693,24.478479696216738
2.045,21.225881362432705,29.34641479894749,18.26164909668582,24.506340721228437
2.05,21.222542522800268,29.36067502180187,18.27242949859547,24.53420843889694
2.055,21.219182614548497,29.374894622303334,18.283215508570034,24.562082688557055
2.06,21.215801754177402,29.38907370909576,18.2940070508583,24.589963309543226
2.065,21.21240005784238,29.40321239074879,18.304804049796477,24.617850141189546
2.07,21.208977641354203,29.417310775757773,18.315606429808188,24.645743022829755
2.075,21.20553462017903,29.431368972543783,18.326414115404464,24.673641793797223
2.08,21.202071109438393,29.445387089453625,18.33722703118375,24.70154629342497
2.085,21.198587223909218,29.45936523475983,18.348045101831914,24.72945636104565
2.09,21.195083078023803,29.473303516660653,18.358868252122228,24.757371835991563
2.095,21.19155878586983,29.487202043280078,18.36969640691538,24.78529255759466
2.1,21.18801446119036,29.501060922667808,18.38052949115947,24.81321836518651
2.105,21.18445021738384,29.51488026279928,18.391367429890018,24.841149098098352
2.11,21.180866167504096,29.528660171575655,18.402210148229948,24.869084595661043
2.115,21.177262424260334,29.542400756823817,18.4130575713896,24.8970246972051
2.12,21.173639100017144,29.556102126296373,18.423909624666738,24.924969242060666
2.125,21.1699963067945,29.569764387671665,18.434766233446524,24.952918069557533
2.13,21.166334156267748,29.583387648553753,18.445627323201542,24.980871019025134
2.1350000000000002,21.162652759767624,29.596972016472435,18.45649281949179,25.00882792979255
2.14,21.158952228280242,29.610517598883217,18.467362647964674,25.03678864118849
2.145,21.1552326724471,29.62402450316734,18.47823673435502,25.064752992541315
2.15,21.151494202565072,29.637492836631775,18.489115004485065,25.092720823179025
2.1550000000000002,21.14773692858642,29.650922706509217,18.499997384264457,25.120691972429267
2.16,21.143960960118783,29.664314219958083,18.51088379969026,25.148666279619313
2.165,21.14016640642518,29.677667484062514,18.52177417684695,25.176643584076096
2.17,21.136353376479725,29.690982605832385,18.532668445843964,25.204623725126176
2.1750000000000003,21.13252197828518,29.70425969220329,18.54356654289548,25.23260654209577
2.18,21.12867231877584,29.717498850036556,18.554468397415587,25.26059187431072
2.185,21.124804504511392,29.73070018611923,18.565373938699707,25.28857956109652
2.19,21.12091864169073,29.74386380716408,18.57628309619201,25.3165694417783
2.195,21.117014836151956,29.756989819809615,18.58719579948542,25.34456135568084
2.2,21.113093193372386,29.770078330620063,18.598111978321608,25.37255514212855
2.205,21.10915381846855,29.78312944608537,18.609031562590992,25.400550640445495
2.21,21.105196816196173,29.79614327262121,18.61995448233274,25.428547689955366
2.215,21.101222290950204,29.809119916569,18.63088066773478,25.45654612998151
2.22,21.097230346764796,29.822059484195865,18.64181004913377,25.484545799846913
2.225,21.09322108731331,29.834962081694655,18.652742557015138,25.51254653887419
2.23,21.089194615908323,29.84782781518396,18.66367812201305,25.540548186385614
2.235,21.085151035501617,29.860656790708088,18.674616674910418,25.56855058170309
2.24,21.081090448684186,29.873449114237072,18.685558146638922,25.59655356414817
2.245,21.07701295768623,29.88620489166667,18.696502468278968,25.62455697304204
2.25,21.07291866437716,29.898924228818363,18.70744957105973,25.652560647705535
2.255,21.068807670265603,29.911607231439373,18.718399386359124,25.680564427459128
2.2600000000000002,21.06468007649939,29.92425400520263,18.729351845703818,25.70856815162294
2.265,21.06053598386556,29.936864655706803,18.740306880769225,25.736571659516724
2.27,21.056375492790366,29.94943928847628,18.75126442337951,25.76457479045988
2.275,21.052198703339272,29.961978008961175,18.76222440550759,25.792577383771444
2.2800000000000002,21.048005715216945,29.97448092253733,18.773186759275138,25.82057927877011
2.285,21.04379662776727,29.986948134506317,18.784151416952557,25.848580314774193
2.29,21.039571539973338,29.99937975009542,18.79511831095902,25.87658033110166
2.295,21.035330550457445,30.011775874457673,18.806087373862436,25.904579167070118
2.3000000000000003,21.031073757481106,30.024136612671807,18.81705853837947,25.932576661996823
2.305,21.02680125894504,30.0364620697423,18.82803173737554,25.960572655198654
2.31,21.022513152389173,30.048752350599344,18.839006903864803,25.98856698599215
2.315,21.018209534992653,30.061007560098872,18.849983971010175,26.016559493693485
2.32,21.013890503573823,30.073227803022522,18.860962872123316,26.044550017618473
2.325,21.009556154590246,30.08541318407768,18.871943540664645,26.07253839708257
2.33,21.00520658413869,30.097563807897437,18.88292591024332,26.10052447140088
2.335,21.000841887955136,30.109679779040626,18.89390991461725,26.128508079888135
2.34,20.99646216141477,30.121761192144312,18.9048954876931,26.156489089130122
2.345,20.992067499531988,30.13380814031532,18.91588256352628,26.184467368989452
2.35,20.987657996960408,30.145820725789346,18.92687107632095,26.212442763345308
2.355,20.983233747992838,30.15779905058335,18.93786096043002,26.240415116323344
2.36,20.978794846561314,30.16974321649545,18.948852150355147,26.268384272295943
2.365,20.974341386237068,30.181653325104904,18.95984458074675,26.296350075882255
2.37,20.969873460230552,30.193529477772124,18.970838186403977,26.324312371948164
2.375,20.965391161391423,30.205371775638675,18.981832902274746,26.352271005606305
2.38,20.960894582208546,30.217180319627268,18.99282866345571,26.38022582221607
2.3850000000000002,20.956383814809996,30.22895521044176,19.00382540519228,26.408176667383596
2.39,20.951858950963068,30.240696548567172,19.014823062878612,26.43612338696176
2.395,20.94732008207425,30.252404434269664,19.025821572057616,26.464065827050202
2.4,20.942767299189253,30.264078967596543,19.036820868420946,26.4920038339953
2.4050000000000002,20.938200692992993,30.275720248376278,19.04782088780901,26.519937254390186
2.41,20.933620353809598,30.28732837621848,19.058821566210966,26.547865935074736
2.415,20.929026371602397,30.298903450513908,19.06982283976472,26.57578972313558
2.42,20.924418835973942,30.31044557043448,19.080824644756927,26.603708465906088
2.4250000000000003,20.919797836165987,30.32195483493326,19.091826917622996,26.631622010966392
2.43,20.915163461059496,30.333431342744454,19.102829594947075,26.659530206143362
2.435,20.910515799174647,30.344875192383427,19.113832613462073,26.68743289951062
2.44,20.90585493867082,30.356286482146697,19.124835910049647,26.715329939388532
2.445,20.901180967346615,30.36766531011192,19.135839421740197,26.743221174344225
2.45,20.896493972639835,30.37901177413792,19.14684308571288,26.771106453191564
2.455,20.89179404162749,30.390325971864648,19.1578468392956,26.798985624991165
2.46,20.88708126102581,30.401608000713228,19.168850619965006,26.82685853905039
2.465,20.882355717190226,30.412857957885915,19.179854365346507,26.85472504492336
2.47,20.87761749611538,30.424075940366127,19.19085801321425,26.88258499241093
2.475,20.87286668343513,30.435262044918428,19.20186150149114,26.910438231560715
2.48,20.868103364422538,30.446416368088528,19.212864768248828,26.93828461266707
2.485,20.86332762398987,30.457539006203294,19.223867751707715,26.966123986271107
2.49,20.858539546688622,30.46863005537074,19.234870390236953,26.993956203160685
2.495,20.853739216709474,30.479689611480026,19.245872622354444,27.021781114370405
2.5,20.84892671788234,30.49071777020147,19.25687438672684,27.049598571181622
2.505,20.84410213367632,30.501714626986537,19.267875622169534,27.077408425122442
2.5100000000000002,20.839265547199744,30.51268027706784,19.27887626764668,27.105210527967717
2.515,20.834417041200144,30.52361481545914,19.289876262271182,27.13300473173904
2.52,20.82955669806426,30.534518336955355,19.300875545304685,27.160790888704764
2.525,20.824684599818042,30.545390936132545,19.311874056157585,27.188568851379987
2.5300000000000002,20.819800828126652,30.55623270734793,19.322871734389036,27.216338472526555
2.535,20.814905464294466,30.567043744739873,19.333868519706936,27.24409960515306
2.54,20.809998589265057,30.577824142227886,19.344864351967928,27.27185210251485
2.545,20.80508028362122,30.588573993512636,19.35585917117741,27.29959581811401
2.5500000000000003,20.800150627584955,30.599293392075936,19.36685291748954,27.327330605699387
2.555,20.795209701017473,30.60998243118075,19.3778455312072,27.35505631926657
2.56,20.790257583419194,30.620641203871198,19.388836952782043,27.38277281305789
2.565,20.785294353929746,30.63126980297254,19.399827122814465,27.41047994156244
2.57,20.78032009132797,30.64186832109119,19.410815982053613,27.438177559516053
2.575,20.775334874031916,30.65243685061472,19.421803471397382,27.465865521901314
2.58,20.770338780098843,30.662975483711836,19.432789531892418,27.49354368394755
2.585,20.76533188722522,30.673484312332413,19.443774104734114,27.52121190113085
2.59,20.760314272746722,30.68396342820746,19.454757131266614,27.548870029174036
2.595,20.755286013638244,30.694412922849143,19.465738552982817,27.576517924046698
2.6,20.75024718651388,30.704832887550776,19.47671831152436,27.604155441965148
2.605,20.745197867626946,30.715223413386827,19.487696348681638,27.63178243939247
2.61,20.74013813286995,30.725584591212915,19.498672606393797,27.659398773038486
2.615,20.735068057774622,30.7359165116658,19.50964702674873,27.687004299859773
2.62,20.729987717511907,30.746219265163397,19.520619551983078,27.714598877059643
2.625,20.724897186891944,30.756492941904778,19.531590124482236,27.742182362088176
2.63,20.719796540364097,30.766737631870154,19.54255868678034,27.769754612642185
2.6350000000000002,20.714685852016924,30.776953424820892,19.553525181560286,27.79731548666524
2.64,20.70956519557821,30.78714041029951,19.564489551653715,27.824864842347658
2.645,20.704434648018132,30.797298677629673,19.5754517420349,27.852402538126498
2.65,20.69929429073834,30.807428315916194,19.586411701732487,27.879928432685578
2.6550000000000002,20.694144196319204,30.817529414045044,19.59736937638398,27.907442384955463
2.66,20.688984436675476,30.827602060683336,19.608324711597415,27.934944254113457
2.665,20.683815083439892,30.83764634427934,19.619277653139104,27.96243389958362
2.67,20.678636207963198,30.847662353062468,19.63022814693363,27.989911181036764
2.6750000000000003,20.67344788131413,30.85765017504329,19.64117613906386,28.017375958390442
2.68,20.66825017427941,30.86760989801352,19.652121575770924,28.04482809180896
2.685,20.66304315736378,30.877541609546025,19.663064403454232,28.072267441703374
2.69,20.657826900789964,30.887445396994828,19.674004568671478,28.09969386873148
2.695,20.652601474498674,30.897321347495087,19.684942018138617,28.127107233797837
2.7,20.64736694814864,30.90716954796312,19.695876698729887,28.15450739805374
2.705,20.642123391116574,30.9169900850964,19.7068085574778,28.18189422289724
2.71,20.636870872497187,30.926783045373544,19.71773754157314,28.209267569973132
2.715,20.63160946110319,30.936548515054312,19.728663598364967,28.236627301172962
2.72,20.626339225465284,30.946286580179624,19.739586675360624,28.263973278635028
2.725,20.621060233832175,30.955997326571552,19.750506720225715,28.291305364744364
2.73,20.615772554170558,30.965680839833308,19.761423680784127,28.318623422132767
2.735,20.610476254165132,30.97533720534926,19.772337505018026,28.345927313678775
2.74,20.605171401218588,30.984966508284927,19.783248141067844,28.373216902507686
2.745,20.59985806245161,30.99456883358698,19.794155537232292,28.40049205199152
2.75,20.594536304702885,31.00414426598323,19.80505964196836,28.42775262574908
2.755,20.589206194529098,31.013692889982643,19.815960403891303,28.45499848764589
2.7600000000000002,20.58386779820492,31.023214789875347,19.826857771774666,28.48222950179424
2.765,20.578521181723033,31.032710049732604,19.837751694550253,28.50944553255316
2.77,20.573166410794105,31.04217875340683,19.848642121308153,28.536646444528426
2.775,20.5678035508468,31.051620984531596,19.85952900129673,28.563832102572572
2.7800000000000002,20.56243266702779,31.061036826521622,19.870412283922615,28.591002371784878
2.785,20.557053824201727,31.07042636257277,19.881291918750723,28.618157117511362
2.79,20.551667086951273,31.079789675662067,19.89216785550424,28.64529620534481
2.795,20.546272519577084,31.089126849027192,19.90304004406463,28.67241951190575
2.8000000000000003,20.540870186097806,31.09843796528112,19.91390843447162,28.69952691778733
2.805,20.53546015025009,31.10772310597662,19.92477297692323,28.72661829227304
2.81,20.530042475488575,31.116982352446193,19.935633621775747,28.753693505007124
2.815,20.524617224985906,31.126215785803236,19.946490319543727,28.78075242601454
2.82,20.51918446163272,31.135423486942035,19.95734302090001,28.807794925700996
2.825,20.51374424803765,31.144605536537764,19.96819167667571,28.834820874852923
2.83,20.50829664652732,31.153762015046485,19.979036237860207,28.86183014463749
2.835,20.502841719146367,31.16289300270515,19.989876655601165,28.88882260660261
2.84,20.497379527657408,31.17199857953161,20.000712881204525,28.91579813267691
2.845,20.49191013354106,31.18107882532459,20.011544866134493,28.942756595169772
2.85,20.486433597995948,31.190133819663718,20.022372562013558,28.9696978667713
2.855,20.48094998193868,31.1991636419095,20.033195920622482,28.996621820552335
2.86,20.47545934600386,31.208168371203342,20.0440148939003,29.023528329964453
2.865,20.469961750544105,31.217148086467535,20.054829433944324,29.05041726883997
2.87,20.46445725563001,31.226102866405256,20.065639493010142,29.077288511391924
2.875,20.45894592105018,31.23503278950058,20.076445023511617,29.104141932214095
2.88,20.453427806311204,31.243937934018465,20.08724597802088,29.130977406281
2.8850000000000002,20.44790297063768,31.252818378004758,20.09804230926835,29.15779480894789
2.89,20.442371472972198,31.261674199286205,20.10883397014271,29.18459401595074
2.895,20.43683337197534,31.270505475470426,20.11962091369092,29.211374903406266
2.9,20.431288726025684,31.279312283945945,20.130403093118222,29.23813734781193
2.9050000000000002,20.42573759321982,31.28809470188217,20.14118046178812,29.264881226045908
2.91,20.420180031372315,31.296852806229396,20.151952973222407,29.29160641536712
2.915,20.414616098015745,31.30558667371881,20.162720581101144,29.31831279341522
2.92,20.409045850400677,31.31429638086249,20.173483239262666,29.345000238210602
2.9250000000000003,20.403469345495676,31.322982003953406,20.18424090170359,29.37166862815439
2.93,20.397886639987302,31.331643619065407,20.19499352257879,29.398317842028433
2.935,20.392297790280118,31.340281302053242,20.205741056201443,29.424947758995327
2.94,20.386702852496672,31.348895128552545,20.21648345704298,29.451558258598396
2.945,20.381101882477523,31.357485173979843,20.227220679733108,29.4781492207617
2.95,20.375494935781216,31.366051513532547,20.237952679059823,29.50472052579004
2.955,20.369882067684294,31.37459422218896,20.24867940996938,29.53127205436894
2.96,20.3642633331813,31.38311337470828,20.259400827566317,29.557803687564668
2.965,20.35863878698477,31.391609045630588,20.27011688711345,29.584315306824212
2.97,20.35300848352524,31.40008130927686,20.28082754403186,29.610806793975314
2.975,20.347372476951243,31.408530239748952,20.291532753900917,29.637278031226437
2.98,20.3417308211293,31.416955910929616,20.302232472458247,29.663728901166778
2.985,20.336083569643943,31.425358396482498,20.312926655599775,29.690159286766278
2.99,20.330430775797687,31.43373776985213,20.323615259379675,29.716569071375606
2.995,20.32477249261105,31.442094104263926,20.33429824001042,29.742958138726163
3.0,20.319108772822553,31.4504274727242,20.344975553862742,29.769326372930088
3.005,20.313439668888694,31.458737948020154,20.35564715746565,29.795673658480254
3.0100000000000002,20.30776523298399,31.467025602719875,20.36631300750644,29.82199988025027
3.015,20.30208551700094,31.47529050917234,20.376973060830665,29.848304923494478
3.02,20.296400572550045,31.48353273950742,20.38762727444217,29.87458867384795
3.025,20.290710450959804,31.491752365635875,20.39827560550306,29.900851017326495
3.0300000000000002,20.285015203276707,31.499949459249347,20.40891801133373,29.927091840326668
3.035,20.279314880265247,31.50812409182038,20.419554449412832,29.953311029625734
3.04,20.27360953240791,31.5162763346024,20.43018487737731,29.979508472381713
3.045,20.267899209905178,31.524406258629718,20.440809253022376,30.005684056133354
3.0500000000000003,20.26218396267553,31.532513934717542,20.45142753430152,30.031837668800136
3.055,20.25646384035544,31.540599433461974,20.462039679326494,30.05796919868228
3.06,20.25073889229939,31.548662825239994,20.472645646367347,30.08407853446073
3.065,20.24500916757984,31.556704180209476,20.483245393852386,30.11016556519717
3.0700000000000003,20.23927471498726,31.564723568309187,20.493838880368198,30.13623018033403
3.075,20.23353558303011,31.572721059258782,20.504426064659647,30.162272269694455
3.08,20.227791819934854,31.580696722558802,20.515006905629868,30.188291723482337
3.085,20.222043473645947,31.58865062749068,20.525581362340272,30.214288432282295
3.09,20.216290591825835,31.596582843116742,20.536149394010554,30.24026228705969
3.095,20.210533221854973,31.604493438280198,20.54671096001867,30.266213179160612
3.1,20.204771410831807,31.612382481605152,20.557266019900858,30.292141000311883
3.105,20.199005205572774,31.620250041496597,20.567814533351633,30.318045642621065
3.11,20.19323465261232,31.628096186140407,20.57835646022378,30.343926998576457
3.115,20.18745979829394,31.63592098350336,20.588891760530284,30.36978496104708
3.12,20.181680697121923,31.643724501333118,20.599420394949547,30.395619423282703
3.125,20.175897400252424,31.651506807158224,20.609942325302413,30.421430278913817
3.13,20.17010995298978,31.659267968288123,20.62045751364213,30.447217421951663
3.1350000000000002,20.16431840044642,31.66700805181314,20.630965922163526,30.4729807467882
3.14,20.158522787542868,31.674727124604498,20.641467513203008,30.498720148196128
3.145,20.15272315900775,31.682425253314303,20.651962249238547,30.524435521328886
3.15,20.146919559377775,31.690102504375556,20.6624500928897,30.550126761720644
3.1550000000000002,20.141112032997754,31.69775894400214,20.672931006917587,30.575793765286303
3.16,20.135300624020598,31.705394638188835,20.683404954224905,30.6014364283215
3.165,20.129485376407303,31.71300965271131,20.69387189785594,30.627054647502604
3.17,20.12366633392697,31.720604053126117,20.704331800996524,30.65264831988673
3.1750000000000003,20.117843540156787,31.728177904770703,20.714784626974094,30.678217342911715
3.18,20.112017038482044,31.735731272763406,20.72523033925764,30.703761614396132
3.185,20.106186872096117,31.74326422200345,20.735668901457732,30.729281032539294
3.19,20.100353084000492,31.75077681717095,20.74610027732652,30.754775495921244
3.1950000000000003,20.094515717004736,31.75826912272691,20.756524430757718,30.780244903502766
3.2,20.08867481372652,31.765741202913226,20.766941325786625,30.805689154625362
3.205,20.082830416591605,31.773193121752676,20.77735092659011,30.831108149011285
3.21,20.07698256783385,31.780624943048938,20.787753197486616,30.856501786763516
3.215,20.071131309495208,31.788036730386576,20.798148102936153,30.881869968365773
3.22,20.06527668342573,31.79542854713104,20.80853560754032,30.907212594682505
3.225,20.05941873128356,31.802800456428667,20.818915676042284,30.932529566958895
3.23,20.053557494534935,31.8101525212067,20.829288273326778,30.95782078682086
3.235,20.047693014454193,31.817484804173247,20.839653364420123,30.98308615627506
3.24,20.04182533212376,31.824797367817332,20.850010914490205,31.00832557770888
3.245,20.035954488434164,31.832090274408845,20.860360888846486,31.033538953890442
3.25,20.030080524084024,31.839363585998584,20.870703252940004,31.0587261879686
3.255,20.02420347958006,31.84661736441822,20.881037972363373,31.083887183472946
3.2600000000000002,20.018323395237076,31.853851671280328,20.89136501285078,31.10902184431381
3.265,20.01244031117798,31.861066569052667,20.90168434027798,31.134130076021805
3.27,20.006554267333776,31.86826212448769,20.911995920662317,31.159211790839382
3.275,20.00066530344356,31.875438399052,20.92229972016269,31.184266897202296
3.2800000000000002,19.994773459054525,31.88259545318158,20.93259570507959,31.209295303085703
3.285,19.988878773521957,31.889733347138588,20.942883841855068,31.234296916885736
3.29,19.982981286009238,31.896852141011372,20.95316409707276,31.259271647419496
3.295,19.977081035487842,31.90395189471446,20.963436437457872,31.284219403925057
3.3000000000000003,19.97117806073735,31.911032667988568,20.97370082987719,31.309140096061462
3.305,19.965272400345423,31.918094520400597,20.98395724133906,31.334033633908714
3.31,19.95936409270783,31.925137511343625,20.994205638993417,31.358899927967798
3.315,19.953453176028425,31.932161700036925,21.004445990131764,31.383738889160668
3.3200000000000003,19.947539688319164,31.939167145525946,21.01467826218718,31.40855042883024
3.325,19.941623667400098,31.946153906682323,21.024902422734314,31.4333344587404
3.33,19.935705150899366,31.953122042203884,21.035118439489395,31.45809089107601
3.335,19.929784176253214,31.960071610614627,21.045326280310224,31.482819638442905
3.34,19.923860780705972,31.96700267026474,21.055525913196178,31.507520613867875
3.345,19.917935001310074,31.973915279330605,21.065717306288203,31.532193730798692
3.35,19.912006874926043,31.980809495814775,21.075900427868827,31.556838903104094
3.355,19.9060764382225,31.987685377545994,21.086075246362146,31.581456045073786
3.36,19.90014372767616,31.994542982179187,21.096241730333833,31.60604507141845
3.365,19.894208779571834,32.00138236719547,21.106399848491137,31.63060589726973
3.37,19.888271630002432,32.00820358990213,21.116549569682878,31.65513843818024
3.375,19.882332314868954,32.015006707432654,21.12669086289945,31.679642610123572
3.38,19.876390869880495,32.02179177674671,21.136823697272828,31.70411832949428
3.3850000000000002,19.870447330554246,32.02855885463014,21.146948042076552,31.72856551310789
3.39,19.8645017322155,32.03530799769498,21.15706386672574,31.752984078200893
3.395,19.858554109997634,32.04203926237944,21.167171140777086,31.777373942430756
3.4,19.85260449884213,32.04875270494793,21.17726983392886,31.801735023875917
3.4050000000000002,19.846652933498557,32.05544838149104,21.187359916020906,31.826067241035783
3.41,19.840699448524585,32.06212634792553,21.197441357034634,31.850370512830718
3.415,19.834744078285983,32.068786659994366,21.207514127093035,31.87464475860207
3.42,19.8287868569566,32.07542937326667,21.217578196460675,31.898889898112156
3.4250000000000003,19.822827818518398,32.08205454313779,21.227633535543696,31.92310585154426
3.43,19.816866996761423,32.088662224829214,21.237680114889805,31.947292539502627
3.435,19.81090442528382,32.09525247338864,21.247717905188296,31.971449883012486
3.44,19.80494013749183,32.10182534368995,21.25774687727003,31.995577803520025
3.4450000000000003,19.798974166599784,32.1083808904332,21.26776700210744,32.019676222892414
3.45,19.79300654563012,32.114919168144645,21.27777825081454,32.043745063417774
3.455,19.787037307413357,32.1214402311767,21.287780594646907,32.06778424780521
3.46,19.78106648458812,32.127944133707985,21.297774005001713,32.09179369918479
3.465,19.77509410960112,32.134430929743296,21.307758453417684,32.11577334110756
3.47,19.769120214707172,32.14090067311363,21.317733911575132,32.139723097545534
3.475,19.763144831969182,32.14735341747613,21.327700351295935,32.16364289289168
3.48,19.757167993258154,32.15378921631417,21.33765774454355,32.187532651959955
3.485,19.75118973025318,32.160208122937284,21.34760606342301,32.21139229998528
3.49,19.74521007444146,32.16661019048118,21.357545280180922,32.23522176262354
3.495,19.739229057118273,32.17299547190777,21.36747536720546,32.25902096595159
3.5,19.733246709387007,32.17936402000514,21.377396297026387,32.28278983646727
3.505,19.72726306215914,32.185715887387566,21.38730804231502,32.306528301089365
3.5100000000000002,19.72127814615424,32.19205112649551,21.39721057588427,32.33023628715765
3.515,19.715291991899985,32.198369789595596,21.407103870688612,32.353913722432864
3.52,19.70930462973213,32.20467192878068,21.416987899824097,32.377560535096706
3.525,19.70331608979454,32.210957595969745,21.426862636528348,32.40117665375186
3.5300000000000002,19.697326402039167,32.217226842908005,21.43672805418057,32.424762007421975
3.535,19.69133559622606,32.22347972116683,21.446584126301534,32.448316525551654
3.54,19.685343701923365,32.22971628214379,21.456430826553586,32.47184013800649
3.545,19.67935074850732,32.235936577062624,21.466268128740655,32.49533277507304
3.5500000000000003,19.673356765162264,32.24214065697328,21.476096006808238,32.51879436745883
3.555,19.667361780880626,32.24832857275186,21.4859144348434,32.542224846292356
3.56,19.66136582446293,32.254500375100676,21.495723387074793,32.565624143123074
3.565,19.6553689245178,32.260656114548205,21.505522837872633,32.58899218992143
3.5700000000000003,19.649371109461946,32.266795841449124,21.51531276174872,32.61232891907881
3.575,19.64337240752019,32.27291960598429,21.525093133356417,32.6356342634076
3.58,19.63737284672543,32.27902745816073,21.534863927490672,32.65890815614115
3.585,19.63137245491867,32.28511944781168,21.544625119088,32.68215053093376
3.59,19.62537125974901,32.29119562459654,21.554376683226494,32.70536132186072
3.595,19.619369288673642,32.29725603800091,21.56411859512582,32.72854046341828
3.6,19.61336656895785,32.30330073733655,21.57385083014722,32.751687890523655
3.605,19.607363127675022,32.30932977174144,21.5835733637935,32.774803538515044
3.61,19.601358991706636,32.31534319017971,21.593286171709064,32.797887343151615
3.615,19.595354192969722,32.321341041441705,21.602989228692866,32.820939240613484
3.62,19.589348765459977,32.32732337414392,21.612682509980473,32.84395916750176
3.625,19.58334273555173,32.33329023672907,21.622365992815258,32.866947060838505
3.63,19.57733612944087,32.33924167746603,21.632039654567887,32.889902858066776
3.6350000000000002,19.571328973204785,32.34517774444987,21.641703472723137,32.91282649705057
3.64,19.56532129280237,32.35109848560183,21.651357424879873,32.935717916074864
3.645,19.55931311407402,32.357003948669366,21.661001488751086,32.958577053845616
3.65,19.55330446274162,32.362894181226075,21.67063564216385,32.98140384948974
3.6550000000000002,19.547295364408573,32.36876923067178,21.680259863059362,33.00419824255512
3.66,19.54128584455977,32.374629144232465,21.689874129492907,33.02696017301062
3.665,19.535275928561607,32.380473968960295,21.69947841963388,33.049689581246064
3.67,19.529265641661976,32.386303751733635,21.709072711765785,33.072386408072255
3.6750000000000003,19.523255008990276,32.39211853925703,21.718656984286216,33.09505059472096
3.68,19.517244055557402,32.39791837806119,21.728231215706888,33.11768208284491
3.685,19.511232806255755,32.40370331450305,21.73779538465361,33.14028081451781
3.69,19.505221285859232,32.40947339476568,21.74734946986629,33.16284673223434
3.6950000000000003,19.499209519023232,32.41522866485838,21.756893450198955,33.18537977891015
3.7,19.49319753028465,32.4209691706166,21.76642730461972,33.20787989788185
3.705,19.487185344061892,32.426694957702,21.77595101221082,33.23034703290703
3.71,19.481172984654854,32.432406071602394,21.785464552168577,33.25278112816423
3.715,19.47516047624494,32.438102557631815,21.79496790380343,33.27518212825299
3.72,19.469147842895055,32.44378446093046,21.804461046539913,33.29754997819381
3.725,19.463135108549594,32.44945182646471,21.81394395991667,33.31988462342813
3.73,19.457122297034466,32.455104699027146,21.823416623586446,33.3421860098184
3.735,19.451109432057073,32.460743123236504,21.832879017316092,33.36445408364802
3.74,19.445096537206318,32.46636714353774,21.84233112098656,33.38668879162137
3.745,19.43908363595261,32.471976804201965,21.851772914592907,33.40889008086378
3.75,19.433070751647847,32.4775721493265,21.861204378244295,33.431057898921566
3.755,19.427057907525445,32.483153222834815,21.870625492163988,33.45319219376202
3.7600000000000002,19.421045126700303,32.48872006847661,21.880036236689357,33.47529291377338
3.765,19.415032432168836,32.49427272982773,21.889436592271874,33.49736000776487
3.77,19.409019846808942,32.49981125183462,21.898826539477113,33.519393424067445
3.775,19.40300739338004,32.50533568446033,21.908206058984756,33.54139310925995
3.7800000000000002,19.39699509452303,32.51084607147607,21.917575131588592,33.56335901496468
3.785,19.390982972760334,32.51634245572819,21.926933738196503,33.58529109370546
3.79,19.384971050495853,32.521824879939786,21.936281859830483,33.60718929838128
3.795,19.378959350015,32.527293386710646,21.94561947762663,33.62905358226635
3.8000000000000003,19.372947893484685,32.532748018517324,21.954946572835144,33.65088389901007
3.805,19.36693670295333,32.53818881771311,21.964263126820327,33.672680202637025
3.81,19.360925800350838,32.54361582652802,21.97356912106059,33.694442447547004
3.815,19.354915207488624,32.5490290870688,21.98286453714844,33.71617058851498
3.8200000000000003,19.34890494605961,32.55442864131895,21.9921493567905,33.737864580691124
3.825,19.3428950376382,32.55981453113868,22.00142356180748,33.759524379600805
3.83,19.336885503680318,32.565186798264946,22.01068713413421,33.781149941144584
3.835,19.330876365523377,32.570545484311445,22.019940055819614,33.80274122159821
3.84,19.324867644386295,32.57589063076861,22.029182309026726,33.82429817761263
3.845,19.318859361369487,32.581222279003605,22.038413876032678,33.84582076621399
3.85,19.312851537454875,32.58654047026032,22.047634739228712,33.867308944803625
3.855,19.306844193505878,32.59184524565938,22.05684488112017,33.88876267115806
3.86,19.30083735026741,32.597136646198166,22.066044284326495,33.91018190342903
3.865,19.294831028365895,32.602414712750786,22.075232931581244,33.931566600143434
3.87,19.288825248309255,32.60767948606806,22.084410805732066,33.9529167202034
3.875,19.282820030486906,32.61293100677757,22.093577889740722,33.97423222288622
3.88,19.276815395169777,32.618169315383625,22.102734166683074,33.9955130678444
3.8850000000000002,19.270811362510283,32.62339445226726,22.111879619749086,34.016759215105644
3.89,19.264807952542352,32.62860645768626,22.121014232242832,34.037970625072816
3.895,19.258805185181405,32.63380537177514,22.130137987582483,34.059147258524014
3.9,19.25280308022437,32.63899123454514,22.139250869300316,34.08028907661251
3.9050000000000002,19.246801657349668,32.64416408588424,22.148352861042717,34.101396040866774
3.91,19.24080093611723,32.64932396555717,22.15744394657017,34.122468113190465
3.915,19.234800935968472,32.65447091320537,22.16652410975726,34.14350525586244
3.92,19.228801676226333,32.65960496834704,22.175593334592683,34.164507431536755
3.9250000000000003,19.222803176095233,32.664726170377094,22.184651605179237,34.18547460324265
3.93,19.216805454661102,32.66983455856719,22.193698905733825,34.20640673438457
3.935,19.21080853089137,32.674930172065714,22.20273522058745,34.22730378874215
3.94,19.204812423634966,32.68001304989781,22.211760534185217,34.2481657304702
3.9450000000000003,19.19881715162232,32.68508323096533,22.22077483108635,34.268992524098756
3.95,19.192822733465356,32.69014075404687,22.22977809596415,34.28978413453302
3.955,19.186829187657516,32.69518565779777,22.23877031360605,34.31054052705342
3.96,19.180836532573725,32.7002179807501,22.24775146891357,34.331261667315545
3.9650000000000003,19.17484478647042,32.705237761312645,22.256721546902337,34.3519475213502
3.97,19.16885396748553,32.71024503777096,22.26568053270209,34.372598055563365
3.975,19.16286409363849,32.715239848287304,22.274628411556655,34.39321323673623
3.98,19.156875182830234,32.7202222309007,22.283565168823976,34.413793032025175
3.985,19.150887252843198,32.72519222352688,22.2924907899761,34.43433740896177
3.99,19.144900321341318,32.730149863958324,22.301405260599175,34.454846335452785
3.995,19.13891440587003,32.73509518986424,22.31030856639345,34.47531977978018
4.0,19.13292952385627,32.740028238790586,22.319200693173276,34.495757710601104
4.005,19.126945692608476,32.74494904816004,22.32808162686712,34.51616009694791
4.01,19.120962929316587,32.74985765527201,22.33695135351754,34.53652690822814
4.015,19.11498125105204,32.75475409730266,22.34580985928121,34.55685811422453
4.0200000000000005,19.10900067476777,32.75963841130488,22.354657130428897,34.57715368509501
4.025,19.103021217298227,32.76451063420828,22.363493153345473,34.59741359137271
4.03,19.097042895359348,32.769370802819225,22.37231791452992,34.617637803965934
4.035,19.09106572554857,32.77421895382081,22.381131400595322,34.63782629415821
4.04,19.08508972434484,32.77905512377286,22.38993359826886,34.657979033608235
4.045,19.079114908108593,32.78387934911193,22.398724494391832,34.67809599434991
4.05,19.073141293081783,32.78869166615133,22.40750407591963,34.69817714879233
4.055,19.067168895387844,32.793492111081086,22.41627232992175,34.71822246971979
4.0600000000000005,19.061197731031726,32.79828071996796,22.425029243581797,34.73823193029177
4.065,19.055227815899872,32.803057528755474,22.433774804197473,34.75820550404293
4.07,19.04925916576023,32.80782257326385,22.442508999180593,34.778143164883154
4.075,19.043291796262242,32.81257588919006,22.451231816057067,34.798044887097504
4.08,19.037325722936856,32.81731751210781,22.459943242466913,34.81791064534624
4.085,19.031360961196523,32.82204747746755,22.468643266164253,34.83774041466481
4.09,19.025397526335187,32.82676582059646,22.477331875017317,34.85753417046386
4.095,19.019435433528297,32.83147257669844,22.48600905700843,34.87729188852923
4.1,19.013474697832805,32.83616778085415,22.494674800234023,34.897013545021956
4.105,19.00751533418716,32.840851468020965,22.50332909290464,34.91669911647827
4.11,19.00155735741131,32.84552367303301,22.511971923344916,34.93634857980958
4.115,18.99560078220671,32.850184430601125,22.5206032799936,34.95596191230252
4.12,18.989645623156314,32.85483377531291,22.52922315140354,34.975539091618884
4.125,18.983691894724565,32.85947174163268,22.537831526241682,34.99508009579568
4.13,18.977739611257423,32.8640983639015,22.546428393289094,35.01458490324511
4.135,18.97178878698234,32.86871367633715,22.555013741440927,35.03405349275455
4.14,18.96583943600827,32.87331771303417,22.563587559706452,35.05348584348661
4.1450000000000005,18.959891572479023,32.87791050796381,22.57214983714309,35.07288193497906
4.15,18.953945216856038,32.88249209497408,22.580700560366523,35.09224174714487
4.155,18.948000386428852,32.887062507789715,22.5892397180222,35.1115652602722
4.16,18.94205709491727,32.891621780012166,22.597767300450645,35.13085245502442
4.165,18.936115355973683,32.89616994511965,22.606283298075756,35.15010331244009
4.17,18.93017518318307,32.9007070364671,22.614787701404797,35.16931781393295
4.175,18.924236590062993,32.905233087286184,22.623280501028404,35.18849594129195
4.18,18.918299590063597,32.909748130685315,22.631761687620582,35.207637676681216
4.1850000000000005,18.912364196567626,32.91425219964963,22.640231251938715,35.2267430026401
4.19,18.9064304228904,32.918745327041016,22.648689184823542,35.245811902083105
4.195,18.900498282279827,32.923227545598074,22.657135477199187,35.26484435829996
4.2,18.8945677879164,32.92769888793616,22.665570120073138,35.283840354955586
4.205,18.888638952913208,32.932159386547355,22.673993104536248,35.30279987609008
4.21,18.882711790315913,32.936609073800476,22.682404421762755,35.32172290611874
4.215,18.876786313102766,32.941047981941075,22.690804063010248,35.340609429832064
4.22,18.870862534184614,32.94547614309143,22.699192019619705,35.359459432395745
4.225,18.86494046640488,32.949893589250586,22.707568283015465,35.37827289935066
4.23,18.85902012253958,32.95430035229428,22.71593284470524,35.3970498166129
4.235,18.85310151529731,32.958696463975016,22.724285696280106,35.41579017047372
4.24,18.847184657319264,32.963081955922014,22.73262682941452,35.434493947599584
4.245,18.841269561179203,32.967456859641246,22.7409562358663,35.45316113503216
4.25,18.83535623938349,32.9718212065154,22.749273907476642,35.4717917201883
4.255,18.82944470437107,32.97617502780391,22.757579836170105,35.49038569086005
4.26,18.823534968513478,32.980518354642946,22.765874013954623,35.50894303521464
4.265,18.817627044114825,32.98485121804541,22.774156432921504,35.52746374179452
4.2700000000000005,18.811720943411817,32.98917364890094,22.78242708524542,35.545947799517315
4.275,18.805816678573745,32.993485677975904,22.790685963184412,35.56439519767584
4.28,18.799914261702487,32.99778733591342,22.798933059079896,35.58280592593812
4.285,18.7940137048325,33.00207865323332,22.80716836535666,35.60117997434735
4.29,18.78811501993084,33.00635966033219,22.81539187452286,35.61951733332196
4.295,18.782218218897135,33.01063038748333,22.82360357917002,35.63781799365553
4.3,18.776323313563616,33.0148908648368,22.831803471973036,35.65608194651685
4.305,18.770430315695084,33.019141124902525,22.839991545690175,35.67430917823178
4.3100000000000005,18.76453923698893,33.02338120284205,22.84816779316308,35.69249967046453
4.315,18.758650089075147,33.02761112865475,22.856332207316747,35.71065341650957
4.32,18.75276288351629,33.03183093208791,22.864484781159565,35.72877041030028
4.325,18.74687763180752,33.03604064280596,22.872625507783276,35.746850646042724
4.33,18.740994345376574,33.04024029039046,22.880754380363005,35.76489411821565
4.335,18.735113035583776,33.04442990434009,22.888871392157238,35.78290082157051
4.34,18.729233713722042,33.048609514070684,22.896976536507832,35.80087075113141
4.345,18.723356391016868,33.05277914891517,22.90506980684002,35.81880390219521
4.3500000000000005,18.71748107862634,33.056938838123635,22.913151196662408,35.83670027033139
4.355,18.711607787641125,33.06108861086327,22.921220699566955,35.854559851382156
4.36,18.70573652908449,33.065228496218424,22.929278309229016,35.87238264146241
4.365,18.699867313912268,33.06935852319056,22.93732401940729,35.890168636959714
4.37,18.6940001530129,33.073478720698255,22.945357823943866,35.907917834534345
4.375,18.688135057207393,33.07758911757725,22.953379716764196,35.92563023111926
4.38,18.68227203724936,33.08168974258038,22.961389691877105,35.9433058239201
4.385,18.67641110382498,33.08578062437765,22.96938774337478,35.96094461041522
4.39,18.67055226755303,33.089861791556146,22.977373865432796,35.97854658835562
4.3950000000000005,18.66469553898488,33.09393327262013,22.985348052310076,35.99611175576504
4.4,18.658840928604473,33.09799509599096,22.99331029834893,36.013640110939875
4.405,18.652988446828342,33.102047290007135,23.00126059797503,36.03113165244922
4.41,18.64713810400561,33.106089882924294,23.009198945697428,36.04858637913485
4.415,18.64128991041798,33.110122902915194,23.01712533610853,36.06600429011126
4.42,18.63544387627975,33.11414637806972,23.02503976388413,36.08338538476559
4.425,18.629600011737804,33.11816033639489,23.032942223783387,36.100729662757715
4.43,18.623758326871602,33.12216480581485,23.040832710648818,36.118037124020155
4.4350000000000005,18.617918831693192,33.12615981417088,23.048711219406332,36.13530776875816
4.44,18.612081536147222,33.13014538922139,23.056577745065187,36.15254159744965
4.445,18.606246450110916,33.13412155864191,23.064432282718027,36.169738610845215
4.45,18.60041358339408,33.13808835002511,23.07227482754086,36.18689880996818
4.455,18.594582945739113,33.14204579088078,23.080105374793064,36.20402219611452
4.46,18.588754546821004,33.14599390863585,23.08792391981739,36.22110877085292
4.465,18.58292839624732,33.149932730634376,23.095730458039956,36.23815853602475
4.47,18.577104503558218,33.15386228413754,23.103524984970253,36.25517149374406
4.4750000000000005,18.571282878226437,33.15778259632365,23.111307496201146,36.272147646397606
4.48,18.565463529657315,33.161693694288154,23.11907798740886,36.28908699664482
4.485,18.559646467188763,33.16559560504362,23.126836454353,36.30598954741783
4.49,18.55383170009128,33.16948835551976,23.134582892876537,36.32285530192146
4.495,18.54801923756796,33.173371972563395,23.142317298905816,36.3396842636332
4.5,18.542209088754475,33.17724648293849,23.150039668450543,36.356476436303254
4.505,18.536401262719085,33.181111913326134,23.15774999760381,36.37323182395451
4.51,18.530595768462643,33.184968290324555,23.165448282542066,36.389950430882536
4.515,18.524792614918574,33.18881564044909,23.173134519525135,36.406632261655595
4.5200000000000005,18.518991810952905,33.19265399013223,23.18080870489621,36.42327732111465
4.525,18.513193365364238,33.19648336572357,23.188470835081862,36.43988561437333
4.53,18.507397286883766,33.20030379348986,23.19612090659202,36.456457146817975
4.535,18.50160358417527,33.20411529961496,23.203758916019996,36.472991924107596
4.54,18.495812265835117,33.20791791019988,23.211384860042457,36.48948995217392
4.545,18.490023340392256,33.21171165126273,23.218998735419458,36.50595123722134
4.55,18.484236816308226,33.21549654873878,23.22660053899441,36.52237578572694
4.555,18.478452701977147,33.219272628480404,23.234190267694107,36.53876360444051
4.5600000000000005,18.472671005725733,33.22303991625713,23.2417679185287,36.55511470038452
4.565,18.466891735813284,33.22679843775559,23.249333488591724,36.57142908085412
4.57,18.461114900431678,33.23054821857957,23.25688697506007,36.58770675341715
4.575,18.45534050770539,33.23428928424996,23.26442837519401,36.60394772591416
4.58,18.449568565691468,33.23802166020481,23.27195768633719,36.620152006458376
4.585,18.443799082379563,33.24174537179927,23.279474905916608,36.636319603435716
4.59,18.4380320656919,33.24546044430564,23.28698003144265,36.652450525504776
4.595,18.43226752348329,33.24916690291334,23.294473060509066,36.668544781596864
4.6000000000000005,18.42650546354114,33.25286477272892,23.30195399079298,36.68460238091596
4.605,18.420745893585433,33.25655407877606,23.309422820054884,36.70062333293873
4.61,18.414988821268746,33.260234845995576,23.316879546138633,36.716607647414556
4.615,18.40923425417624,33.2639070992454,23.324324166971465,36.73255533436547
4.62,18.403482199825657,33.26757086330061,23.33175668056398,36.74846640408622
4.625,18.397732665667334,33.2712261628534,23.339177085010153,36.764340867144256
4.63,18.391985659084188,33.274873022513106,23.346585378487323,36.78017873437968
4.635,18.38624118739173,33.27851146680617,23.353981559256212,36.79598001690531
4.64,18.38049925783804,33.282141520176204,23.3613656256609,36.811744726106646
4.6450000000000005,18.374759877603804,33.2857632069839,23.368737576128837,36.82747287364189
4.65,18.369023053802287,33.289376551507125,23.376097409170853,36.843164471441895
4.655,18.363288793479338,33.29298157794084,23.383445123381147,36.85881953171025
4.66,18.357557103613395,33.29657831039716,23.390780717437277,36.87443806692321
4.665,18.35182799111548,33.30016677290532,23.398104190100184,36.890020089829726
4.67,18.346101462829207,33.303746989411685,23.405415540214175,36.90556561345143
4.675,18.340377525530766,33.307318983779744,23.412714766706927,36.92107465108265
4.68,18.334656185928942,33.31088277979012,23.420001868589488,36.93654721629041
4.6850000000000005,18.3289374506651,33.31443840114058,23.42727684495627,36.9519833229144
4.69,18.323221326313206,33.31798587144599,23.434539694985073,36.96738298506703
4.695,18.31750781937979,33.32152521423838,23.441790417937042,36.98274621713338
4.7,18.31179693630399,33.32505645296688,23.449029013156718,36.99807303377123
4.705,18.306088683457507,33.32857961099776,23.456255480071995,37.01336344991103
4.71,18.30038306714465,33.332094711614424,23.46346981819414,37.028617480755955
4.715,18.294680093602302,33.33560177801741,23.4706720271178,37.04383514178183
4.72,18.28897976899994,33.33910083332437,23.477862106520984,37.05901644873719
4.7250000000000005,18.28328210152991,33.3425919005701,23.485040054734316,37.07416141764326
4.73,18.277587102268786,33.346075002706506,23.492205868502225,37.08927006479396
4.735,18.27189477748798,33.349550162602654,23.499359548215544,37.104342406755876
4.74,18.266205133205894,33.35301740304472,23.506501094474622,37.1193784603683
4.745,18.260518175405306,33.35647674673599,23.513630507933712,37.13437824274323
4.75,18.25483391003336,33.35992821629693,23.520747789300966,37.14934177126531
4.755,18.24915234300155,33.36337183426509,23.52785293933844,37.164269063591924
4.76,18.243473480185767,33.36680762309518,23.5349459588621,37.1791601376531
4.765,18.23779732742625,33.370235605159,23.542026848741813,37.19401501165159
4.7700000000000005,18.23212389052761,33.37365580274554,23.54909560990135,37.20883370406281
4.775,18.22645317525883,33.37706823806086,23.556152243318387,37.223616233634885
4.78,18.22078518735325,33.38047293322818,23.563196750024506,37.23836261938862
4.785,18.2151199325086,33.38386991028784,23.570229131105187,37.2530728806175
4.79,18.20945741638695,33.38725919119733,23.57724938769982,37.267747036887734
4.795,18.20379764461476,33.39064079783124,23.5842575210017,37.28238510803817
4.8,18.198140622782848,33.39401475198131,23.591253532258026,37.296987114180396
4.805,18.1924863564464,33.39738107535639,23.598237422769895,37.31155307569865
4.8100000000000005,18.186834851124967,33.40073978958248,23.605209193892318,37.32608301324988
4.815,18.18118611230248,33.404090916202705,23.6121688470342,37.340576947763715
4.82,18.17554014542723,33.40743447667731,23.61911638365836,37.35503490044248
4.825,18.16989695591187,33.410770492383676,23.62605180528151,37.3694568927612
4.83,18.164256549133434,33.41409898461631,23.63297511347428,37.38384294646755
4.835,18.15861893043331,33.417419974586856,23.639886309861197,37.398193083581944
4.84,18.152984105117262,33.42073348342409,23.64678539612069,37.41250732639745
4.845,18.147352078455427,33.42403953217389,23.6536723739851,37.42678569747984
4.8500000000000005,18.141722855682293,33.427338141799304,23.66054724524066,37.44102821966758
4.855,18.136096441996735,33.43062933401547,23.66741001172752,37.455234912984295
4.86,18.130472842561986,33.43391313406323,23.674260675339724,37.46940578476364
4.865,18.124852062505642,33.43718956335932,23.68109923802523,37.48354085699554
4.87,18.11923410691968,33.440458642617926,23.687925701785893,37.497640154256146
4.875,18.113618980860437,33.443720392498605,23.694740068677476,37.51170370127644
4.88,18.108006689348617,33.446974833606255,23.701542340809645,37.52573152294221
4.885,18.102397237369292,33.45022198649111,23.708332520345973,37.539723644294085
4.89,18.096790629871908,33.453461871648756,23.71511060950393,37.553680090527486
4.8950000000000005,18.091186871770272,33.45669450952012,23.721876610554897,37.56760088699267
4.9,18.08558596794256,33.45991992049147,23.72863052582416,37.58148605919471
4.905,18.07998792323132,33.463138124894435,23.735372357690903,37.59533563279349
4.91,18.074392742443464,33.466349143005964,23.742102108588217,37.609149633603735
4.915,18.068800430350276,33.46955299504836,23.748819781003103,37.622928087594964
4.92,18.0632109916874,33.47274970118929,23.755525377476456,37.63667102089153
4.925,18.057624431154856,33.47593928154173,23.762218900603088,37.6503784597726
4.93,18.052040753417028,33.47912175616403,23.7689003530317,37.664050430672155
4.9350000000000005,18.046459963102667,33.48229714505987,23.775569737464913,37.67768696017902
4.94,18.040882064804897,33.485465468178276,23.78222705665924,37.6912880750368
4.945,18.035307063081206,33.48862674541363,23.788872313425106,37.70485380214396
4.95,18.029734962453446,33.49178099660564,23.795505510626832,37.71838416855375
4.955,18.024165767407847,33.49492824153937,23.802126651182654,37.73187920147426
4.96,18.018599482394997,33.49806849994523,23.80873573806471,37.745338928268396
4.965,18.01303611182986,33.501201791498964,23.81533277429903,37.75876337645387
4.97,18.007475660091757,33.50432813582167,23.821917762965562,37.77215257370323
4.9750000000000005,18.00191813152439,33.50744755247979,23.828490707198156,37.785506547843845
4.98,17.996363530435826,33.51056006098511,23.83505161018456,37.79882532685789
4.985,17.990811861098486,33.513665680794745,23.841600475166434,37.81210893888235
4.99,17.985263127749178,33.51676443131118,23.848137305439337,37.825357412209065
4.995,17.979717334589065,33.51985633188224,23.854662104352737,37.83857077528466
5.0,17.974174485783685,33.52294140180106,23.86117487531,37.851749056710595
5.005,17.96863458546294,33.526019660306176,23.8676756217684,37.86489228524315
5.01,17.963097637721102,33.52909112658143,23.874164347239116,37.87800048979342
5.015,17.95756364661681,33.53215581975601,23.88064105528723,37.89107369942732
5.0200000000000005,17.952032616173064,33.535213758904455,23.88710574953173,37.90411194336558
5.025,17.94650455037725,33.53826496304666,23.893558433645506,37.917115250983755
5.03,17.940979453181104,33.541309451147846,23.89999911135535,37.93008365181222
5.035,17.93545732850074,33.54434724211859,23.906427786441967,37.94301717553616
5.04,17.929938180216634,33.54737835481481,23.912844462739955,37.955915851995606
5.045,17.92442201217363,33.55040280803777,23.919249144137826,37.96877971118536
5.05,17.918908828180946,33.55342062053407,23.92564183457799,37.9816087832551
5.055,17.913398632012164,33.55643181099567,23.932022538056767,37.994403098509274
5.0600000000000005,17.907891427405236,33.55943639805986,23.938391258624378,38.00716268740718
5.065,17.902387218062472,33.562434400309286,23.944748000384944,38.01988758056292
5.07,17.896886007650565,33.56542583627193,23.951092767496498,38.03257780874543
5.075,17.89138779980057,33.56841072442112,23.957425564170972,38.045233402878445
5.08,17.8858925981079,33.571389083175525,23.963746394674207,38.05785439404054
5.085,17.880400406132352,33.574360930899175,23.970055263325943,38.0704408134651
5.09,17.87491122739808,33.57732628590143,23.976352174499826,38.082992692540316
5.095,17.86942506539361,33.58028516643699,23.98263713262341,38.09551006280922
5.1000000000000005,17.863941923571836,33.58323759070591,23.98891014217815,38.10799295596966
5.105,17.85846180535002,33.58618357685359,23.995171207699403,38.12044140387428
5.11,17.85298471410979,33.58912314297078,24.001420333776437,38.132855438530584
5.115,17.84751065319714,33.59205630709354,24.007657525052416,38.145235092100855
5.12,17.84203962592244,33.59498308720332,24.013882786224414,38.15758039690222
5.125,17.836571635560418,33.59790350122689,24.02009612204341,38.16989138540661
5.13,17.831106685350175,33.60081756703636,24.026297537314285,38.182168090240786
5.135,17.82564477849518,33.603725302449206,24.03248703689582,38.19441054418633
5.14,17.820185918163276,33.60662672522823,24.03866462570071,38.206618780179646
5.1450000000000005,17.814730107486653,33.60952185308159,24.04483030869555,38.21879283131193
5.15,17.809277349561896,33.612410703662775,24.050984090900833,38.230932730829224
5.155,17.80382764744994,33.61529329457063,24.057125977390964,38.24303851213239
5.16,17.798381004176093,33.61816964334933,24.06325597329425,38.25511020877709
5.165,17.79293742273003,33.621039767488426,24.0693740837929,38.267147854473826
5.17,17.787496906065797,33.62390368442278,24.075480314123038,38.27915148308791
5.175,17.782059457101806,33.626761411532605,24.081574669574678,38.29112112863946
5.18,17.776625078720834,33.62961296614348,24.08765715549174,38.30305682530344
5.1850000000000005,17.771193773770026,33.63245836552631,24.09372777727206,38.31495860740962
5.19,17.7657655450609,33.63529762689734,24.09978654036737,38.32682650944258
5.195,17.760340395369344,33.638130767418176,24.105833450283303,38.33866056604174
5.2,17.7549183274356,33.64095780419575,24.111868512579402,38.350460812001316
5.205,17.749499343964295,33.64377875428235,24.117891732869115,38.362227282270354
5.21,17.744083447624412,33.64659363467562,24.123903116819786,38.373960011952725
5.215,17.738670641049303,33.64940246231852,24.129902670152678,38.38565903630712
5.22,17.733260926836696,33.65220525409937,24.135890398642943,38.39732439074703
5.2250000000000005,17.72785430754868,33.65500202685185,24.141866308119646,38.4089561108408
5.23,17.722450785711708,33.65779279735495,24.147830404465758,38.420554232311545
5.235,17.717050363816615,33.66057758233303,24.15378269361814,38.43211879103725
5.24,17.711653044318588,33.6633563984558,24.159723181567582,38.443649823050684
5.245,17.706258829637196,33.66612926233828,24.16565187435875,38.45514736453945
5.25,17.700867722156364,33.66889619054088,24.17156877809024,38.46661145184597
5.255,17.695479724224388,33.6716571995693,24.177473898914535,38.47804212146749
5.26,17.69009483815394,33.674412305874654,24.18336724303803,38.48943941005605
5.265,17.68471306622205,33.677161525853336,24.189248816721022,38.50080335441855
5.2700000000000005,17.679334410670116,33.679904875847114,24.19511862627771,38.51213399151667
5.275,17.673958873703913,33.6826423721431,24.200976678076202,38.52343135846694
5.28,17.66858645749358,33.685374030973755,24.20682297853851,38.53469549254068
5.285,17.663217164173616,33.688099868516865,24.212657534140547,38.545926431164055
5.29,17.657850995842896,33.690819900895576,24.218480351412133,38.55712421191804
5.295,17.652487954564663,33.693534144178386,24.224291436936987,38.56828887253842
5.3,17.64712804236653,33.69624261437911,24.23009079735274,38.57942045091581
5.305,17.64177126124046,33.69894532745693,24.235878439350923,38.59051898509565
5.3100000000000005,17.63641761314281,33.701642299316376,24.241654369676972,38.60158451327819
5.315,17.63106709999429,33.7043335458073,24.24741859513023,38.61261707381849
5.32,17.625719723679982,33.70701908272492,24.253171122563938,38.623616705226446
5.325,17.620375486049326,33.70969892580979,24.258911958885246,38.634583446166765
5.33,17.61503438891615,33.712373090747796,24.264641111055205,38.64551733545898
5.335,17.609696434058627,33.7150415931702,24.27035858608878,38.656418412077436
5.34,17.604361623774654,33.71770444865358,24.276064390450614,38.66728671515129
5.345,17.599029963333102,33.72036167271986,24.28175852756753,38.67812228396455
5.3500000000000005,17.593701455098515,33.723013280836334,24.287441004325963,38.68892515795599
5.355,17.58837610079427,33.725659288415606,24.293111828341363,38.69969537671927
5.36,17.583053902126288,33.728299710815655,24.29877100725793,38.7104329800028
5.365,17.577734860783018,33.73093456333979,24.304418548748576,38.72113800770987
5.37,17.57241897843546,33.73356386123665,24.31005446051495,38.73181049989854
5.375,17.56710625673715,33.73618761970025,24.315678750287436,38.74245049678173
5.38,17.561796697324155,33.73880585386993,24.321291425825137,38.75305803872715
5.385,17.556490301815085,33.74141857883037,24.3268924949159,38.763633166257335
5.39,17.551187071811093,33.744025809611614,24.332481965376292,38.77417592004966
5.3950000000000005,17.54588700889586,33.74662756118904,24.338059845051614,38.78468634093629
5.4,17.54059011463562,33.74922384848335,24.3436261418159,38.79516446990423
5.405,17.53529639057913,33.75181468636063,24.349180863571902,38.80561034809529
5.41,17.530005838257704,33.754400089632284,24.354724018251122,38.81602401680612
5.415,17.524718459185173,33.75698007305507,24.360255613813777,38.826405517488155
5.42,17.51943425485792,33.75955465133108,24.36577565824882,38.83675489174768
5.425,17.514153226754868,33.76212383992624,24.37128415957393,38.84707217741971
5.43,17.50887537633747,33.76468765659166,24.376781125835517,38.857357401501666
5.4350000000000005,17.503600705049724,33.767246116213805,24.382266565108736,38.86761060490417
5.44,17.498329214318165,33.76979923333301,24.38774048549745,38.87783183009266
5.445,17.493060905551868,33.77234702245374,24.393202895134266,38.888021119586114
5.45,17.487795780142438,33.77488949804458,24.39865380218051,38.89817851595713
5.455,17.482533839464033,33.77742667453824,24.40409321482626,38.90830406183185
5.46,17.477275084873337,33.779958566331565,24.4095211412903,38.91839779989
5.465,17.472019517709576,33.78248518778551,24.414937589820155,38.92845977286489
5.47,17.46676713929452,33.78500655322518,24.42034256869208,38.93849002354341
5.4750000000000005,17.46151795093247,33.78752267693979,24.425736086211067,38.948488594766005
5.48,17.456271953910274,33.79003357318266,24.43111815071082,38.95845552942672
5.485,17.451029149497312,33.792539256171295,24.43648877055379,38.968390870473165
5.49,17.4457895389455,33.79503974008726,24.441847954131152,38.97829466090652
5.495,17.440553123489302,33.797535039076294,24.447195709862815,38.988166943781565
5.5,17.435319904345707,33.800025167248236,24.45253204619741,38.998007762206626
5.505,17.43008988271426,33.80251013867706,24.457856971612305,39.00781715934363
5.51,17.42486305977703,33.804989967400864,24.4631704946136,39.01759517840807
5.515,17.419639436698635,33.80746466742187,24.46847262373612,39.02734186266902
5.5200000000000005,17.414419014626223,33.80993425270644,24.47376336754342,39.03705725544913
5.525,17.40920179468948,33.812398737185035,24.47904273462779,39.0467414001246
5.53,17.40398777800064,33.81485813475227,24.48431073361025,39.05639434012526
5.535,17.398776965654474,33.81731245926687,24.48956737314054,39.06601611893448
5.54,17.39356935872828,33.81976172455169,24.49481266189715,39.075606780089196
5.545,17.3883649582819,33.8222059443937,24.50004660858728,39.08516636717996
5.55,17.383163765357725,33.82464513254403,24.505269221946868,39.09469492385087
5.555,17.377965780980674,33.827079302717884,24.51048051074059,39.1041924937996
5.5600000000000005,17.372771006158203,33.829508468594646,24.51568048376184,39.113659120777434
5.565,17.367579441880316,33.83193264381778,24.520869149832752,39.12309484858918
5.57,17.362391089119548,33.834351841994916,24.526046517804183,39.132499721093275
5.575,17.357205948830973,33.83676607669777,24.531212596555722,39.141873782201685
5.58,17.352024021952207,33.83917536146222,24.536367394995693,39.15121707588
5.585,17.346845309403403,33.84157970978824,24.541510922061146,39.160529646147346
5.59,17.341669812087247,33.84397913513996,24.54664318671786,39.16981153707644
5.595,17.336497530888977,33.846373650945615,24.551764197960345,39.17906279279359
5.6000000000000005,17.331328466676354,33.848763270597566,24.55687396481185,39.18828345747866
5.605,17.32616262029969,33.85114800745231,24.56197249632434,39.1974735753651
5.61,17.32099999259183,33.85352787483046,24.567059801578516,39.206633190739936
5.615,17.315840584368157,33.855902886016764,24.572135889683818,39.215762347943766
5.62,17.31068439642659,33.858273054260096,24.5772007697784,39.22486109137078
5.625,17.3055314295476,33.86063839277344,24.58225445102916,39.23392946546871
5.63,17.300381684494177,33.86299891473393,24.58729694263172,39.24296751473891
5.635,17.29523516201186,33.865354633282806,24.592328253810436,39.25197528373627
5.64,17.29009186282873,33.86770556152545,24.597348393818386,39.26095281706928
5.6450000000000005,17.2849517876554,33.87005171253136,24.60235737193739,39.26990015940002
5.65,17.27981493718503,33.87239309933415,24.60735519747799,39.27881735544409
5.655,17.274681312093303,33.874729734931584,24.612341879779457,39.28770444997073
5.66,17.269550913038458,33.87706163228554,24.617317428209798,39.29656148780273
5.665,17.264423740661258,33.87938880432201,24.622281852165752,39.30538851381644
5.67,17.259299795585015,33.881711263931145,24.62723516107278,39.314185572941824
5.675,17.25417907841557,33.88402902396718,24.63217736438508,39.32295271016238
5.68,17.24906158974132,33.8863420972485,24.637108471585574,39.33168997051523
5.6850000000000005,17.243947330133178,33.88865049655763,24.642028492185922,39.340397399091025
5.69,17.238836300144612,33.890954234641185,24.64693743572651,39.34907504103402
5.695,17.233728500311624,33.89325332420993,24.651835311776455,39.35772294154204
5.7,17.228623931152747,33.895547777938745,24.6567221299336,39.3663411458665
5.705,17.223522593169065,33.89783760846665,24.661597899824525,39.37492969931237
5.71,17.218424486844192,33.90012282839679,24.66646263110454,39.383488647238195
5.715,17.213329612644284,33.90240345029641,24.67131633345768,39.392018035056125
5.72,17.208237971018036,33.90467948669691,24.67615901659671,39.400517908231855
5.7250000000000005,17.203149562396675,33.9069509500938,24.680990690263133,39.408988312284684
5.73,17.198064387193977,33.909217852946725,24.685811364227174,39.41742929278746
5.735,17.19298244580625,33.91148020767945,24.6906210482878,39.425840895366626
5.74,17.187903738612345,33.91373802667988,24.695419752272688,39.4342231657022
5.745,17.182828265973644,33.915991322300016,24.700207486038263,39.44257614952777
5.75,17.17775602823407,33.91824010685602,24.704984259469676,39.450899892630495
5.755,17.172687025720094,33.92048439262815,24.709750082480806,39.45919444085114
5.76,17.167621258740716,33.9227241918608,24.714504965014264,39.46745984008401
5.765,17.162558727587474,33.924959516762506,24.719248917041387,39.475696136277
5.7700000000000005,17.157499432534447,33.927190379505916,24.72398194856225,39.4839033754316
5.775,17.152443373838253,33.9294167922278,24.72870406960565,39.49208160360285
5.78,17.147390551738052,33.93163876702906,24.73341529022912,39.50023086689937
5.785,17.14234096645554,33.93385631597472,24.738115620518926,39.50835121148338
5.79,17.137294618194943,33.93606945109394,24.74280507059005,39.51644268357064
5.795,17.132251507143035,33.938278184379996,24.747483650586222,39.524505329430525
5.8,17.127211633469134,33.94048252779029,24.75215137067989,39.53253919538596
5.805,17.122174997325082,33.94268249324635,24.75680824107224,39.54054432781345
5.8100000000000005,17.11714159884527,33.94487809263384,24.76145427199318,39.54852077314309
5.815,17.112111438146623,33.94706933780255,24.76608947370136,39.55646857785853
5.82,17.107084515328605,33.94925624056637,24.770713856484146,39.56438778849703
5.825,17.102060830473224,33.95143881270335,24.775327430657647,39.57227845164938
5.83,17.097040383645016,33.95361706595564,24.779930206566693,39.58014061395999
5.835,17.092023174891064,33.955791012029536,24.784522194584852,39.587974322126826
5.84,17.08700920424099,33.95796066259544,24.789103405114414,39.59577962290143
5.845,17.081998471706946,33.9601260292879,24.79367384858641,39.60355656308892
5.8500000000000005,17.07699097728363,33.96228712370558,24.79823353546059,39.61130518954801
5.855,17.07198672094828,33.96444395741126,24.80278247622544,39.61902554919096
5.86,17.066985702660666,33.96659654193188,24.807320681398174,39.62671768898362
5.865,17.0619879223631,33.96874488875845,24.81184816152474,39.634381655945425
5.87,17.056993379980437,33.970889009346166,24.816364927179816,39.642017497149375
5.875,17.052002075420063,33.973028915114305,24.820870988966806,39.64962525972205
5.88,17.047014008571903,33.975164617446296,24.825366357517844,39.65720499084362
5.885,17.042029179308425,33.977296127689684,24.8298510434938,39.6647567377478
5.89,17.037047587484633,33.979423457156145,24.834325057584273,39.67228054772191
5.8950000000000005,17.032069232938074,33.98154661712147,24.838788410507586,39.679776468106844
5.9,17.027094115488826,33.98366561882558,24.843241113010798,39.68724454629706
5.905,17.022122234939506,33.985780473472545,24.847683175869697,39.69468482974059
5.91,17.01715359107528,33.98789119223052,24.852114609888805,39.70209736593905
5.915,17.012188183663845,33.98999778623181,24.856535425901367,39.70948220244765
5.92,17.007226012455433,33.992100266572855,24.860945634769358,39.71683938687515
5.925,17.002267077182818,33.9941986443142,24.86534524738349,39.72416896688389
5.93,16.997311377561317,33.99629293048053,24.86973427466321,39.7314709901898
5.9350000000000005,16.99235891328878,33.998383136060646,24.874112727556675,39.73874550456238
5.94,16.987409684045595,34.000469272007486,24.87848061704079,39.7459925578247
5.945,16.982463689494693,34.002551349238104,24.882837954121186,39.753212197853415
5.95,16.977520929281546,34.00462937863368,24.887184749832226,39.760404472578756
5.955,16.97258140303415,34.00670337103953,24.891521015236993,39.767569429984526
5.96,16.96764511036306,34.00877333726509,24.895846761427315,39.77470711810811
5.965,16.96271205086135,34.010839288083915,24.90016199952374,39.781817585040464
5.97,16.957782224104644,34.0129012342337,24.90446674067555,39.788900878926114
5.9750000000000005,16.952855629651104,34.014959186416256,24.908760996060753,39.79595704796319
5.98,16.947932267041427,34.017013155297526,24.913044776886096,39.80298614040336
5.985,16.943012135798853,34.019063151507574,24.91731809438705,39.80998820455191
5.99,16.93809523554344,34.02110918564058,24.921580959644405,39.81696328876766
5.995,16.93318156778114,34.023151268254885,24.925833380807514,39.82391144146304
6.0,16.928271132759235,34.025189409872915,24.93007536826542,39.830832711104044
6.005,16.923363929986913,34.027223620981246,24.934306933618572,39.837727146210234
6.01,16.91845995896572,34.02925391203057,24.938528088476914,39.844594795354766
6.015000000000001,16.91355921918953,34.031280293435714,24.942738844459896,39.851435707164356
6.0200000000000005,16.90866171014457,34.03330277606439,24.94693921319646,39.85824992794138
6.025,16.9037674313094,34.03532137259158,24.95112920632506,39.86503749515112
6.03,16.89887638215492,34.03733609364381,24.955308835493643,39.871798456205205
6.035,16.89398856214438,34.039346949522226,24.959478112359662,39.878532859974136
6.04,16.889103970733355,34.04135395050442,24.963637048590073,39.885240755312594
6.045,16.884222607369775,34.04335710684444,24.967785655861324,39.89192219105945
6.05,16.879344471493905,34.045356428772784,24.971923945859377,39.898577216037765
6.055,16.874469562538348,34.0473519264964,24.97605193027968,39.90520587905476
6.0600000000000005,16.869597879928058,34.04934361019868,24.980169620827198,39.91180822890189
6.065,16.86472942308032,34.0513314900395,24.984277029216383,39.918384314354746
6.07,16.85986419140476,34.053315576155136,24.988374167171198,39.92493418417314
6.075,16.855002184303352,34.055295878658356,24.992461046425102,39.93145788710106
6.08,16.850143401170403,34.057272407638365,24.996537678721058,39.93795547186667
6.085,16.845287841392565,34.05924517316082,25.00060407581153,39.94442698718234
6.09,16.840435504348832,34.061214185267815,25.004660249458478,39.950872481744604
6.095,16.835586389410537,34.06317945397793,25.00870621143337,39.95729200423421
6.1000000000000005,16.83074049594135,34.06514098928616,25.012741973517173,39.963685603316065
6.105,16.825897823297286,34.06709880116397,25.016767547500354,39.97005332763928
6.11,16.8210583708267,34.069052899559274,25.02078294518288,39.97639522583714
6.115,16.816222137870295,34.07100329439644,25.02478817837422,39.98271134652712
6.12,16.8113891237611,34.07294999557627,25.02878325889335,39.9890017383109
6.125,16.806559327824495,34.07489301297605,25.032768198568732,39.995266449774306
6.13,16.801732749378196,34.07683235644947,25.03674300923835,40.001505529487396
6.135,16.796909387732263,34.07876803582673,25.040707702749675,40.00771902600439
6.140000000000001,16.7920892421891,34.08070006091443,25.04466229095968,40.013906987863685
6.1450000000000005,16.787272312043445,34.08262844149564,25.04860678573484,40.02006946358789
6.15,16.782458596582376,34.084553187329895,25.05254119895114,40.02620650168378
6.155,16.777648095085322,34.08647430815316,25.05646554249405,40.032318150642325
6.16,16.77284080682404,34.08839181367785,25.060379828258554,40.03840445893867
6.165,16.768036731062637,34.09030571359286,25.064284068149135,40.044465475032176
6.17,16.763235867057556,34.092216017563516,25.068178274079774,40.050501247366356
6.175,16.758438214057584,34.09412273523158,25.072062457973953,40.05651182436893
6.18,16.753643771303846,34.09602587621529,25.075936631764655,40.06249725445179
6.1850000000000005,16.74885253802981,34.09792545010933,25.07980080739437,40.068457586011036
6.19,16.744064513461282,34.09982146648483,25.08365499681508,40.07439286742693
6.195,16.739279696816414,34.101713934889375,25.087499211988277,40.08030314706393
6.2,16.734498087305692,34.10360286484699,25.091333464884947,40.08618847327068
6.205,16.72971968413195,34.10548826585818,25.095157767485585,40.09204889438003
6.21,16.724944486490354,34.107370147399855,25.098972131780176,40.097884458708975
6.215,16.72017249356842,34.109248518925426,25.102776569768213,40.10369521455873
6.22,16.715403704545995,34.11112338986472,25.106571093458694,40.10948121021469
6.2250000000000005,16.71063811859528,34.11299476962404,25.11035571487011,40.115242493946425
6.23,16.705875734880802,34.11486266758611,25.114130446030458,40.1209791140077
6.235,16.70111655255944,34.116727093110136,25.117895298977235,40.126691118636465
6.24,16.69636057078041,34.11858805553175,25.12165028575744,40.13237855605486
6.245,16.691607788685268,34.12044556416306,25.12539541842757,40.1380414744692
6.25,16.68685820540791,34.122299628292616,25.129130709053626,40.14367992207
6.255,16.68211182007457,34.1241502571854,25.13285616971111,40.14929394703195
6.26,16.677368631803837,34.12599746008287,25.136571812485027,40.15488359751394
6.265000000000001,16.672628639706623,34.12784124620293,25.14027764946988,40.16044892165903
6.2700000000000005,16.667891842886192,34.129681624739916,25.143973692769666,40.16598996759448
6.275,16.66315824043814,34.131518604864645,25.147659954497904,40.171506783431724
6.28,16.658427831450418,34.13335219572437,25.15133644677759,40.176999417266394
6.285,16.6537006150033,34.13518240644279,25.155003181741236,40.1824679171783
6.29,16.64897659016941,34.137009246120066,25.158660171530855,40.187912331231445
6.295,16.644255756013724,34.1388327238328,25.162307428297954,40.19333270747401
6.3,16.63953811159353,34.140652848634055,25.165944964203547,40.198729093938375
6.305,16.63482365595849,34.14246962955335,25.169572791418144,40.20410153864109
6.3100000000000005,16.63011238815058,34.144283075596626,25.17319092212176,40.20945008958291
6.315,16.62540430720413,34.1460931957463,25.176799368503907,40.214774794748756
6.32,16.62069941214581,34.14789999896125,25.180398142763607,40.22007570210775
6.325,16.61599770199463,34.149703494176784,25.18398725710938,40.225352859613196
6.33,16.61129917576194,34.151503690304665,25.187566723759232,40.230606315202586
6.335,16.606603832451423,34.15330059623311,25.191136554940694,40.2358361167976
6.34,16.60191167105912,34.15509422082678,25.194696762890782,40.24104231230409
6.345,16.5972226905734,34.15688457292681,25.198247359856015,40.24622494961211
6.3500000000000005,16.592536889974976,34.15867166135077,25.201788358092426,40.251384076595905
6.355,16.587854268236903,34.16045549489267,25.20531976986553,40.256519741113884
6.36,16.583174824324573,34.16223608232299,25.208841607450356,40.261631991008656
6.365,16.578498557195722,34.16401343238866,25.212353883131428,40.26672087410703
6.37,16.57382546580043,34.16578755381304,25.215856609202778,40.27178643821997
6.375,16.56915554908111,34.16755845529597,25.21934979796793,40.27682873114266
6.38,16.56448880597252,34.16932614551372,25.222833461739913,40.28184780065444
6.385,16.55982523540176,34.17109063311903,25.226307612841264,40.28684369451885
6.390000000000001,16.55516483628827,34.172851926741075,25.229772263604012,40.29181646048363
6.3950000000000005,16.550507607543828,34.174610034985484,25.23322742636969,40.29676614628068
6.4,16.545853548072557,34.17636496643434,25.236673113489335,40.3016927996261
6.405,16.541202656770917,34.178116729646185,25.240109337323478,40.306596468220185
6.41,16.536554932527714,34.179865333155995,25.243536110242157,40.3114771997474
6.415,16.531910374224086,34.18161078547521,25.24695344462491,40.31633504187641
6.42,16.52726898073352,34.18335309509172,25.25036135286078,40.32117004226004
6.425,16.522630750921845,34.18509227046986,25.2537598473483,40.32598224853534
6.43,16.517995683647218,34.186828320050424,25.257148940495515,40.330771708323525
6.4350000000000005,16.51336377776015,34.18856125225066,25.26052864471997,40.335538469229995
6.44,16.508735032103495,34.19029107546424,25.2638989724487,40.34028257884434
6.445,16.504109445512427,34.19201779806133,25.267259936118258,40.34500408474033
6.45,16.499487016814488,34.19374142838851,25.27061154817469,40.349703034475944
6.455,16.494867744829538,34.19546197476883,25.273953821073537,40.35437947559331
6.46,16.490251628369794,34.1971794455018,25.277286767279847,40.359033455618786
6.465,16.485638666239804,34.19889384886336,25.280610399268177,40.363665022062875
6.47,16.481028857236463,34.20060519310589,25.283924729522568,40.36827422242029
6.4750000000000005,16.476422200149,34.20231348645828,25.28722977053658,40.372861104169935
6.48,16.47181869375899,34.2040187371258,25.29052553481326,40.37742571477488
6.485,16.467218336840347,34.20572095329022,25.29381203486516,40.38196810168239
6.49,16.46262112815933,34.20742014310974,25.297089283214337,40.38648831232393
6.495,16.45802706647453,34.20911631471902,25.300357292392352,40.390986394115124
6.5,16.453436150536884,34.21080947622916,25.303616074940255,40.39546239445581
6.505,16.448848379089675,34.212499635727724,25.306865643408607,40.39991636073
6.51,16.444263750868515,34.21418680127872,25.310106010357465,40.404348340305894
6.515000000000001,16.439682264601366,34.21587098092261,25.313337188356396,40.408758380535865
6.5200000000000005,16.43510391900853,34.21755218267631,25.316559189984456,40.4131465287565
6.525,16.430528712802644,34.21923041453317,25.319772027830208,40.417512832288544
6.53,16.425956644688693,34.22090568446302,25.32297571449172,40.42185733843695
6.535,16.421387713363995,34.22257800041211,25.32617026257655,40.42618009449084
6.54,16.416821917518217,34.224247370303175,25.32935568470177,40.43048114772354
6.545,16.41225925583336,34.22591380203537,25.332531993493944,40.43476054539254
6.55,16.407699726983772,34.227577303484324,25.335699201589144,40.43901833473955
6.555,16.403143329636134,34.2292378825021,25.338857321632936,40.44325456299043
6.5600000000000005,16.398590062449475,34.23089554691722,25.342006366280394,40.447469277355246
6.565,16.394039924075162,34.23255030453466,25.34514634819609,40.45166252502825
6.57,16.389492913156904,34.23420216313584,25.348277280054088,40.45583435318787
6.575,16.384949028330748,34.23585113047864,25.351399174537974,40.45998480899672
6.58,16.380408268225086,34.23749721429739,25.35451204434082,40.46411393960163
6.585,16.375870631460643,34.23914042230287,25.357615902165197,40.46822179213358
6.59,16.371336116650493,34.24078076218229,25.360710760723187,40.47230841370776
6.595,16.36680472240005,34.24241824159935,25.363796632736367,40.47637385142352
6.6000000000000005,16.36227644730706,34.244052868194174,25.36687353093582,40.48041815236442
6.605,16.357751289961627,34.245684649583346,25.369941468062123,40.48444136359821
6.61,16.353229248946175,34.2473135933599,25.373000456865363,40.4884435321768
6.615,16.348710322835483,34.248939707093314,25.376050510105117,40.49242470513631
6.62,16.34419451019667,34.250562998329535,25.37909164055047,40.49638492949704
6.625,16.339681809589184,34.25218347459095,25.382123860980013,40.50032425226347
6.63,16.335172219564832,34.25380114337639,25.38514718418183,40.504242720424266
6.635,16.330665738667744,34.255416012161156,25.388161622953504,40.5081403809523
6.640000000000001,16.326162365434403,34.25702808839698,25.39116719010213,40.512017280804606
6.6450000000000005,16.32166209839363,34.25863737951205,25.394163898444297,40.515873466922415
6.65,16.317164936066586,34.26024389347229,25.397151760806093,40.51970898423429
6.655,16.312670876966767,34.26184763930486,25.400130790023113,40.52352387378317
6.66,16.30817991960002,34.26344862447747,25.40310099894045,40.52731818204498
6.665,16.30369206246452,34.2650468563356,25.406062400412697,40.531091955823136
6.67,16.299207304050803,34.26664234220923,25.40901500730395,40.53484524186894
6.675,16.294725642841726,34.268235089412855,25.41195883248781,40.53857808688158
6.68,16.290247077676852,34.26982510524548,25.414893888099087,40.542290537508116
6.6850000000000005,16.285771608241046,34.271412396990634,25.41782018464013,40.54598264034352
6.69,16.281299233119977,34.272996971916356,25.420737734987135,40.549654441930635
6.695,16.276829950802014,34.2745788372752,25.42364655221189,40.553305988760194
6.7,16.27236375977291,34.276158000304235,25.42654664938276,40.55693732727082
6.705,16.26790065851582,34.277734468225034,25.4294380395647,40.56054850384902
6.71,16.26344064551126,34.279308248243694,25.432320735819253,40.56413956482918
6.715,16.25898371923714,34.28087934755083,25.435194751204545,40.56771055649359
6.72,16.25452987816876,34.282447773321564,25.43806009877529,40.571261525072416
6.7250000000000005,16.250079120778796,34.28401353271553,25.44091679158278,40.574792516743706
6.73,16.245631445537313,34.28557663287688,25.443764842674902,40.578303577633406
6.735,16.241186850911756,34.287137080934286,25.446604265096123,40.58179475381534
6.74,16.236745335366955,34.28869488400093,25.449435071887503,40.58526609131122
6.745,16.23230689736513,34.290250049174496,25.452257276086677,40.58871763609066
6.75,16.22787153536588,34.2918025835372,25.455070890727868,40.59214943407113
6.755,16.22343924782618,34.29335249415576,25.457875928841894,40.595561531118015
6.76,16.219010033200416,34.29489978808142,25.460672403456144,40.59895397304458
6.765000000000001,16.21458388994032,34.29644447234993,25.46346032759461,40.602326805611966
6.7700000000000005,16.210160816495048,34.29798655398155,25.46623971427785,40.60568007452921
6.775,16.20574081131111,34.29952603998107,25.469010576523026,40.60901382545323
6.78,16.20132387283241,34.30106293733777,25.471772927343874,40.61232810398884
6.785,16.196909999500242,34.30259725302547,25.474526779750715,40.61562295568873
6.79,16.192499189753278,34.30412899400248,25.47727214675046,40.618898426053484
6.795,16.188091442027574,34.30565816721165,25.480009041346612,40.62215456053158
6.8,16.183686754756575,34.307184779580325,25.48273747653925,40.625391404519355
6.805,16.179285126371106,34.308708838020365,25.485457465325034,40.62860900336106
6.8100000000000005,16.174886555299377,34.31023034942816,25.488169020697224,40.631807402348834
6.815,16.170491039966983,34.31174932068459,25.490872155645654,40.63498664672267
6.82,16.166098578796902,34.31326575865507,25.493566883156753,40.6381467816705
6.825,16.161709170209498,34.31477967018952,25.496253216213525,40.641287852328084
6.83,16.157322812622517,34.31629106212238,25.49893116779557,40.64440990377912
6.835,16.15293950445109,34.3177999412726,25.50160075087906,40.64751298105516
6.84,16.148559244107734,34.31930631444363,25.504261978436773,40.65059712913565
6.845,16.144182030002348,34.320810188423465,25.506914863438052,40.653662392947936
6.8500000000000005,16.139807860542216,34.32231156998459,25.50955941884884,40.65670881736723
6.855,16.13543673413201,34.323810465884016,25.512195657631658,40.65973644721665
6.86,16.131068649173777,34.32530688286325,25.51482359274561,40.662745327267196
6.865,16.126703604066957,34.32680082764835,25.5174432371464,40.665735502237744
6.87,16.12234159720837,34.32829230694985,25.5200546037863,40.66870701679507
6.875,16.11798262699222,34.32978132746281,25.522657705614176,40.67165991555382
6.88,16.113626691810094,34.33126789586682,25.52525255557548,40.67459424307655
6.885,16.10927379005097,34.332752018825964,25.527839166612253,40.67751004387368
6.890000000000001,16.104923920101207,34.334233702988854,25.53041755166311,40.680407362403535
6.8950000000000005,16.100577080344543,34.3357129549886,25.532987723663265,40.68328624307231
6.9,16.096233269162102,34.337189781442845,25.535549695544507,40.68614673023411
6.905,16.0918924849324,34.338664188953736,25.538103480235215,40.6889888681909
6.91,16.087554726031332,34.340136184107934,25.540649090660356,40.691812701192546
6.915,16.08321999083217,34.341605773476616,25.54318653974148,40.6946182734368
6.92,16.078888277705584,34.34307296361547,25.545715840396724,40.69740562906931
6.925,16.074559585019614,34.34453776106471,25.548237005540802,40.70017481218358
6.93,16.0702339111397,34.346000172349044,25.550750048085032,40.70292586682103
6.9350000000000005,16.06591125442865,34.34746020397772,25.553254980937297,40.705658836970976
6.94,16.061591613246666,34.34891786244447,25.55575181700208,40.708373766570574
6.945,16.05727498595133,34.35037315422757,25.55824056918044,40.71107069950491
6.95,16.05296137089762,34.35182608578979,25.560721250370033,40.71374967960694
6.955,16.048650766437877,34.35327666357842,25.563193873465092,40.716410750657516
6.96,16.04434317092184,34.35472489402526,25.565658451356434,40.71905395638536
6.965,16.04003858269664,34.35617078354664,25.568114996931467,40.72167934046709
6.97,16.035737000106767,34.357614338543385,25.570563523074185,40.724286946527215
6.9750000000000005,16.031438421494116,34.359055565400844,25.57300404266516,40.72687681813813
6.98,16.027142845197965,34.36049447048888,25.575436568581562,40.72944899882011
6.985,16.02285026955497,34.361931060161865,25.577861113697132,40.73200353204132
6.99,16.018560692899165,34.36336534075869,25.58027769088221,40.73454046121781
6.995,16.01427411356199,34.364797318602754,25.58268631300371,40.73705982971353
7.0,16.00999052987224,34.36622700000199,25.58508699292514,40.739561680840296
7.005,16.00570994015612,34.36765439124881,25.587479743506595,40.74204605785783
7.01,16.001432342737207,34.36907949862018,25.589864577604743,40.744513003973715
7.015000000000001,15.99715773593646,34.370502328377555,25.592241508072853,40.74696256234345
7.0200000000000005,15.99288611807223,34.3719228867669,25.59461054776077,40.7493947760704
7.025,15.988617487460248,34.37334118001871,25.596971709514925,40.75180968820584
7.03,15.984351842413627,34.374757214347994,25.59932500617834,40.754207341748895
7.035,15.980089181242871,34.37617099595426,25.60167045059062,40.756587779646615
7.04,15.97582950225586,34.377582531021545,25.60400805558795,40.75895104479391
7.045,15.971572803757862,34.378991825718394,25.606337834003114,40.76129718003359
7.05,15.967319084051534,34.38039888619786,25.608659798665464,40.76362622815635
7.055,15.963068341436907,34.38180371859753,25.61097396240095,40.76593823190077
7.0600000000000005,15.958820574211403,34.38320632903949,25.61328033803211,40.76823323395332
7.065,15.954575780669831,34.38460672363033,25.61557893837805,40.77051127694834
7.07,15.950333959104377,34.386004908461175,25.617869776254484,40.77277240346809
7.075,15.946095107804615,34.38740088960766,25.6201528644737,40.77501665604268
7.08,15.941859225057502,34.38879467312992,25.622428215844565,40.77724407715014
7.085,15.937626309147381,34.39018626507263,25.624695843172546,40.77945470921635
7.09,15.933396358355978,34.39157567146495,25.626955759259687,40.78164859461511
7.095,15.929169370962404,34.39296289832056,25.629207976904624,40.783825775668106
7.1000000000000005,15.924945345243149,34.394347951637684,25.631452508902566,40.785986294644886
7.105,15.920724279472097,34.39573083739903,25.63368936804532,40.78813019376289
7.11,15.916506171920508,34.39711156157182,25.635918567121273,40.79025751518747
7.115,15.912291020857031,34.3984901301078,25.638140118915402,40.792368301031836
7.12,15.908078824547696,34.39986654894324,25.640354036209263,40.794462593357096
7.125,15.903869581255918,34.4012408239989,25.642560331781002,40.79654043417225
7.13,15.899663289242497,34.40261296118006,25.64475901840535,40.79860186543417
7.135,15.895459946765618,34.403982966376546,25.646950108853623,40.800646929047645
7.140000000000001,15.891259552080848,34.40535084546266,25.64913361589372,40.80267566686531
7.1450000000000005,15.887062103441142,34.40671660429723,25.651309552290137,40.804688120687715
7.15,15.882867599096834,34.4080802487236,25.653477930803938,40.80668433226329
7.155,15.878676037295643,34.40944178456963,25.655638764192783,40.80866434328834
7.16,15.874487416282678,34.41080121764769,25.65779206521092,40.810628195407084
7.165,15.870301734300426,34.412158553754665,25.659937846609175,40.812575930211594
7.17,15.866118989588761,34.41351379867196,25.662076121134966,40.81450758924186
7.175,15.86193918038494,34.41486695816548,25.664206901532292,40.816423213985736
7.18,15.857762304923606,34.416218037985665,25.66633020054174,40.818322845878974
7.1850000000000005,15.853588361436783,34.41756704386746,25.668446030900487,40.820206526305206
7.19,15.849417348153883,34.41891398153031,25.67055440534228,40.822074296595964
7.195,15.845249263301701,34.42025885667819,25.672655336597472,40.82392619803065
7.2,15.841084105104414,34.42160167499959,25.67474883739299,40.82576227183656
7.205,15.836921871783586,34.42294244216751,25.676834920452347,40.82758255918888
7.21,15.832762561558162,34.42428116383946,25.67891359849564,40.82938710121068
7.215,15.828606172644477,34.42561784565747,25.68098488423956,40.83117593897292
7.22,15.824452703256243,34.42695249324808,25.683048790397375,40.83294911349443
7.2250000000000005,15.82030215160456,34.42828511222235,25.685105329678944,40.834706665741955
7.23,15.816154515897914,34.429615708175845,25.68715451479071,40.8364486366301
7.235,15.812009794342172,34.43094428668865,25.689196358435694,40.838175067021375
7.24,15.807867985140586,34.43227085332538,25.69123087331352,40.83988599772617
7.245,15.803729086493792,34.433595413635125,25.693258072120383,40.84158146950276
7.25,15.799593096599814,34.43491797315152,25.695277967549064,40.84326152305732
7.255,15.795460013654052,34.43623853739272,25.69729057228894,40.84492619904388
7.26,15.7913298358493,34.43755711186136,25.69929589902596,40.8465755380644
7.265000000000001,15.787202561375727,34.43887370204463,25.701293960442673,40.84820958066869
7.2700000000000005,15.783078188420893,34.4401883134142,25.7032847692182,40.849828367354455
7.275,15.778956715169741,34.44150095142627,25.705268338028258,40.85143193856731
7.28,15.774838139804594,34.44281162152156,25.70724467954514,40.85302033470072
7.285,15.770722460505164,34.44412032912528,25.709213806437738,40.85459359609608
7.29,15.766609675448544,34.445427079647196,25.711175731371515,40.856151763042625
7.295,15.762499782809215,34.44673187848154,25.713130467008533,40.85769487577752
7.3,15.758392780759038,34.4480347310071,25.715078026007422,40.859222974485775
7.305,15.75428866746726,34.449335642587144,25.71701842102342,40.860736099300325
7.3100000000000005,15.750187441100515,34.45063461856948,25.71895166470833,40.86223429030197
7.315,15.746089099822814,34.45193166428641,25.720877769710555,40.8637175875194
7.32,15.74199364179556,34.45322678519103,25.722796748675073,40.86518603080515
7.325,15.737901065177535,34.454519987873326,25.72470861424346,40.866639658880615
7.33,15.733811368124908,34.45581127793094,25.726613379053862,40.868078511244974
7.335,15.72972454879123,34.45710066062998,25.728511055741027,40.86950262762194
7.34,15.72564060532744,34.458388141226344,25.730401656936277,40.87091204767277
7.345,15.721559535881857,34.45967372496571,25.73228519526752,40.872306810996214
7.3500000000000005,15.717481338600185,34.46095741708357,25.734161683359257,40.87368695712856
7.355,15.713406011625517,34.46223922280517,25.73603113383257,40.87505252554361
7.36,15.709333553098322,34.463519147345565,25.73789355930512,40.87640355565266
7.365,15.70526396115646,34.4647971959096,25.739748972391173,40.87774008680456
7.37,15.701197233935172,34.4660733736919,25.741597385701557,40.87906215828564
7.375,15.697133369567084,34.46734768587689,25.743438811843703,40.88036980931978
7.38,15.693072366182205,34.468620137638766,25.745273263421616,40.881663079068346
7.385,15.689014221907932,34.46989073414152,25.747100753035898,40.88294200663025
7.390000000000001,15.68495893486904,34.47115948053895,25.748921293283725,40.884206631041906
7.3950000000000005,15.680906503187694,34.472426381974614,25.750734896758868,40.88545699127724
7.4,15.676856924983444,34.47369144358187,25.752541576051676,40.8866931262477
7.405,15.672810198373215,34.47495467048388,25.754341343749093,40.887915074802265
7.41,15.668766321509418,34.47621606779357,25.756134212352336,40.88912287572741
7.415,15.664725293158394,34.47747564061367,25.75792019307098,40.89031656774713
7.42,15.660687111679845,34.47873339403669,25.75969929808483,40.891496189522954
7.425,15.656651775200475,34.479989333144935,25.761471540079622,40.89266177965391
7.43,15.652619281846812,34.48124346301049,25.763236931730482,40.89381337667656
7.4350000000000005,15.648589629745201,34.482495788695246,25.76499548570191,40.89495101906496
7.44,15.644562817021816,34.48374631525086,25.76674721464778,40.896074745230706
7.445,15.640538841802647,34.4849950477188,25.76849213121135,40.897184593522894
7.45,15.636517702213512,34.4862419911303,25.77023024802525,40.89828060222815
7.455,15.632499396380046,34.487487150506404,25.77196157771149,40.8993628095706
7.46,15.62848392242771,34.48873053085792,25.773686132881462,40.900431253711915
7.465,15.624471278481787,34.48997213718547,25.77540392613593,40.90148597275125
7.47,15.620461462667379,34.49121197447945,25.77711497006504,40.9025270047253
7.4750000000000005,15.616454473109412,34.49245004772004,25.778819277248306,40.90355438760828
7.48,15.61245030793264,34.49368636187723,25.78051686025464,40.9045681593119
7.485,15.608448965261628,34.494920921910776,25.782207731642306,40.9055683576854
7.49,15.604450443220774,34.49615373277023,25.783891903958967,40.90655502051554
7.495,15.60045473993429,34.49738479939494,25.785569389741656,40.90752818552659
7.5,15.596461853526218,34.49861412671403,25.78724020151678,40.90848789038034
7.505,15.592471782120416,34.499841719646426,25.78890435180013,40.909434172676114
7.51,15.588484523840568,34.50106758310083,25.790561853096868,40.91036706995071
7.515000000000001,15.584500076810176,34.50229172197574,25.792212717901545,40.91128661967849
7.5200000000000005,15.58051843915257,34.503514141159435,25.793856958698075,40.9121928592713
7.525,15.576539608990897,34.50473484552999,25.795494587959766,40.91308582607853
7.53,15.572563584448133,34.505953839955275,25.797125618149288,40.91396555738706
7.535,15.568590363647067,34.50717112929293,25.798750061718696,40.9148320904213
7.54,15.56461994471032,34.50838671839039,25.800367931109427,40.91568546234318
7.545,15.560652325760326,34.509600612084895,25.801979238752292,40.916525710252145
7.55,15.55668750491935,34.51081281520345,25.803583997067477,40.91735287118516
7.555,15.552725480309471,34.51202333256287,25.805182218464548,40.918166982116695
7.5600000000000005,15.548766250052598,34.51323216896973,25.80677391534245,40.918968079958745
7.565,15.544809812270458,34.51443932922042,25.808359100089508,40.91975620156083
7.57,15.5408561650846,34.51564481810112,25.809937785083413,40.92053138370997
7.575,15.536905306616399,34.51684864038777,25.811509982691252,40.92129366313072
7.58,15.532957234987045,34.51805080084613,25.813075705269473,40.92204307648513
7.585,15.529011948317558,34.51925130423173,25.81463496516391,40.9227796603728
7.59,15.525069444728778,34.52045015528989,25.816187774709782,40.9235034513308
7.595,15.521129722341366,34.52164735875573,25.817734146231665,40.92421448583377
7.6000000000000005,15.517192779275803,34.52284291935415,25.819274092043536,40.92491280029384
7.605,15.513258613652397,34.52403684179983,25.82080762444873,40.925598431060635
7.61,15.509327223591278,34.52522913079725,25.822334755739973,40.92627141442134
7.615,15.505398607212394,34.52641979104068,25.823855498199368,40.92693178660063
7.62,15.501472762635519,34.52760882721417,25.82536986409839,40.92757958376072
7.625,15.49754968798025,34.52879624399158,25.82687786569789,40.928214842001296
7.63,15.493629381366,34.52998204603652,25.82837951524811,40.92883759735962
7.635,15.489711840912014,34.53116623800242,25.829874824988654,40.929447885810426
7.640000000000001,15.485797064737348,34.53234882453249,25.83136380714851,40.93004574326599
7.6450000000000005,15.481885050960893,34.53352981025972,25.83284647394605,40.93063120557609
7.65,15.477975797701351,34.534709199806905,25.83432283758901,40.93120430852804
7.655,15.474069303077252,34.53588699778662,25.83579291027452,40.93176508784664
7.66,15.47016556520695,34.537063208801214,25.837256704189077,40.93231357919424
7.665,15.466264582208614,34.53823783744286,25.838714231508558,40.932849818170695
7.67,15.462366352200243,34.539410888293474,25.840165504398218,40.93337384031336
7.675,15.458470873299653,34.5405823659248,25.841610535012688,40.93388568109713
7.68,15.454578143624486,34.54175227489835,25.843049335495984,40.93438537593442
7.6850000000000005,15.450688161292204,34.54292061976543,25.844481917981494,40.93487296017513
7.69,15.446800924420092,34.54408740506714,25.84590829459198,40.935348469106714
7.695,15.442916431125257,34.54525263533435,25.84732847743959,40.935811937954114
7.7,15.439034679524628,34.54641631508774,25.848742478625844,40.93626340187982
7.705,15.435155667734959,34.54757844883777,25.850150310241645,40.93670289598381
7.71,15.431279393872822,34.54873904108468,25.851551984367266,40.93713045530358
7.715,15.427405856054614,34.549898096318515,25.852947513072365,40.93754611481417
7.72,15.423535052396552,34.551055619019095,25.854336908415977,40.93794990942811
7.7250000000000005,15.41966698101468,34.55221161365604,25.85572018244651,40.938341873995476
7.73,15.41580164002486,34.55336608468875,25.857097347201755,40.93872204330382
7.735,15.411939027542777,34.554519036566404,25.858468414708877,40.93909045207824
7.74,15.408079141683938,34.555670473728,25.85983339698442,40.93944713498134
7.745,15.404221980563676,34.55682040060229,25.861192306034308,40.93979212661326
7.75,15.40036754229714,34.557968821607844,25.86254515385384,40.940125461511634
7.755,15.396515824999307,34.55911574115299,25.863891952427693,40.940447174151615
7.76,15.392666826784973,34.56026116363588,25.865232713729924,40.94075729894589
7.765000000000001,15.388820545768755,34.56140509344442,25.866567449723966,40.94105587024465
7.7700000000000005,15.3849769800651,34.56254753495633,25.867896172362627,40.9413429223356
7.775,15.381136127788267,34.56368849253911,25.8692188935881,40.941618489443975
7.78,15.377297987052344,34.564827970550034,25.87053562533195,40.941882605732516
7.785,15.37346255597124,34.56596597333619,25.871846379515123,40.942135305301484
7.79,15.369629832658685,34.567102505234445,25.873151168047936,40.94237662218866
7.795,15.36579981522823,34.56823757057144,25.874450002830095,40.942606590369344
7.8,15.361972501793254,34.569371173663626,25.875742895750676,40.94282524375634
7.805000000000001,15.35814789046695,34.57050331881723,25.877029858688132,40.94303261619998
7.8100000000000005,15.354325979362343,34.57163401032827,25.8783109035103,40.94322874148811
7.815,15.350506766592272,34.572763252482545,25.87958604207439,40.943413653346106
7.82,15.3466902502694,34.57389104955567,25.880855286226993,40.943587385436835
7.825,15.342876428506218,34.575017405813014,25.88211864780407,40.9437499713607
7.83,15.339065299415031,34.57614232550975,25.883376138630968,40.943901444655616
7.835,15.335256861107972,34.57726581289084,25.884627770522414,40.94404183879701
7.84,15.331451111696994,34.578387872191044,25.8858735552825,40.944171187197846
7.845,15.327648049293874,34.57950850763489,25.88711350470471,40.94428952320858
7.8500000000000005,15.323847672010208,34.580627723436706,25.8883476305719,40.94439688011719
7.855,15.320049977957419,34.581745523800606,25.8895759446563,40.944493291149186
7.86,15.316254965246747,34.58286191292049,25.890798458719523,40.944578789467585
7.865,15.31246263198926,34.58397689498007,25.892015184512555,40.94465340817291
7.87,15.30867297629584,34.5850904741528,25.89322613377577,40.94471718030323
7.875,15.304885996277203,34.58620265460197,25.894431318238905,40.9447701388341
7.88,15.301101690043877,34.58731344048062,25.895630749621084,40.94481231667861
7.885,15.297320055706217,34.58842283593162,25.896824439630812,40.94484374668736
7.890000000000001,15.293541091374399,34.58953084508758,25.898012399965964,40.94486446164847
7.8950000000000005,15.289764795158423,34.59063747207093,25.89919464231379,40.94487449428759
7.9,15.285991165168108,34.59174272099389,25.900371178350934,40.94487387726785
7.905,15.282220199513098,34.59284659595846,25.901542019743403,40.944862643189936
7.91,15.27845189630286,34.593949101056424,25.90270717814658,40.944840824592035
7.915,15.27468625364668,34.59505024036936,25.903866665205243,40.944808453949854
7.92,15.27092326965367,34.59615001796863,25.905020492553525,40.944765563676604
7.925,15.26716294243276,34.5972484379154,25.90616867181496,40.944712186123034
7.930000000000001,15.263405270092704,34.5983455042606,25.90731121460244,40.94464835357739
7.9350000000000005,15.259650250742084,34.59944122104497,25.90844813251825,40.944574098265456
7.94,15.255897882489295,34.600535592299025,25.909579437154036,40.94448945235052
7.945,15.252148163442559,34.60162862204308,25.910705140090837,40.944394447933384
7.95,15.248401091709923,34.60272031428722,25.911825252899067,40.94428911705237
7.955,15.244656665399248,34.60381067303135,25.912939787138516,40.94417349168333
7.96,15.240914882618227,34.60489970226512,25.914048754358344,40.94404760373961
7.965,15.237175741474367,34.60598740596801,25.9151521660971,40.9439114850721
7.97,15.233439240075004,34.60707378810927,25.916250033882708,40.943765167469174
7.9750000000000005,15.229705376527292,34.60815885264793,25.917342369232465,40.94360868265675
7.98,15.225974148938208,34.60924260353283,25.91842918365305,40.94344206229827
7.985,15.222245555414553,34.61032504470257,25.91951048864052,40.943265337994646
7.99,15.218519594062949,34.611406180085574,25.92058629568031,40.94307854128436
7.995,15.21479626298984,34.61248601360003,25.92165661624723,40.94288170364339
8.0,15.211075560301492,34.613564549153914,25.922721461805466,40.94267485648521
8.005,15.207357484103994,34.614641790645,25.92378084380859,40.94245803116086
8.01,15.203642032503259,34.61571774196085,25.924834773699548,40.94223125895885
8.015,15.19992920360502,34.61679240697881,25.925883262910656,40.941994571105226
8.02,15.196218995514833,34.61786578956602,25.92692632286362,40.94174799876356
8.025,15.192511406338074,34.61893789357939,25.927963964969514,40.94149157303493
8.03,15.188806434179945,34.62000872286565,25.9289962006288,40.94122532495793
8.035,15.18510407714547,34.6210782812613,25.930023041231305,40.94094928550866
8.040000000000001,15.181404333339492,34.622146572592925,25.931044498156247,40.940663485601576
8.045,15.177707200866678,34.62321360137241,25.93206058277221,40.94036795791491
8.05,15.17401267783152,34.62427937203369,25.933071306437164,40.94006273485053
8.055,15.170320762338328,34.6253438883576,25.934076680498453,40.93974784704009
8.06,15.166631452491236,34.62640715411819,25.935076716292798,40.93942332505834
8.065,15.162944746394203,34.627469173082766,25.936071425146306,40.93908919942311
8.07,15.159260642151004,34.628529949011856,25.937060818374448,40.93874550059529
8.075,15.155579137865242,34.629589485659224,25.938044907282084,40.93839225897886
8.08,15.15190023164034,34.63064778677187,25.939023703163446,40.93802950492089
8.085,15.148223921579543,34.63170485609002,25.939997217302146,40.93765726871151
8.09,15.144550205785922,34.63276069734713,25.940965460971174,40.93727558058396
8.095,15.140879082362362,34.63381531426991,25.9419284454329,40.936884470714524
8.1,15.13721054941158,34.63486871057828,25.942886181939063,40.936483969222586
8.105,15.133544605036109,34.635920889985414,25.943838681730792,40.936074106170615
8.11,15.129881247338306,34.636971856197704,25.944785956038583,40.93565491156414
8.115,15.126220474420347,34.63802161291477,25.945728016082317,40.93522641535179
8.120000000000001,15.122562284384239,34.63907016382949,25.946664873071246,40.934788647425265
8.125,15.118906675331804,34.64011751262795,25.94759653820401,40.93434163761934
8.13,15.115253645364687,34.641163662989484,25.948523022668617,40.93388541571188
8.135,15.111603192584358,34.64220861858666,25.949444337642458,40.93342001142382
8.14,15.107955315092106,34.64325238308526,25.9503604942923,40.93294545441919
8.145,15.104310010989046,34.64429496014433,25.95127150377429,40.93246177430508
8.15,15.100667278376111,34.64533635341612,25.952177377233944,40.93196900063167
8.155,15.097027115354061,34.64637656654614,25.953078125806172,40.931467162892226
8.16,15.093389520023475,34.64741560317311,25.953973760615245,40.930956290523085
8.165000000000001,15.089754490484754,34.64845346692899,25.954864292774825,40.93043641290366
8.17,15.086122024838124,34.64949016143898,25.955749733387943,40.92990755935646
8.175,15.08249212118363,34.650525690321516,25.95663009354701,40.92936975914706
8.18,15.078864777621146,34.651560057188256,25.957505384333814,40.92882304148411
8.185,15.075239992250355,34.65259326564409,25.95837561681953,40.92826743551936
8.19,15.071617763170778,34.65362531928716,25.959240802064695,40.92770297034763
8.195,15.067998088532184,34.65465622170881,25.960100951067222,40.92712967500681
8.2,15.064380966787013,34.65568597649366,25.960956074534803,40.92654757847789
8.205,15.060766396111209,34.65671458721952,25.961806183503054,40.92595670968491
8.21,15.057154374615143,34.65774205745746,25.9626512890672,40.925357097495024
8.215,15.053544900410058,34.658768390771776,25.96349140230913,40.924748770718445
8.22,15.04993797160807,34.65979359072,25.964326534297417,40.92413175810847
8.225,15.046333586322167,34.66081766085289,25.965156696087284,40.92350608836148
8.23,15.042731742666206,34.66184060471444,25.96598189872064,40.92287179011693
8.235,15.039132438754923,34.66286242584189,25.96680215322606,40.92222889195736
8.24,15.035535672703919,34.66388312776569,25.96761747061879,40.92157742240838
8.245000000000001,15.031941442629671,34.66490271400954,25.968427861900743,40.920917409938696
8.25,15.028349746649534,34.66592118809037,25.96923333806051,40.92024888296008
8.255,15.024760582881724,34.66693855351835,25.97003391007334,40.919571869827394
8.26,15.021173949445338,34.66795481379686,25.970829588901168,40.918886398838566
8.265,15.017589844460337,34.66896997242254,25.971620385492585,40.91819249823462
8.27,15.014008266047568,34.669984032885246,25.97240631078286,40.91749019619965
8.275,15.010429212328736,34.67099699866808,25.973187375693932,40.916779520860835
8.28,15.006852681426428,34.672008873247364,25.973963591134414,40.91606050028844
8.285,15.003278671464097,34.67301966009267,25.974734967999577,40.91533316249578
8.290000000000001,14.999707180566073,34.674029362666786,25.975501517171377,40.91459753543928
8.295,14.996138206857555,34.67503798442574,25.97626324951843,40.91385364701844
8.3,14.992571748464618,34.6760455288188,25.977020175896026,40.91310152507584
8.305,14.989007803514205,34.67705199928845,25.977772307146125,40.912341197397126
8.31,14.985446370134136,34.678057399270436,25.978519654097365,40.91157269171104
8.315,14.981887446453099,34.6790617321937,25.979262227565037,40.910796035689394
8.32,14.978331030600657,34.68006500148046,25.980000038351122,40.91001125694708
8.325,14.974777120707245,34.681067210546125,25.980733097244258,40.90921838304208
8.33,14.971225714904168,34.68206836279937,25.98146141501976,40.90841744147545
8.335,14.967676811323608,34.68306846164209,25.982185002439607,40.907608459691325
8.34,14.964130408098617,34.6840675104694,25.982903870252457,40.90679146507691
8.345,14.960586503363116,34.68506551266967,25.98361802919363,40.905966484962505
8.35,14.957045095251905,34.686062471624496,25.984327489985123,40.90513354662149
8.355,14.953506181900648,34.68705839070871,25.9850322633356,40.90429267727032
8.36,14.949969761445892,34.688053273290365,25.985732359940396,40.90344390406852
8.365,14.946435832025047,34.68904712273076,25.98642779048152,40.90258725411871
8.370000000000001,14.942904391776398,34.69003994238443,25.987118565627643,40.901722754466576
8.375,14.939375438839107,34.691031735599125,25.987804696034114,40.90085043210091
8.38,14.935848971353202,34.69202250571585,25.98848619234295,40.899970313953546
8.385,14.932324987459587,34.693012256068826,25.98916306518284,40.89908242689943
8.39,14.928803485300035,34.694000989985526,25.98983532516914,40.89818679775658
8.395,14.925284463017196,34.69498871078663,25.990502982903873,40.89728345328608
8.4,14.921767918754588,34.69597542178607,25.991166048975746,40.8963724201921
8.405,14.918253850656606,34.696961126291015,25.991824533960123,40.8954537251219
8.41,14.914742256868513,34.697945827601856,25.99247844841905,40.89452739466581
8.415000000000001,14.911233135536445,34.698929529012226,25.993127802901228,40.89359345535725
8.42,14.907726484807414,34.69991223380897,25.993772607942038,40.8926519336727
8.425,14.9042223028293,34.7008939452722,25.99441287406354,40.89170285603175
8.43,14.900720587750858,34.70187466667524,25.995048611774443,40.890746248797036
8.435,14.897221337721714,34.70285440128464,25.995679831570147,40.8897821382743
8.44,14.893724550892367,34.70383315236021,25.99630654393271,40.88881055071235
8.445,14.890230225414188,34.70481092315497,25.996928759330867,40.88783151230308
8.45,14.886738359439422,34.70578771691518,25.99754648822002,40.88684504918146
8.455,14.883248951121182,34.706763536880345,25.99815974104224,40.885851187425544
8.46,14.879761998613457,34.70773838628318,25.998768528226275,40.88484995305647
8.465,14.87627750007111,34.70871226834965,25.999372860187535,40.88384137203844
8.47,14.872795453649873,34.709685186298955,25.9999727473281,40.882825470278746
8.475,14.86931585750635,34.71065714334352,26.00056820003674,40.88180227362777
8.48,14.86583870979802,34.711628142689,26.001159228688863,40.88077180787895
8.485,14.862364008683233,34.7125981875343,26.001745843646574,40.87973409876882
8.49,14.85889175232121,34.71356728107153,26.00232805525864,40.878689171977
8.495000000000001,14.855421938872045,34.71453542648608,26.002905873860495,40.87763705312618
8.5,14.85195456649671,34.715502626956514,26.003479309774242,40.876577767782116
8.505,14.848489633357039,34.71646888565468,26.004048373308667,40.875511341453674
8.51,14.845027137615748,34.717434205745626,26.00461307475921,40.874437799592776
8.515,14.841567077436418,34.71839859038766,26.005173424407992,40.87335716759444
8.52,14.838109450983506,34.71936204273229,26.005729432523804,40.87226947079675
8.525,14.834654256422343,34.720324565924294,26.006281109362103,40.87117473448088
8.53,14.83120149191913,34.72128616310166,26.006828465165015,40.870072983871076
8.535,14.827751155640936,34.722246837395616,26.007371510161345,40.86896424413467
8.540000000000001,14.824303245755713,34.72320659193063,26.007910254566564,40.86784854038208
8.545,14.820857760432276,34.724165429824374,26.008444708582807,40.866725897666775
8.55,14.817414697840317,34.725123354187794,26.008974882398892,40.86559634098535
8.555,14.813974056150398,34.726080368125054,26.009500786190294,40.864459895277434
8.56,14.810535833533955,34.72703647473353,26.010022430119168,40.863316585425764
8.565,14.807100028163296,34.727991677103866,26.010539824334334,40.86216643625615
8.57,14.803666638211599,34.72894597831992,26.01105297897129,40.86100947253748
8.575000000000001,14.80023566185292,34.72989938145878,26.011561904152195,40.85984571898173
8.58,14.796807097262182,34.73085188959077,26.012066609985883,40.85867520024394
8.585,14.79338094261518,34.73180350577945,26.01256710656786,40.85749794092224
8.59,14.789957196088586,34.732754233081636,26.0130634039803,40.85631396555784
8.595,14.786535855859942,34.733704074547326,26.013555512292047,40.85512329863502
8.6,14.783116920107663,34.7346530332198,26.014043441558613,40.853925964581165
8.605,14.779700387011031,34.73560111213554,26.01452720182219,40.852721987766714
8.61,14.776286254750211,34.73654831432428,26.015006803111632,40.85151139250519
8.615,14.77287452150623,34.737494642808976,26.015482255442464,40.85029420305321
8.620000000000001,14.769465185460993,34.73844010060583,26.015953568816883,40.84907044361046
8.625,14.766058244797277,34.73938469072425,26.01642075322376,40.847840138319704
8.63,14.76265369769873,34.74032841616692,26.016883818638625,40.84660331126679
8.635,14.75925154234987,34.74127127992971,26.017342775023693,40.84535998648065
8.64,14.755851776936094,34.742213285001775,26.01779763232784,40.84411018793329
8.645,14.752454399643664,34.74315443436545,26.01824840048662,40.842853939539786
8.65,14.74905940865972,34.74409473099634,26.018695089422245,40.84159126515832
8.655,14.745666802172272,34.74503417786326,26.01913770904361,40.840322188590136
8.66,14.742276578370202,34.74597277792829,26.019576269246272,40.83904673357956
8.665000000000001,14.738888735443263,34.74691053414671,26.02001077991246,40.83776492381399
8.67,14.735503271582086,34.747847449467045,26.020441250911084,40.836476782923924
8.675,14.732120184978168,34.74878352683106,26.020867692097706,40.83518233448292
8.68,14.728739473823882,34.74971876917375,26.021290113314574,40.83388160200764
8.685,14.72536113631247,34.75065317942334,26.021708524390597,40.832574608957785
8.69,14.721985170638053,34.75158676050128,26.02212293514136,40.83126137873618
8.695,14.718611574995615,34.75251951532228,26.022533355369116,40.8299419346887
8.700000000000001,14.71524034758102,34.75345144679426,26.022939794862786,40.82861630010432
8.705,14.711871486591003,34.75438255781837,26.023342263397968,40.82728449821508
8.71,14.708504990223167,34.75531285128901,26.023740770736925,40.82594655219611
8.715,14.705140856675992,34.75624233009382,26.02413532662859,40.82460248516561
8.72,14.701779084148829,34.75717099711364,26.02452594080857,40.82325232018487
8.725,14.6984196708419,34.75809885522257,26.02491262299914,40.82189608025825
8.73,14.695062614956301,34.759025907287935,26.025295382909245,40.8205337883332
8.735,14.691707914694002,34.7599521561703,26.025674230234504,40.819165467300245
8.74,14.688355568257839,34.76087760472345,26.026049174657203,40.817791139992984
8.745000000000001,14.685005573851527,34.761802255794414,26.0264202258463,40.81641082918811
8.75,14.681657929679652,34.762726112223454,26.026787393457425,40.815024557605376
8.755,14.678312633947668,34.76364917684406,26.02715068713287,40.81363234790764
8.76,14.674969684861907,34.76457145248297,26.02751011650161,40.812234222700816
8.765,14.67162908062957,34.76549294196012,26.02786569117928,40.810830204533914
8.77,14.668290819458733,34.76641364808872,26.02821742076819,40.80942031589902
8.775,14.664954899558339,34.767333573675195,26.02856531485732,40.80800457923129
8.78,14.661621319138211,34.7682527215192,26.028909383022324,40.80658301690897
8.785,14.658290076409038,34.76917109441362,26.02924963482552,40.80515565125338
8.790000000000001,14.654961169582384,34.770088695144594,26.029586079815896,40.803722504528935
8.795,14.651634596870686,34.77100552649148,26.029918727529118,40.80228359894311
8.8,14.648310356487253,34.771921591226864,26.030247587487516,40.80083895664647
8.805,14.644988446646263,34.77283689211658,26.030572669200094,40.799388599732666
8.81,14.641668865562771,34.77375143191968,26.03089398216252,40.79793255023841
8.815,14.638351611452704,34.77466521338846,26.031211535857146,40.7964708301435
8.82,14.635036682532858,34.77557823926844,26.031525339752978,40.79500346137083
8.825000000000001,14.631724077020902,34.77649051269947,26.031835403305703,40.793530468359954
8.83,14.628413793135381,34.777402037025986,26.032141735957676,40.7920518768826
8.835,14.625105829095709,34.778312814959236,26.032444347137922,40.79056770865564
8.84,14.621800183122174,34.77922284919852,26.032743246262132,40.78907798530404
8.845,14.618496853435934,34.78013214243858,26.03303844273268,40.78758272840848
8.85,14.615195838259023,34.78104069736964,26.033329945938597,40.78608195950529
8.855,14.611897135814344,34.78194851667739,26.03361776525559,40.784575700086464
8.86,14.608600744325674,34.78285560304297,26.03390191004603,40.78306397159968
8.865,14.60530666201766,34.78376195914301,26.034182389658977,40.781546795448286
8.870000000000001,14.602014887115827,34.78466758764959,26.03445921343014,40.78002419299129
8.875,14.598725417846568,34.785572491230255,26.03473239068191,40.77849618554338
8.88,14.595438252437148,34.78647667254804,26.035001930723347,40.77696279437492
8.885,14.592153389115706,34.78738013426141,26.035267842850175,40.77542404071192
8.89,14.588870826111252,34.78828287902433,26.0355301363448,40.7738799457361
8.895,14.585590561653671,34.7891849094862,26.035788820476284,40.772330530584824
8.9,14.582312593973716,34.79008622829192,26.036043904500378,40.770775816351126
8.905,14.579036921303018,34.79098683808182,26.036295397659483,40.76921582408373
8.91,14.575763541874075,34.79188674149173,26.036543309182687,40.76765057478701
8.915000000000001,14.572492453920258,34.79278594115293,26.03678764828574,40.766080089421024
8.92,14.569223655675819,34.79368443969216,26.03702842417106,40.7645043889015
8.925,14.565957145375867,34.79458223973163,26.03726564602774,40.76292349409983
8.93,14.562692921256396,34.795479343889035,26.037499323031547,40.76133742584308
8.935,14.559430981554268,34.79637575477751,26.037729464344913,40.759746204913995
8.94,14.556171324507217,34.79727147500567,26.03795607911694,40.758149852050984
8.945,14.552913948353847,34.7981665071776,26.038179176483407,40.75654838794812
8.950000000000001,14.549658851333641,34.79906085389284,26.03839876556675,40.75494183325517
8.955,14.546406031686951,34.79995451774639,26.03861485547609,40.75333020857754
8.96,14.543155487654996,34.800847501328754,26.038827455307214,40.75171353447632
8.965,14.539907217479877,34.80173980722585,26.03903657414257,40.750091831468296
8.97,14.536661219404559,34.802631438019105,26.039242221051293,40.74846512002589
8.975,14.533417491672887,34.80352239628538,26.039444405089174,40.74683342057722
8.98,14.53017603252957,34.80441268459704,26.039643135298682,40.74519675350604
8.985,14.526936840220195,34.80530230552187,26.039838420708953,40.74355513915182
8.99,14.523699912991221,34.80619126162316,26.040030270335794,40.741908597809676
8.995000000000001,14.520465249089977,34.80707955545965,26.04021869318169,40.7402571497304
9.0,14.517232846764665,34.80796718958554,26.04040369823578,40.73860081512044
9.005,14.514002704264364,34.80885416655051,26.040585294473892,40.736939614141946
9.01,14.510774819839018,34.809740488899706,26.04076349085851,40.73527356691272
9.015,14.507549191739445,34.81062615917372,26.040938296338798,40.73360269350622
9.02,14.504325818217342,34.811511179908635,26.04110971985058,40.73192701395161
9.025,14.50110469752527,34.812395553635994,26.041277770316363,40.7302465482337
9.03,14.497885827916667,34.81327928288279,26.041442456645314,40.728561316292975
9.035,14.494669207645842,34.8141623701715,26.04160378773328,40.7268713380256
9.040000000000001,14.491454834970275,34.81504481802007,26.04176177247379,40.72517663328341
9.045,14.488242708263765,34.81592662894189,26.04191642030612,40.72347722187389
9.05,14.485032825853251,34.81680780544584,26.042067740444118,40.721773123560226
9.055,14.48182518600221,34.81768835003625,26.04221574178191,40.72006435806125
9.06,14.478619786975328,34.81856826521293,26.042360433200646,40.71835094505149
9.065,14.4754166270385,34.81944755347115,26.042501823568507,40.71663290416112
9.07,14.47221570445883,34.82032621730164,26.04263992174071,40.714910254976
9.075000000000001,14.469017017504632,34.8212042591906,26.042774736559497,40.71318301703766
9.08,14.465820564445426,34.82208168161971,26.042906276854136,40.71145120984329
9.085,14.462626343551944,34.82295848706609,26.043034551440936,40.709714852845764
9.09,14.459434353096123,34.82383467800234,26.043159569123226,40.707973965453625
9.095,14.45624459135111,34.824710256896545,26.043281338691372,40.70622856703108
9.1,14.453057056591263,34.82558522621222,26.04339986892277,40.70447867689801
9.105,14.449871747092145,34.826459588408376,26.043515168581845,40.70272431432998
9.11,14.44668866113053,34.827333345939465,26.043627246420048,40.7009654985582
9.115,14.443507796984397,34.82820650125544,26.043736111175864,40.69920224876957
9.120000000000001,14.440329152932941,34.829079056801675,26.043841771574815,40.69743458410667
9.125,14.437152727256562,34.82995101501905,26.043944236329438,40.69566252366771
9.13,14.433978518236863,34.83082237834389,26.044043514139315,40.693886086506616
9.135,14.430806524156663,34.83169314920799,26.04413961369105,40.69210529163297
9.14,14.427636743299988,34.832563330038624,26.04423254365828,40.690320158012014
9.145,14.424469173952073,34.83343292325851,26.04432231270167,40.68853070456468
9.15,14.421303814399359,34.83430193128586,26.044408929468922,40.68673695016754
9.155,14.418140662929495,34.83517035653431,26.04449240259476,40.68493891365288
9.16,14.414979717831345,34.836038201413004,26.04457274070094,40.68313661380862
9.165000000000001,14.411820977394976,34.83690546832654,26.04464995239625,40.68133006937838
9.17,14.408664439911664,34.83777215967498,26.04472404627651,40.679519299061425
9.175,14.405510103673898,34.83863827785383,26.04479503092457,40.6777043215127
9.18,14.40235796697537,34.839503825254106,26.044862914910308,40.67588515534284
9.185,14.399208028110984,34.84036880426226,26.044927706790627,40.674061819118116
9.19,14.396060285376851,34.84123321726022,26.044989415109477,40.6722343313605
9.195,14.392914737070294,34.84209706662538,26.04504804839782,40.67040271054761
9.200000000000001,14.389771381489838,34.842960354730586,26.04510361517366,40.668566975112775
9.205,14.386630216935227,34.84382308394417,26.04515612394202,40.666727143444945
9.21,14.383491241707402,34.84468525662993,26.045205583194967,40.66488323388877
9.215,14.38035445410852,34.84554687514712,26.045252001411594,40.66303526474458
9.22,14.377219852441947,34.84640794185046,26.045295387058015,40.66118325426834
9.225,14.374087435012253,34.84726845909014,26.045335748587387,40.65932722067172
9.23,14.37095720012522,34.84812842921181,26.045373094439885,40.657467182122055
9.235,14.36782914608784,34.848987854556604,26.04540743304273,40.65560315674233
9.24,14.364703271208306,34.849846737461114,26.045438772810154,40.65373516261123
9.245000000000001,14.361579573796028,34.85070508025738,26.04546712214344,40.65186321776308
9.25,14.358458052161625,34.85156288527293,26.04549248943088,40.64998734018791
9.255,14.35533870461692,34.85242015483075,26.045514883047815,40.648107547831394
9.26,14.352221529474942,34.853276891249294,26.045534311356608,40.646223858594894
9.265,14.349106525049937,34.85413309684249,26.045550782706645,40.64433629033543
9.27,14.345993689657355,34.854988773919715,26.045564305434358,40.64244486086571
9.275,14.342883021613854,34.855843924785816,26.045574887863197,40.640549587954084
9.28,14.339774519237304,34.856698551741125,26.04558253830365,40.638650489324604
9.285,14.336668180846779,34.85755265708143,26.045587265053225,40.63674758265698
9.290000000000001,14.333564004762565,34.85840624309796,26.045589076396475,40.634840885586584
9.295,14.330461989306157,34.859259312077455,26.045587980604967,40.63293041570448
9.3,14.327362132800255,34.860111866302084,26.045583985937313,40.63101619055738
9.305,14.324264433568771,34.860963908049506,26.045577100639147,40.62909822764769
9.31,14.321168889936827,34.86181543959284,26.045567332943136,40.62717654443347
9.315,14.31807550023075,34.862666463200654,26.045554691068972,40.62525115832845
9.32,14.314984262778076,34.86351698113701,26.045539183223386,40.623322086702046
9.325000000000001,14.311895175907551,34.86436699566142,26.045520817600135,40.62138934687933
9.33,14.308808237949131,34.86521650902886,26.045499602380005,40.61945295614106
9.335,14.305723447233978,34.86606552348979,26.045475545730813,40.61751293172365
9.34,14.302640802094464,34.86691404129011,26.045448655807405,40.615569290819195
9.345,14.299560300864169,34.86776206467121,26.045418940751663,40.61362205057545
9.35,14.296481941877884,34.868609595869934,26.045386408692494,40.61167122809585
9.355,14.293405723471604,34.86945663711859,26.045351067745834,40.60971684043951
9.36,14.290331643982537,34.87030319064496,26.045312926014656,40.6077589046212
9.365,14.287259701749099,34.87114925867229,26.045271991588958,40.605797437611365
9.370000000000001,14.28418989511091,34.871994843419294,26.045228272545767,40.603832456336114
9.375,14.281122222408806,34.87283994710015,26.045181776949146,40.601863977677255
9.38,14.278056681984827,34.87368457192449,26.045132512850184,40.599892018472225
9.385,14.274993272182224,34.874528720097445,26.045080488287,40.59791659551418
9.39,14.271931991345452,34.875372393819575,26.045025711284744,40.5959377255519
9.395,14.268872837820181,34.87621559528693,26.0449681898556,40.59395542528986
9.4,14.265815809953287,34.877058326691014,26.044907931998775,40.591969711388224
9.405,14.26276090609285,34.87790059021881,26.04484494570052,40.58998060046279
9.41,14.259708124588169,34.87874238805276,26.04477923893409,40.58798810908504
9.415000000000001,14.256657463789741,34.879583722370754,26.0447108196598,40.58599225378213
9.42,14.253608922049281,34.88042459534619,26.044639695824984,40.583993051036906
9.425,14.250562497719704,34.881265009147896,26.044565875363993,40.581990517287856
9.43,14.247518189155139,34.88210496594018,26.04448936619823,40.57998466892914
9.435,14.244475994710921,34.882944467882815,26.044410176236113,40.577975522310616
9.44,14.241435912743599,34.88378351713105,26.0443283133731,40.57596309373779
9.445,14.238397941610922,34.884622115835576,26.044243785491666,40.573947399471834
9.450000000000001,14.235362079671853,34.885460266142566,26.044156600461335,40.57192845572962
9.455,14.232328325286566,34.88629797019367,26.044066766138645,40.56990627868366
9.46,14.229296676816439,34.887135230125985,26.043974290367174,40.567880884462156
9.465,14.226267132624061,34.88797204807208,26.043879180977523,40.56585228914897
9.47,14.223239691073228,34.88880842615999,26.04378144578733,40.56382050878364
9.475,14.220214350528945,34.88964436651323,26.04368109260126,40.56178555936138
9.48,14.217191109357428,34.890479871250754,26.04357812921101,40.55974745683307
9.485,14.214169965926098,34.891314942487014,26.043472563395305,40.55770621710526
9.49,14.21115091860359,34.892149582331896,26.043364402919895,40.555661856040174
9.495000000000001,14.208133965759739,34.89298379289078,26.043253655537576,40.5536143894557
9.5,14.205119105765599,34.893817576264496,26.043140328988162,40.55156383312541
9.505,14.202106336993424,34.89465093454934,26.043024430998496,40.54951020277852
9.51,14.199095657816684,34.895483869837086,26.04290596928246,40.54745351409996
9.515,14.196087066610051,34.89631638421497,26.04278495154096,40.545393782730294
9.52,14.19308056174941,34.89714847976568,26.042661385461933,40.543331024265775
9.525,14.19007614161185,34.89798015856739,26.042535278720347,40.54126525425833
9.53,14.187073804575677,34.89881142269373,26.042406638978203,40.539196488215524
9.535,14.184073549020397,34.899642274213804,26.04227547388453,40.53712474160064
9.540000000000001,14.18107537332673,34.90047271519217,26.042141791075384,40.53505002983261
9.545,14.178079275876602,34.90130274768886,26.042005598173855,40.53297236828603
9.55,14.17508525505315,34.90213237375937,26.041866902790062,40.53089177229118
9.555,14.172093309240715,34.90296159545467,26.04172571252116,40.528808257133996
9.56,14.169103436824853,34.90379041482119,26.041582034951322,40.526721838056105
9.565,14.166115636192325,34.90461883390081,26.04143587765176,40.524632530254785
9.57,14.1631299057311,34.905446854730904,26.041287248180723,40.522540348883005
9.575000000000001,14.160146243830358,34.906274479344304,26.04113615408347,40.520445309049386
9.58,14.157164648880485,34.9071017097693,26.04098260289231,40.518347425818234
9.585,14.15418511927308,34.90792854802966,26.04082660212657,40.516246714209515
9.59,14.151207653400945,34.908754996144594,26.04066815929262,40.514143189198876
9.595,14.148232249658095,34.909581056128815,26.04050728188384,40.51203686571763
9.6,14.145258906439754,34.910406729992474,26.040343977380665,40.509927758652765
9.605,14.142287622142348,34.91123201974119,26.040178253250538,40.50781588284693
9.61,14.139318395163519,34.91205692737607,26.040010116947947,40.50570125309845
9.615,14.136351223902118,34.912881454893665,26.039839575914403,40.50358388416133
9.620000000000001,14.133386106758195,34.913705604286,26.03966663757845,40.501463790745234
9.625,14.130423042133025,34.91452937754057,26.03949130935566,40.49934098751551
9.63,14.127462028429072,34.915352776640326,26.039313598648643,40.49721548909316
9.635,14.124503064050026,34.916175803563696,26.03913351284703,40.49508731005486
9.64,14.121546147400776,34.916998460284574,26.038951059327484,40.49295646493299
9.645,14.118591276887424,34.91782074877231,26.0387662454537,40.49082296821554
9.65,14.115638450917274,34.91864267099172,26.038579078576408,40.48868683434622
9.655,14.112687667898848,34.91946422890311,26.03838956603336,40.4865480777244
9.66,14.10973892624187,34.92028542446222,26.03819771514934,40.48440671270511
9.665000000000001,14.106792224357276,34.92110625962028,26.038003533236168,40.482262753599066
9.67,14.10384756065721,34.921926736323975,26.037807027592685,40.480116214672634
9.675,14.100904933555022,34.92274685650659,26.037608205504775,40.47796711127164
9.68,14.097964341465275,34.92356662209549,26.03740707424534,40.47581545949995
9.685,14.095025782803734,34.92438603503128,26.037203641074317,40.473661273692336
9.69,14.092089255987384,34.925205097251165,26.036997913238675,40.47150456812324
9.695,14.089154759434406,34.92602381068871,26.03678989797241,40.469345357031806
9.700000000000001,14.086222291564198,34.92684217727386,26.036579602496555,40.467183654621955
9.705,14.083291850797364,34.92766019893292,26.036367034019165,40.46501947506235
9.71,14.080363435555714,34.92847787758857,26.036152199735326,40.46285283248638
9.715,14.077437044262275,34.92929521515985,26.035935106827164,40.460683740992174
9.72,14.074512675341271,34.930112213562175,26.03571576246382,40.45851221464263
9.725,14.071590327218146,34.93092887470733,26.035494173801478,40.45633826746538
9.73,14.068669998319544,34.93174520050347,26.035270347983346,40.454161913452765
9.735,14.065751687073321,34.93256119285512,26.035044292139666,40.45198316656192
9.74,14.062835391908544,34.93337685366317,26.034816013387708,40.44980204071468
9.745000000000001,14.059921111255484,34.93419218482487,26.034585518831772,40.447618549797646
9.75,14.057008843545624,34.93500718823386,26.034352815563185,40.44543270766217
9.755,14.054098587211657,34.93582186578013,26.034117910660317,40.44324452812432
9.76,14.051190340687478,34.936636219350056,26.033880811188553,40.44105402496492
9.765,14.048284102408198,34.93745025082636,26.033641524200313,40.43886121192954
9.77,14.045379870810132,34.93826396208816,26.033400056735054,40.436666102728495
9.775,14.042477644330807,34.93907735501092,26.033156415819256,40.43446871103683
9.78,14.039577421408955,34.939890431466495,26.032910608466434,40.43226905049434
9.785,14.036679200484521,34.94070319332308,26.032662641677128,40.43006713470557
9.790000000000001,14.033782979998655,34.94151564244527,26.03241252243891,40.42786297723979
9.795,14.030888758393717,34.942327780694,26.03216025772639,40.42565659163103
9.8,14.027996534113276,34.943139609926604,26.031905854501193,40.42344799137806
9.805,14.02510630560211,34.94395113199676,26.03164931971199,40.42123718994439
9.81,14.022218071306202,34.94476234875453,26.03139066029447,40.41902420075826
9.815,14.019331829672751,34.94557326204633,26.03112988317136,40.41680903721267
9.82,14.016447579150157,34.946383873714964,26.030866995252413,40.41459171266536
9.825000000000001,14.013565318188032,34.94719418559959,26.030602003434417,40.41237224043881
9.83,14.0106850452372,34.948004199535745,26.030334914601188,40.41015063382024
9.835,14.007806758749686,34.948813917355324,26.03006573562357,40.40792690606161
9.84,14.004930457178732,34.9496233408866,26.029794473359438,40.40570107037964
9.845,14.00205613897878,34.95043247195422,26.0295211346537,40.40347313995578
9.85,13.99918380260549,34.95124131237918,26.02924572633829,40.40124312793621
9.855,13.996313446515723,34.952049863978864,26.028968255232176,40.39901104743188
9.86,13.993445069167553,34.952858128567016,26.028688728141354,40.39677691151846
9.865,13.990578669020259,34.95366610795375,26.028407151858858,40.39454073323638
9.870000000000001,13.987714244534333,34.954473803945554,26.028123533164734,40.3923025255908
9.875,13.984851794171473,34.95528121834528,26.02783787882608,40.39006230155163
9.88,13.981991316394586,34.95608835295214,26.027550195597012,40.387820074053515
9.885,13.979132809667789,34.95689520956175,26.027260490218676,40.38557585599585
9.89,13.976276272456406,34.957701789966045,26.026968769419252,40.38332966024278
9.895,13.97342170322697,34.95850809595336,26.026675039913947,40.38108149962317
9.9,13.970569100447221,34.959314129308396,26.026379308405,40.37883138693065
9.905,13.967718462586115,34.96011989181223,26.02608158158169,40.376579334923576
9.91,13.964869788113806,34.96092538524228,26.025781866120305,40.374325356325066
9.915000000000001,13.962023075501662,34.96173061137235,26.02548016868418,40.37206946382296
9.92,13.959178323222263,34.96253557197263,26.025176495923677,40.36981167006985
9.925,13.956335529749392,34.96334026880966,26.024870854476184,40.36755198768307
9.93,13.953494693558042,34.96414470364634,26.024563250966125,40.36529042924471
9.935,13.950655813124419,34.96494887824196,26.024253692004947,40.36302700730158
9.94,13.94781888692593,34.96575279435217,26.023942184191135,40.36076173436524
9.945,13.944983913441197,34.96655645372898,26.0236287341102,40.358494622912005
9.950000000000001,13.942150891150048,34.96735985812079,26.023313348334685,40.35622568538292
9.955,13.939319818533521,34.968163009272345,26.02299603342416,40.353954934183776
9.96,13.93649069407386,34.96896590892478,26.02267679592523,40.3516823816851
9.965,13.933663516257853,34.96976855881558,26.02235564275499,40.34940804022219
9.97,13.930838283580234,34.97057096067862,26.02203258156764,40.34713192209504
9.975,13.92801499452847,34.97137311624412,26.021707618999926,40.344854039568425
9.98,13.925193647590662,34.97217502723869,26.02138076160839,40.342574404871854
9.985,13.92237424125615,34.972976695385306,26.021052015937755,40.34029303019956
9.99,13.919556774015499,34.973778122403296,26.02072138852091,40.33800992771055
9.995000000000001,13.916741244360502,34.974579310008366,26.020388885878926,40.33572510952855
10.0,13.913927650784185,34.975380259912605,26.020054514521043,40.333438587742044
