time,V,R,C,M
0.0,68.0,52.0,15.0,11.0
0.005,68.03530119405501,52.048156976902284,15.030759024950262,11.013312382729676
0.01,68.07031464543755,52.09621974183641,15.061578757319728,11.026643883918643
0.015,68.10504016154674,52.14418804705099,15.092459182698933,11.039994511251257
0.02,68.13947755454555,52.19206164600491,15.123400285761772,11.053364272309974
0.025,68.17362664136081,52.23984029336731,15.154402050265496,11.066753174575366
0.03,68.20748724368316,52.28752374501759,15.185464459050715,11.080161225426101
0.035,68.24105918616576,52.33511175834535,15.216587493416446,11.09358843206737
0.04,68.27434228637551,52.38260409391363,15.247771129644928,11.107034801131313
0.045,68.30733638008692,52.43000051124825,15.279015347776658,11.120500339681602
0.05,68.34004131104588,52.47730077056666,15.31032012803245,11.13398505480645
0.055,68.37245692749883,52.52450463335784,15.341685449607008,11.147488953480675
0.06,68.40458308219289,52.57161186238241,15.373111290668943,11.1610120425657
0.065,68.4364196323757,52.61862222167252,15.404597628360756,11.174554328809549
0.07,68.46796643979556,52.66553547653192,15.43614443879885,11.188115818846853
0.075,68.49922337070134,52.71235139353593,15.467751697073524,11.201696519198846
0.08,68.53019029584254,52.75906974053147,15.499419377248971,11.215296436273364
0.085,68.56086709046923,52.805690286637,15.531147452363287,11.22891557636485
0.09,68.59125363433212,52.8522128022426,15.56293589442846,11.24255394565435
0.095,68.62134981168246,52.8986370590099,15.594784674430379,11.256211550209512
0.1,68.65115551127218,52.94496282987211,15.626693762328827,11.269888395984589
0.105,68.68067062635373,52.99118988903404,15.658663127057489,11.283584488820441
0.11,68.70989505468025,53.037318011972054,15.690692736523943,11.297299834444528
0.115,68.73882869850539,53.08334697543411,15.722782557609664,11.311034438470916
0.12,68.76747146458345,53.129276557439745,15.754932556170026,11.324788306400274
0.125,68.79582326416936,53.17510653728006,15.787142697034303,11.338561443619875
0.13,68.82388401301858,53.22083669551775,15.819412944005661,11.3523538554036
0.135,68.85165363138724,53.26646681398707,15.851743259861166,11.366165546911924
0.14,68.87913204403202,53.31199667579389,15.884133606351783,11.379996523191936
0.145,68.90631918021023,53.35742606531562,15.91658394420237,11.393846789177326
0.15,68.93321497367978,53.40275476820126,15.949094233111687,11.407716349688386
0.155,68.95981936269916,53.4479825713714,15.981664431752385,11.421605209432013
0.16,68.9861322900275,53.4931092630182,16.01429449777102,11.43551337300171
0.165,69.01215370292448,53.538134632605384,16.046984387788036,11.44944084487758
0.17,69.03788355315042,53.58305847086829,16.079734057397786,11.463387629426334
0.17500000000000002,69.06332179696625,53.627880569813804,16.112543461168514,11.477353730901283
0.18,69.08846839513346,53.672600722720404,16.145412552642355,11.491339153442347
0.185,69.11332331291418,53.71721872413814,16.17834128433535,11.505343901076046
0.19,69.1378865200711,53.76173436988865,16.211329607737436,11.519367977715504
0.195,69.16215799086758,53.80614745706513,16.244377473312447,11.53341138716045
0.2,69.1861377040675,53.850457784032386,16.277484830498114,11.54747413309722
0.20500000000000002,69.2098256429354,53.894665150426775,16.310651627706058,11.56155621909875
0.21,69.23322179523639,53.93876935715625,16.34387781232181,11.575657648624576
0.215,69.25632615323619,53.98277020640033,16.377163330704793,11.58977842502085
0.22,69.27913871370114,54.02666750161012,16.410508128188322,11.603918551520318
0.225,69.30165947789817,54.0704610475083,16.443912149079615,11.61807803124233
0.23,69.32388845159478,54.11415065008914,16.47737533665979,11.632256867192849
0.23500000000000001,69.34582564505912,54.15773611661846,16.510897633183852,11.646455062264431
0.24,69.36747107305992,54.20121725563369,16.54447897988071,11.660672619236243
0.245,69.38882475486649,54.24459387694384,16.578119316953174,11.674909540774054
0.25,69.40988671424878,54.28786579162946,16.611818583577946,11.689165829430236
0.255,69.43065697947735,54.33103281204271,16.645576717905627,11.703441487643765
0.26,69.45113558332329,54.37409475180733,16.679393657060707,11.717736517740224
0.265,69.47132256305837,54.41705142581861,16.713269337141593,11.732050921931796
0.27,69.4912179604549,54.45990265024347,16.74720369322057,11.74638470231727
0.275,69.51082182178585,54.50264824252036,16.781196659343824,11.760737860882038
0.28,69.53013419782475,54.54528802135932,16.81524816853145,11.7751103994981
0.28500000000000003,69.54915514384574,54.587821806741985,16.849358152777427,11.789502319924052
0.29,69.56788471962356,54.630249419921554,16.883526543049637,11.803913623805103
0.295,69.58632298943358,54.67257068342281,16.91775326928986,11.818344312673059
0.3,69.60447002205173,54.714785421042116,16.952038260413772,11.83279438794633
0.305,69.62232589075455,54.75689345784741,16.986381444310943,11.84726385092994
0.31,69.63989067331921,54.7988946201782,17.020782747844844,11.861752702815503
0.315,69.65716445202347,54.840788735645596,17.055242096852844,11.876260944681245
0.32,69.67414731364565,54.88257563313227,17.089759416146208,11.890788577491996
0.325,69.69083934946472,54.92425514279246,17.1243346295101,11.905335602099187
0.33,69.70724065526025,54.96582709605202,17.158967659703574,11.919902019240856
0.335,69.72335133131237,55.00729132560834,17.19365842845959,11.934487829541643
0.34,69.73917148240187,55.04864766543042,17.228406856485,11.94909303351279
0.34500000000000003,69.75470121781011,55.08989595075883,17.263212863460563,11.963717631552148
0.35000000000000003,69.76994065131903,55.13103601810571,17.29807636804092,11.978361623944169
0.355,69.7848899012112,55.17206770525479,17.332997287854617,11.993025010859908
0.36,69.7995490902698,55.21299085126137,17.367975539504098,12.007707792357026
0.365,69.81391826449989,55.25380528833408,17.40301103834346,12.022409966966118
0.37,69.82799731670363,55.294510834638665,17.4381036976798,12.037131530326024
0.375,69.84178638704222,55.33510733438044,17.47325342976065,12.051872482145285
0.38,69.85528563682253,55.375594634776725,17.508460145734308,12.066632822303118
0.385,69.86849523061757,55.415972584256004,17.54372375562106,12.081412550539646
0.39,69.88141533626649,55.456241032457925,17.57904416831315,12.096211666455911
0.395,69.89404612487454,55.49639983023333,17.6144212915748,12.111030169513862
0.4,69.90638777081307,55.5364488296442,17.6498550320422,12.125868059036364
0.405,69.91844045171958,55.576387883963704,17.68534529522351,12.140725334207193
0.41000000000000003,69.93020434849767,55.616216847676185,17.72089198549886,12.15560199407104
0.41500000000000004,69.94167964531708,55.65593557647715,17.756495006120357,12.170498037533507
0.42,69.95286652961366,55.69554392727326,17.792154259212065,12.185413463361108
0.425,69.96376519208935,55.73504175818239,17.827869645770036,12.200348270181273
0.43,69.97437582671226,55.77442892853354,17.86364106566228,12.215302456482343
0.435,69.98469863071658,55.8137052988669,17.899468417628782,12.23027602061357
0.44,69.99473380460263,55.85287073093382,17.935351599281496,12.245268960785118
0.445,70.00448155213685,55.891925087696855,17.971290507104346,12.260281275068072
0.45,70.01394208035182,55.93086823332968,18.007285036453233,12.275312961394418
0.455,70.0231155995462,55.96970003321718,18.043335081556023,12.290364017557064
0.46,70.03200232328479,56.00842035395539,18.07944053551255,12.305434441209824
0.465,70.0406024683985,56.04702906335151,18.115601290294627,12.32052422986743
0.47000000000000003,70.04891625498439,56.085526030423935,18.15181723674603,12.335633380905525
0.47500000000000003,70.05694390640559,56.12391112540221,18.188088264582507,12.350761891560664
0.48,70.0646856492914,56.16218421972705,18.224414262391782,12.365909758930314
0.485,70.0721417135372,56.20034518605037,18.260795117633542,12.381076979972859
0.49,70.0793123323045,56.2383938982352,18.29723071663945,12.396263551507587
0.495,70.08619774202094,56.2763302313558,18.33372094461314,12.41146947021471
0.5,70.09279818238026,56.31415406169756,18.370265685630212,12.426694732635346
0.505,70.09911389634235,56.351865266757045,18.40686482263824,12.441939335171524
0.51,70.10514513013317,56.38946372524202,18.443518237456768,12.457203274086192
0.515,70.11089213324485,56.426949317071376,18.48022581077731,12.472486545503203
0.52,70.1163551584356,56.464321923375216,18.51698742216335,12.487789145407334
0.525,70.12153446172978,56.50158142649478,18.553802950050347,12.50311106964426
0.53,70.12643030241786,56.5387277099825,18.590672271745724,12.518452313920584
0.535,70.13104294305641,56.57576065860197,18.627595263428883,12.533812873803809
0.54,70.13537264946815,56.61268015832796,18.664571800151183,12.549192744722358
0.545,70.13941969074189,56.6494860963464,18.70160175583597,12.564591921965565
0.55,70.14318433923258,56.686178361054395,18.73868500327855,12.580010400683676
0.555,70.14666687056126,56.72275684206022,18.775821414146204,12.595448175887851
0.56,70.14986756361513,56.75922143018333,18.81301085897818,12.610905242450162
0.5650000000000001,70.1527867005475,56.79557201745434,18.8502532071857,12.626381595103593
0.5700000000000001,70.15542456677775,56.831808497115034,18.887548327051952,12.641877228442043
0.5750000000000001,70.15778145099145,56.867930763618375,18.924896085732104,12.657392136920322
0.58,70.15985764514024,56.90393871262848,18.962296349253286,12.672926314854152
0.585,70.1616534444419,56.93983224102066,18.9997489825146,12.68847975642017
0.59,70.16316914738032,56.97561124688138,19.037253849287122,12.704052455655923
0.595,70.16440505570553,57.01127562950827,19.074810812213894,12.719644406459874
0.6,70.16536147443364,57.04682528941015,19.11241973280993,12.735255602591396
0.605,70.16603871184691,57.082260128307,19.15008047146222,12.750886037670776
0.61,70.16643707949372,57.11758004912997,19.18779288742972,12.766535705179214
0.615,70.16655689218854,57.15278495602137,19.225556838843353,12.782204598458822
0.62,70.16639846801199,57.18787475433471,19.26337218270602,12.797892710712626
0.625,70.1659621283108,57.22284935063463,19.301238774892592,12.813600035004562
0.63,70.16524819769782,57.25770865269698,19.339156470149902,12.82932656425948
0.635,70.164257004052,57.29245256950875,19.37712512209676,12.845072291263147
0.64,70.16298887851843,57.327081011268106,19.41514458322395,12.860837208662234
0.645,70.16144415550833,57.361593889384416,19.45321470489422,12.876621308964335
0.65,70.15962317269901,57.395991116478164,19.491335337342292,12.892424584537947
0.655,70.15752627103392,57.43027260638105,19.529506329674856,12.908247027612486
0.66,70.1551537947226,57.46443827413593,19.56772752987058,12.92408863027828
0.665,70.15250609124075,57.49848803599682,19.605998784780095,12.939949384486567
0.67,70.14958351133016,57.53242180942892,19.644319940126,12.955829282049502
0.675,70.14638640899877,57.566239513108584,19.682690840502875,12.971728314640147
0.68,70.14291514152058,57.59994106692335,19.721111329377266,12.987646473792482
0.685,70.13917006943578,57.633526391971934,19.759581249087685,13.003583750901399
0.6900000000000001,70.13515155655062,57.666995410564205,19.798100440844618,13.019540137222698
0.6950000000000001,70.13085996993752,57.7003480462212,19.836668744730527,13.035515623873097
0.7000000000000001,70.12629567993497,57.73358422367515,19.875285999699834,13.051510201830226
0.705,70.12145906014761,57.76670386886944,19.913952043578938,13.067523861932623
0.71,70.1163504874462,57.79970690895862,19.952666713066215,13.083556594879747
0.715,70.1109703419676,57.832593272308415,19.991429843731996,13.099608391231964
0.72,70.10531900711482,57.86536288849573,20.030241270018596,13.115679241410552
0.725,70.09939686955694,57.898015688308625,20.06910082524029,13.131769135697706
0.73,70.0932043192292,57.93055160374635,20.10800834158334,13.14787806423653
0.735,70.08674174933296,57.96297056801931,20.146963650105956,13.164006017031042
0.74,70.08000955633568,57.995272515549075,20.185966580738338,13.180152983946172
0.745,70.07300813997094,58.027457381968404,20.22501696228265,13.196318954707767
0.75,70.06573790323843,58.05952510412121,20.26411462241302,13.212503918902582
0.755,70.05819925240401,58.09147562006259,20.30325938767556,13.228707865978285
0.76,70.05039259699959,58.123308869058796,20.34245108348834,13.24493078524346
0.765,70.04231834982325,58.155024791587266,20.381689534141405,13.261172665867598
0.77,70.03397692693915,58.1866233293366,20.420974562796772,13.277433496881109
0.775,70.02536874767762,58.21810442520656,20.460305991488433,13.293713267175313
0.78,70.01649423463505,58.2494680233081,20.499683641122342,13.310011965502444
0.785,70.007353813674,58.28071406896333,20.539107331476426,13.326329580475646
0.79,69.99794791392311,58.311842508705524,20.578576881200586,13.342666100568977
0.795,69.98827696777717,58.342853290279145,20.61809210781669,13.359021514117408
0.8,69.97834141089707,58.37374636263981,20.65765282771858,13.375395809316826
0.805,69.96814168220982,58.404521675954314,20.697258856172066,13.391788974224024
0.81,69.95767822390854,58.43517918160062,20.73691000731493,13.408200996756714
0.8150000000000001,69.94695148145252,58.46571883216786,20.77660609415692,13.424631864693515
0.8200000000000001,69.9359619035671,58.49614058145634,20.816346928579765,13.441081565673965
0.8250000000000001,69.92470994224378,58.526444384477536,20.856132321337157,13.45755008719851
0.8300000000000001,69.91319605274018,58.5566301974541,20.895962082054755,13.474037416628509
0.835,69.90142069358001,58.58669797781983,20.935836019230198,13.490543541186238
0.84,69.88938432655311,58.61664768421973,20.97575394023309,13.50706844795488
0.845,69.87708741671548,58.64647927650994,21.015715651305005,13.523612123878538
0.85,69.86453043238919,58.6761927157578,21.055720957559494,13.540174555762219
0.855,69.85171384516244,58.7057879642418,21.09576966298207,13.556755730271847
0.86,69.83863812988955,58.73526498545161,21.135861570430222,13.573355633934263
0.865,69.82530376469097,58.76462374408807,21.175996481633412,13.589974253137214
0.87,69.81171123095326,58.79386420606317,21.216174197193062,13.60661157412936
0.875,69.79786101332911,58.82298633850011,21.256394516582574,13.62326758302028
0.88,69.78375359973731,58.85199010973323,21.29665723814732,13.639942265780459
0.885,69.76938948136278,58.880875489308046,21.33696215910464,13.656635608241299
0.89,69.75476915265656,58.90964244798125,21.377309075543845,13.673347596095113
0.895,69.73989311133582,58.9382909577207,21.41769778242622,13.690078214895125
0.9,69.72476185838381,58.96682099170543,21.458128073585012,13.706827450055478
0.905,69.70937589804996,58.99523252432564,21.49859974172545,13.723595286851221
0.91,69.69373573784974,59.02352553118269,21.53911257842472,13.740381710418317
0.915,69.67784188856481,59.05169998908914,21.579666374132,13.757186705753647
0.92,69.66169486424293,59.07975587606868,21.620260918168412,13.774010257714997
0.925,69.64529518219797,59.1076931713562,21.66089599872707,13.790852351021071
0.93,69.6286433630099,59.13551185539776,21.701571402873043,13.807712970251483
0.935,69.61173993052485,59.16321190985057,21.742286916543385,13.824592099846763
0.9400000000000001,69.59458541185505,59.19079331758303,21.78304232454711,13.841489724108351
0.9450000000000001,69.57718033737882,59.2182560626747,21.82383741056521,13.8584058271986
0.9500000000000001,69.55952524074067,59.245600130416314,21.86467195715064,13.875340393140776
0.9550000000000001,69.54162065885114,59.27282550730977,21.905545745728332,13.892293405819059
0.96,69.52346713188697,59.29993218106815,21.946458556595186,13.909264848978541
0.965,69.50506520329098,59.3269201406157,21.98741016892007,13.926254706225224
0.97,69.4864154197721,59.353789376087825,22.02840036074383,13.94326296102603
0.975,69.46751833130541,59.380539878831115,22.069428908979276,13.960289596708783
0.98,69.44837449113207,59.40717164140332,22.110495589411187,13.97733459646223
0.985,69.42898445575939,59.43368465757338,22.151600176696324,13.994397943336024
0.99,69.4093487849608,59.46007892232138,22.192742444363404,14.011479620240735
0.995,69.38946804177583,59.48635443183858,22.233922164813123,14.028579609947842
1.0,69.36934279251012,59.51251118352743,22.275139109318154,14.045697895089742
1.0050000000000001,69.34897360673548,59.53854917600153,22.316393048023123,14.062834458159738
1.01,69.3283610572898,59.564468409085656,22.357683749944638,14.079989281512052
1.0150000000000001,69.30750572027708,59.59026888381576,22.39901098297128,14.097162347361813
1.02,69.28640817506745,59.61595060243896,22.440374513863592,14.114353637785067
1.025,69.26506900429717,59.64151356841353,22.481774108254097,14.131563134718771
1.03,69.24348879386864,59.66695778640895,22.523209530647282,14.148790819960798
1.035,69.2216681329503,59.69228326230584,22.56468054441961,14.166036675169927
1.04,69.1996076139768,59.717490003196,22.606186911819503,14.183300681865857
1.045,69.17730783264885,59.74257801738239,22.647728393967366,14.200582821429194
1.05,69.15476938793331,59.767547314379165,22.689304750855577,14.217883075101458
1.055,69.13199288206314,59.792397904911624,22.73091574134847,14.235201423985087
1.06,69.10897892053742,59.81712980091626,22.772561123182356,14.252537849043424
1.065,69.08572802815696,59.841743000941236,22.814240672707324,14.269892330598756
1.07,69.0622403792894,59.86623744362083,22.855954245987373,14.287264846617958
1.075,69.0385165239465,59.89061313407845,22.89770160705934,14.304655377008395
1.08,69.01455707614832,59.91487008921877,22.939482504377715,14.322063901893987
1.085,68.99036265119048,59.93900832678533,22.981296685776506,14.339490401249467
1.09,68.96593386564409,59.963027865360466,23.023143898469236,14.356934854900386
1.095,68.94127133735579,59.9869287243654,23.065023889048916,14.374397242523107
1.1,68.91637568544768,60.010710924060156,23.106936403488092,14.391877543644812
1.105,68.89124753031739,60.03437448554364,23.148881187138795,14.409375737643488
1.11,68.8658874936381,60.05791943075356,23.190857984732588,14.426891803747948
1.115,68.84029619835843,60.081345782466485,23.232866540380524,14.444425721037812
1.12,68.81447426870254,60.104653564297834,23.274906597573178,14.461977468443514
1.125,68.78842233017012,60.12784280070184,23.316977899180625,14.47954702474631
1.1300000000000001,68.76214100953632,60.150913516971606,23.359080187452456,14.497134368578262
1.135,68.73563093485184,60.173865739239055,23.40121320401777,14.514739478422252
1.1400000000000001,68.70889273544287,60.19669949447496,23.44337668988517,14.532362332611974
1.145,68.6819270419111,60.21941481048894,23.485570385442774,14.550002909331937
1.1500000000000001,68.65473448613373,60.24201171592945,23.52779403045821,14.567661186617464
1.155,68.6273157012635,60.264490240283784,23.57004736407861,14.585337142354694
1.16,68.59967132172861,60.28685041387807,23.612330124830617,14.603030754280582
1.165,68.5718019832328,60.30909226787729,23.654642050620385,14.62074199998289
1.17,68.54370832275531,60.331215834285274,23.69698287873357,14.638470856900204
1.175,68.51539097855087,60.35322114594467,23.739352345835357,14.656217302321918
1.18,68.48685059014976,60.37510823653699,23.78175018797041,14.673981313388245
1.185,68.45808779835772,60.39687714058256,23.82417614056293,14.691762867090208
1.19,68.42910324525603,60.418527893440576,23.86662993841661,14.709561940269646
1.195,68.39989757420147,60.440060531309065,23.90911131571466,14.727378509619218
1.2,68.37047142982632,60.46147509122489,23.951620006019798,14.745212551682387
1.205,68.3408254580384,60.482771611063754,23.99415574227425,14.763064042853442
1.21,68.31096030602096,60.50395012954021,24.036718256799745,14.780932959377477
1.215,68.28087662223285,60.525010686207644,24.079307281297538,14.798819277350406
1.22,68.25057505640838,60.54595332145829,24.12192254684837,14.816722972718953
1.225,68.22005625955737,60.566778076523214,24.16456378391252,14.834644021280663
1.23,68.18932088396514,60.58748499347234,24.207230722329744,14.852582398683891
1.235,68.15836958319257,60.608074115214414,24.24992309131933,14.870538080427806
1.24,68.12720301207597,60.62854548549703,24.292640619480075,14.888511041862396
1.245,68.09582182672722,60.64889914890662,24.33538303479027,14.906501258188458
1.25,68.06422668453368,60.66913515086848,24.37815006460772,14.924508704457605
1.2550000000000001,68.03241824415821,60.689253537646714,24.420941435669754,14.94253335557227
1.26,68.00039716553921,60.70925435634428,24.463756874093193,14.96057518628569
1.2650000000000001,67.96816410989057,60.729137654902985,24.506596105374378,14.978634171201925
1.27,67.93571973970168,60.74890348210347,24.549458854389144,14.99671028477585
1.2750000000000001,67.90306471873743,60.76855188756522,24.592344845392855,15.014803501313148
1.28,67.87019971203826,60.78808292174656,24.635253802020372,15.032913794970321
1.285,67.83712538592006,60.80749663594465,24.67818544728607,15.051041139754686
1.29,67.80384240797429,60.826793082295495,24.721139503583828,15.069185509524372
1.295,67.77035144706787,60.845972313773956,24.76411569268704,15.087346877988322
1.3,67.73665317334324,60.865034384193706,24.8071137357486,15.1055252187063
1.305,67.70274825821836,60.88397934820728,24.850133353300926,15.123720505088873
1.31,67.66863737438669,60.90280726130606,24.893174265255936,15.141932710397434
1.315,67.6343211958172,60.92151817982025,24.936236190905053,15.160161807744183
1.32,67.59980039775436,60.9401121609189,24.979318848919217,15.17840777009214
1.325,67.56507565671816,60.958589262609905,25.022421957348875,15.196670570255135
1.33,67.53014765050409,60.976949543740005,25.065545233623983,15.214950180897814
1.335,67.49501705818315,60.99519306399478,25.108688394554,15.233246574535638
1.34,67.45968456010183,61.013319883898646,25.151851156327908,15.251559723534884
1.345,67.4241508378822,61.03133006481485,25.195033234514185,15.26988960011264
1.35,67.38841657442171,61.049223668945515,25.238234344060825,15.28823617633681
1.355,67.35248245389344,61.06700075933157,25.28145419929533,15.306599424126112
1.36,67.31634916174592,61.08466139985279,25.32469251392471,15.324979315250083
1.365,67.2800173847032,61.10220565522781,25.367949001035484,15.343375821329069
1.37,67.24348781076482,61.11963359101409,25.411223373093684,15.36178891383423
1.375,67.20676112920586,61.13694527360795,25.45451534194484,15.380218564087546
1.3800000000000001,67.16983803057688,61.15414077024452,25.497824618814008,15.398664743261808
1.385,67.13271920670397,61.17122014899779,25.541150914305742,15.417127422380618
1.3900000000000001,67.09540535068871,61.188183478780594,25.58449393840411,15.435606572318402
1.395,67.05789715690818,61.2050308293446,25.627853400472677,15.454102163800393
1.4000000000000001,67.02019532101502,61.22176227128033,25.67122900925454,15.47261416740264
1.405,66.98230053993731,61.238377876017125,25.714620472872284,15.491142553552006
1.41,66.94421351187869,61.254877715823184,25.758027498828014,15.509687292526172
1.415,66.90593493631826,61.27126186380555,25.80144979400334,15.528248354453629
1.42,66.86746551401068,61.28753039391008,25.844887064659385,15.546825709313683
1.425,66.82880594698607,61.303683380921505,25.888339016436777,15.56541932693646
1.43,66.78995693855009,61.31972090046339,25.931805354355657,15.584029177002895
1.435,66.75091919328392,61.33564302899812,25.97528578281567,15.60265522904474
1.44,66.71169341704419,61.35144984382694,26.01878000559598,15.621297452444557
1.445,66.6722803169631,61.36714142308994,26.062287725855246,15.63995581643573
1.45,66.63268060144833,61.38271784576604,26.105808646131646,15.658630290102451
1.455,66.59289498018305,61.398179191673,26.149342468342866,15.67732084237973
1.46,66.55292416412597,61.41352554146743,26.1928888937861,15.696027442053392
1.465,66.5127688655113,61.42875697664478,26.236447623138055,15.714750057760073
1.47,66.47242979784876,61.44387357953932,26.28001835645494,15.733488657987227
1.475,66.43190767592355,61.4588754333242,26.32360079317247,15.752243211073122
1.48,66.39120321579644,61.47376262201139,26.367194632105885,15.771013685206837
1.485,66.35031713480362,61.48853523045169,26.410799571449925,15.789800048428273
1.49,66.30925015155685,61.503193344334754,26.454415308778835,15.808602268628135
1.495,66.2680029859434,61.517737050189076,26.498041541046376,15.827420313547952
1.5,66.22657635912601,61.532166435382,26.541677964585812,15.846254150780062
1.5050000000000001,66.18497099354296,61.54648158811969,26.585324275109926,15.86510374776762
1.51,66.14318761290804,61.560682597447176,26.628980167710996,15.883969071804596
1.5150000000000001,66.10122694221052,61.5747695532483,26.672645336860825,15.902850090035772
1.52,66.05908970771519,61.588742546245776,26.71631947641071,15.921746769456744
1.5250000000000001,66.01677663696235,61.602601668001135,26.76000227959147,15.94065907691393
1.53,65.97428845876783,61.616347010914765,26.803693439013422,15.95958697910455
1.5350000000000001,65.93162590322292,61.62997866822589,26.847392646666407,15.97853044257665
1.54,65.88878970169446,61.643496734012565,26.891099593919755,15.997489433729084
1.545,65.84578058682477,61.6569013031917,26.93481397152232,16.016463918811525
1.55,65.80259929253171,61.670192471519044,26.978535469602466,16.035453863924452
1.555,65.75924655400863,61.68337033558918,27.02226377766806,16.054459235019173
1.56,65.71572310772436,61.69643499283554,27.065998584606472,16.073479997897795
1.565,65.67202969142328,61.7093865415304,27.109739578684596,16.09251611821325
1.57,65.62816704412526,61.72222508078485,27.15348644754883,16.11156756146928
1.575,65.58413590612568,61.734950710548866,27.197238878225072,16.13063429302044
1.58,65.53993701899543,61.74756353161123,27.24099655711874,16.149716278072106
1.585,65.49557112558092,61.76006364559957,27.284759170014762,16.168813481680463
1.59,65.45103897000402,61.77245115498038,27.328526402077564,16.18792586875251
1.595,65.40634129766218,61.784726163058956,27.372297937851087,16.207053404046068
1.6,65.3614788552283,61.79688877397947,27.41607346125879,16.226196052169765
1.605,65.3164523906508,61.80893909272491,27.459852655603626,16.24535377758304
1.61,65.27126265315363,61.82087722511713,27.50363520356807,16.264526544596162
1.615,65.22591039323622,61.8327032778168,27.547420787214094,16.283714317370194
1.62,65.18039636267353,61.84441735832344,27.591209087983188,16.302917059917032
1.625,65.13472131451603,61.85601957497543,27.634999786696355,16.322134736099375
1.6300000000000001,65.08888600308967,61.86751003694996,27.678792563554094,16.34136730963074
1.635,65.04289118399593,61.878888854263074,27.722587098136422,16.360614744075463
1.6400000000000001,64.99673761411181,61.89015613776967,27.766383069402863,16.379877002848687
1.645,64.95042605158977,61.90131199916347,27.81018015569245,16.39915404921637
1.6500000000000001,64.90395725585783,61.912356550977044,27.853978034723735,16.418445846295295
1.655,64.8573319876195,61.9232899065818,27.897776383594756,16.437752357053043
1.6600000000000001,64.81055100885378,61.934112180187995,27.941574878783083,16.457073544308024
1.665,64.7636150828152,61.94482348684472,27.985373196145783,16.476409370729453
1.67,64.7165249740338,61.9554239424399,28.029171010919438,16.49575979883737
1.675,64.6692814483151,61.96591366370033,28.072967997720134,16.515124791002613
1.68,64.62188527274016,61.976292768191605,28.11676383054347,16.534504309446852
1.685,64.57433721566552,61.98656137431819,28.160558182764557,16.553898316242563
1.69,64.52663804672328,61.996719601323385,28.204350727138,16.573306773313032
1.695,64.47878840116205,62.00676753976568,28.24814120569491,16.59272964423991
1.7,64.43078872793811,62.016705239739146,28.29192945658738,16.61216689485467
1.705,64.38263978576273,62.026532818864446,28.335715158505156,16.63161848663674
1.71,64.33434234670959,62.0362503982204,28.379497983304333,16.65108438075318
1.715,64.28589718228159,62.04585809932082,28.423277603184406,16.670564538246257
1.72,64.23730506341091,62.055356044114546,28.46705369068828,16.690058920033444
1.725,64.18856676045901,62.064744354985436,28.510825918702274,16.709567486907417
1.73,64.13968304321658,62.07402315475238,28.5545939604561,16.729090199536053
1.735,64.09065468090357,62.08319256666929,28.598357489522893,16.748627018462436
1.74,64.04148244216921,62.09225271442507,28.642116179819183,16.76817790410485
1.745,63.99216709509201,62.10120372214367,28.685869705604926,16.787742816756776
1.75,63.942709407179684,62.11004571438407,28.729617741483462,16.807321716586912
1.7550000000000001,63.893110145369256,62.11877881614024,28.773359962401564,16.826914563639146
1.76,63.843370076027,62.1274031528412,28.817096043649393,16.846521317832575
1.7650000000000001,63.79348996494844,62.13591885035096,28.860825660860527,16.866141938961498
1.77,63.74347057735837,62.144326034968586,28.904548490011948,16.88577638669542
1.7750000000000001,63.69331267791085,62.152624833428135,28.948264207424057,16.905424620579044
1.78,63.6430170306892,62.1608153728987,28.99197248976065,16.925086600032277
1.7850000000000001,63.59258439920599,62.1688977809844,29.03567301402893,16.944762284350233
1.79,63.54201554640306,62.176872185724356,29.07936545757952,16.964451632703227
1.795,63.49131123465151,62.18473871559272,29.123049498106447,16.984154604136773
1.8,63.440472225751705,62.19249749949868,29.166724813647136,17.00387115757159
1.805,63.389499280933265,62.200148666786404,29.210391082582433,17.02360125180361
1.81,63.33839316085508,62.207692347235124,29.254047983636585,17.04334484550395
1.815,63.28715462560529,62.21512867105907,29.297695195877246,17.063101897218942
1.82,63.2357844347013,62.222457768907496,29.341332398715483,17.08287236537012
1.825,63.184283347089796,62.22967977186468,29.384959271905768,17.10265620825422
1.83,63.1326521211467,62.23679481144992,29.42857549554598,17.12245338404318
1.835,63.08089151467719,62.24380301961753,29.472180750077406,17.14226385078414
1.84,63.02900228491574,62.25070452875685,29.51577471628475,17.162087566399443
1.845,62.97698518852606,62.25749947169224,29.559357075296106,17.181924488686644
1.85,62.92484098160112,62.26418798168308,29.60292750858299,17.201774575318485
1.855,62.87257041966317,62.27077019242377,29.646485697960323,17.221637783842922
1.86,62.82017425766369,62.27724623804373,29.690031325586435,17.241514071683117
1.865,62.76765324998346,62.283616253107404,29.73356407396306,17.26140339613742
1.87,62.715008150432496,62.28988037261425,29.777083625935337,17.281305714379403
1.875,62.66223971225008,62.296038731998756,29.820589664691823,17.301220983457828
1.8800000000000001,62.60934868810475,62.302091467130424,29.864081873764484,17.321149160296663
1.885,62.55633583009433,62.30803871431378,29.907559937028672,17.341090201695078
1.8900000000000001,62.50320188974588,62.31388061028837,29.95102353870318,17.36104406432745
1.895,62.449947618015734,62.319617292228756,29.99447236335018,17.38101070474336
1.9000000000000001,62.39657376528947,62.32524889774453,30.037906095875268,17.400990079367585
1.905,62.34308108138195,62.3307755648803,30.081324421527444,17.420982144500105
1.9100000000000001,62.289470315537294,62.33619743211569,30.124727025899116,17.440986856316115
1.915,62.23574221642887,62.34151463836535,30.168113594926094,17.461004170866
1.92,62.18189753215931,62.34672732297895,30.21148381488761,17.481034044075354
1.925,62.127937010260524,62.35183562574118,30.254837372406293,17.501076431744973
1.93,62.07386139769366,62.35683968687175,30.29817395444818,17.521131289550855
1.935,62.01967144084915,62.3617396470254,30.34149324832272,17.541198573044202
1.94,61.965367885546684,62.366535647291876,30.38479494168277,17.56127823765142
1.945,61.910951477035184,62.37122782919595,30.42807872252459,17.58137023867412
1.95,61.85642295999287,62.37581633469742,30.471344279187853,17.601474531289103
1.955,61.8017830785272,62.38030130619109,30.51459130035564,17.621591070548394
1.96,61.74703257617492,62.384682886506816,30.557819475054437,17.641719811379204
1.965,61.692172195901996,62.38896121890944,30.60102849265414,17.661860708583955
1.97,61.637202680103705,62.39313644709883,30.64421804286805,17.68201371684027
1.975,61.582124770604544,62.397208715209906,30.68738781575288,17.702178790700977
1.98,61.52693920865829,62.401178167812574,30.730537501708753,17.7223558845941
1.985,61.47164673494798,62.40504494991177,30.773666791479187,17.74254495282288
1.99,61.41624808958591,62.40880920694746,30.816775376151124,17.76274594956574
1.995,61.36074401211365,62.41247108479462,30.859862947154905,17.78295882887633
2.0,61.30513524150201,62.41603072976326,30.90292919626428,17.80318354468348
2.005,61.249422516151064,62.41948828859838,30.945973815596414,17.823420050791242
2.0100000000000002,61.19360657389017,62.422843908480054,30.98899649761187,17.843668300878864
2.015,61.137688151977926,62.42609773702332,31.03199693511462,17.863928248500795
2.02,61.08166798710221,62.429249922278274,31.07497482125205,17.88419984708668
2.025,61.025546815380125,62.43230061273002,31.117929849514944,17.904483049941387
2.0300000000000002,60.96932537235808,62.43524995729867,31.160861713737518,17.924777810244976
2.035,60.91300439301172,62.43809810533939,31.20377010809736,17.9450840810527
2.04,60.85658461174595,62.44084520664234,31.246654727115494,17.965401815295024
2.045,60.80006676239496,62.4434914114327,31.28951526565634,17.985730965777623
2.05,60.74345157822217,62.44603687037069,31.332351418927733,18.00607148518137
2.055,60.68673979192028,62.44848173455153,31.37516288248091,18.026423326062336
2.06,60.629932135611256,62.45082615550547,31.417949352210513,18.046786440851793
2.065,60.57302934084631,62.45307028519779,31.460710524354603,18.06716078185623
2.07,60.51603213860592,62.45521427602876,31.503446095494635,18.08754630125733
2.075,60.458941259299834,62.45725828083372,31.54615576255549,18.107942951111976
2.08,60.401757432767056,62.459202452882984,31.588839222805436,18.12835068335226
2.085,60.34448138827585,62.46104694588191,31.631496173856167,18.14876944978547
2.09,60.28711385452374,62.462791913970875,31.67412631366277,18.169199202094106
2.095,60.22965555963751,62.464437511725265,31.71672934052376,18.189639891835867
2.1,60.17210723117322,62.46598389415551,31.759304953081035,18.21009147044365
2.105,60.11446959611618,62.46743121670703,31.801852850319914,18.230553889225565
2.11,60.05674338088095,62.46877963526028,31.84437273156913,18.25102709936492
2.115,59.99892931131138,62.47002930613076,31.886864296500814,18.27151105192022
2.12,59.941028112680556,62.47118038606895,31.92932724513051,18.292005697825182
2.125,59.88304050969084,62.47223303226037,31.971761277817162,18.312510987888725
2.13,59.82496722647384,62.47318740232557,32.014166095263136,18.333026872794967
2.1350000000000002,59.76680898659044,62.4740436543201,32.05654139851419,18.35355330310323
2.14,59.70856651303079,62.474801946734544,32.098886888959505,18.37409022924804
2.145,59.65024052821429,62.47546243849451,32.14120226833166,18.394637601539127
2.15,59.5918317539896,62.476025288960614,32.18348723870665,18.41519537016142
2.1550000000000002,59.53334091163464,62.476490657928494,32.225741502503865,18.43576348517506
2.16,59.47476872185661,62.47685870562883,32.267964762486116,18.45634189651538
2.165,59.41611590479195,62.47712959272729,32.31015672175962,18.47693055399292
2.17,59.35738318000637,62.477303480324586,32.35231708377398,18.497529407293428
2.1750000000000003,59.29857126649485,62.47738052995645,32.39444555232226,18.518138405977847
2.18,59.23968088268161,62.47736090359362,32.436541831540865,18.53875749948233
2.185,59.180712746420156,62.47724476364187,32.47860562590965,18.55938663711823
2.19,59.12166757499323,62.47703227294198,32.52063664025188,18.5800257680721
2.195,59.06254608511287,62.476723594769766,32.56263457973421,18.600674841405706
2.2,59.00334899292033,62.47631889283606,32.60459914986671,18.621333806056
2.205,58.94407701398617,62.4758183312867,32.646530056502854,18.642002610835156
2.21,58.88473086331018,62.47522207470258,32.68842700583952,18.662681204430537
2.215,58.82531125532143,62.474530288099565,32.730289704417025,18.68336953540472
2.22,58.765818903878234,62.47374313692858,32.77211785911906,18.704067552195472
2.225,58.706254522268196,62.47286078707556,32.81391117717271,18.724775203115772
2.23,58.64661882320815,62.471883404861465,32.85566936614853,18.745492436353803
2.235,58.58691251884421,62.47081115704225,32.89739213396043,18.766219199972944
2.24,58.52713632075174,62.46964421080893,32.93907918886574,18.78695544191179
2.245,58.46729093993538,62.46838273378751,32.9807302394652,18.807701109984123
2.25,58.407377086829015,62.46702689403903,33.02234499470296,18.82845615187893
2.255,58.34739547129581,62.46557686005954,33.06392316386659,18.84922051516042
2.2600000000000002,58.28734680262817,62.46403280078014,33.10546445658704,18.869994147267985
2.265,58.22723178954779,62.4623948855669,33.146968582838696,18.890776995516227
2.27,58.16705114020559,62.46066328422096,33.18843525293933,18.911569007094943
2.275,58.106805562181776,62.45883816697846,33.22986417755013,18.93237012906915
2.2800000000000002,58.046495762485804,62.456919704510554,33.271255067675696,18.953180308379057
2.285,57.98612244755642,62.45490806792342,33.31260763466403,18.973999491840075
2.29,57.92568632326159,62.45280342875827,33.353921590206554,18.994827626142822
2.295,57.86518809489856,62.450605958991325,33.39519664633808,19.01566465785311
2.3000000000000003,57.80462846719385,62.448315831033824,33.43643251543684,19.036510533411978
2.305,57.74400814430322,62.44593321773203,33.47762891022447,19.05736519913564
2.31,57.6833278298117,62.44345829236724,33.518785543766015,19.07822860121552
2.315,57.62258822673359,62.44089122865575,33.55990212946993,19.099100685718263
2.32,57.56179003751244,62.43823220074889,33.600978381088076,19.119981398585693
2.325,57.50093383306528,62.435481345622264,33.64201410076379,19.14087069266785
2.33,57.44002016797266,62.43263879625502,33.683009104020826,19.16176852128813
2.335,57.37904973565195,62.42970472617588,33.72396311423727,19.182674830020574
2.34,57.3180232278179,62.42667930905731,33.764875855819135,19.203589564368034
2.345,57.25694133441954,62.42356271869741,33.80574705424259,19.22451266976563
2.35,57.19580474364005,62.420355129019875,33.84657643605394,19.24544409158073
2.355,57.134614141896854,62.41705671407401,33.88736372886962,19.266383775112956
2.36,57.07337021384157,62.41366764803472,33.92810866137625,19.287331665594184
2.365,57.012073642360036,62.41018810520253,33.968810963330554,19.308287708188544
2.37,56.9507251085723,62.40661826000357,34.00947036555941,19.329251847992424
2.375,56.88932529183262,62.40295828698957,34.05008659995984,19.350224030034457
2.38,56.82787486972945,62.39920836083788,34.09065939949902,19.37120419927554
2.3850000000000002,56.76637451808548,62.39536865635145,34.13118849821424,19.392192300608812
2.39,56.7048249109576,62.39143934845884,34.171673631212975,19.41318827885968
2.395,56.643226720636896,62.38742061221421,34.212114534672814,19.434192078785788
2.4,56.5815806176487,62.383312622797334,34.252510945841486,19.45520364507705
2.4050000000000002,56.5198872707525,62.3791155555136,34.29286260303689,19.47622292235563
2.41,56.458147346942056,62.374829585794004,34.333169245647035,19.497249855175934
2.415,56.396361511445306,62.37045488919513,34.3734306141301,19.518284388024632
2.42,56.334530427724395,62.3659916413992,34.4136464500144,19.539326465320656
2.4250000000000003,56.27265475747568,62.36144001821401,34.45381649589838,19.560376031415174
2.43,56.21073516062975,62.356800195572994,34.49394049545064,19.581433030591615
2.435,56.14877229535139,62.35207234953518,34.53401819340993,19.602497407065666
2.44,56.086766818039585,62.3472566562852,34.57404933558512,19.62356910498527
2.445,56.02471938332755,62.342353292133296,34.61403366885526,19.644648068430605
2.45,55.96263064408269,62.33736243351533,34.653970941169504,19.665734241414132
2.455,55.90050125140664,62.332284256992764,34.693860901547176,19.686827567880542
2.46,55.83833185463524,62.32711893925266,34.73370330007772,19.707927991706786
2.465,55.77612310133855,62.32186665710769,34.773497887920755,19.729035456702075
2.47,55.7138756373208,62.31652758749615,34.813244417306024,19.750149906607874
2.475,55.65159010662049,62.31110190748192,34.852942641533396,19.77127128509789
2.48,55.589267151510285,62.30558979425451,34.892592314972916,19.79239953577809
2.485,55.52690741249708,62.29999142512902,34.932193193064755,19.813534602186706
2.49,55.46451152832198,62.29430697754617,34.971745032319234,19.834676427794207
2.495,55.4020801359603,62.28853662907228,35.011247590316806,19.855824956003328
2.5,55.339613870621555,62.28268055739928,35.05070062570808,19.876980130149047
2.505,55.27711336574949,62.27673894034472,35.0901038982138,19.898141893498604
2.5100000000000002,55.21457925302205,62.27071195585173,35.12945716862486,19.91931018925149
2.515,55.15201216235138,62.26459978198907,35.16876019880229,19.940484960539454
2.52,55.08941272188387,62.25840259695111,35.20801275167726,19.961666150426492
2.525,55.02678155800007,62.25212057905781,35.2472145912511,19.982853701908855
2.5300000000000002,54.964119295314774,62.24575390675475,35.28636548259527,20.004047557915055
2.535,54.901426556676995,62.23930275861312,35.32546519185138,20.02524766130585
2.54,54.83870396316994,62.23276731332971,35.36451348623117,20.046453954874252
2.545,54.77595213411102,62.22614774972692,35.403510134016535,20.067666381345536
2.5500000000000003,54.71317168705186,62.219444246752765,35.44245490455951,20.08888488337722
2.555,54.65036323777833,62.212656983480855,35.48134756828229,20.110109403559076
2.56,54.58752740031046,62.20578613911042,35.52018789667717,20.13133988441314
2.565,54.52466478690251,62.19883189296629,35.558975662306636,20.152576268393695
2.57,54.46177600804297,62.1917944244989,35.59771063880329,20.173818497887275
2.575,54.3988616724545,62.184673913284314,35.63639260086989,20.19506651521268
2.58,54.33592238709403,62.17747053902417,35.67502132427932,20.216320262620943
2.585,54.272958757152644,62.17018448154574,35.71359658587462,20.23757968229537
2.59,54.209971386055656,62.1628159208019,35.75211816356898,20.258844716351515
2.595,54.146960875462604,62.15536503687112,35.79058583634572,20.280115306837182
2.6,54.08392782526722,62.14783200995749,35.8289993842583,20.30139139573243
2.605,54.02087283359746,62.14021702039071,35.86735858843035,20.322672924949575
2.61,53.95779649681547,62.13252024862608,35.905663231055605,20.34395983633319
2.615,53.89469940951763,62.12474187524451,35.94391309539798,20.36525207166009
2.62,53.831582164534524,62.116882080952514,35.9821079657915,20.386549572639357
2.625,53.76844535293093,62.10894104658223,36.02024762764036,20.407852280912312
2.63,53.705289564005874,62.10091895309138,36.05833186741888,20.42916013805255
2.6350000000000002,53.64211538529254,62.09281598156331,36.096360472671535,20.4504730855659
2.64,53.578923402558374,62.084632313206974,36.134333232012935,20.471791064890454
2.645,53.515714199805004,62.07636812935693,36.172249935127844,20.49311401739656
2.65,53.452488359268266,62.068023611473336,36.210110372771155,20.514441884386816
2.6550000000000002,53.389246461418224,62.059598941141964,36.24791433676791,20.535774607096076
2.66,53.32598908495915,62.051094300074205,36.28566162001331,20.557112126691443
2.665,53.262716806829516,62.04250987010704,36.32335201647266,20.57845438427228
2.67,53.199430202202,62.033845833203074,36.36098532118146,20.599801320870203
2.6750000000000003,53.13612984448351,62.0251023714505,36.398561330245315,20.621152877449077
2.68,53.07281630531517,62.01627966706314,36.43607984083997,20.642508994905022
2.685,53.009490154572276,62.007377902380405,36.47354065121135,20.66386961406642
2.69,52.946151960364375,61.99839725986733,36.51094356067549,20.685234675693895
2.695,52.8828022890352,61.98933792211455,36.54828836961858,20.706604120480332
2.7,52.81944170516269,61.980200071838304,36.58557487949696,20.72797788905087
2.705,52.75607077155904,61.97098389188045,36.62280289283709,20.7493559219629
2.71,52.692690049270595,61.961689565208445,36.659972213235605,20.770738159706063
2.715,52.62930009757796,61.95231727491535,36.69708264535925,20.792124542702265
2.72,52.565901473995915,61.94286720421985,36.734133994944955,20.81351501130565
2.725,52.502494734273476,61.93333953646622,36.771126068799745,20.83490950580263
2.73,52.43908043239385,61.92373445512435,36.80805867480082,20.856307966411865
2.735,52.375659120574475,61.91405214378974,36.84493162189551,20.877710333284266
2.74,52.31223134926697,61.9042927861835,36.88174472010131,20.89911654650301
2.745,52.248797667157206,61.894456566152336,36.918497780505824,20.920526546083504
2.75,52.185358621165236,61.88454366766858,36.955190615266815,20.941940271973433
2.755,52.12191475644532,61.87455427483015,36.99182303761221,20.963357664052726
2.7600000000000002,52.05846661638595,61.86448857186059,37.02839486184004,20.984778662133568
2.765,51.99501474260981,61.85434674310905,37.06490590331851,21.00620320596039
2.77,51.931559674973805,61.844128973050275,37.101355978485955,21.027631235209885
2.775,51.86810195156905,61.833835446284624,37.137744904850855,21.049062689491002
2.7800000000000002,51.804642108720856,61.823466347538066,37.174072500991834,21.07049750834494
2.785,51.741180680988776,61.813021861662186,37.21033858655766,21.091935631245143
2.79,51.67771820116655,61.80250217363417,37.24654298226724,21.11337699759732
2.795,51.61425520028212,61.791907468556786,37.28268550990963,21.13482154673944
2.8000000000000003,51.55079220759767,61.78123793165846,37.318765992344034,21.15626921794171
2.805,51.48732975060956,61.77049374829319,37.35478425349978,21.177719950406598
2.81,51.4238683550484,61.759675103940594,37.39074011837636,21.19917368326882
2.815,51.360408544878965,61.74878218420589,37.42663341304339,21.220630355595365
2.82,51.29695084230028,61.737815174819914,37.46246396464065,21.242089906385452
2.825,51.233495767745545,61.7267742616391,37.49823160137805,21.263552274570568
2.83,51.17004383988221,61.7156596306455,37.533936152535645,21.28501739901445
2.835,51.10659557561192,61.70447146794677,37.56957744846363,21.306485218513085
2.84,51.04315149007051,61.69320995977616,37.605155320582355,21.327955671794722
2.845,50.97971209662805,61.68187529249255,37.64066960138231,21.349428697519862
2.85,50.916277906888816,61.67046765258042,37.67612012442411,21.370904234281248
2.855,50.852849430691286,61.658987226649856,37.711506724338534,21.392382220603892
2.86,50.78942717610816,61.64743420143654,37.74682923682649,21.413862594945055
2.865,50.726011649446335,61.63580876380178,37.78208749865906,21.43534529569425
2.87,50.662603355246944,61.6241111007325,37.817281347677415,21.456830261173245
2.875,50.5992027962853,61.61234139934119,37.852410622792924,21.478317429636057
2.88,50.53581047357095,61.60049984686599,37.88747516398706,21.49980673926897
2.8850000000000002,50.47242688634762,61.58858663067064,37.92247481231147,21.521298128190505
2.89,50.4090525320933,61.576601938244465,37.95740940988791,21.54279153445145
2.895,50.34568790652014,61.56454595720243,37.99227879990831,21.564286896034837
2.9,50.28233350357453,61.55241887528507,38.02708282663473,21.58578415085596
2.9050000000000002,50.21898981543704,61.54022088035856,38.06182133539938,21.607283236762367
2.91,50.1556573325225,61.52795216041467,38.096494172604594,21.62878409153385
2.915,50.09233654347992,61.51561290357079,38.13110118572286,21.650286652882464
2.92,50.0290279351925,61.50320329806989,38.165642223296835,21.671790858452514
2.9250000000000003,49.96573199277769,61.49072353228058,38.200117134939276,21.69329664582056
2.93,49.90244919958714,61.47817379469706,38.23452577133312,21.71480395249542
2.935,49.83918003656708,61.46555427153016,38.268867985048416,21.736312716840988
2.94,49.77592497196903,61.45286511580941,38.30314364340825,21.75782288981423
2.945,49.71268447365662,61.44010650349611,38.337352612345484,21.779334413349314
2.95,49.64945901004315,61.427278622102705,38.371494755640704,21.80084722490723
2.955,49.586249047571975,61.41438165906567,38.405569938209155,21.82236126195694
2.96,49.52305505071648,61.401415801745436,38.43957802610074,21.8438764619754
2.965,49.45987748198012,61.38838123742648,38.473518886500024,21.865392762447556
2.97,49.396716801896375,61.37527815331724,38.50739238772623,21.88691010086635
2.975,49.3335734690288,61.362106736550174,38.54119839923321,21.908428414732693
2.98,49.27044793997097,61.348867174181734,38.57493679160951,21.929947641555504
2.985,49.20734066934653,61.33555965319236,38.60860743657832,21.951467718851685
2.99,49.144252109809145,61.32218436048652,38.642210206997476,21.97298858414613
2.995,49.081182712042555,61.308741482892636,38.675744976859484,21.994510174971705
3.0,49.01813292476055,61.29523120716317,38.70921162129151,22.016032428869288
3.005,48.955103194706936,61.28165371997456,38.74261001655535,22.037555283387732
3.0100000000000002,48.89209396665559,61.26800920792724,38.7759400400475,22.05907867608388
3.015,48.82910568341043,61.25429785754567,38.809201570299074,22.08060254452257
3.02,48.766138785805445,61.240519855278286,38.84239448697587,22.102126826276617
3.025,48.703193712704625,61.22667538749752,38.875518670878314,22.12365145892684
3.0300000000000002,48.64027090100204,61.21276464049981,38.90857400394153,22.14517638006204
3.035,48.57737078562181,61.198787800505606,38.941560369235255,22.166701527279
3.04,48.514493799518085,61.18474505365933,38.97447765096391,22.188226838182498
3.045,48.451640373675076,61.17063658602941,39.007325734466576,22.209752250385304
3.0500000000000003,48.388810937107024,61.156462583608295,39.04010450621698,22.231277701508173
3.055,48.32600591685825,61.14222323231242,39.07281385382348,22.252803129179846
3.06,48.263225738003094,61.12791871798219,39.105453666029156,22.27432847103706
3.065,48.20047082364595,61.11354922638206,39.13802383271169,22.295853664724532
3.0700000000000003,48.13774159492126,61.09911494320045,39.17052424488344,22.317378647894976
3.075,48.075038470993526,61.08461605404978,39.20295479469141,22.33890335820909
3.08,48.01236186905728,61.07005274446648,39.23531537541728,22.360427733335563
3.085,47.949712204337104,61.055425199910985,39.26760588147738,22.38195171095107
3.09,47.88708989008765,61.0407336057677,39.29982620842269,22.40347522874028
3.095,47.824495337593575,61.02597814734505,39.33197625293885,22.424998224395846
3.1,47.76192895616963,61.01115900987547,39.36405591284616,22.44652063561841
3.105,47.6993911531606,60.99627637851537,39.39606508709958,22.4680424001166
3.11,47.63688233394128,60.98133043834516,39.42800367578871,22.489563455607048
3.115,47.57440290191656,60.96632137436927,39.45987158013783,22.511083739814353
3.12,47.51195325852136,60.951249371516106,39.49166870250586,22.532603190471118
3.125,47.44953380322065,60.93611461463809,39.52339494638638,22.554121745317932
3.13,47.38714493350945,60.92091728851163,39.55505021640764,22.575639342103365
3.1350000000000002,47.324787044912796,60.90565757783714,39.58663441833254,22.59715591858399
3.14,47.262460530985834,60.89033566723903,39.61814745905861,22.618671412524353
3.145,47.20016578331371,60.87495174126571,39.649589246618085,22.640185761697
3.15,47.137903191511626,60.859505984389585,39.68095969017782,22.661698903882463
3.1550000000000002,47.075673143224826,60.84399858100707,39.71225870003936,22.683210776869263
3.16,47.013476024128636,60.82842971543856,39.74348618763885,22.704721318453903
3.165,46.95131221792839,60.812799571928466,39.77464206554716,22.72623046644088
3.17,46.889182106359485,60.79710833464519,39.80572624746977,22.74773815864269
3.1750000000000003,46.82708606918736,60.781356187681126,39.83673864824685,22.769244332879804
3.18,46.76502448420752,60.76554331505268,39.867679183853184,22.79074892698068
3.185,46.702997727245496,60.74966990070026,39.89854777139826,22.812251878781776
3.19,46.641006172156885,60.73373612848826,39.929344329126195,22.833753126127533
3.1950000000000003,46.5790501908273,60.71774218220507,39.96006877641577,22.855252606870383
3.2,46.517130153172445,60.70168824556309,39.99072103378041,22.876750258870743
3.205,46.45524642713805,60.68557450219871,40.02130102286823,22.898246019997018
3.21,46.393399378699876,60.66940113567234,40.05180866646197,22.919739828125607
3.215,46.33158937186376,60.65316832946834,40.08224388847904,22.9412316211409
3.22,46.269816768665564,60.63687626699513,40.11260661397151,22.962721336935267
3.225,46.20808192917123,60.62052513158509,40.1428967691261,22.98420891340907
3.23,46.146385211476705,60.6041151064946,40.173114281264176,23.005694288470664
3.235,46.084726971708015,60.58764637490407,40.203259078841796,23.027177400036386
3.24,46.02310756402122,60.57111911991785,40.23333109144964,23.048658186030572
3.245,45.96152734060242,60.554533524564356,40.26333024981306,23.070136584385533
3.25,45.8999866516678,60.53788977179595,40.293256485792064,23.091612533041577
3.255,45.83848584546355,60.52118804448904,40.32310973238132,23.113085969947004
3.2600000000000002,45.777025268265916,60.50442852544397,40.35288992371015,23.1345568330581
3.265,45.71560526438122,60.48761139738515,40.382596995042526,23.15602506033913
3.27,45.65422617614579,60.470736842960946,40.41223088277708,23.17749058976236
3.275,45.592888343926035,60.45380504474373,40.44179152444711,23.198953359308042
3.2800000000000002,45.531592106118396,60.436816185229894,40.471278858720574,23.22041330696442
3.285,45.47033779914937,60.41977044683979,40.500692825400066,23.241870370727717
3.29,45.409125757475486,60.40266801191782,40.530033365422845,23.26332448860215
3.295,45.347956313583346,60.385509062732325,40.559300420860836,23.284775598599932
3.3000000000000003,45.28682979798956,60.36829378147569,40.58849393492063,23.30622363874125
3.305,45.22574653924084,60.351022350264294,40.61761385194344,23.32766854705429
3.31,45.1647068639139,60.33369495113849,40.64666011740516,23.349110261575227
3.315,45.10371109661552,60.316311766062654,40.675632677916354,23.37054872034822
3.3200000000000003,45.04275955998252,60.298872976925146,40.70453148122221,23.391983861425423
3.325,44.98185257468178,60.281378765538335,40.733356476202594,23.413415622866967
3.33,44.92099045941023,60.26382931363858,40.76210761287203,23.434843942740986
3.335,44.86017353089481,60.246224802886246,40.79078484237969,23.456268759123596
3.34,44.79940210389257,60.22856541486569,40.81938811700941,23.477690010098904
3.345,44.73867649119054,60.21085133108527,40.847917390179674,23.499107633759
3.35,44.67799700360585,60.19308273297736,40.876372616443625,23.520521568203968
3.355,44.61736394998566,60.1752598018983,40.90475375148908,23.54193175154188
3.36,44.55677763720717,60.15738271912845,40.93306075213849,23.563338121888798
3.365,44.496238370177636,60.139451665872166,40.96129357634897,23.58474061736877
3.37,44.435746451834355,60.121466823257805,40.98945218321231,23.606139176113835
3.375,44.37530218314469,60.10342837233771,41.01753653295492,23.627533736264017
3.38,44.31490586310602,60.08533649408824,41.0455465869379,23.648924235967336
3.3850000000000002,44.2545577887458,60.067191369409734,41.073482307657,23.670310613379794
3.39,44.19425825512152,60.048993179126555,41.10134365874262,23.691692806665383
3.395,44.134007555320714,60.03074210398704,41.12913060495981,23.71307075399609
3.4,44.07380598046098,60.012438324663535,41.15684311220829,23.73444439355188
3.4050000000000002,44.01365381968994,59.99408202175239,41.18448114752245,23.755813663520716
3.41,43.95355136018529,59.975673375773944,41.21204467907129,23.777178502098547
3.415,43.893498887154756,59.95721256717254,41.23953367615852,23.798538847489304
3.42,43.8334966838361,59.93869977631652,41.266948109222476,23.819894637904923
3.4250000000000003,43.77354503149717,59.92013518349822,41.29428794983617,23.841245811565315
3.43,43.71364420943583,59.90151896893398,41.32155317070724,23.862592306698378
3.435,43.65379449498,59.88285131276413,41.348743745678014,23.88393406154001
3.44,43.593996163487645,59.864132395053026,41.37585964972546,23.90527101433409
3.4450000000000003,43.53424948834678,59.84536239578898,41.40290085896122,23.926603103332493
3.45,43.47455474097548,59.826541494884346,41.429867350631554,23.947930266795073
3.455,43.414912190821845,59.80766987217544,41.45675910311743,23.969252442989674
3.46,43.35532210536404,59.788747707422594,41.48357609593443,23.99056957019214
3.465,43.295784750110265,59.76977518031015,41.51031830973283,24.011881586686293
3.47,43.23630038859878,59.75075247044642,41.53698572629753,24.03318843076395
3.475,43.176869282397874,59.73167975736374,41.5635783285481,24.054490040724907
3.48,43.11749169110592,59.712557220518434,41.59009610053877,24.075786354876957
3.485,43.0581678723513,59.69338503929083,41.61653902745843,24.097077311535887
3.49,42.99889808179245,59.67416339298525,41.64290709563062,24.11836284902546
3.495,42.93968257311787,59.65489246083001,41.66920029251353,24.139642905677437
3.5,42.8805215980461,59.63557242197744,41.69541860670003,24.160917419831563
3.505,42.82141540632574,59.61620345550386,41.72156202791762,24.182186329835574
3.5100000000000002,42.762364245735405,59.59678574040957,41.74763054702848,24.203449574045194
3.515,42.703368362083786,59.57731945561891,41.77362415602943,24.224707090824136
3.52,42.64442799920961,59.55780477998019,41.79954284805195,24.245958818544104
3.525,42.58554339898166,59.53824189226571,41.82538661736219,24.267204695584784
3.5300000000000002,42.52671480129875,59.5186309711718,41.851155459360946,24.288444660333862
3.535,42.46794244408978,59.498972195318764,41.87684937058366,24.309678651187
3.54,42.40922656331364,59.47926574325092,41.90246834870046,24.33090660654786
3.545,42.35056739295931,59.45951179343657,41.92801239251611,24.352128464828084
3.5500000000000003,42.29196519507718,59.439710518816966,41.953481483319315,24.37334416788279
3.555,42.23342031830443,59.41986207533064,41.97887554938269,24.39455366814285
3.56,42.17493299802157,59.39996663794299,42.00419459024567,24.41575690587933
3.565,42.11650345522276,59.380024383717306,42.02943861424882,24.436953819992535
3.5700000000000003,42.05813190944401,59.36003548951934,42.05460763045255,24.458144349464728
3.575,41.999818578763154,59.34000013201731,42.07970164863706,24.479328433360113
3.58,41.941563679799856,59.31991848768187,42.10472067930236,24.500506010824864
3.585,41.88336742771563,59.299790732786136,42.12966473366825,24.521677021087097
3.59,41.82523003621382,59.27961704340567,42.15453382367434,24.542841403456883
3.595,41.76715171753958,59.259397595418505,42.17932796198006,24.563999097326246
3.6,41.70913268247996,59.239132564505105,42.20404716196462,24.585150042169168
3.605,41.65117314036379,59.21882212614841,42.22869143772704,24.606294177541574
3.61,41.59327329906175,59.19846645563379,42.253260804086175,24.62743144308135
3.615,41.53543336498636,59.17806572804909,42.277755276580635,24.648561778508334
3.62,41.47765354309199,59.1576201182846,42.302174871468864,24.669685123624312
3.625,41.41993403687482,59.137129801033055,42.32651960572911,24.690801418313033
3.63,41.36227504837288,59.11659495078966,42.35078949705941,24.711910602540183
3.6350000000000002,41.30467677816603,59.096015741852064,42.37498456387763,24.73301261635342
3.64,41.24713942537597,59.07539234832037,42.39910482532141,24.754107399882344
3.645,41.18966318766624,59.054724944097146,42.423150301248214,24.7751948933385
3.65,41.1322482612422,59.034013702887385,42.4471210122353,24.79627503701541
3.6550000000000002,41.07489484085105,59.013258798198564,42.47101697957975,24.817347771288524
3.66,41.017603119781846,58.9924604033406,42.49483822529842,24.838413036615258
3.665,40.96037328986545,58.97161869142587,42.518584772128,24.85947077353498
3.67,40.90320554147459,58.95073383536919,42.54225664352496,24.88052092266901
3.6750000000000003,40.84610006352379,58.92980600788785,42.56585386366559,24.90156342472062
3.68,40.789057043469455,58.908835381501575,42.589376457445965,24.922598220475034
3.685,40.7320766673098,58.887822128532555,42.612824450481995,24.943625250799432
3.69,40.67515911958486,58.86676642110544,42.63619786910937,24.964644456642944
3.6950000000000003,40.61830458337654,58.84566843114731,42.659496740383595,24.985655779036655
3.7,40.56151324030857,58.82452833038772,42.682721092079966,25.006659159093605
3.705,40.504785270546506,58.803346290358675,42.7058709526936,25.027654538008782
3.71,40.448120852797736,58.78212248239463,42.728946351439404,25.048641857059128
3.715,40.3915201643115,58.76085707763249,42.75194731825211,25.06962105760354
3.72,40.33498338087886,58.73955024701161,42.77487388378623,25.090592081082878
3.725,40.278510676832724,58.718202161273815,42.79772607941609,25.111554869019926
3.73,40.222102225047834,58.69681299096338,42.82050393723581,25.13250936301945
3.735,40.16575819694076,58.675382906427025,42.84320749005935,25.15345550476816
3.74,40.109478762469905,58.65391207781392,42.86583677142043,25.174393236034717
3.745,40.05326409013553,58.63240067507571,42.888391815572604,25.195322498669732
3.75,39.9971143469797,58.61084886796646,42.91087265748921,25.21624323460577
3.755,39.94102969858635,58.58925682604273,42.9332793328634,25.237155385857356
3.7600000000000002,39.88501030908121,58.56762471866349,42.95561187810814,25.258058894520964
3.765,39.82905634113188,58.5459527149902,42.977870330356176,25.27895370277502
3.77,39.77316795594779,58.52424098398676,43.00005472746008,25.299839752879898
3.775,39.71734531328019,58.502489694419516,43.02216510799222,25.32071698717794
3.7800000000000002,39.66158857142217,58.48069901485727,43.04420151124477,25.34158534809342
3.785,39.60589788720868,58.45886911367129,43.06616397722971,25.362444778132584
3.79,39.55027341601646,58.4370001590353,43.0880525466788,25.38329521988362
3.795,39.49471531176413,58.415092318925446,43.109867261043654,25.40413661601668
3.8000000000000003,39.43922372691212,58.39314576112036,43.131608162495645,25.42496890928385
3.805,39.3837988124627,58.37116065320111,43.153275293925965,25.445792042519187
3.81,39.32844071795999,58.34913716255123,43.17486869894562,25.466605958638695
3.815,39.273149591489926,58.32707545635671,43.19638842188541,25.487410600640327
3.8200000000000003,39.217925579680276,58.30497570160596,43.217834507795935,25.508205911603994
3.825,39.162768827700674,58.2828380650899,43.239207002447614,25.528991834691556
3.83,39.107679479262565,58.26066271340186,43.260505952330654,25.54976831314683
3.835,39.05265767661923,58.238449812937624,43.281731404655076,25.570535290295588
3.84,38.997703560565796,58.216199529895455,43.302883407350706,25.591292709545545
3.845,38.942817270439214,58.19391203027605,43.323962009067166,25.61204051438638
3.85,38.88799894411829,58.17158747988258,43.3449672591739,25.632778648389717
3.855,38.83324871802363,58.14922604432065,43.36589920776012,25.653507055209136
3.86,38.77856672711773,58.126827888998314,43.38675790563489,25.674225678580175
3.865,38.72395310490485,58.1043931791261,43.40754340432704,25.69493446232032
3.87,38.669407983431164,58.081922079716975,43.42825575608522,25.715633350329
3.875,38.614931493284615,58.05941475558637,43.44889501387789,25.736322286587615
3.88,38.56052376359503,58.036871371352156,43.469461231393296,25.757001215159516
3.8850000000000002,38.50618492203403,58.014292091434676,43.4899544630395,25.777670080189992
3.89,38.451915094815114,57.99167708005671,43.51037476394438,25.798328825906296
3.895,38.39771440669358,57.9690265012435,43.53072218995558,25.818977396617633
3.9,38.34358298096659,57.94634051882274,43.55099679764061,25.839615736715164
3.9050000000000002,38.28952093947311,57.923619296424576,43.57119864428671,25.860243790671994
3.91,38.23552840259398,57.90086299748161,43.59132778790098,25.88086150304319
3.915,38.181605489251844,57.8780717852289,43.611384287210306,25.901468818465762
3.92,38.12775231691119,57.85524582270394,43.63136820166138,25.922065681658687
3.9250000000000003,38.073969001578355,57.83238527274671,43.65127959142069,25.94265203742288
3.93,38.0202556578015,57.80949029799962,43.67111851737454,25.963227830641227
3.935,37.96661239867062,57.78656106090754,43.69088504112902,25.983793006278542
3.94,37.913039335817544,57.76359772371779,43.71057922501006,26.004347509381613
3.9450000000000003,37.859536579415945,57.74060044848014,43.73020113206335,26.02489128507918
3.95,37.806104238181334,57.71756939704683,43.74975082605441,26.04542427858192
3.955,37.752742419371046,57.69450473107254,43.76922837146857,26.06594643518248
3.96,37.699451228784255,57.671406612014415,43.78863383351094,26.086457700255444
3.9650000000000003,37.646230770761974,57.64827520113204,43.80796727810646,26.10695801925737
3.97,37.59308114818705,57.62511065948745,43.82722877189986,26.12744733772675
3.975,37.540002462484175,57.60191314794516,43.84641838225567,26.14792560128404
3.98,37.48699481361985,57.578682827172116,43.86553617725823,26.16839275563164
3.985,37.43405830010244,57.555419857637716,43.88458222571169,26.188848746553912
3.99,37.38119301898213,57.53212439961383,43.903556597139996,26.209293519917168
3.995,37.32839906585096,57.508796613174766,43.922459361786906,26.229727021669667
4.0,37.275676534842766,57.485436658197294,43.94129059061598,26.250149197841633
4.005,37.223025518633264,57.46204469436063,43.960050355310564,26.270559994545227
4.01,37.170446108439975,57.43862088114645,43.97873872827383,26.290959357974582
4.015,37.117938394022275,57.415165377838875,43.99735578262876,26.311347234405766
4.0200000000000005,37.06550246368135,57.3916783435245,44.01590159221812,26.331723570196814
4.025,37.01313840426026,57.368159937092344,44.03437623160448,26.352088311787703
4.03,36.96084630114387,57.34461031723391,44.05277977607024,26.37244140570037
4.035,36.90862623825889,57.32102964244313,44.07111230161757,26.392782798538708
4.04,36.85647829807387,57.29741807101641,44.08937388496847,26.41311243698855
4.045,36.80440256159918,57.27377576105258,44.10756460356473,26.43343026781769
4.05,36.752399108387046,57.25010287045297,44.125684535567956,26.453736237875884
4.055,36.700468016531524,57.226399556921315,44.14373375985955,26.47403029409482
4.0600000000000005,36.64860936266848,57.20266597796383,44.161712356040724,26.494312383488165
4.065,36.59682322197566,57.178902290889184,44.17962040443247,26.51458245315151
4.07,36.54510966817262,57.155108652808494,44.19745798607563,26.534840450262426
4.075,36.493468773520746,57.13128522063533,44.215225182730805,26.55508632208042
4.08,36.44190060882328,57.10743215108571,44.23292207687843,26.575320015946954
4.085,36.39040524342528,57.083549600678126,44.25054875171873,26.595541479285448
4.09,36.33898274521364,57.0596377257335,44.26810529117174,26.615750659601275
4.095,36.287633180617114,57.03569668237522,44.285591779877294,26.63594750448176
4.1,36.236356614606265,57.011726626529125,44.30300830319504,26.656131961596177
4.105,36.18515311069349,56.98772771392351,44.32035494720442,26.676303978695756
4.11,36.134022730933054,56.96370010008912,44.33763179870468,26.696463503613682
4.115,36.08296553592102,56.93964394035916,44.35483894521488,26.716610484265086
4.12,36.03198158479532,56.91555938986928,44.37197647497387,26.73674486864706
4.125,35.98107093523569,56.89144660355758,44.38904447694032,26.75686660483865
4.13,35.93023364346372,56.86730573616464,44.406043040792696,26.776975641000845
4.135,35.879469764242835,56.84313694223346,44.42297225692926,26.797071925376596
4.14,35.82877935087829,56.81894037610951,44.4398322164681,26.8171554062908
4.1450000000000005,35.77816245521717,56.794716191940715,44.45662301124709,26.83722603215032
4.15,35.72761912764842,56.77046454367745,44.47334473382391,26.857283751443948
4.155,35.67714941710279,56.746185585072546,44.48999747747605,26.877328512742455
4.16,35.626753371052885,56.721879469681284,44.5065813362008,26.897360264698552
4.165,35.57643103551314,56.69754635086141,44.52309640471526,26.917378956046903
4.17,35.52618245503983,56.6731863817731,44.53954277845634,26.937384535604128
4.175,35.47600767273106,56.648799715379006,44.55592055358071,26.957376952268795
4.18,35.42590674314554,56.62438650360421,44.57222981933292,26.977356155827493
4.1850000000000005,35.37587986056336,56.59994688867214,44.58847058227618,26.99732210520289
4.19,35.325927106155014,56.57548101919149,44.604642915624446,27.017274752943642
4.195,35.276048514676994,56.55098904640696,44.62074691979563,27.037214048939195
4.2,35.22624412013132,56.52647112130574,44.63678269543393,27.05713994321148
4.205,35.176513955765586,56.5019273946175,44.65275034340983,27.07705238591492
4.21,35.12685805407291,56.47735801681442,44.668649964820105,27.096951327336434
4.215,35.07727644679198,56.45276313811116,44.6844816609878,27.116836717895424
4.22,35.02776916490699,56.42814290846485,44.70024553346226,27.136708508143794
4.225,34.97833623864773,56.40349747757514,44.7159416840191,27.156566648765928
4.23,34.928977697489486,56.378826994884136,44.73157021466023,27.176411090578714
4.235,34.87969357015312,56.35413160957647,44.74713122761385,27.19624178453152
4.24,34.830483884605044,56.32941147057923,44.76262482533443,27.21605868170621
4.245,34.781348668057184,56.30466672656201,44.77805111050272,27.23586173331714
4.25,34.73228794696704,56.27989752593688,44.793410186025795,27.25565089071116
4.255,34.683301747037646,56.255104016858425,44.80870215503696,27.275426105367607
4.26,34.634390093217576,56.23028634722368,44.823927120895846,27.29518732889831
4.265,34.585553009700966,56.2054446646722,44.839085187188346,27.314934513047596
4.2700000000000005,34.53679051992747,56.180579116586,44.85417645772665,27.334667609692282
4.275,34.48810264658233,56.15568985008963,44.86920103654923,27.35438657084166
4.28,34.43948941159629,56.130777012050075,44.88415902792083,27.37409134863753
4.285,34.39095083614566,56.10584074907685,44.8990505363325,27.393781895354184
4.29,34.3424869406523,56.08088120752193,44.91387566650157,27.413458163398403
4.295,34.294097744783606,56.05589853347979,44.92863452337163,27.433120105309452
4.3,34.24578326745251,56.030892872787405,44.943327212112585,27.452767673759098
4.305,34.197543526817505,56.00586437102422,44.957953838120616,27.472400821551595
4.3100000000000005,34.149378540282626,55.98081317351217,44.97251450701819,27.492019501623687
4.315,34.10128832449746,55.95573942531569,44.98700932465404,27.511623667044613
4.32,34.053272895357125,55.93064327124171,45.00143839710321,27.531213271016096
4.325,34.00533226800229,55.90552485583963,45.015801830667016,27.55078826687236
4.33,33.957466456819176,55.880384323401344,45.030099731873065,27.570348608080113
4.335,33.909675475439535,55.85522181796124,45.04433220747523,27.589894248238565
4.34,33.86195933674068,55.83003748329618,45.0584993644537,27.609425141079406
4.345,33.81431805284546,55.80483146292554,45.072601310014925,27.62894124046682
4.3500000000000005,33.76675163512226,55.779603900111155,45.08663815159164,27.64844250039749
4.355,33.71926009418504,55.754354937857386,45.100609996842884,27.66792887500058
4.36,33.67184343989328,55.72908471891104,45.114516953653954,27.68740031853775
4.365,33.624501681352015,55.70379338576145,45.12835913013646,27.706856785403158
4.37,33.57723482691181,55.67848108064041,45.14213663462827,27.726298230123444
4.375,33.530042884168815,55.653147945522214,45.15584957569356,27.74572460735774
4.38,33.482925859964666,55.62779412212365,45.16949806212276,27.765135871897677
4.385,33.4358837603866,55.60241975190399,45.18308220293264,27.78453197866737
4.39,33.388916590767366,55.57702497606498,45.19660210736618,27.80391288272343
4.3950000000000005,33.34202435568527,55.55160993555088,45.21005788489272,27.82327853925496
4.4,33.295207058964166,55.52617477104843,45.22344964520782,27.84262890358355
4.405,33.24846470367344,55.50071962298685,45.236777498233366,27.86196393116328
4.41,33.20179729212805,55.475244631537855,45.25004155411752,27.881283577580735
4.415,33.15520482588846,55.449749936615646,45.26324192323472,27.900587798554977
4.42,33.10868730576072,55.424235677876915,45.2763787161857,27.91987654993756
4.425,33.0622447317964,55.398701994720845,45.28945204379746,27.93914978771254
4.43,33.01587710329261,55.3731490262891,45.30246201712331,27.95840746799646
4.4350000000000005,32.969584418792024,55.347576911465836,45.315408747442824,27.97764954703835
4.44,32.923366676082864,55.32198578887771,45.32829234626188,27.996875981219734
4.445,32.87722387219888,55.29637579689385,45.341112925312615,28.016086727054628
4.45,32.83115600341938,55.27074707362588,45.35387059655348,28.03528174118954
4.455,32.78516306526921,55.24509975692791,45.366565472169185,28.05446098040347
4.46,32.73924505251876,55.21943398439654,45.37919766457074,28.073624401607905
4.465,32.69340195918397,55.193749893370864,45.39176728639544,28.092771961846832
4.47,32.64763377852633,55.168047620932455,45.404274450506854,28.111903618296722
4.4750000000000005,32.60194050305286,55.142327303905375,45.41671926999485,28.131019328266547
4.48,32.55632212451614,55.116589078856194,45.429101858175564,28.15011904919775
4.485,32.5107786339143,55.090833082093944,45.44142232859143,28.16920273866429
4.49,32.46531002149099,55.06505944967016,45.45368079501116,28.188270354372598
4.495,32.419916276735435,55.03926831737886,45.465877371429755,28.207321854161613
4.5,32.374597388382384,55.013459820756566,45.4780121720685,28.226357196002756
4.505,32.32935334441214,54.987634095082264,45.49008531137497,28.245376337999936
4.51,32.28418413205055,54.96179127537744,45.502096904023006,28.264379238389566
4.515,32.23908973776901,54.935931496406084,45.51404706491275,28.283365855540538
4.5200000000000005,32.194070147284435,54.910054892674644,45.525935909170634,28.302336147954243
4.525,32.14912534555935,54.88416159843208,45.53776355214935,28.32129007426456
4.53,32.10425531680175,54.85825174766983,45.549530109427906,28.34022759323786
4.535,32.05946004446522,54.83232547412183,45.56123569681157,28.359148663773006
4.54,32.01473951124888,54.8063829112645,45.57288043033191,28.378053244901356
4.545,31.970093699097394,54.780424192316744,45.58446442624677,28.39694129578675
4.55,31.92552258920097,54.75444945023995,45.59598780104027,28.41581277572553
4.555,31.881026161995365,54.728458817738016,45.60745067142285,28.43466764414653
4.5600000000000005,31.836604397161867,54.7024524272573,45.6188531543312,28.45350586061106
4.565,31.792257273627342,54.67643041098668,45.63019536692829,28.47232738481294
4.57,31.747984769564177,54.650392900857504,45.641477426603416,28.491132176578468
4.575,31.7037868623903,54.62434002854361,45.65269945097212,28.509920195866442
4.58,31.659663528769194,54.59827192546131,45.66386155787624,28.52869140276815
4.585,31.61561474460989,54.57218872276945,45.67496386538391,28.54744575750737
4.59,31.571640485066958,54.54609055136931,45.68600649178953,28.566183220440365
4.595,31.527740724540518,54.519977541904694,45.6969895556138,28.584903752055904
4.6000000000000005,31.48391543667622,54.49384982476188,45.7079131756037,28.603607312975242
4.605,31.440164594365296,54.467707530069646,45.71877747073249,28.622293863952116
4.61,31.396488169744487,54.44155078769925,45.72958256019972,28.640963365872764
4.615,31.35288613419609,54.41537972726444,45.74032856343122,28.65961577975591
4.62,31.309358458347955,54.389194478121446,45.751015600079114,28.67825106675278
4.625,31.26590511207347,54.36299516936901,45.7616437900218,28.696869188147076
4.63,31.222526064491564,54.33678192984833,45.77221325336397,28.715470105355006
4.635,31.179221283966726,54.310554888143116,45.7827241104366,28.73405377992526
4.64,31.135990738108976,54.284314172579556,45.79317648179693,28.75262017353903
4.6450000000000005,31.09283439377388,54.258059911226326,45.803570488228516,28.771169248009983
4.65,31.04975221706257,54.231792231894616,45.813906250741184,28.78970096528429
4.655,31.0067441733217,54.20551126213806,45.82418389057104,28.808215287440607
4.66,30.963810227143473,54.17921712925282,45.834403529180484,28.826712176690087
4.665,30.920950342365643,54.15290996027752,45.844565288258195,28.845191595376374
4.67,30.87816448207151,54.12658988199328,45.85466928971914,28.863653505975602
4.675,30.83545260858992,54.100257020923735,45.86471565570457,28.88209787109639
4.68,30.79281468349526,54.07391150333496,45.87470450858201,28.900524653479867
4.6850000000000005,30.75025066760745,54.04755345523556,45.884635970945304,28.918933815999633
4.69,30.707760520991986,54.0211830023766,45.89451016561453,28.937325321661785
4.695,30.665344202959886,53.994800270251666,45.90432721563609,28.955699133604917
4.7,30.623001672067726,53.96840538409679,45.914087244282655,28.974055215100115
4.705,30.580732886117612,53.94199846889054,45.92379037505319,28.99239352955095
4.71,30.538537802157208,53.91557964935393,45.93343673167293,29.010714040493486
4.715,30.49641637647972,53.88914904995048,45.9430264380934,29.029016711596284
4.72,30.4543685646239,53.86270679488622,45.95255961849243,29.047301506660393
4.7250000000000005,30.41239432137403,53.83625300810962,45.962036397274105,29.065568389619354
4.73,30.370493600759975,53.8097878133117,45.971456899068805,29.083817324539194
4.735,30.328666356057113,53.78331133392591,45.98082124873321,29.102048275618436
4.74,30.28691253978637,53.756823693128226,45.99012957135026,29.1202612071881
4.745,30.245232103714233,53.730325013837096,45.999381992229196,29.13845608371169
4.75,30.20362499885272,53.70381541871346,46.00857863690554,29.156632869785206
4.755,30.162091175459402,53.677295030160764,46.017719631141105,29.174791530137128
4.76,30.12063058303739,53.6507639703249,46.02680510092397,29.192932029628448
4.765,30.07924317033534,53.624222361094304,46.035835172468516,29.211054333252633
4.7700000000000005,30.037928885347455,53.597670324099845,46.04480997221541,29.229158406135653
4.775,29.996687675313495,53.571107980714935,46.05372962683158,29.247244213535954
4.78,29.95551948671875,53.54453545205543,46.06259426321028,29.265311720844487
4.785,29.91442426529406,53.51795285897969,46.071404008471006,29.28336089358469
4.79,29.87340195601581,53.491360322088575,46.080158989959564,29.30139169741249
4.795,29.832452503105934,53.464757961725425,46.08885933524804,29.319404098116316
4.8,29.791575850031904,53.438145897976064,46.097505172134795,29.337398061617073
4.805,29.750771939506745,53.41152425066881,46.106096628644494,29.355373553968167
4.8100000000000005,29.71004071348901,53.38489313937446,46.11463383302807,29.3733305413555
4.815,29.669382113182838,53.35825268340632,46.12311691376275,29.391268990097455
4.82,29.62879607903787,53.33160300182018,46.13154599955204,29.409188866644907
4.825,29.588282550749305,53.30494421341429,46.13992121932572,29.42709013758123
4.83,29.547841467257904,53.27827643672941,46.14824270223989,29.444972769622286
4.835,29.507472766749956,53.251599790048814,46.1565105776769,29.462836729616427
4.84,29.467176440195225,53.22491439167952,46.164724947938154,29.48068198586084
4.845,29.426952522412964,53.19822035940128,46.17288589220446,29.49850850832611
4.8500000000000005,29.386800950341605,53.171517809826,46.18099353892584,29.51631626507366
4.855,29.3467216584958,53.14480685928455,46.18904801757754,29.534105224260273
4.86,29.306714581160833,53.11808762384253,46.19704945754567,29.55187535418834
4.865,29.266779652392643,53.09136021930026,46.20499798812718,29.569626623305833
4.87,29.22691680601781,53.06462476119282,46.21289373852991,29.587359000206327
4.875,29.18712597563357,53.03788136478996,46.22073683787251,29.605072453628974
4.88,29.1474070946078,53.01113014509622,46.228527415184516,29.62276695245853
4.885,29.107760096079026,52.984371216850825,46.2362655994063,29.640442465725332
4.89,29.068184912956426,52.95760469452774,46.243951519389114,29.65809896260531
4.8950000000000005,29.028681477919807,52.930830692335654,46.251585303895034,29.67573641242
4.9,28.98924972341966,52.904049324218,46.25916708159701,29.6933547846365
4.905,28.949889581677084,52.877260703852926,46.26669698107885,29.710954048867524
4.91,28.910600984683853,52.8504649446533,46.274175130835204,29.728534174871367
4.915,28.871383864202368,52.82366215976672,46.28160165927158,29.746095132551922
4.92,28.83223815176569,52.79685246207553,46.28897669470435,29.763636891958658
4.925,28.793163778677524,52.77003596419677,46.29630036536074,29.781159423286656
4.93,28.754160676012226,52.743212778482246,46.30357279937881,29.798662696876573
4.9350000000000005,28.715228774614783,52.71638301701846,46.310794124807515,29.816146683214665
4.94,28.676368005100862,52.68954679162665,46.317964469606615,29.833611352932767
4.945,28.637578297856745,52.66270421386278,46.32508396164677,29.851056676808323
4.95,28.598859583039378,52.63585539501756,46.33215272870946,29.868482625764354
4.955,28.560211790576346,52.609000446116404,46.339170898487055,29.885889170869483
4.96,28.52163485016589,52.582139477919455,46.34613859858275,29.90327628333791
4.965,28.483128691276892,52.5552726009216,46.3530559565106,29.920643934529444
4.97,28.444693243148883,52.52839992535244,46.359923099695536,29.937992095949472
4.9750000000000005,28.406328434792034,52.501521561176304,46.36674015547332,29.955320739248975
4.98,28.36803419498718,52.47463761809226,46.37350725109058,29.972629836224527
4.985,28.3298104522858,52.44774820553408,46.380224513704796,29.98991935881829
4.99,28.291657135010006,52.4208534326703,46.386892070384306,30.007189279118027
4.995,28.253574171252563,52.393953408404144,46.3935100481083,30.024439569357074
5.0,28.21556148887689,52.36704824137359,46.40007857376682,30.04167020191438
5.005,28.177619015517053,52.340138039951334,46.40659777416078,30.058881149314466
5.01,28.139746678577755,52.3132229122448,46.413067776001924,30.076072384227455
5.015,28.10194440523436,52.28630296609612,46.41948870591286,30.093243879469057
5.0200000000000005,28.06421212243286,52.25937830908221,46.42586069042707,30.11039560800058
5.025,28.02654975688992,52.232449048514646,46.43218385598886,30.12752754292891
5.03,27.98895723509284,52.20551529143978,46.438458328953416,30.144639657506538
5.035,27.95143448329956,52.17857714463866,46.44468423558676,30.161731925131534
5.04,27.913981427538676,52.151634714627086,46.45086170206579,30.17880431934757
5.045,27.876597993609426,52.12468810765557,46.456990854478235,30.195856813843903
5.05,27.839284107081703,52.097737429709355,46.4630718188227,30.212889382455383
5.055,27.80203969329604,52.07078278650841,46.46910472100863,30.22990199916245
5.0600000000000005,27.76486467736362,52.043824283507426,46.47508968685633,30.246894638091142
5.065,27.727758984166275,52.01686202589585,46.481026842096966,30.26386727351307
5.07,27.690722538356486,51.98989611859782,46.48691631237255,30.280819879845456
5.075,27.653755264357375,51.962926666272224,46.49275822323596,30.2977524316511
5.08,27.616857086362714,51.93595377331266,46.49855270015092,30.31466490363841
5.085,27.58002792833692,51.90897754384748,46.504299868492,30.33155727066136
5.09,27.54326771401507,51.88199808173973,46.50999985354465,30.348429507719537
5.095,27.50657636690287,51.85501549058721,46.51565278050515,30.36528158995811
5.1000000000000005,27.469953810276678,51.828029873722436,46.52125877448066,30.382113492667838
5.105,27.433399967183515,51.801041334212655,46.52681796048917,30.398925191285073
5.11,27.39691476044103,51.774049974859835,46.53233046345953,30.415716661391762
5.115,27.360498112637536,51.74705589820068,46.53779640823147,30.43248787871544
5.12,27.32414994613197,51.72005920650662,46.54321591955554,30.449238819129224
5.125,27.287870183053943,51.693060001783806,46.548589122093176,30.46596945865184
5.13,27.251658745303693,51.66605838577312,46.55391614041663,30.482679773447597
5.135,27.21551555455212,51.639054459950174,46.55919709900906,30.499369739826392
5.14,27.179440532240758,51.61204832552531,46.564432122264435,30.51603933424371
5.1450000000000005,27.14343359958179,51.58504008344357,46.56962133448761,30.532688533300643
5.15,27.107494677558066,51.55802983438478,46.57476485989426,30.549317313743856
5.155,27.07162368692306,51.53101767876345,46.57986282261095,30.565925652465612
5.16,27.03582054820091,51.50400371672881,46.58491534667509,30.582513526503774
5.165,27.00008518168638,51.47698804816485,46.58992255603493,30.59908091304178
5.17,26.964417507444907,51.449970772690264,46.59488457454959,30.615627789408673
5.175,26.928817445312554,51.422951989658486,46.599801525989044,30.63215413307908
5.18,26.893284914896043,51.395931798157676,46.60467353403411,30.64865992167322
5.1850000000000005,26.857819835572737,51.36891029701071,46.609500722276486,30.66514513295691
5.19,26.82242212649066,51.34188758477521,46.61428321421869,30.68160974484154
5.195,26.78709170656847,51.3148637597435,46.61902113327412,30.698053735384114
5.2,26.75182849449547,51.287838919942665,46.62371460276702,30.714477082787212
5.205,26.716632408731623,51.260813163134486,46.628363745932496,30.73087976539901
5.21,26.681503367507528,51.23378658681549,46.6329686859165,30.747261761713276
5.215,26.646441288824434,51.20675928821693,46.63752954577585,30.763623050369368
5.22,26.611446090454244,51.17973136430477,46.6420464484782,30.779963610152233
5.2250000000000005,26.576517689939493,51.15270291177972,46.646519516902075,30.796283419992417
5.23,26.541656004593385,51.12567402707721,46.65094887383685,30.812582458966045
5.235,26.50686095149976,51.09864480636741,46.65533464198277,30.82886070629484
5.24,26.4721324475131,51.07161534555519,46.6596769439509,30.84511814134612
5.245,26.437470409258545,51.044585740280176,46.663975902263196,30.861354743632788
5.25,26.402874753131872,51.017556085916695,46.66823163935244,30.877570492813337
5.255,26.36834539529951,50.99052647757383,46.6724442775623,30.89376536869186
5.26,26.333882251698537,50.96349701009537,46.67661393914727,30.909939351218032
5.265,26.29948523803668,50.936467778059836,46.68074074627272,30.926092420487123
5.2700000000000005,26.2651542697923,50.90943887578048,46.68482482101486,30.942224556739998
5.275,26.230889262214433,50.882410397305286,46.68886628536075,30.958335740363104
5.28,26.196690130322732,50.85538243641695,46.69286526120834,30.974425951888485
5.285,26.162556788907516,50.82835508663292,46.69682187036639,30.99049517199377
5.29,26.128489152529742,50.80132844120534,46.70073623455455,31.006543381502198
5.295,26.09448713552102,50.77430259312111,46.7046084754033,31.022570561382576
5.3,26.060550651983608,50.74727763510183,46.70843871445399,31.038576692749313
5.305,26.026679615790403,50.72025365960386,46.71222707315883,31.05456175686241
5.3100000000000005,25.992873940584953,50.69323075881826,46.715973672880864,31.070525735127454
5.315,25.95913353978147,50.66620902467083,46.71967863489401,31.086468609095633
5.32,25.925458326564787,50.6391885488221,46.72334208038302,31.10239036046371
5.325,25.891848213890395,50.61216942266731,46.726964130443534,31.118290971074053
5.33,25.85830311448444,50.58515173733645,46.73054490608202,31.134170422914618
5.335,25.824822940843703,50.55813558369423,46.73408452821581,31.15002869811895
5.34,25.791407605235623,50.531121052340076,46.73758311767308,31.165865778966186
5.345,25.758057019698278,50.50410823360816,46.74104079519289,31.181681647881057
5.3500000000000005,25.724771096040392,50.477097217567355,46.74445768142512,31.19747628743388
5.355,25.691549745841353,50.4500880940213,46.74783389693052,31.213249680340564
5.36,25.658392880451178,50.42308095250832,46.75116956218071,31.22900180946261
5.365,25.625300410990537,50.3960758823015,46.75446479755814,31.244732657807116
5.37,25.592272248350753,50.36907297240864,46.75771972335613,31.260442208526765
5.375,25.55930830319378,50.34207231157225,46.76093445977885,31.27613044491983
5.38,25.526408485952246,50.3150739882696,46.76410912694133,31.291797350430176
5.385,25.4935727068294,50.28807809071267,46.76724384486944,31.307442908647264
5.39,25.460800875799155,50.26108470684817,46.770338733499926,31.32306710330614
5.3950000000000005,25.428092902606053,50.23409392435752,46.77339391268037,31.33866991828745
5.4,25.39544869676532,50.207105830656914,46.77640950216923,31.35425133761742
5.405,25.362868167562787,50.18012051289722,46.7793856216358,31.369811345467873
5.41,25.330351224054958,50.153138057964064,46.78232239066023,31.385349926156223
5.415,25.297897775068975,50.12615855247779,46.78521992873354,31.400867064145473
5.42,25.26550772920263,50.099182082793476,46.78807835525759,31.416362744044218
5.425,25.233180994824362,50.07220873500091,46.790897789545106,31.431836950606648
5.43,25.200917480073254,50.04523859492465,46.79367835081966,31.44728966873254
5.4350000000000005,25.16871709285904,50.018271748123915,46.79642015821569,31.46272088346727
5.44,25.136579740862107,49.99130827989271,46.799123330778464,31.478130580001785
5.445,25.10450533153348,49.96434827525975,46.801787987464145,31.493518743672645
5.45,25.072493772094834,49.937391818988466,46.80441424713972,31.50888535996199
5.455,25.04054496953849,49.910438995577024,46.80700222858303,31.524230414497556
5.46,25.00865883062742,49.883489889258314,46.80955205048279,31.539553893052666
5.465,24.976835261895243,49.85654458399996,46.81206383143857,31.554855781546237
5.47,24.94507416964622,49.82960316350431,46.81453768996077,31.570136066042778
5.4750000000000005,24.91337545995526,49.802665711208434,46.81697374447067,31.58539473275239
5.48,24.881739038667934,49.77573231028415,46.81937211330039,31.60063176803076
5.485,24.850164811400443,49.74880304363797,46.821732914692916,31.61584715837916
5.49,24.81865268353964,49.721877993911164,46.82405626680208,31.631040890444478
5.495,24.78720256024303,49.69495724347971,46.826342287692576,31.646212951019166
5.5,24.755814346438758,49.66804087445433,46.828591095339945,31.661363327041283
5.505,24.72448794682562,49.641128968680455,46.8308028076306,31.676492005594472
5.51,24.69322327165597,49.61422160876082,46.832977540445015,31.691598973411015
5.515,24.66202027729144,49.58731888499819,46.83511539387815,31.706684213573336
5.5200000000000005,24.63087887931507,49.56042087982647,46.83721648073459,31.721747713142875
5.525,24.599798980668027,49.53352767316313,46.83928091775782,31.736789460428408
5.53,24.56878048432925,49.506639344692026,46.84130882148749,31.75180944386279
5.535,24.537823293315476,49.479755973863405,46.843300308259465,31.766807652002953
5.54,24.50692731068125,49.4528776398939,46.84525549420578,31.7817840735299
5.545,24.476092439518908,49.42600442176652,46.847174495254684,31.796738697248706
5.55,24.445318582958578,49.39913639823068,46.8490574271306,31.811671512088527
5.555,24.414605644168194,49.37227364780218,46.85090440535416,31.82658250710259
5.5600000000000005,24.383953526353473,49.3454162487632,46.85271554524216,31.841471671468195
5.565,24.35336213275795,49.31856427916231,46.85449096190763,31.856338994486716
5.57,24.322831366662943,49.291717816814476,46.85623077025975,31.871184465583607
5.575,24.292361131387562,49.26487693930105,46.85793508500392,31.886008074308393
5.58,24.26195133028872,49.23804172396976,46.859604020641726,31.900809810334668
5.585,24.231601866761128,49.21121224793473,46.86123769147094,31.915589663460114
5.59,24.201312644237294,49.18438858807648,46.862836211585524,31.930347623606476
5.595,24.17108356618752,49.15757082104191,46.86439969487565,31.945083680819575
5.6000000000000005,24.140914536119897,49.1307590232443,46.86592825502766,31.959797825269316
5.605,24.110805457580334,49.10395327086334,46.867422005524105,31.974490047249663
5.61,24.080756234152517,49.0771536398451,46.86888105964372,31.989160337178664
5.615,24.050766769457937,49.05036020590202,46.87030553046142,32.00380868559844
5.62,24.02083696715588,49.02357304451294,46.87169553084835,32.01843508317519
5.625,23.990966730943427,48.996792230923106,46.8730511734718,32.03303952069918
5.63,23.961155964555456,48.97001784014412,46.87437257079529,32.04762198908475
5.635,23.93140457176465,48.943249946954005,46.87565983507851,32.062182479370335
5.64,23.90171245638147,48.91648862589714,46.87691307837735,32.07672098271842
5.6450000000000005,23.87207952225419,48.88973395128431,46.87813241254389,32.09123749041557
5.65,23.84250567326888,48.862985997192695,46.87931794922641,32.105731993872425
5.655,23.81299081334941,48.83624483746584,46.88046979986937,32.12020448462371
5.66,23.78353484645742,48.809510545713714,46.88158807571343,32.13465495432821
5.665,23.75413767659238,48.782783195312625,46.88267288779544,32.149083394768795
5.67,23.724799207791538,48.75606285940532,46.88372434694843,32.16348979785241
5.675,23.69551934412994,48.72934961090089,46.88474256380166,32.177874155610056
5.68,23.66629798972044,48.702643522474844,46.88572764878053,32.19223646019683
5.6850000000000005,23.63713504871367,48.67594466656907,46.88667971210668,32.206576703891905
5.69,23.608030425298082,48.64925311539185,46.887598863797905,32.22089487909851
5.695,23.578984023699903,48.62256894091784,46.88848521366821,32.23519097834396
5.7,23.54999574818317,48.59589221488808,46.8893388713278,32.249464994279634
5.705,23.52106550304971,48.56922300881004,46.890159946183054,32.26371691968101
5.71,23.49219319263915,48.54256139395752,46.89094854743656,32.277946747447615
5.715,23.463378721328912,48.51590744137076,46.891704784087075,32.29215447060306
5.72,23.434621993534215,48.48926122185634,46.89242876492957,32.30634008229503
5.7250000000000005,23.405922913708068,48.462622805987266,46.8931205985552,32.32050357579529
5.73,23.3772813863413,48.43599226410292,46.89378039335132,32.33464494449967
5.735,23.348697315962507,48.40936966630907,46.89440825750146,32.34876418192808
5.74,23.320170607138103,48.38275508247787,46.895004298985356,32.362861281724506
5.745,23.291701164472283,48.35614858224787,46.89556862557893,32.376936237657
5.75,23.263288892607054,48.329550235023994,46.89610134485431,32.3909890436177
5.755,23.234933696222207,48.30296010997757,46.89660256417979,32.40501969362281
5.76,23.20663548003533,48.27637827604631,46.89707239071987,32.419028181812614
5.765,23.178394148801825,48.2498048019343,46.89751093143526,32.43301450245147
5.7700000000000005,23.150209607314864,48.223239756112044,46.89791829308283,32.4469786499278
5.775,23.12208176040544,48.1966832068164,46.89829458221566,32.460920618754116
5.78,23.09401051294233,48.17013522205064,46.898639905183025,32.474840403567
5.785,23.065995769832107,48.14359586958441,46.89895436813038,32.488737999127096
5.79,23.038037436019145,48.11706521695375,46.89923807699938,32.50261340031914
5.795,23.010135416485614,48.09054333146108,46.89949113752788,32.51646660215194
5.8,22.98228961625148,48.06403028017522,46.899713655249904,32.53029759975835
5.805,22.954499940374504,48.03752612993137,46.89990573549569,32.54410638839535
5.8100000000000005,22.926766293950244,48.01103094733113,46.90006748339166,32.557892963443955
5.815,22.89908858211206,47.98454479874246,46.90019900386043,32.571657320409265
5.82,22.871466710031104,47.958067750299755,46.9003004016208,32.585399454920456
5.825,22.843900582916323,47.93159986790374,46.90037178118777,32.599119362730775
5.83,22.816390106014467,47.90514121722158,46.90041324687254,32.61281703971755
5.835,22.78893518461007,47.878691863686804,46.90042490278248,32.62649248188218
5.84,22.76153572402548,47.852251872499316,46.900406852821185,32.64014568535014
5.845,22.73419162962083,47.82582130862544,46.9003592006884,32.65377664637098
5.8500000000000005,22.706902806794048,47.79940023679786,46.90028204988009,32.66738536131832
5.855,22.679669160980872,47.772988721515674,46.900175503688416,32.68097182668984
5.86,22.652490597654822,47.74658682704434,46.90003966520172,32.69453603910734
5.865,22.62536702232722,47.72019461741573,46.89987463730453,32.70807799531665
5.87,22.598298340547192,47.69381215642808,46.89968052267758,32.72159769218769
5.875,22.571284457901648,47.66743950764604,46.899457423797784,32.73509512671446
5.88,22.5443252800153,47.64107673440062,46.89920544293827,32.74857029601503
5.885,22.51742071255066,47.61472389978925,46.89892468216832,32.76202319733154
5.89,22.490570661208032,47.58838106667571,46.89861524335345,32.77545382803021
5.8950000000000005,22.463775031725515,47.562048297690204,46.89827722815534,32.78886218560133
5.9,22.43703372987902,47.53572565522931,46.89791073803187,32.80224826765928
5.905,22.41034666148223,47.509413201455985,46.89751587423712,32.81561207194248
5.91,22.38371373238665,47.48311099829959,46.897092737821346,32.82895359631347
5.915,22.357134848481557,47.45681910745586,46.89664142963102,32.84227283875882
5.92,22.330609915694044,47.430537590386926,46.896162050308774,32.85556979738921
5.925,22.304138839988994,47.40426650832131,46.89565470029346,32.86884447043937
5.93,22.27772152736908,47.378005922253905,46.89511947982011,32.88209685626812
5.9350000000000005,22.25135788387478,47.351755892946024,46.89455648891995,32.89532695335836
5.94,22.22504781558437,47.32551648092534,46.8939658274204,32.90853476031703
5.945,22.19879122861392,47.299287746485916,46.89334759494507,32.92172027587518
5.95,22.172588029117296,47.273069749688226,46.89270189091376,32.93488349888793
5.955,22.146438123286156,47.24686255035911,46.89202881454246,32.94802442833445
5.96,22.120341417349962,47.2206662080918,46.891328464843376,32.96114306331801
5.965,22.094297817575967,47.19448078224591,46.890600940624864,32.97423940306595
5.97,22.068307230269227,47.16830633194747,46.88984634049151,32.987313446929676
5.9750000000000005,22.04236956177259,47.142142916088865,46.88906476284407,33.00036519438467
5.98,22.0164847184667,47.11599059332889,46.8882563058795,33.0133946450305
5.985,21.990652606770006,47.08984942209271,46.88742106759096,33.02640179859079
5.99,21.964873133138738,47.06371946057191,46.88655914576777,33.03938665491326
5.995,21.93914620406694,47.03760076672442,46.88567063799547,33.05234921396968
6.0,21.913471726086442,47.01149339827459,46.88475564165579,33.06528947585591
6.005,21.887849605766867,46.985397412713134,46.88381425392664,33.07820744079189
6.01,21.862279749715654,46.95931286729719,46.882846571782125,33.091103109121626
6.015000000000001,21.836762064578007,46.93323981905024,46.881852691992556,33.10397648131319
6.0200000000000005,21.811296457036963,46.9071783247622,46.88083271112442,33.11682755795874
6.025,21.78588283381333,46.88112844098933,46.8797867255404,33.12965633977451
6.03,21.76052110166572,46.85509022405431,46.87871483139938,33.1424628276008
6.035,21.735211167390545,46.82906373004619,46.87761712465642,33.155247022402
6.04,21.70995293782201,46.80304901482042,46.876493701062785,33.16800892526655
6.045,21.68474631983212,46.77704613399882,46.87534465616593,33.18074853740698
6.05,21.659591220330665,46.75105514296963,46.874170085309494,33.19346586015989
6.055,21.634487546265248,46.72507609688745,46.87297008363333,33.20616089498596
6.0600000000000005,21.60943520462126,46.69910905067327,46.87174474607345,33.21883364346996
6.065,21.58443410242189,46.67315405901449,46.87049416736209,33.23148410732068
6.07,21.559484146728128,46.64721117636488,46.86921844202765,33.24411228837104
6.075,21.534585244638755,46.62128045694459,46.86791766439475,33.25671818857803
6.08,21.509737303290343,46.595361954740184,46.866591928584185,33.26930181002267
6.085,21.484940229857276,46.56945572350459,46.86524132851294,33.2818631549101
6.09,21.460193931551725,46.54356181675714,46.863865957894205,33.29440222556951
6.095,21.435498315623658,46.51768028778355,46.86246591023735,33.30691902445419
6.1000000000000005,21.410853289360833,46.491811189635904,46.86104127884794,33.31941355414147
6.105,21.38625876008883,46.46595457513271,46.85959215682774,33.331885817332775
6.11,21.36171463517099,46.44011049685886,46.858118637074696,33.34433581685361
6.115,21.337220822008483,46.41427900716558,46.85662081228296,33.35676355565353
6.12,21.312777228040254,46.38846015817057,46.85509877494286,33.3691690368062
6.125,21.288383760743056,46.36265400175784,46.85355261734093,33.38155226350932
6.13,21.26404032763143,46.33686058957783,46.85198243155988,33.3939132390847
6.135,21.239746836257723,46.31107997304737,46.85038830947863,33.4062519669782
6.140000000000001,21.21550319421207,46.285312203349655,46.84877034277228,33.41856845075977
6.1450000000000005,21.19130930912241,46.25955733143428,46.84712862291214,33.43086269412343
6.15,21.167165088654475,46.233815408017236,46.84546324116568,33.443134700887256
6.155,21.143070440511792,46.2080864835809,46.84377428859659,33.45538447499343
6.16,21.119025272435692,46.182370608374015,46.84206185606474,33.467612020508184
6.165,21.095029492205292,46.15666783241174,46.8403260342262,33.47981734162184
6.17,21.07108300763752,46.13097820547561,46.83856691353322,33.49200044264879
6.175,21.047185726587077,46.105301777113546,46.83678458423425,33.50416132802749
6.18,21.023337556946487,46.07963859663986,46.834979136373946,33.51630000232049
6.1850000000000005,20.999538406646053,46.053988713135254,46.83315065979312,33.5284164702144
6.19,20.975788184749053,46.02835217659505,46.831299244580784,33.540510735792516
6.195,20.952086812271467,46.00272904937915,46.82942498556864,33.55258279526094
6.2,20.92843420014493,45.977119383202286,46.82752797325153,33.564632651499615
6.205,20.90483025539008,45.951523225389266,46.825608296263006,33.5766603101341
6.21,20.88127488515733,45.92594062308482,46.82366604303477,33.58866577687327
6.215,20.85776799672689,45.900371623253626,46.82170130179663,33.60064905750934
6.22,20.834309497508723,45.874816272680256,46.81971416057653,33.612610157917835
6.2250000000000005,20.8108992950426,45.84927461796924,46.81770470720053,33.624549084057634
6.23,20.78753729699806,45.82374670554502,46.815673029292796,33.636465841970946
6.235,20.764223411174427,45.798232581651966,46.813619214275654,33.648360437783296
6.24,20.7409575455008,45.77273229235438,46.81154334936952,33.66023287770355
6.245,20.717739608036073,45.74724588353647,46.80944552159296,33.6720831680239
6.25,20.694569506968904,45.721773400902414,46.807325817762646,33.683911315119886
6.255,20.67144715061774,45.69631488997628,46.805184324493375,33.69571732545036
6.26,20.64837244743081,45.670870396102075,46.80302112819807,33.707501205557506
6.265000000000001,20.625345305986112,45.64543996444372,46.80083631508778,33.71926296206686
6.2700000000000005,20.602365634991454,45.62002363998509,46.798629971171664,33.73100260168726
6.275,20.579433343284393,45.594621467529976,46.79640218225703,33.742720131210895
6.28,20.556548339832286,45.56923349170208,46.79415303394929,33.754415557513276
6.285,20.533710533732265,45.54385975694505,46.791882611651985,33.76608888755326
6.29,20.51091983421124,45.51850030752245,46.789591000566766,33.77774012837302
6.295,20.488176150625907,45.49315518751778,46.78727828569343,33.789369287098054
6.3,20.46547939246274,45.46782444083446,46.78494455182989,33.800976370937214
6.305,20.442829469337994,45.44250811119584,46.782589883572165,33.812561387182676
6.3100000000000005,20.420226290997707,45.4172062421452,46.780214365314414,33.82412434320993
6.315,20.3976697673177,45.39191887704573,46.77781808124893,33.83566524647781
6.32,20.375159808303575,45.36664605908059,46.7754011153661,33.84718410452849
6.325,20.3526963240907,45.3413878312528,46.77296355145446,33.85868092498746
6.33,20.33027922494425,45.31614423638537,46.770505473100656,33.870155715563556
6.335,20.307908421259157,45.290915317121204,46.76802696368946,33.881608484048925
6.34,20.285583823560145,45.265701115923136,46.76552810640376,33.89303923831906
6.345,20.26330534250172,45.240501675073936,46.763008984224584,33.90444798633279
6.3500000000000005,20.241072888868167,45.215317036676296,46.76046967993108,33.91583473613226
6.355,20.218886373573554,45.19014724265284,46.757910276100496,33.927199495842956
6.36,20.196745707661723,45.16499233474611,46.75533085510824,33.9385422736737
6.365,20.174650802306306,45.13985235451858,46.75273149912781,33.94986307791662
6.37,20.152601568810713,45.11472734335265,46.75011229013085,33.96116191694721
6.375,20.130597918608128,45.089617342450644,46.74747330988711,33.97243879922428
6.38,20.108639763261525,45.064522392834824,46.74481463996448,33.98369373328996
6.385,20.086727014463655,45.03944253534736,46.74213636172897,33.99492672776972
6.390000000000001,20.06485958403705,45.01437781065037,46.73943855634469,34.00613779137238
6.3950000000000005,20.043037383934024,44.9893282592259,46.73672130477391,34.01732693289006
6.4,20.021260326236675,44.9642939213759,46.733984687776996,34.028494161198225
6.405,19.999528323156877,44.93927483722225,46.73122878591245,34.03963948525568
6.41,19.977841287036284,44.91427104670678,46.72845367953689,34.05076291410454
6.415,19.956199130346338,44.88928258959123,46.725659448805075,34.06186445687027
6.42,19.934601765688253,44.86430950545727,46.72284617366985,34.07294412276166
6.425,19.91304910579303,44.83935183370651,46.72001393388223,34.084001921070836
6.43,19.89154106352145,44.81440961356045,46.71716280899131,34.095037861173246
6.4350000000000005,19.87007755186407,44.789482884060554,46.714292878344345,34.10605195252768
6.44,19.848658483941243,44.76457168406821,46.71140422108668,34.11704420467625
6.445,19.82728377300308,44.73967605226471,46.70849691616182,34.12801462724439
6.45,19.8059533324295,44.714796027151294,46.705571042311355,34.1389632299409
6.455,19.784667075730173,44.68993164704912,46.70262667807503,34.14989002255787
6.46,19.763424916544576,44.665082950099276,46.699663901790686,34.16079501497075
6.465,19.742226768641952,44.64024997426277,46.69668279159431,34.17167821713831
6.47,19.72107254592133,44.61543275732055,46.693683425420005,34.18253963910265
6.4750000000000005,19.699962162411513,44.59063133687348,46.690665880999994,34.19337929098921
6.48,19.678895532271106,44.56584575034235,46.68763023586462,34.20419718300675
6.485,19.657872569788466,44.541076034967894,46.684576567342354,34.21499332544737
6.49,19.636893189381755,44.51632222781075,46.681504952559806,34.22576772868649
6.495,19.6159573055989,44.49158436575149,46.67841546844167,34.23652040318288
6.5,19.59506483311762,44.46686248549064,46.675308191710805,34.247251359478625
6.505,19.574215686745404,44.4421566235486,46.67218319888817,34.25796060819915
6.51,19.553409781419532,44.417466816265744,46.66904056629285,34.268648160053196
6.515000000000001,19.532647032207056,44.392793099802354,46.66588037004206,34.27931402583287
6.5200000000000005,19.511927354304824,44.368135510138636,46.662702686051134,34.28995821641356
6.525,19.49125066303945,44.34349408307474,46.65950759003353,34.30058074275403
6.53,19.470616873867332,44.31886885423071,46.65629515750082,34.31118161589635
6.535,19.450025902374655,44.294259859046555,46.65306546376272,34.32176084696594
6.54,19.429477664277375,44.26966713278219,46.64981858392705,34.33231844717153
6.545,19.40897207542124,44.24509071051745,46.64655459289977,34.34285442780519
6.55,19.388509051781774,44.22053062715213,46.64327356538494,34.353368800242336
6.555,19.368088509464275,44.19598691740591,46.63997557588477,34.36386157594169
6.5600000000000005,19.347710364703836,44.17145961581842,46.63666069869957,34.37433276644532
6.565,19.327374533865324,44.146948756749225,46.63332900792779,34.38478238337863
6.57,19.307080933443384,44.122454374377796,46.62998057746601,34.395210438450334
6.575,19.286829480062444,44.09797650270354,46.62661548100889,34.4056169434525
6.58,19.266620090476717,44.07351517554579,46.62323379204927,34.41600191026052
6.585,19.24645268157019,44.04907042654383,46.61983558387808,34.42636535083311
6.59,19.22632717035664,44.024642289156816,46.61642092958437,34.43670727721233
6.595,19.20624347397961,44.00023079666389,46.61298990205534,34.44702770152356
6.6000000000000005,19.186201509712443,43.97583598216408,46.609542573976285,34.45732663597551
6.605,19.166201194958255,43.951457878576356,46.606079017830645,34.46760409286024
6.61,19.146242447249932,43.92709651863962,46.602599305899965,34.477860084553114
6.615,19.126325184250156,43.90275193491271,46.59910351026392,34.48809462351285
6.62,19.106449323751388,43.87842415977435,46.59559170280032,34.49830772228149
6.625,19.08661478367586,43.854113225423234,46.59206395518509,34.5084993934844
6.63,19.066821482075596,43.82981916387796,46.58852033889226,34.51866964983028
6.635,19.047069337132392,43.80554200697706,46.58496092519402,34.52881850411117
6.640000000000001,19.027358267157833,43.781281786379004,46.58138578516065,34.53894596920244
6.6450000000000005,19.00768819059328,43.75703853356217,46.57779498966057,34.54905205806278
6.65,18.98805902600988,43.73281227982487,46.57418860936031,34.55913678373421
6.655,18.968470692108554,43.70860305628534,46.570566714724556,34.56920015934211
6.66,18.948923107720006,43.68441089388176,46.566929376016084,34.57924219809515
6.665,18.929416191804727,43.66023582337221,46.563276663295795,34.58926291328537
6.67,18.90994986345298,43.63607787533472,46.55960864642273,34.59926231828811
6.675,18.890524041884813,43.61193708016724,46.555925395054054,34.60924042656206
6.68,18.871138646450056,43.58781346808764,46.552226978645024,34.61919725164923
6.6850000000000005,18.85179359662832,43.56370706913371,46.548513466449066,34.629132807174976
6.69,18.832488812029,43.539617913163205,46.54478492751769,34.63904710684797
6.695,18.813224212391262,43.51554602985376,46.54104143070056,34.648940164460214
6.7,18.793999717584065,43.49149144870297,46.537283044645434,34.65881199388706
6.705,18.77481524760614,43.46745419902834,46.53350983779821,34.668662609087185
6.71,18.755670722585997,43.44343430996731,46.529721878402924,34.678492024102574
6.715,18.73656606278194,43.41943181047724,46.52591923450171,34.68830025305858
6.72,18.717501188582045,43.395446729335426,46.522101973934824,34.69808731016385
6.7250000000000005,18.698476020504163,43.37147909513907,46.51827016434066,34.70785320971039
6.73,18.67949047919594,43.347528936305345,46.514423873155735,34.71759796607354
6.735,18.660544485434794,43.3235962810713,46.51056316761469,34.72732159371194
6.74,18.64163796012793,43.29968115749395,46.50668811475027,34.73702410716759
6.745,18.622770824312322,43.275783593450214,46.502798781393366,34.74670552106581
6.75,18.60394299915474,43.25190361663694,46.49889523417299,34.75636585011526
6.755,18.585154405951723,43.22804125457092,46.494977539516256,34.76600510910791
6.76,18.566404966129596,43.204196534588846,46.49104576364843,34.77562331291909
6.765000000000001,18.547694601244466,43.18036948384736,46.48709997259288,34.78522047650743
6.7700000000000005,18.529023232982222,43.156560129323026,46.4831402321711,34.79479661491493
6.775,18.51039078315853,43.132768497812336,46.479166608002735,34.804351743266885
6.78,18.49179717371884,43.10899461593169,46.4751791655055,34.81388587677194
6.785,18.47324232673838,43.08523851011745,46.47117796989529,34.823399030722065
6.79,18.454726164422162,43.06150020662587,46.46716308618608,34.83289122049257
6.795,18.436248609104975,43.03777973153315,46.46313457918999,34.84236246154207
6.8,18.417809583251397,43.014077110735414,46.45909251351727,34.85181276941256
6.805,18.399409009455773,42.990392369948715,46.45503695357626,34.861242159729315
6.8100000000000005,18.381046810442243,42.96672553470902,46.45096796357346,34.87065064820097
6.815,18.362722909064725,42.94307663037225,46.44688560751349,34.88003825061948
6.82,18.344437228306912,42.91944568211422,46.44278994919905,34.88940498286014
6.825,18.326189691282284,42.895832714930705,46.43868105223102,34.89875086088158
6.83,18.307980221234097,42.87223775363738,46.434558980008376,34.90807590072574
6.835,18.289808741535392,42.84866082286985,46.43042379572821,34.91738011851791
6.84,18.27167517568899,42.82510194708367,46.426275562385754,34.926663530466705
6.845,18.25357944732749,42.80156115055429,46.42211434277436,34.93592615286408
6.8500000000000005,18.235521480213272,42.778038457377114,46.41794019948549,34.945168002085296
6.855,18.21750119823851,42.75453389146747,46.41375319490874,34.954389094588976
6.86,18.199518525425137,42.73104747656059,46.409553391231846,34.96358944691706
6.865,18.181573385924885,42.70757923621165,46.40534085044062,34.97276907569481
6.87,18.163665704019255,42.68412919379576,46.401115634319055,34.98192799763085
6.875,18.14579540411954,42.66069737250795,46.396877804449225,34.99106622951709
6.88,18.127962410766806,42.63728379536316,46.39262742221134,35.00018378822881
6.885,18.110166648631903,42.613888485196284,46.388364548783734,35.0092806907246
6.890000000000001,18.09240804153379,42.590511468242745,46.38408924831796,35.01835695176081
6.8950000000000005,18.07468650955233,42.56715278280111,46.37980159584999,35.02741257826919
6.9,18.05700197623645,42.54381245233516,46.37550165352498,35.03644758649107
6.905,18.03935436578104,42.520490498189325,46.37118948157681,35.04546199397645
6.91,18.02174360251694,42.497186941586975,46.36686514008317,35.054455818315155
6.915,18.004169610910925,42.473901803630426,46.362528688965554,35.0634290771368
6.92,17.98663231556573,42.45063510530095,46.358180187989255,35.07238178811085
6.925,17.969131641220027,42.42738686745877,46.35381969676337,35.08131396894655
6.93,17.951667512748443,42.40415711084305,46.34944727474079,35.090225637392976
6.9350000000000005,17.934239855161547,42.38094585607191,46.345062981218234,35.09911681123902
6.94,17.916848593605856,42.35775312364243,46.340666875336204,35.10798750831337
6.945,17.899493653363837,42.33457893393063,46.336259016079005,35.116837746484556
6.95,17.882174959853895,42.31142330719147,46.33183946227475,35.125667543660896
6.955,17.864892438630392,42.288286263558874,46.32740827259537,35.134476917790536
6.96,17.84764601538363,42.265167823045715,46.32296550555657,35.143265886861435
6.965,17.830435615939866,42.2420680055438,46.31851121951787,35.15203446890136
6.97,17.813261166261288,42.218986830823916,46.31404547268261,35.1607826819779
6.9750000000000005,17.796122592446043,42.195924318535766,46.30956832309791,35.169510544198445
6.98,17.77901982072823,42.17288048820803,46.305079828654705,35.17821807371022
6.985,17.761952777477884,42.14985535924832,46.300580047087735,35.18690528870024
6.99,17.74492138920099,42.12684895094321,46.29606903597553,35.195572207395344
6.995,17.72792558253948,42.103861282458226,46.29154685274043,35.2042188480622
7.0,17.710965284271236,42.080892372837816,46.287013554648595,35.21284522900726
7.005,17.69404042131008,42.057942241005414,46.28246919880996,35.221451368576815
7.01,17.677150920705788,42.035010905763386,46.277913842178286,35.23003728515697
7.015000000000001,17.660296709644072,42.012098385793045,46.27334754155112,35.238602997173615
7.0200000000000005,17.64347771544661,41.989204699654664,46.26877035356982,35.247148523092484
7.025,17.626693865571013,41.96632986578746,46.26418233471956,35.25567388141911
7.03,17.609945087610836,41.9434739025096,46.25958354132928,35.26417909069885
7.035,17.59323130929559,41.9206368280182,46.25497402957177,35.27266416951688
7.04,17.57655245849073,41.89781866038933,46.25035385546359,35.28112913649816
7.045,17.55990846319765,41.87501941757802,46.24572307486512,35.28957401030749
7.05,17.54329925155371,41.852239117418215,46.24108174348052,35.297998809649485
7.055,17.52672475183219,41.82947777762284,46.236429916857794,35.30640355326856
7.0600000000000005,17.510184892442343,41.80673541578376,46.23176765038872,35.31478825994895
7.065,17.49367960192935,41.7840120493718,46.22709499930887,35.323152948514704
7.07,17.477208808974353,41.761307695736726,46.22241201869764,35.33149763782969
7.075,17.46077244239443,41.73862237210725,46.21771876347823,35.33982234679758
7.08,17.44437043114261,41.71595609559104,46.21301528841764,35.34812709436187
7.085,17.42800270430787,41.693308883174716,46.20830164812665,35.356411899505865
7.09,17.411669191115127,41.670680751723836,46.20357789705987,35.364676781252676
7.095,17.395369820925257,41.64807171798292,46.198844089515724,35.37292175866524
7.1000000000000005,17.37910452323507,41.625481798575436,46.194100279636395,35.38114685084632
7.105,17.36287322767734,41.6029110100038,46.18934652140791,35.38935207693845
7.11,17.346675864020767,41.58035936864938,46.18458286866008,35.39753745612402
7.115,17.330512362170012,41.55782689077249,46.179809375066526,35.40570300762522
7.12,17.314382652165676,41.535313592512395,46.17502609414466,35.41384875070405
7.125,17.298286664184314,41.512819489887306,46.17023307925572,35.42197470466232
7.13,17.28222432853842,41.4903445987944,46.16543038360473,35.430080888841665
7.135,17.266195575676438,41.467888935009775,46.160618060240516,35.43816732262354
7.140000000000001,17.250200336182758,41.44545251418851,46.155796162055715,35.44623402542919
7.1450000000000005,17.23423854077772,41.42303535186462,46.150964741786765,35.45428101671969
7.15,17.21831012031761,41.40063746345106,46.14612385201391,35.462308315995934
7.155,17.20241500579466,41.378258864239754,46.141273545161184,35.470315942798614
7.16,17.186553128337042,41.355899569401565,46.136413873496444,35.47830391670825
7.165,17.17072441920889,41.33355959398631,46.131544889131334,35.48627225734516
7.17,17.154928809810272,41.31123895292274,46.12666664402131,35.4942209843695
7.175,17.13916623167721,41.288937661018586,46.121779189965636,35.502150117481214
7.18,17.123436616481662,41.2666557329605,46.11688257860736,35.510059676420084
7.1850000000000005,17.107739896031543,41.2443931833141,46.11197686143335,35.517949680965685
7.19,17.092076002270723,41.222150026523956,46.10706208977427,35.52582015093742
7.195,17.076444867278997,41.19992627691357,46.10213831480459,35.5336711061945
7.2,17.060846423272125,41.17772194868542,46.09720558754258,35.54150256663594
7.205,17.0452806026018,41.15553705592091,46.09226395885033,35.5493145522006
7.21,17.029747337755676,41.133371612580405,46.0873134794337,35.55710708286711
7.215,17.014246561357346,41.11122563250321,46.082354199842385,35.564880178653965
7.22,16.99877820616635,41.089099129407614,46.077386170469865,35.57263385961942
7.2250000000000005,16.98334220507817,41.066992116890795,46.072409441553425,35.58036814586159
7.23,16.967938491124247,41.04490460842894,46.06742406317416,35.588083057518375
7.235,16.95256699747196,41.022836617377166,46.06243008525697,35.595778614767504
7.24,16.93722765742464,41.00078815696951,46.05742755757054,35.60345483782651
7.245,16.921920404421556,40.978759240319015,46.05241652972739,35.611111746952744
7.25,16.906645172037933,40.95674988041762,46.04739705118381,35.61874936244337
7.255,16.891401893984945,40.934760090136244,46.042369171239905,35.62636770463537
7.26,16.876190504109697,40.91278988222476,46.0373329390396,35.63396679390554
7.265000000000001,16.861010936395257,40.89083926931196,46.0322884035706,35.641546650670485
7.2700000000000005,16.845863124960637,40.868908263905624,46.027235613664416,35.64910729538663
7.275,16.83074700406079,40.84699687839245,46.02217461799638,35.65664874855019
7.28,16.815662508086618,40.825105125038114,46.017105465085606,35.66417103069724
7.285,16.80060957156497,40.80323301598722,46.01202820329503,35.671674162403626
7.29,16.785588129158647,40.781380563263326,46.00694288083138,35.679158164285035
7.295,16.77059811566639,40.75954777876895,46.00184954574518,35.68662305699696
7.3,16.75563946602289,40.73773467428555,45.99674824593078,35.69406886123468
7.305,16.74071211529878,40.71594126147353,45.991639029126304,35.70149559773335
7.3100000000000005,16.72581599870065,40.69416755187226,45.986521942913704,35.70890328726788
7.315,16.71095105157103,40.67241355690006,45.98139703471873,35.71629195065302
7.32,16.696117209388394,40.650679287854175,45.97626435181092,35.723661608743335
7.325,16.681314407767168,40.62896475591082,45.97112394130363,35.73101228243319
7.33,16.666542582457726,40.60726997212515,45.96597585015402,35.73834399265679
7.335,16.651801669346387,40.58559494743129,45.96082012516304,35.74565676038812
7.34,16.63709160445541,40.56393969264229,45.95565681297546,35.75295060664101
7.345,16.622412323943013,40.54230421845016,45.950485960079845,35.76022555246907
7.3500000000000005,16.60776376410335,40.52068853542586,45.94530761280855,35.767481618965775
7.355,16.59314586136653,40.49909265401931,45.94012181733776,35.77471882726436
7.36,16.578558552298606,40.47751658455935,45.93492861968745,35.7819371985379
7.365,16.56400177360158,40.455960337253806,45.929728065721385,35.78913675399929
7.37,16.54947546211339,40.43442392218943,45.92452020114716,35.79631751490121
7.375,16.534979554807936,40.41290734933194,45.91930507151615,35.8034795025362
7.38,16.520513988795056,40.39141062852599,45.91408272222354,35.810622738236574
7.385,16.506078701320536,40.369933769495184,45.90885319850833,35.81774724337447
7.390000000000001,16.491673629766108,40.34847678184208,45.9036165454533,35.824853039361855
7.3950000000000005,16.477298711649457,40.327039675048205,45.89837280798507,35.831940147650485
7.4,16.462953884624206,40.305622458474,45.89312203087401,35.839008589731954
7.405,16.448639086479936,40.284225141358874,45.887864258734346,35.84605838713766
7.41,16.43435425514216,40.26284773282119,45.882599536024074,35.85308956143881
7.415,16.420099328672354,40.241490241858266,45.87732790704501,35.860102134246425
7.42,16.405874245267924,40.22015267734635,45.872049415942755,35.86709612721135
7.425,16.391678943262235,40.19883504804064,45.86676410670673,35.87407156202424
7.43,16.3775133611246,40.177537362575315,45.861472023170165,35.88102846041556
7.4350000000000005,16.36337743746027,40.15625962946347,45.856173209010066,35.88796684415559
7.44,16.349271111010445,40.135001857097166,45.85086770774727,35.89488673505443
7.445,16.33519432065228,40.11376405374741,45.8455555627464,35.901788154961984
7.45,16.32114700539887,40.09254622756416,45.84023681721589,35.908671125767974
7.455,16.30712910439925,40.071348386576325,45.83491151420797,35.91553566940194
7.46,16.293140556938422,40.050170538691766,45.82957969661868,35.922381807833226
7.465,16.279181302437312,40.029012691697275,45.82424140718786,35.92920956307101
7.47,16.26525128045281,40.00787485325863,45.818896688499166,35.936018957164265
7.4750000000000005,16.25135043067774,39.986757030920515,45.81354558298003,35.942810012201775
7.48,16.237478692940883,39.9656592321066,45.80818813290172,35.94958275031216
7.485,16.223636007206963,39.9445814641195,45.80282438037927,35.956337193663835
7.49,16.20982231357665,39.92352373414076,45.79745436737155,35.963073364465025
7.495,16.196037552286562,39.90248604923089,45.79207813568122,35.9697912849638
7.5,16.182281663709265,39.88146841632934,45.78669572695474,35.976490977448
7.505,16.168554588353267,39.86047084225452,45.781307182682376,35.983172464245314
7.51,16.154856266863025,39.83949333370379,45.7759125441982,35.98983576772323
7.515000000000001,16.141186640018947,39.818535897253454,45.77051185268008,35.99648091028905
7.5200000000000005,16.127545648737385,39.797598539358766,45.7651051491497,36.00310791438989
7.525,16.113933234070636,39.77668126635393,45.75969247447254,36.0097168025127
7.53,16.10034933720695,39.75578408445212,45.754273869357874,36.0163075971842
7.535,16.086793899470514,39.734906999745405,45.74884937435879,36.02288032097096
7.54,16.073266862321468,39.71405001820487,45.743419029872186,36.02943499647937
7.545,16.0597681673559,39.69321314568052,45.73798287613875,36.03597164635559
7.55,16.046297756305844,39.67239638790129,45.73254095324297,36.04249029328564
7.555,16.032855571039278,39.6515997504751,45.72709330111315,36.04899095999533
7.5600000000000005,16.019441553560124,39.630823238888794,45.7216399595214,36.05547366925029
7.565,16.006055646008264,39.6100668585082,45.716180968083606,36.06193844385597
7.57,15.992697790659513,39.589330614578046,45.71071636625949,36.06838530665762
7.575,15.979367929925642,39.56861451222205,45.70524619335256,36.074814280540316
7.58,15.96606600635436,39.54791855644286,45.69977048851013,36.08122538842893
7.585,15.952791962629334,39.527242752122085,45.69428929072332,36.08761865328819
7.59,15.939545741570168,39.506587104020284,45.68880263882705,36.09399409812258
7.595,15.926327286132416,39.48595161677695,45.683310571500044,36.10035174597645
7.6000000000000005,15.913136539407578,39.465336294910536,45.67781312726483,36.10669161993392
7.605,15.899973444623107,39.44474114281846,45.67231034448773,36.11301374311896
7.61,15.886837945142396,39.42416616477706,45.66680226137888,36.119318138695334
7.615,15.87372998446479,39.40361136494165,45.66128891599223,36.12560482986663
7.62,15.860649504682529,39.383076749452144,45.655770348362566,36.13187383865803
7.625,15.847596437996927,39.36256233735686,45.65024661184369,36.13812517949551
7.63,15.83457072530157,39.34206813480269,45.644717747089416,36.144358874064565
7.635,15.821572309832693,39.321594144728046,45.63918379149754,36.15057494585784
7.640000000000001,15.808601134936895,39.301140370002685,45.63364478236052,36.15677341837291
7.6450000000000005,15.795657144071136,39.28070681342766,45.62810075686553,36.162954315112295
7.65,15.782740280802727,39.26029347773537,45.62255175209438,36.16911765958346
7.655,15.76985048880934,39.23990036558947,45.616997805023594,36.17526347529883
7.66,15.756987711879006,39.219527479585,45.61143895252434,36.18139178577572
7.665,15.744151893910116,39.19917482224826,45.60587523136249,36.18750261453644
7.67,15.731342978911416,39.1788423960369,45.60030667819857,36.19359598510821
7.675,15.718560911002012,39.158530203339865,45.59473332958781,36.1996719210232
7.68,15.705805634411368,39.13823824647743,45.58915522198009,36.20573044581853
7.6850000000000005,15.693077093479307,39.117966527701164,45.58357239172,36.21177158303624
7.69,15.680375232656012,39.09771504919399,45.577984875046766,36.21779535622333
7.695,15.667699996502023,39.077483813070096,45.57239270809434,36.22380178893172
7.7,15.655051329688236,39.05727282137503,45.5667959268913,36.22979090471831
7.705,15.642429176995908,39.037082076085625,45.56119456736095,36.235762727144895
7.71,15.629833483316654,39.01691157911005,45.55558866532124,36.24171727977824
7.715,15.617264193652447,38.996761332287775,45.549978256484806,36.247654586190045
7.72,15.604721253115619,38.97663133738959,45.54436337645896,36.253574669956954
7.7250000000000005,15.592204606928858,38.956521596117604,45.53874406074571,36.259477554660535
7.73,15.579714200425215,38.93643211010523,45.5331203447417,36.26536326388732
7.735,15.567249979048098,38.91636288091721,45.527492263738296,36.27123182122877
7.74,15.554811888351269,38.89631391004961,45.521859852921516,36.27708325028129
7.745,15.542399873998853,38.876285198929764,45.51622314737207,36.28291757464621
7.75,15.530013881765333,38.85627674891638,45.51058218206532,36.28873481792984
7.755,15.517653857535546,38.83628856129945,45.50493699187135,36.2945350037434
7.76,15.505319747304695,38.81632063730028,45.49928761155487,36.300318155703046
7.765000000000001,15.493011497178331,38.7963729780715,45.493634075775304,36.3060842974299
7.7700000000000005,15.480729053372379,38.776445584697065,45.48797641908675,36.31183345255001
7.775,15.468472362213104,38.756538458192225,45.48231467593796,36.31756564469436
7.78,15.456241370137144,38.73665159950355,45.47664888067239,36.3232808974989
7.785,15.444036023691488,38.71678500950894,45.47097906752816,36.32897923460449
7.79,15.431856269533483,38.696938689017585,45.465305270638076,36.33466067965694
7.795,15.419702054430841,38.67711263877002,45.45962752402961,36.340325256307025
7.8,15.407573325261625,38.657306859438066,45.45394586162491,36.34597298821043
7.805000000000001,15.395470029014255,38.63752135162488,45.44826031724082,36.35160389902779
7.8100000000000005,15.383392112787524,38.617756115864935,45.44257092458886,36.357218012424696
7.815,15.371339523790565,38.598011152624004,45.4368777172752,36.362815352071664
7.82,15.359312209342882,38.57828646229918,45.43118072880072,36.368395941644145
7.825,15.347310116874329,38.55858204521889,45.42547999256095,36.373959804822555
7.83,15.335333193925125,38.53889790164284,45.41977554184612,36.37950696529223
7.835,15.323381388145846,38.51923403176209,45.41406740984113,36.38503744674346
7.84,15.31145464729742,38.49959043569899,45.40835562962556,36.39055127287147
7.845,15.299552919251143,38.479967113507215,45.40264023417365,36.396048467376424
7.8500000000000005,15.287676151988661,38.460364065171746,45.39692125635435,36.401529053963436
7.855,15.275824293601987,38.440781290608896,45.39119872893124,36.40699305634255
7.86,15.263997292293485,38.421218789666284,45.38547268456264,36.41244049822876
7.865,15.252195096375882,38.40167656212284,45.3797431558015,36.417871403342
7.87,15.240417654272258,38.38215460768881,45.374010175095464,36.42328579540713
7.875,15.228664914516058,38.362652926005765,45.36827377478684,36.428683698153975
7.88,15.216936825751079,38.34317151664658,45.36253398711264,36.43406513531729
7.885,15.205233336731483,38.323710379115454,45.35679084420453,36.439430130636765
7.890000000000001,15.193554396321783,38.304269512847895,45.35104437808887,36.44477870785704
7.8950000000000005,15.18189995349686,38.28484891721074,45.34529462068669,36.45011089072769
7.9,15.170269957341944,38.26544859150211,45.33954160381368,36.45542670300324
7.905,15.15866435705263,38.246068534951476,45.33378535918025,36.46072616844315
7.91,15.147083101934864,38.22670874671961,45.32802591839144,36.46600931081182
7.915,15.13552614140496,38.20736922589859,45.322263312947,36.47127615387859
7.92,15.123993424989582,38.18804997151183,45.31649757424135,36.47652672141774
7.925,15.112484902325756,38.168750982514034,45.31072873356359,36.48176103720851
7.930000000000001,15.101000523160867,38.149472257791246,45.30495682209748,36.48697912503505
7.9350000000000005,15.089540237352658,38.13021379616082,45.29918187092148,36.49218100868647
7.94,15.07810399486923,38.1109755963714,45.29340391100871,36.49736671195683
7.945,15.066691745789042,38.091757657102974,45.28762297322698,36.5025362586451
7.95,15.055303440300912,38.07255997696684,45.28183908833878,36.50768967255522
7.955,15.043939028704017,38.05338255450562,45.27605228700126,36.512826977496076
7.96,15.03259846140789,38.03422538819321,45.27026259976626,36.517948197281456
7.965,15.021281688932422,38.01508847643487,45.2644700570803,36.52305335573012
7.97,15.00998866190787,37.995971817567145,45.25867468928457,36.52814247666577
7.9750000000000005,14.998719331074838,37.97687540985791,45.25287652661495,36.53321558391704
7.98,14.987473647284297,37.95779925150636,45.24707559920197,36.5382727013175
7.985,14.976251561497575,37.938743340642986,45.24127193707088,36.54331385270568
7.99,14.965053024786354,37.919707675329605,45.23546557014156,36.54833906192503
7.995,14.95387798833268,37.900692253559356,45.22965652822861,36.553348352823946
8.0,14.942726403428951,37.881697073256674,45.22384484104128,36.558341749255774
8.005,14.931598221477929,37.86272213227733,45.218030538183505,36.563319275078804
8.01,14.920493393992736,37.843767428408405,45.21221364915391,36.56828095415625
8.015,14.909411872596841,37.82483295936829,45.20639420334577,36.57322681035628
8.02,14.898353609024088,37.80591872280669,45.20057223004707,36.578156867552
8.025,14.887318555118664,37.78702471630462,45.19474775844045,36.58307114962146
8.03,14.876306662835127,37.76815093737444,45.18892081760323,36.58796968044764
8.035,14.865317884238381,37.74929738345979,45.183091436507425,36.59285248391848
8.040000000000001,14.854352171503697,37.73046405193564,45.1772596440197,36.59771958392683
8.045,14.843409476916708,37.711650940108285,45.171425468901425,36.60257100437052
8.05,14.832489752873391,37.69285804521532,45.16558893980862,36.6074067691523
8.055,14.821592951880097,37.67408536442566,45.15975008529201,36.61222690217985
8.06,14.810719026553521,37.655332894839525,45.153908933796984,36.61703142736582
8.065,14.799867929620733,37.636600633488484,45.1480655136636,36.62182036862778
8.07,14.789039613919144,37.61788857733538,45.14221985312661,36.626593749888244
8.075,14.77823403239654,37.599196723274396,45.13637198031544,36.631351595074676
8.08,14.767451138111047,37.580525068131024,45.130521923254186,36.63609392811947
8.085,14.756690884231165,37.56187360866207,45.12466970986162,36.64082077295996
8.09,14.74595322403575,37.54324234155566,45.11881536795121,36.64553215353845
8.095,14.735238110914006,37.524631263431225,45.11295892523108,36.650228093802134
8.1,14.72454549836551,37.50604037083953,45.10710040930404,36.654908617703185
8.105,14.713875340000182,37.48746966026263,45.101239847667586,36.659573749198714
8.11,14.703227589538317,37.468919128113924,45.09537726771387,36.664223512250764
8.115,14.692602200810551,37.4503887707381,45.08951269672975,36.66885793082632
8.120000000000001,14.681999127757893,37.43187858441117,45.08364616189674,36.6734770288973
8.125,14.671418324431706,37.41338856534048,45.07777769029104,36.67808083044059
8.13,14.660859744993703,37.39491870966466,45.071907308883524,36.682669359437995
8.135,14.65032334371597,37.37646901345368,45.06603504453975,36.68724263987626
8.14,14.639809074980937,37.3580394727088,45.06016092401995,36.69180069574708
8.145,14.629316893281405,37.339630083362636,45.054284973979016,36.696343551047086
8.15,14.618846753220524,37.321240841279064,45.04840722096655,36.70087122977786
8.155,14.608398609511807,37.30287174225334,45.04252769142682,36.70538375594591
8.16,14.597972416979124,37.28452278201197,45.03664641169876,36.70988115356269
8.165000000000001,14.5875681305567,37.26619395621282,45.030763408015986,36.714363446644604
8.17,14.577185705289134,37.24788526044506,45.0248787065068,36.71883065921299
8.175,14.566825096331357,37.22959669022916,45.01899233319417,36.72328281529413
8.18,14.556486258948684,37.211328241016936,45.01310431399576,36.727719938919236
8.185,14.54616914851677,37.19307990819149,45.00721467472389,36.73214205412447
8.19,14.535873720521641,37.17485168706726,45.00132344108557,36.73654918495095
8.195,14.52559993055967,37.156643572889976,44.99543063868248,36.74094135544471
8.2,14.515347734337603,37.13845556083672,44.989536293010985,36.74531858965673
8.205,14.505117087672525,37.12028764601583,44.98364042946212,36.749680911642955
8.21,14.494907946491898,37.10213982346703,44.97774307332161,36.75402834546423
8.215,14.484720266833536,37.084012088161316,44.97184424976986,36.75836091518637
8.22,14.474554004845603,37.065904435000995,44.965943983881914,36.76267864488013
8.225,14.464409116786637,37.04781685881972,44.96004230062755,36.766981558621204
8.23,14.454285559025518,37.02974935438243,44.95413922487118,36.771269680490214
8.235,14.444183288041497,37.01170191638541,44.94823478137191,36.77554303457274
8.24,14.434102260424176,36.993674539456215,44.94232899478352,36.77980164495929
8.245000000000001,14.424042432873517,36.97566721815376,44.93642188965448,36.78404553574533
8.25,14.41400376219985,36.957679946968256,44.93051349042793,36.788274731031244
8.255,14.403986205323843,36.939712720321225,44.92460382144167,36.79248925492237
8.26,14.393989719276544,36.921765532565516,44.91869290692821,36.796689131529
8.265,14.38401426119934,36.90383837798528,44.91278077101471,36.80087438496634
8.27,14.374059788343997,36.885931250796006,44.90686743772302,36.80504503935455
8.275,14.364126258072618,36.86804414514446,44.900952930969666,36.80920111881875
8.28,14.354213627857684,36.85017705510876,44.89503727456586,36.813342647488966
8.285,14.344321855282017,36.832329974698325,44.889120492217465,36.81746964950018
8.290000000000001,14.33445089803881,36.814502897853885,44.88320260752506,36.82158214899233
8.295,14.324600713931613,36.796695818447496,44.87728364398386,36.82568017011027
8.3,14.314771260874323,36.77890873028252,44.87136362498379,36.829763737003816
8.305,14.304962496891212,36.761141627093636,44.86544257380945,36.83383287382771
8.31,14.295174380116896,36.74339450254684,44.8595205136401,36.837887604741645
8.315,14.285406868796361,36.725667350239455,44.85359746754968,36.84192795391025
8.32,14.275659921284939,36.70796016370009,44.847673458506826,36.845953945503105
8.325,14.265933496048337,36.6902729363887,44.84174850937483,36.849965603694706
8.33,14.256227551662601,36.67260566169653,44.83582264291168,36.853962952664524
8.335,14.246542046814149,36.654958332946165,44.82989588177002,36.85794601659694
8.34,14.236876940299757,36.63733094339149,44.823968248497195,36.8619148196813
8.345,14.22723219102655,36.619723486217694,44.81803976553522,36.86586938611188
8.35,14.217607758012024,36.602135954541325,44.812110455220775,36.869809740087895
8.355,14.20800360038402,36.58456834141018,44.80618033978523,36.873735905813504
8.36,14.19841967738075,36.567020639803445,44.80024944135463,36.87764790749781
8.365,14.18885594835077,36.54949284263155,44.7943177819497,36.88154576935485
8.370000000000001,14.179312372753012,36.531984942736294,44.78838538348584,36.88542951560361
8.375,14.169788910156756,36.51449693289077,44.782452267773124,36.88929917046802
8.38,14.160285520241635,36.49702880579939,44.7765184565163,36.89315475817694
8.385,14.150802162797655,36.47958055409788,44.77058397131482,36.89699630296417
8.39,14.141338797725167,36.462152170353264,44.764648833662775,36.900823829068464
8.395,14.131895379920314,36.44474365208536,44.75871307043392,36.904637358405246
8.4,14.122471857857027,36.42735500248532,44.75277671506171,36.90843691009183
8.405,14.113068190778755,36.409986213622474,44.746839789147984,36.91222250824851
8.41,14.10368433841822,36.39263727712346,44.74090231378524,36.91599417716845
8.415000000000001,14.09432026058741,36.37530818458538,44.73496431000167,36.91975194112834
8.42,14.084975917177573,36.35799892757576,44.72902579876122,36.923495824388375
8.425,14.075651268159197,36.34070949763254,44.72308680096349,36.927225851192304
8.43,14.066346273582042,36.323439886264104,44.71714733744385,36.930942045767374
8.435,14.057060893575105,36.30619008494926,44.71120742897333,36.93464443232437
8.44,14.04779508834666,36.28896008513725,44.70526709625872,36.93833303505758
8.445,14.038548818184218,36.271749878247725,44.69932635994248,36.94200787814486
8.45,14.029322043454554,36.25455945567081,44.693385240602815,36.945668985747524
8.455,14.020114724603694,36.23738880876701,44.687443758753616,36.949316382010466
8.46,14.010926822156923,36.22023792886728,44.68150193484451,36.95295009106208
8.465,14.001758296718783,36.20310680727302,44.67555978926082,36.95657013701428
8.47,13.992609108973065,36.18599543525604,44.669617342323576,36.96017654396251
8.475,13.983479219682822,36.16890380405858,44.66367461428954,36.963769335985745
8.48,13.974368589690352,36.15183190489331,44.65773162535117,36.96734853714647
8.485,13.965277179917223,36.13477972894334,44.65178839563664,36.9709141714907
8.49,13.956204951364244,36.1177472673622,44.645844945209845,36.974466263047965
8.495000000000001,13.947151865111488,36.10073451127384,44.63990129407037,36.978004835831335
8.5,13.938117882318286,36.08374145177268,44.633957462153546,36.981529913837385
8.505,13.92910296422321,36.066768079923506,44.62801346933038,36.98504152104623
8.51,13.920107072144106,36.0498143867616,44.62206933540761,36.98853968142149
8.515,13.911130167478058,36.032880363292605,44.61612508012769,36.99202441891033
8.52,13.90217221170142,36.015966000492654,44.61018072316877,36.99549575744343
8.525,13.893233166369786,35.99907128930828,44.604236284144726,36.998953720934985
8.53,13.884312993118023,35.982196220656455,44.598291782605145,37.00239833328271
8.535,13.875411653660235,35.96534078542456,44.592347238035316,37.00582961836787
8.540000000000001,13.866529109789797,35.94850497447043,44.58640266985625,37.009247600055225
8.545,13.857665323379331,35.93168877862233,44.58045809742466,37.012652302193075
8.55,13.848820256380714,35.91489218867893,44.57451354003299,37.016043748613235
8.555,13.839993870825085,35.898115195409346,44.56856901690937,37.019421963131045
8.56,13.831186128822825,35.88135778955312,44.562624547217666,37.02278696954538
8.565,13.822396992563588,35.86461996182024,44.556680150057446,37.026138791638616
8.57,13.813626424316267,35.84790170289109,44.55073584446398,37.02947745317667
8.575000000000001,13.804874386429018,35.831203003416505,44.54479164940826,37.03280297790898
8.58,13.796140841329258,35.81452385401776,44.53884758379699,37.0361153895685
8.585,13.787425751523646,35.797864245286526,44.5329036664726,37.039414711871714
8.59,13.778729079598108,35.781224167784934,44.5269599162132,37.04270096851863
8.595,13.770050788217814,35.764603612045526,44.52101635173264,37.04597418319277
8.6,13.761390840127206,35.748002568571295,44.51507299168046,37.0492343795612
8.605,13.752749198149958,35.73142102783562,44.50912985464194,37.05248158127448
8.61,13.744125825189025,35.71485898028237,44.50318695913804,37.055715811966714
8.615,13.735520684226595,35.698316416325795,44.49724432362546,37.05893709525554
8.620000000000001,13.726933738324124,35.681793326350586,44.49130196649659,37.06214545474208
8.625,13.718364950622323,35.66528970071189,44.48535990607955,37.06534091401102
8.63,13.709814284341153,35.64880552973523,44.47941816063816,37.06852349663055
8.635,13.701281702779834,35.632340803716616,44.47347674837195,37.07169322615238
8.64,13.692767169316838,35.61589551292245,44.46753568741618,37.07485012611175
8.645,13.684270647409896,35.59946964758958,44.4615949958418,37.077994220027435
8.65,13.675792100595991,35.58306319792527,44.45565469165548,37.08112553140171
8.655,13.667331492491366,35.566676154107235,44.44971479279962,37.08424408372039
8.66,13.658888786791513,35.550308506283585,44.443775317152294,37.087349900452814
8.665000000000001,13.65046394727118,35.533960244572896,44.43783628252732,37.09044300505183
8.67,13.642056937784384,35.51763135906416,44.43189770667423,37.09352342095382
8.675,13.633667722264372,35.50132183981678,44.42595960727823,37.096591171578694
8.68,13.625296264723673,35.48503167686063,44.42002200196029,37.09964628032987
8.685,13.616942529254047,35.46876086019596,44.41408490827705,37.102688770594305
8.69,13.60860648002653,35.45250937979349,44.40814834372088,37.10571866574248
8.695,13.600288081291398,35.43627722559435,44.40221232571986,37.10873598912838
8.700000000000001,13.591987297378191,35.42006438751012,44.39627687163779,37.111740764089525
8.705,13.583704092695704,35.40387085542279,44.39034199877416,37.11473301394697
8.71,13.575438431731982,35.38769661918477,44.3844077243642,37.117712762005276
8.715,13.56719027905433,35.37154166861894,44.378474065578835,37.12068003155254
8.72,13.558959599309304,35.35540599351855,44.3725410395247,37.123634845860366
8.725,13.550746357222723,35.33928958364734,44.36660866324414,37.126577228183905
8.73,13.54255051759965,35.323192428739446,44.36067695371524,37.12950720176181
8.735,13.534372045324416,35.30711451849944,44.354745927851766,37.13242478981628
8.74,13.526210905360594,35.29105584260231,44.3488156025032,37.135330015552995
8.745000000000001,13.518067062751022,35.275016390693494,44.34288599445475,37.13822290216122
8.75,13.509940482617797,35.25899615238887,44.33695712042732,37.14110347281368
8.755,13.501831130162252,35.242995117274695,44.331028997077546,37.14397175066669
8.76,13.493738970665,35.227013274907705,44.32510164099775,37.14682775886001
8.765,13.485663969485886,35.21105061481505,44.31917506871599,37.149671520516996
8.77,13.477606092064033,35.1951071264943,44.313249296696036,37.152503058744486
8.775,13.469565303917797,35.17918279941346,44.30732434133734,37.15532239663286
8.78,13.46154157064481,35.16327762301098,44.3014002189751,37.158129557256004
8.785,13.45353485792194,35.147391586695704,44.2954769458802,37.160924563671344
8.790000000000001,13.445545131505325,35.13152467984694,44.28955453825926,37.163707438919815
8.795,13.437572357230355,35.11567689181442,44.2836330122546,37.16647820602589
8.8,13.429616501011667,35.09984821191827,44.27771238394424,37.16923688799756
8.805,13.421677528843167,35.084038629449104,44.27179266934194,37.17198350782633
8.81,13.413755406798002,35.06824813366791,44.26587388439715,37.17471808848725
8.815,13.405850101028586,35.05247671380614,44.25995604499504,37.17744065293887
8.82,13.397961577766578,35.036724359065666,44.25403916695649,37.18015122412328
8.825000000000001,13.390089803322901,35.02099105861879,44.248123266038085,37.18284982496608
8.83,13.382234744087734,35.00527680160823,44.24220835793214,37.18553647837639
8.835,13.3743963665305,34.98958157714716,44.23629445826667,37.18821120724689
8.84,13.36657463719989,34.973905374319166,44.230381582605396,37.190874034453735
8.845,13.35876952272384,34.95824818217825,44.22446974644777,37.19352498285664
8.85,13.350980989809552,34.942609989748874,44.21855896522893,37.19616407529882
8.855,13.343209005243471,34.92699078602591,44.21264925431976,37.19879133460703
8.86,13.33545353589131,34.91139055997467,44.20674062902682,37.20140678359153
8.865,13.327714548698024,34.89580930053088,44.200833104592405,37.20401044504612
8.870000000000001,13.319992010687836,34.8802469966007,44.194926696194514,37.20660234174812
8.875,13.312285888964217,34.86470363706074,44.189021418946865,37.209182496458375
8.88,13.304596150709894,34.84917921075802,44.183117287898874,37.21175093192124
8.885,13.296922763186853,34.833673706509984,44.17721431803569,37.214307670864606
8.89,13.289265693736326,34.818187113104514,44.17131252427815,37.216852735999886
8.895,13.281624909778815,34.80271941929993,44.16541192148282,37.21938615002201
8.9,13.27400037881406,34.787270613824965,44.15951252444197,37.221907935609444
8.905,13.266392068421075,34.7718406853788,44.1536143478836,37.224418115424164
8.91,13.258799946258112,34.75642962263102,44.14771740647138,37.22691671211168
8.915000000000001,13.251223980062687,34.741037414221665,44.141821714804735,37.229403748301024
8.92,13.243664137651574,34.725664048761196,44.13592728741879,37.231879246604734
8.925,13.236120386920796,34.710309514830485,44.13003413878437,37.234343229618894
8.93,13.228592695845634,34.69497380098087,44.12414228330802,37.2367957199231
8.935,13.221081032480622,34.67965689573407,44.118251735331995,37.239236740080486
8.94,13.213585364959556,34.664358787582294,44.11236250913428,37.241666312637676
8.945,13.206105661495478,34.64907946498812,44.10647461892854,37.24408446012486
8.950000000000001,13.198641890380689,34.63381891638459,44.10058807886416,37.24649120505572
8.955,13.191194019986753,34.61857713017518,44.094702903026274,37.24888656992748
8.96,13.183762018764476,34.603354094733774,44.088819105435675,37.251270577220865
8.965,13.17634585524393,34.58814979840469,44.082936700048904,37.25364324940015
8.97,13.168945498034432,34.57296422950269,44.077055700758194,37.256004608913116
8.975,13.16156091582457,34.557797376312955,44.0711761213915,37.258354678191075
8.98,13.154192077382167,34.54264922709108,44.0652979757125,37.260693479648864
8.985,13.14683895155432,34.52751977006313,44.05942127742055,37.26302103568483
8.99,13.139501507267367,34.51240899342555,44.05354604015075,37.26533736868086
8.995000000000001,13.132179713526911,34.497316885345256,44.0476722774739,37.267642501002356
9.0,13.124873539417809,34.482243433959574,44.04180000289652,37.26993645499825
9.005,13.117582954104165,34.46718862737625,44.03592922986083,37.27221925300098
9.01,13.11030792682935,34.45215245367349,44.03005997174477,37.27449091732653
9.015,13.10304842691598,34.43713490089989,44.024192241861975,37.2767514702744
9.02,13.095804423765935,34.42213595707452,44.01832605346183,37.279000934127595
9.025,13.088575886860342,34.40715561018683,44.01246141972939,37.281239331152676
9.03,13.081362785759591,34.39219384819674,44.00659835378545,37.2834666835997
9.035,13.074165090103321,34.37725065903458,44.000736868686495,37.28568301370226
9.040000000000001,13.066982769610432,34.36232603060111,43.99487697742475,37.28788834367747
9.045,13.059815794079075,34.34741995076753,43.989018692928134,37.29008269572598
9.05,13.052664133386656,34.33253240737546,43.98316202806027,37.29226609203193
9.055,13.045527757489843,34.31766338823695,43.977306995620516,37.29443855476302
9.06,13.038406636424547,34.30281288113448,43.97145360834392,37.29660010607046
9.065,13.031300740305946,34.287980873820956,43.96560187890125,37.298750768088965
9.07,13.024210039328468,34.273167354019726,43.959751819899004,37.3008905629368
9.075000000000001,13.017134503765796,34.25837230942456,43.95390344387936,37.30301951271575
9.08,13.010074103970872,34.24359572769965,43.948056763320224,37.3051376395111
9.085,13.003028810375888,34.22883759647962,43.94221179063523,37.307244965391696
9.09,12.995998593492295,34.21409790336954,43.93636853817368,37.30934151240987
9.095,12.988983423910797,34.19937663594489,43.93052701822064,37.3114273026015
9.1,12.981983272301358,34.184673781751584,43.92468724299685,37.31350235798599
9.105,12.974998109413189,34.16998932830597,43.918849224658786,37.315566700566244
9.11,12.968027906074765,34.15532326309482,43.91301297529862,37.31762035232871
9.115,12.961072633193808,34.140675573575336,43.90717850694424,37.319663335243355
9.120000000000001,12.954132261757305,34.12604624717516,43.90134583155925,37.32169567126367
9.125,12.94720676283149,34.11143527129235,43.89551496104296,37.32371738232666
9.13,12.940296107561855,34.096842633295395,43.88968590723041,37.32572849035288
9.135,12.93340026717315,34.08226832052323,43.88385868189232,37.32772901724636
9.14,12.926519212969373,34.067712320285175,43.87803329673515,37.32971898489471
9.145,12.919652916333789,34.053174619861046,43.87220976340106,37.33169841516903
9.15,12.912801348728902,34.03865520650103,43.86638809346792,37.33366732992394
9.155,12.90596448169649,34.024154067425776,43.86056829844932,37.33562575099759
9.16,12.899142286857572,34.00967118982635,43.85475038979456,37.33757370021168
9.165000000000001,12.892334735912426,33.99520656086425,43.84893437888864,37.33951119937139
9.17,12.885541800640592,33.980760167671406,43.8431202770523,37.34143827026545
9.175,12.878763452900856,33.96633199735016,43.83730809554196,37.3433549346661
9.18,12.871999664631263,33.95192203697332,43.83149784554976,37.34526121432913
9.185,12.865250407849114,33.93753027358409,43.82568953820358,37.347157130993814
9.19,12.858515654650965,33.92315669419611,43.819883184566976,37.349042706382974
9.195,12.851795377212627,33.90880128579346,43.814078795639226,37.35091796220295
9.200000000000001,12.845089547789163,33.894464035330635,43.80827638235533,37.35278292014362
9.205,12.838398138714902,33.88014492973259,43.802475955586,37.354637601878345
9.21,12.831721122403414,33.86584395589466,43.79667752613764,37.35648202906406
9.215,12.825058471347534,33.85156110068266,43.7908811047524,37.35831622334119
9.22,12.818410153559231,33.837296352898974,43.785086705699555,37.360140205698755
9.225,12.81177613178572,33.82304970325564,43.77929434724657,37.36195399638576
9.23,12.805156377992956,33.80882113819011,43.77350404027784,37.36375761692173
9.235,12.798550864512878,33.794610643993764,43.767715795392625,37.36555108884508
9.24,12.791959563731263,33.78041820695143,43.76192962315285,37.36733443366932
9.245000000000001,12.785382448087748,33.7662438133414,43.75614553408311,37.36910767288312
9.25,12.778819490075824,33.7520874494354,43.75036353867069,37.37087082795024
9.255,12.772270662242823,33.73794910149863,43.74458364736552,37.37262392030959
9.26,12.765735937189936,33.72382875578975,43.738805870580244,37.374366971375196
9.265,12.759215287572198,33.70972639856083,43.73303021869014,37.376100002536205
9.27,12.752708686098504,33.69564201605747,43.72725670203318,37.37782303515689
9.275,12.746216105531591,33.681575594518655,43.72148533091001,37.37953609057664
9.28,12.739737518688052,33.66752712017688,43.715716115583945,37.381239190109994
9.285,12.73327289843833,33.65349657925804,43.70994906628097,37.382932355046584
9.290000000000001,12.726822217706715,33.639483957981525,43.70418419318975,37.38461560665119
9.295,12.720385449471358,33.625489242560185,43.69842150646162,37.3862889661637
9.3,12.71396256676425,33.61151241920029,43.69266101621059,37.387952454799134
9.305,12.707553542671238,33.5975534741016,43.68690273251336,37.38960609374763
9.31,12.701158350332019,33.5836123934573,43.68114666540926,37.391249904174465
9.315,12.694776962940143,33.56968916345406,43.67539282490034,37.392883907220025
9.32,12.688409353743005,33.55578377027197,43.6696412209513,37.39450812399983
9.325000000000001,12.682055496041857,33.54189620008461,43.66389186348952,37.396122575604515
9.33,12.675715363191802,33.528026439059005,43.658144762405044,37.39772728309985
9.335,12.669388928601789,33.51417447335561,43.652399927550604,37.39932226752671
9.34,12.663076165734624,33.500340289128374,43.6466573687416,37.40090754990112
9.345,12.656777048106957,33.48652387252467,43.6409170957561,37.40248315121422
9.35,12.650491549289296,33.47272520968535,43.635179118334854,37.40404909243226
9.355,12.644219642905991,33.4589442867447,43.629443446181284,37.40560539449663
9.36,12.637961302635256,33.44518108983048,43.62371008896148,37.40715207832384
9.365,12.63171650220914,33.431435605063875,43.61797905630421,37.40868916480552
9.370000000000001,12.625485215413558,33.41770781855957,43.61225035780092,37.410216674808446
9.375,12.619267416088269,33.40399771642567,43.60652400300572,37.411734629174475
9.38,12.613063078126878,33.39030528476374,43.60080000143539,37.413243048720624
9.385,12.606872175476852,33.376630509668814,43.5950783625694,37.41474195423903
9.39,12.600694682139498,33.36297337722937,43.58935909584989,37.41623136649694
9.395,12.594530572169981,33.34933387352736,43.58364221068167,37.41771130623673
9.4,12.588379819677314,33.33571198463814,43.57792771643221,37.41918179417591
9.405,12.582242398824365,33.32210769663059,43.57221562243167,37.420642851007116
9.41,12.576118283827844,33.30852099556699,43.56650593797289,37.422094497398085
9.415000000000001,12.570007448958322,33.2949518675031,43.560798672311364,37.4235367539917
9.42,12.563909868540215,33.281400298488144,43.55509383466527,37.42496964140596
9.425,12.557825516951791,33.267866274564774,43.54939143421546,37.426393180233994
9.43,12.55175436862517,33.25434978176912,43.543691480105466,37.42780739104404
9.435,12.545696398046323,33.24085080613076,43.537993981441474,37.42921229437948
9.44,12.53965157975507,33.22736933367272,43.53229894729236,37.430607910758816
9.445,12.533619888345083,33.21390535041149,43.52660638668967,37.43199426067566
9.450000000000001,12.527601298463884,33.200458842357,43.52091630862762,37.43337136459876
9.455,12.52159578481285,33.18702979551267,43.51522872206311,37.43473924297199
9.46,12.515603322147204,33.173618195875335,43.5095436359157,37.436097916214344
9.465,12.509623885276023,33.16022402943531,43.50386105906763,37.43744740471993
9.47,12.50365744906223,33.14684728217635,43.498181000363815,37.438787728858
9.475,12.497703988422607,33.13348794007568,43.49250346861184,37.44011890897293
9.48,12.49176347832778,33.12014598910397,43.48682847258197,37.441440965384196
9.485,12.48583589380223,33.10682141522535,43.48115602100713,37.442753918386416
9.49,12.479921209924287,33.09351420439739,43.475486122582936,37.44405778824934
9.495000000000001,12.47401940182613,33.080224342571135,43.46981878596767,37.44535259521782
9.5,12.468130444693797,33.066951815691084,43.464154019782285,37.446638359511844
9.505,12.462254313767163,33.05369660969517,43.458491832610406,37.44791510132654
9.51,12.45639098433997,33.04045871051483,43.45283223299834,37.44918284083213
9.515,12.450540431759798,33.027238104074875,43.44717522945506,37.450441598173974
9.52,12.444702631428086,33.01403477629365,43.44152083045223,37.45169139347257
9.525,12.438877558800117,33.00084871308291,43.435869044424145,37.452932246823515
9.53,12.433065189385033,32.987679900347885,43.43021987976782,37.45416417829755
9.535,12.427265498745818,32.97452832398725,43.424573344842926,37.45538720794053
9.540000000000001,12.421478462499314,32.96139396989314,43.4189294479718,37.456601355773444
9.545,12.415704056316216,32.94827682395114,43.41328819743946,37.45780664179239
9.55,12.409942255921058,32.935176872040294,43.40764960149361,37.45900308596859
9.555,12.404193037092238,32.92209410003311,43.4020136683446,37.46019070824842
9.56,12.398456375661995,32.90902849379552,43.39638040616548,37.46136952855335
9.565,12.392732247516426,32.89598003918696,43.390749823091944,37.462539566779974
9.57,12.387020628595474,32.88294872206027,43.3851219272224,37.46370084280004
9.575000000000001,12.381321494892937,32.86993452826178,43.379496726617894,37.464853376460376
9.58,12.375634822456464,32.85693744363127,43.37387422930217,37.46599718758297
9.585,12.369960587387547,32.84395745400196,43.36825444326161,37.46713229596493
9.59,12.36429876584154,32.83099454520053,43.36263737644533,37.46825872137846
9.595,12.358649334027639,32.81804870304713,43.35702303676506,37.46937648357093
9.6,12.353012268208898,32.805119913355355,43.351411432095226,37.47048560226481
9.605,12.347387544702217,32.792208161932244,43.34580257027294,37.47158609715768
9.61,12.341775139878349,32.779313434578306,43.340196459097974,37.47267798792228
9.615,12.336175030161895,32.766435717087504,43.334593106332775,37.47376129420645
9.620000000000001,12.330587192031313,32.75357499524724,43.32899251970247,37.47483603563315
9.625,12.325011602018908,32.74073125483841,43.32339470689484,37.47590223180049
9.63,12.319448236710832,32.727904481635306,43.317799675560366,37.476959902281685
9.635,12.313897072747098,32.715094661405736,43.312207433312196,37.47800906662507
9.64,12.308358086821558,32.70230177991091,43.306617987726135,37.479049744354114
9.645,12.302831255681927,32.689525822905544,43.30103134634068,37.48008195496741
9.65,12.29731655612976,32.67676677613776,43.29544751665699,37.481105717938675
9.655,12.29181396502047,32.66402462534918,43.28986650613891,37.48212105271675
9.66,12.286323459263318,32.65129935627483,43.28428832221294,37.48312797872559
9.665000000000001,12.280845015821418,32.63859095464325,43.278712972268266,37.484126515364295
9.67,12.275378611711734,32.62589940617639,43.27314046365676,37.48511668200707
9.675,12.269924224005075,32.61322469658967,43.26757080369294,37.48609849800325
9.68,12.264481829826115,32.600566811591975,43.26200399965402,37.4870719826773
9.685,12.259051406353363,32.58792573688562,43.25644005877987,37.488037155328804
9.69,12.253632930819192,32.57530145816641,43.25087898827306,37.48899403523247
9.695,12.248226380509815,32.56269396112357,43.24532079529879,37.48994264163814
9.700000000000001,12.242831732765303,32.5501032314398,43.23976548698498,37.49088299377076
9.705,12.237448964979578,32.53752925479126,43.23421307042219,37.491815110830416
9.71,12.232078054600409,32.52497201684754,43.22866355266369,37.49273901199231
9.715,12.22671897912942,32.51243150327172,43.223116940725376,37.49365471640679
9.72,12.221371716122079,32.499907699720296,43.21757324158585,37.49456224319929
9.725,12.216036243187716,32.48740059184326,43.21203246218639,37.4954616114704
9.73,12.2107125379895,32.47491016528402,43.206494609430926,37.49635284029581
9.735,12.205400578244461,32.46243640567947,43.20095969018608,37.49723594872637
9.74,12.200100341723472,32.44997929865993,43.195427711281134,37.49811095578802
9.745000000000001,12.194811806251261,32.43753882984922,43.18989867950806,37.49897788048183
9.75,12.18953494970641,32.42511498486456,43.18437260162149,37.49983674178401
9.755,12.184269750021343,32.41270774931666,43.17884948433873,37.50068755864587
9.76,12.179016185182345,32.40031710880968,43.17332933433977,37.50153034999388
9.765,12.173774233229542,32.38794304894123,43.16781215826725,37.502365134729594
9.77,12.168543872256922,32.37558555530238,43.162297962726534,37.50319193172972
9.775,12.163325080412312,32.36324461347764,43.15678675428559,37.504010759846075
9.78,12.1581178358974,32.35092020904501,43.15127853947512,37.5048216379056
9.785,12.152922116967718,32.338612327575895,43.14577332478847,37.505624584710375
9.790000000000001,12.147737901932652,32.3263209546352,43.14027111668166,37.506419619037594
9.795,12.142565169155443,32.31404607578127,43.134771921573396,37.507206759639566
9.8,12.137403897053172,32.30178767656589,43.12927574584504,37.50798602524374
9.805,12.132254064096784,32.289545742534315,43.12378259584065,37.50875743455268
9.81,12.127115648811062,32.277320259225256,43.11829247786694,37.50952100624407
9.815,12.121988629774652,32.26511121217088,43.1128053981933,37.51027675897075
9.82,12.11687298562004,32.2529185868968,43.1073213630518,37.511024711360626
9.825000000000001,12.11176869503357,32.24074236892208,43.10184037863718,37.51176488201679
9.83,12.106675736755438,32.228582543759266,43.096362451106856,37.51249728951741
9.835,12.101594089579685,32.21643909691432,43.09088758658092,37.51322195241581
9.84,12.096523732354207,32.20431201388671,43.085415791142125,37.51393888924043
9.845,12.091464643980748,32.19220128016929,43.07994707083591,37.51464811849481
9.85,12.08641680341491,32.18010688124845,43.07448143167038,37.51534965865766
9.855,12.081380189666133,32.168028802603956,43.06901887961632,37.51604352818277
9.86,12.07635478179772,32.15596702970909,43.06355942060719,37.516729745499084
9.865,12.07134055892682,32.143921548030555,43.05810306053911,37.517408329010664
9.870000000000001,12.066337500224435,32.131892343028525,43.05264980527089,37.518079297096676
9.875,12.061345584915415,32.11987940015662,43.04719966062401,37.518742668111436
9.88,12.05636479227846,32.107882704861915,43.04175263238261,37.51939846038437
9.885,12.051395101646127,32.095902242584955,43.03630872629353,37.52004669222004
9.89,12.046436492404819,32.08393799875972,43.030867948066245,37.52068738189813
9.895,12.04148894399479,32.07198995881367,43.02543030337294,37.52132054767342
9.9,12.036552435910146,32.060058108167674,43.019995797848466,37.521946207775855
9.905,12.031626947698845,32.048142432236105,43.01456443709033,37.52256438041048
9.91,12.026712458962693,32.03624291642677,43.009136226658725,37.52317508375748
9.915000000000001,12.02180894935735,32.024359546140936,43.00371117207652,37.52377833597214
9.92,12.016916398592327,32.01249230677332,42.99828927882926,37.524374155184894
9.925,12.012034786430982,32.00064118371209,42.99287055236515,37.5249625595013
9.93,12.00716409269053,31.988806162338886,42.98745499809508,37.525543567002
9.935,12.002304297242029,31.976987228028786,42.9820426213926,37.52611719574283
9.94,11.997455380010395,31.965184366150336,42.97663342759397,37.52668346375468
9.945,11.992617320974391,31.95339756206552,42.971227421998066,37.52724238904361
9.950000000000001,11.987790100166633,31.941626801129793,42.96582460986649,37.52779398959078
9.955,11.982973697673588,31.929872068692067,42.960424996423484,37.528338283352504
9.96,11.97816809363557,31.91813335009469,42.95502858685598,37.52887528826018
9.965,11.973373268246753,31.906410630673488,42.949635386313595,37.52940502222036
9.97,11.96858920175515,31.89470389575772,42.94424539990858,37.529927503114706
9.975,11.963815874462632,31.883013130670122,42.938858632715906,37.53044274880001
9.98,11.95905326672492,31.871338320726867,42.933475089773175,37.53095077710819
9.985,11.954301358951588,31.859679451237593,42.928094776080705,37.531451605846286
9.99,11.949560131606056,31.848036507505388,42.922717696601445,37.531945252796454
9.995000000000001,11.944829565205596,31.8364094748268,42.917343856261056,37.53243173571599
10.0,11.940109640321339,31.82479833849183,42.91197325994785,37.5329110723373
