time,P,Z,L,B
0.0,72.0,28.0,16.0,12.0
0.005,71.8758965053873,28.103217163818105,16.02777837203437,12.013078936852217
0.01,71.751459738786,28.206553608016392,16.05555868009689,12.026189033957602
0.015,71.62669228388488,28.310007361817615,16.083340684484778,12.0393303748334
0.02,71.50159673481748,28.413576442992685,16.111124145421012,12.052503042794177
0.025,71.37617569616208,28.517258857860686,16.1389088230543,12.06570712095183
0.03,71.25043178114238,28.62105260321648,16.166694477582304,12.078942692173642
0.035,71.1243674742527,28.724955813673656,16.194480878611014,12.092209835909195
0.04,70.99798535469552,28.828966522637355,16.22226778978068,12.105508633446574
0.045,70.87128811067596,28.93308264645167,16.25005496793216,12.118839168158479
0.05,70.7442784366118,29.037302094394207,16.27784217017512,12.132201523088035
0.055,70.6169590331335,29.14162276867608,16.30562915388803,12.14559578094879
0.06,70.48933260708422,29.2460425644419,16.33341567671817,12.15902202412472
0.065,70.36140187151979,29.350559369769794,16.361201496581632,12.172480334670228
0.07,70.23316954570873,29.455171065671394,16.388986371663314,12.185970794310133
0.075,70.10463835513227,29.559875526091837,16.416770060416923,12.199493484439692
0.08,69.97581103148428,29.664670617909767,16.44455232156497,12.213048486124576
0.085,69.84669031267136,29.769554200937332,16.472332914098786,12.226635880100888
0.09,69.71727894281274,29.874524127920193,16.500111597278494,12.240255746775153
0.095,69.58757967224041,29.97957824453751,16.52788813063304,12.253908166224324
0.1,69.45759525749897,30.08471438940196,16.555662273960174,12.267593218195776
0.105,69.32732846134574,30.18993039405971,16.58343378732645,12.28131098210731
0.11,69.19678205275075,30.295224082990455,16.611202431067234,12.295061537047156
0.115,69.06595880689667,30.400593273607377,16.638967965786698,12.308844961773962
0.12,68.93486150517887,30.50603577625718,16.66673015235783,12.322661334716809
0.125,68.80349293520541,30.611549394220063,16.694488751922417,12.336510733975196
0.13,68.67185589079705,30.717131923709736,16.72224352589106,12.350393237319052
0.135,68.5399531719872,30.82278115387342,16.749994235943163,12.36430892218873
0.14,68.40778758502196,30.928494866791837,16.777740644026945,12.378257865695007
0.145,68.27536194236016,31.03427083747922,16.80548251235943,12.392240144619088
0.15,68.14267906267328,31.140106833883298,16.833219603426453,12.406255835412601
0.155,68.00974177084547,31.246000616885322,16.86095167998265,12.420305014197597
0.16,67.87655289797358,31.351949940300038,16.88867850505148,12.434387756766558
0.165,67.74311528136717,31.45795255087571,16.916399841925195,12.448504138582386
0.17,67.60943176454845,31.564006188294094,16.944115454164862,12.46265423477841
0.17500000000000002,67.47550519725232,31.67010858517046,16.971825105600356,12.476838120158387
0.18,67.3413384354264,31.77625746705359,16.99952856033036,12.491055869196494
0.185,67.20693434123095,31.882450552425766,17.027225582722373,12.505307556037335
0.19,67.07229578303892,31.98868555270278,17.054915937412684,12.519593254495941
0.195,66.93742563543599,32.094960172233925,17.082599389306413,12.533913038057769
0.2,66.80232677922046,32.201272108302,17.110275703577468,12.548266979878695
0.20500000000000002,66.66700210140338,32.307619051123325,17.13794464566858,12.562655152785029
0.21,66.53145449520844,32.413998683847716,17.165605981291282,12.577077629273498
0.215,66.39568686007202,32.52040868255849,17.193259476425915,12.59153448151126
0.22,66.2597021016432,32.62684671627248,17.220904897321635,12.606025781335896
0.225,66.12350313178374,32.733310446940024,17.248542010496397,12.62055160025541
0.23,65.98709286856807,32.839797529444965,17.276170582736967,12.635112009448237
0.23500000000000001,65.85047423628335,32.94630561160465,17.303790381098928,12.64970707976323
0.24,65.71365016542936,33.052832334169935,17.331401172906656,12.664336881719674
0.245,65.5766235927186,33.15937533082519,17.359002725753353,12.679001485507273
0.25,65.43939746107628,33.265932228188284,17.386594807501016,12.693700960986162
0.255,65.30197471964026,33.37250064581058,17.414177186280455,12.708435377686895
0.26,65.16435832376108,33.479078196176985,17.441749630491287,12.72320480481046
0.265,65.02655123500197,33.585662484705864,17.469311908801945,12.738009311228257
0.27,64.88855642113889,33.69225110974913,17.496863790149657,12.752848965482126
0.275,64.75037685616041,33.79884166259218,17.524405043740472,12.767723835784322
0.28,64.61201552026785,33.90543172745393,17.551935439049238,12.782633990017528
0.28500000000000003,64.47347539987517,34.01201888148679,17.579454745819618,12.797579495734853
0.29,64.33475948760905,34.118600694776674,17.60696273406408,12.812560420159832
0.295,64.19587078230882,34.225174730343035,17.634459174063906,12.827576830186423
0.3,64.05681228902652,34.33173854413879,17.661943836369172,12.842628792379008
0.305,63.91758701902689,34.43828968505039,17.689416491798784,12.857716372972401
0.31,63.7781979897873,34.54482569489778,17.716876911440437,12.87283963787183
0.315,63.63864822499785,34.65134410843442,17.74432486665064,12.887998652652962
0.32,63.49894075456132,34.75784245334728,17.77176012905472,12.903193482561877
0.325,63.359078553856044,34.8643183129135,17.79918247326078,12.918424191508217
0.33,63.2190638450636,34.97077004636857,17.826591708638396,12.93369083026479
0.335,63.07889946743926,35.07719537489347,17.853987618793905,12.948993458906656
0.34,62.93858852905137,35.18359174163412,17.881369976123832,12.964332141429264
0.34500000000000003,62.798134132136084,35.289956595129254,17.908738553944527,12.979706941251022
0.35000000000000003,62.65753937309731,35.396287389310466,17.93609312649214,12.995117921213309
0.355,62.51680734250678,35.50258158350216,17.963433468922645,13.010565143580463
0.36,62.37594112510399,35.60883664242159,17.990759357311834,13.026048670039785
0.365,62.23494379979627,35.71505003617883,18.018070568655308,13.041568561701544
0.37,62.09381843965869,35.82121924027678,18.045366880868485,13.057124879098964
0.375,61.95256811193415,35.92734173561119,18.072648072786606,13.072717682188241
0.38,61.81119587803333,36.03341500847064,18.099913924164717,13.088347030348531
0.385,61.66970479353469,36.13943655053652,18.127164215677688,13.104012982381951
0.39,61.528097908184506,36.24540385888309,18.154398728920196,13.119715596513585
0.395,61.38637826589683,36.3513144359774,18.18161724640674,13.135454930391475
0.4,61.2445489047535,36.45716578967936,18.208819551571636,13.151231041086637
0.405,61.10261285700417,36.56295543324171,18.236005428769012,13.167043985093038
0.41000000000000003,60.96057314906625,36.66868088531002,18.263174663272807,13.182893818327615
0.41500000000000004,60.81843280152497,36.77433966992268,18.290327041276786,13.19878059613027
0.42,60.67619482913335,36.87992931651093,18.317462349894523,13.214704373263862
0.425,60.5338622408122,36.985447359898835,18.344580377159403,13.230665203914219
0.43,60.39143803965009,37.09089134030329,18.37168091202464,13.24666314169013
0.435,60.24892522290344,37.19625880333402,18.39876374436325,13.262698239623347
0.44,60.106326781996415,37.30154729999359,18.425828664968076,13.278770550168588
0.445,59.963645702520985,37.40675438667739,18.452875465551767,13.294880125203528
0.45,59.820884964236924,37.51187762517366,18.47990393874679,13.311027016028817
0.455,59.67804754107179,37.61691458266344,18.506913878105433,13.327211273368055
0.46,59.53513640112092,37.721862831720635,18.53390507809979,13.343432947367814
0.465,59.392154506647465,37.826719950311954,18.56087733412178,13.359692087597626
0.47000000000000003,59.24910481408235,37.93148352179697,18.58783044248313,13.375988743049987
0.47500000000000003,59.1059902740243,38.036151134928055,18.614764200415394,13.39232296214036
0.48,58.962813831239835,38.14072038385043,18.641678406069925,13.408694792707164
0.485,58.819578424663256,38.245188868102154,18.668572858517905,13.425104282011787
0.49,58.676286987396665,38.349554192614114,18.695447357750325,13.441551476738578
0.495,58.53294244670995,38.45381396771002,18.722301704677992,13.458036422994851
0.5,58.389547724040796,38.55796580910642,18.749135701131532,13.474559166310883
0.505,58.246105734994686,38.66200733791269,18.775949149861383,13.49111975163991
0.51,58.102619389344866,38.76593618063106,18.8027418545378,13.507718223358141
0.515,57.95909159103241,38.869749969156565,18.829513619750852,13.524354625264738
0.52,57.815525238166174,38.97344634077709,18.85626425101043,13.541029000581833
0.525,57.67192322302278,39.07702293817333,18.88299355474623,13.557741391954519
0.53,57.52828843204667,39.18047740941884,18.90970133830777,13.574491841450852
0.535,57.38462374585008,39.28380740798,18.936387409964386,13.591280390561852
0.54,57.240932039213014,39.387010592716,18.963051578905223,13.608107080201505
0.545,57.09721618108329,39.49008462787889,18.989693655239243,13.624971950706753
0.55,56.9534790345765,39.59302718311355,19.01631344999523,13.64187504183751
0.555,56.809723456976045,39.695835933457666,19.04291077512178,13.658816392776648
0.56,56.66595229973311,39.79850855934178,19.069485443487295,13.675796042130003
0.5650000000000001,56.52216840846666,39.901042746589276,19.096037268880007,13.692814027926376
0.5700000000000001,56.37837462296347,40.00343618641634,19.122566066007955,13.709870387617531
0.5750000000000001,56.234573777178106,40.105686575432,19.149071650498996,13.726965158078196
0.58,56.09076869923292,40.207791615638136,19.175553838900807,13.744098375606058
0.585,55.94696221141804,40.30974901442944,19.20201244868087,13.761270075921772
0.59,55.803157130191416,40.41155648459344,19.22844729822649,13.778480294168956
0.595,55.65935626617877,40.513211744310496,19.25485820684479,13.79572906491419
0.6,55.51556242417362,40.61471251715381,19.281244994762698,13.813016422147017
0.605,55.371778403137284,40.716056532089404,19.307607483126972,13.830342399279946
0.61,55.22800699619886,40.81724152347614,19.33394549400417,13.847707029148445
0.615,55.084250990655235,40.91826523106571,19.360258850380678,13.865110344010949
0.62,54.94051316797111,41.01912540000263,19.386547376162692,13.882552375548856
0.625,54.796796303778954,41.119819780824265,19.412810896176225,13.900033154866525
0.63,54.65310316787904,41.2203461294608,19.4390492361671,13.91755271249128
0.635,54.509436524239426,41.32070220723526,19.46526222280097,13.935111078373412
0.64,54.36579913099597,41.42088578086348,19.491449683663284,13.952708281886165
0.645,54.22219374045232,41.520894622454165,19.517611447259323,13.970344351825759
0.65,54.078623099079906,41.62072650950883,19.543747343014175,13.988019316411368
0.655,53.93508994751796,41.72037922492182,19.569857201272743,14.005733203285132
0.66,53.791597020573505,41.81985055698031,19.595940853299755,14.023486039512159
0.665,53.64814704722135,41.919138299364334,19.62199813127974,14.041277851580514
0.67,53.5047427506041,42.01824025114672,19.648028868317056,14.059108665401228
0.675,53.361386848032154,42.11715421679315,19.67403289843587,14.076978506308295
0.68,53.2180820509837,42.21587800616215,19.700010056580158,14.094887399058672
0.685,53.07483106510472,42.314409434505045,19.72596017861373,14.112835367832282
0.6900000000000001,52.93163659020898,42.41274632246602,19.751883101320193,14.130822436232007
0.6950000000000001,52.78850132027805,42.51088649608208,19.77777866240298,14.148848627283698
0.7000000000000001,52.645427943461286,42.60882778678307,19.803646700485334,14.166913963436162
0.705,52.50241914207582,42.706568031391654,19.82948705511032,14.185018466561175
0.71,52.359477592606616,42.80410507212334,19.85529956674081,14.203162157953475
0.715,52.216605965706385,42.90143675658648,19.8810840767595,14.221345058330764
0.72,52.07380692619565,42.998560937782216,19.906840427468897,14.239567187833705
0.725,51.93108313306274,43.095475474104575,19.93256846209132,14.257828566025927
0.73,51.78843723946375,43.19217822934037,19.958268024768916,14.27612921189402
0.735,51.64587189272258,43.288667072669284,19.98393896056363,14.294469143847538
0.74,51.50338973433092,43.38493987866381,20.009581115457237,14.312848379719
0.745,51.36099339994826,43.480994527289276,20.035194336351324,14.331266936763889
0.75,51.21868551940187,43.576828903903845,20.06077847106729,14.349724831660648
0.755,51.076468716686804,43.67244089925852,20.08633336834635,14.368222080510684
0.76,50.934345385333536,43.76782864066061,20.1118588845408,14.386758695374064
0.765,50.79231731981755,43.86299087208897,20.137354896071578,14.405334678204342
0.77,50.65038697734984,43.95792565576477,20.16282126206396,14.423950040259037
0.775,50.5085568654179,44.0526310014511,20.18825784091785,14.44260479309089
0.78,50.36682947630858,44.14710493379511,20.213664492189704,14.461298947555848
0.785,50.225207287108056,44.24134549232801,20.239041076592546,14.480032513813061
0.79,50.083692759701876,44.33535073146504,20.26438745599598,14.49880550132488
0.795,49.94228834077494,44.42911872050552,20.289703493426153,14.517617918856862
0.8,49.80099646181147,44.52264754363279,20.3149890530658,14.536469774477768
0.805,49.65981953909508,44.615935299914256,20.340244000254206,14.55536107555956
0.81,49.518759973708725,44.70898010330137,20.365468201487232,14.574291828777403
0.8150000000000001,49.37782015153469,44.801780082629634,20.390661524417293,14.593262040109668
0.8200000000000001,49.23700244325463,44.89433338161861,20.415823837853388,14.612271714837929
0.8250000000000001,49.09630920434955,44.986638158871884,20.440955011761062,14.63132085754696
0.8300000000000001,48.9557427750998,45.07869258787712,20.466054917262436,14.650409472124743
0.835,48.81530548058509,45.17049485700603,20.4911234266362,14.669537561762459
0.84,48.674999630684475,45.26204316951434,20.516160413317603,14.688705128954497
0.845,48.534827520076355,45.35333574354189,20.541165751898465,14.707912175498448
0.85,48.394791428238506,45.44437081211251,20.566139318127167,14.727158702495103
0.855,48.254893619448026,45.53514662313411,20.591080988908658,14.74644471034846
0.86,48.11513634278138,45.62566143939865,20.615990642304453,14.765770198765718
0.865,47.97552183211439,45.71591353858212,20.640868157532637,14.785135166757282
0.87,47.83605230612221,45.805901213244596,20.665713414967847,14.80453961263676
0.875,47.69672996827937,45.89562277083016,20.690526296141307,14.82398353402096
0.88,47.55755700685974,45.985076533666984,20.715306683740785,14.843466927829896
0.885,47.41853559493652,46.07426083896727,20.740054461610633,14.862989790286786
0.89,47.2796678903823,46.163174038827265,20.764769514751755,14.88255211691805
0.895,47.140956035868996,46.25181450022728,20.78945172932163,14.902153902553316
0.9,47.002402158867895,46.34018060503168,20.8141009926343,14.921795141325406
0.905,46.864008371649604,46.428270749988855,20.83871719316037,14.941475826670354
0.91,46.72577677128411,46.516083346731264,20.863300220527016,14.961195951327392
0.915,46.58770943964075,46.60361682177542,20.887849965517976,14.980955507338958
0.92,46.44980844338819,46.69086961652188,20.912366320073552,15.000754486050695
0.925,46.31207583399447,46.777840187255244,20.936849177290622,15.020592878111446
0.93,46.17451364772698,46.86452700514417,20.961298431422613,15.040470673473259
0.935,46.03712390565244,46.950928556241365,20.985713977879534,15.060387861391384
0.9400000000000001,45.89990861363696,47.03704334148359,21.010095713227955,15.080344430424274
0.9450000000000001,45.76286976234596,47.12286987669165,21.034443535191002,15.100340368433592
0.9500000000000001,45.626009327244226,47.2084066925704,21.05875734264838,15.120375662584197
0.9550000000000001,45.48932926859591,47.293652334708746,21.08303703563636,15.140450299344153
0.96,45.3528315314645,47.37860536357965,21.107282515347762,15.160564264484726
0.965,45.216518045712846,47.46326435454012,21.13149368413199,15.180717543080393
0.97,45.080390726003145,47.54762789783121,21.15567044549501,15.200910119508825
0.975,44.94445147179693,47.63169459857804,21.179812704099344,15.2211419774509
0.98,44.808702167355115,47.715463076789746,21.20392036576409,15.241413099890703
0.985,44.673144681737945,47.79893196735956,21.22799333746491,15.261723469115514
0.99,44.537780868805015,47.882099920064725,21.25203152733403,15.282073066715826
0.995,44.40261256721529,47.964965599566554,21.27603484466024,15.30246187358533
1.0,44.26764160042707,48.0475276854104,21.300003199888906,15.32288986992092
1.0050000000000001,44.132869776698,48.129784872025695,21.323936504621944,15.343357035222693
1.01,43.99829888908511,48.21173586872587,21.347834671617843,15.363863348293954
1.0150000000000001,43.863930715444745,48.29337939970844,21.371697614791664,15.38440878724121
1.02,43.72976701843262,48.37471420405498,21.395525249215027,15.404993329474163
1.025,43.5958095455038,48.455739035731085,21.419317491116114,15.42561695170573
1.03,43.46206002891268,48.53645266358643,21.44307425787969,15.446279629952029
1.035,43.328520185713046,48.61685387135471,21.46679546804706,15.466981339532374
1.04,43.19519171775801,48.696941457653686,21.490481041316123,15.487722055069291
1.045,43.06207631170004,48.776714235985175,21.514130898541318,15.508501750488502
1.05,42.929175638990955,48.856171034735034,21.537744961733665,15.529320399018939
1.055,42.796491355881926,48.93531069717318,21.561323154060748,15.550177973192735
1.06,42.66402510342347,49.01413208145357,21.584865399846716,15.571074444845225
1.065,42.53177850746547,49.0926340606142,21.608371624572282,15.592009785114946
1.07,42.39975317865714,49.17081552257716,21.631841754874724,15.612983964443647
1.075,42.26795071244708,49.24867537014854,21.655275718547887,15.633996952576267
1.08,42.136372689083196,49.32621252101851,21.678673444542188,15.655048718560959
1.085,42.005020673612776,49.403425907761275,21.7020348629646,15.676139230749074
1.09,41.87389621588245,49.48031447783511,21.725359905078665,15.697268456795172
1.095,41.743000850538216,49.55687719358231,21.748648503304494,15.718436363657009
1.1,41.612336097025384,49.63311303222925,21.771900591218763,15.739642917595551
1.105,41.481903459588665,49.70902098588633,21.795116103554708,15.760888084174963
1.11,41.35170442727207,49.78460006154803,21.818294976202143,15.782171828262614
1.115,41.22174047391901,49.85984928109285,21.841437146207436,15.803494114029078
1.12,41.09201305817221,49.934767681283354,21.864542551773525,15.824854904948134
1.125,40.962523623473786,50.00935431376615,21.88761113225991,15.846254163796758
1.1300000000000001,40.83327359806515,50.08360824507192,21.91064282818267,15.867691852655136
1.135,40.70426439498712,50.15752855661536,21.933637581214434,15.889167932906654
1.1400000000000001,40.57549741207984,50.231114344695236,21.956595334184403,15.910682365237902
1.145,40.4469740319828,50.30436472049436,21.979516031078347,15.932235109638675
1.1500000000000001,40.31869562213485,50.37727881007961,22.002399617038602,15.953826125401969
1.155,40.1906635347742,50.44985575440188,22.02524603836406,15.975455371123983
1.16,40.0628791069384,50.522094709296155,22.048055242510188,15.997122804704123
1.165,39.93534366046435,50.593994845481426,22.070827178089022,16.018828383344996
1.17,39.8080585024877,50.66555534807871,22.09356179476727,16.04057206356923
1.175,39.68102499387506,50.73677535059698,22.116259027262693,16.062353803744827
1.18,39.55424441394371,50.807654065477315,22.138918818031172,16.08417356007147
1.185,39.42771795844835,50.87819078569571,22.161541123118145,16.106031285942237
1.19,39.3014468090923,50.94838481760619,22.184125899434402,16.127926934129217
1.195,39.17543213352739,51.01823548094086,22.206673104756078,16.14986045678349
1.2,39.04967508535403,51.087742108809884,22.22918269772464,16.17183180543515
1.205,38.92417680412119,51.15690404770147,22.251654637846897,16.193840930993293
1.21,38.798938415326376,51.22572065748188,22.274088885495015,16.21588778374601
1.215,38.673961030415654,51.29419131139546,22.296485401906484,16.237972313360405
1.22,38.54924574678366,51.36231539606458,22.31884414918414,16.260094468882578
1.225,38.424793647773576,51.430092311489695,22.34116509029617,16.282254198737643
1.23,38.30060580267714,51.497521471049296,22.36344818907609,16.3044514507297
1.235,38.17668326673464,51.564602301499946,22.38569341022277,16.326686172041867
1.24,38.05302708113493,51.631334242976266,22.40790071930041,16.348958309236263
1.245,37.929638273015414,51.69771674899092,22.43007008273856,16.371267808254
1.25,37.80651785546205,51.763749286434646,22.452201467832108,16.393614614415206
1.2550000000000001,37.68366682750935,51.829431335576224,22.474294842741283,16.415998672419004
1.26,37.56108617414039,51.8947623900625,22.496350176491664,16.438419926343528
1.2650000000000001,37.438776866286794,51.95974195691839,22.518367438974156,16.460878319645904
1.27,37.316739860828754,52.02436955654684,22.54034660094502,16.48337379516227
1.2750000000000001,37.194976100595,52.08864472272887,22.562287634025854,16.505906295107767
1.28,37.07348651436282,52.15256700262356,22.584190510703593,16.528475761076532
1.285,36.952272016858075,52.21613595676804,22.606055204330524,16.551082134041717
1.29,36.83133350875516,52.27935115907751,22.627881689124262,16.573725354355464
1.295,36.71067187667704,52.34221219684519,22.64966994016778,16.59640536174893
1.3,36.590287993195226,52.40471867074241,22.67141993340938,16.619122095332266
1.305,36.4701827168298,52.46687019481853,22.69313164566271,16.64187549359463
1.31,36.35035689204936,52.52866639650097,22.714805054606757,16.664665494404186
1.315,36.230811349271136,52.59010691659518,22.73644013878586,16.6874920350081
1.32,36.11154690486082,52.651191409284735,22.758036877609683,16.710355052032533
1.325,35.992564361132736,52.711919542131206,22.779595251353246,16.73325448148266
1.33,35.87386450634972,52.77229099607425,22.801115241156904,16.75619025874266
1.335,35.75544811472318,52.83230546543156,22.822596829026356,16.7791623185757
1.34,35.63731594641307,52.891962657898915,22.844039997832642,16.80217059512397
1.345,35.51946874752792,52.95126229455013,22.86544473131214,16.825215021908654
1.35,35.40190725012478,53.01020410983709,22.88681101406658,16.848295531829933
1.355,35.28463217220929,53.068787851589725,22.908138831563022,16.871412057167
1.36,35.167644217735635,53.12701328101603,22.92942817013388,16.894564529578048
1.365,35.050944076606555,53.18488017270207,22.950679016976892,16.917752880100277
1.37,34.93453242467332,53.24238831461194,22.971891360155155,16.940977039149885
1.375,34.818409923735814,53.2995375080878,22.9930651885971,16.964236936522074
1.3800000000000001,34.70257722154241,53.356327567849895,23.0142004920965,16.987532501391055
1.385,34.587034951790095,53.41275832199649,23.035297261312472,17.010863662310033
1.3900000000000001,34.471783734124365,53.46882961200394,23.05635548776947,17.03423034721122
1.395,34.356824174139305,53.52454129272662,23.077375163857297,17.05763248340584
1.4000000000000001,34.24215686337753,53.57989323239699,23.09835628283109,17.081069997584105
1.405,34.127782379330235,53.63488531262558,23.119298838811336,17.10454281581524
1.41,34.01370128543714,53.68951742840093,23.140202826783852,17.128050863547468
1.415,33.89991413108656,53.74378948808969,23.16106824259981,17.151594065608027
1.42,33.78642145161533,53.79770141343653,23.181895082975718,17.17517234620314
1.425,33.67322376830886,53.8512531395642,23.20268334549342,17.19878562891805
1.43,33.5603215884011,53.904444614973485,23.223433028600112,17.222433836716988
1.435,33.44771540507458,53.95727580154326,23.244144131608323,17.246116891943206
1.44,33.335405697460374,54.009746674530426,23.26481665469593,17.26983471631894
1.445,33.223392930638084,54.06185722256995,23.28545059890615,17.29358723094544
1.45,33.11167755563592,54.11360744767487,23.306045966147536,17.317374356302963
1.455,33.000260009430605,54.16499736523627,23.326602759193996,17.341196012250762
1.46,32.889140714947445,54.21602700402328,23.34712098168476,17.365052118027094
1.465,32.77832008106027,54.26669640618312,23.367600638124422,17.38894259224922
1.47,32.66779850259151,54.317005627241045,23.3880417338829,17.412867352913402
1.475,32.5575763603121,54.366954736100354,23.408444275195468,17.436826317394917
1.48,32.44765402094157,54.41654381504243,23.428808269162722,17.460819402448028
1.485,32.33803183714798,54.46577295972671,23.449133723750624,17.48484652420601
1.49,32.22871014754798,54.514642279190674,23.469420647790457,17.508907598181143
1.495,32.11968927670673,54.56315189584987,23.48966905097886,17.53300253926471
1.5,32.01096953513798,54.6113019454979,23.50987894387781,17.55713126172699
1.5050000000000001,31.902551219304016,54.659092577306424,23.530050337914616,17.581293679217275
1.51,31.794434611615692,54.706523953825155,23.55018324538194,17.60548970476385
1.5150000000000001,31.68661998043241,54.75359625098188,23.570277679437787,17.629719250774016
1.52,31.57910758006214,54.80030965808241,23.590333654105493,17.65398222903406
1.5250000000000001,31.47189765076138,54.84666437781066,23.610351184273746,17.678278550709294
1.53,31.364990418735218,54.89266062622856,23.63033028569657,17.702608126344014
1.5350000000000001,31.258386096137272,54.938298632776124,23.65027097499333,17.726970865861528
1.54,31.15208488106973,54.98357864027141,23.670173269648735,17.751366678564146
1.545,31.046086957583327,55.02850090491054,23.69003718801284,17.77579547313318
1.55,30.94039249567735,55.07306569626769,23.709862749301035,17.80025715762895
1.555,30.835001651299667,55.117273297295085,23.729649973594054,17.82475163949077
1.56,30.729914566346665,55.161124004323035,23.749398881837976,17.849278825536967
1.565,30.62513136866331,55.20461812705988,23.769109495844212,17.873838621964868
1.57,30.520652172043118,55.247755988592026,23.788781838289527,17.8984309343508
1.575,30.416477076228162,55.29053792538394,23.808415932716017,17.923055667650093
1.58,30.312606272965226,55.332964183735086,23.828011796866598,17.94771272845605
1.585,30.209040418299274,55.37503455218364,23.847569418912006,17.972402033198545
1.59,30.105779634192732,55.41674933389529,23.867088819977614,17.997123487039797
1.595,30.002823940441996,55.45810893058184,23.886570027517955,18.021876992716525
1.6,29.900173349458353,55.49911375037794,23.906013069398604,18.046662452532225
1.605,29.797827866268015,55.5397642078411,23.925417973896145,18.07147976835718
1.61,29.695787488512092,55.580060723951696,23.944784769698213,18.096328841628456
1.615,29.59405220644662,55.62000372611293,23.964113485903457,18.121209573349894
1.62,29.49262200294253,55.65959364815087,23.983404152021556,18.146121864092127
1.625,29.39149685348568,55.69883093031443,24.002656797973223,18.17106561399256
1.6300000000000001,29.29067672617682,55.73771601927538,24.021871454090196,18.196040722755395
1.635,29.190161581731637,55.77624936812835,24.041048151115238,18.221047089651602
1.6400000000000001,29.089951373480698,55.8144314363908,24.06018692020215,18.246084613518942
1.645,28.990046047369507,55.85226269000305,24.07928779291575,18.271153192761957
1.6500000000000001,28.890445541958464,55.8897436013283,24.098350801231895,18.296252725351966
1.655,28.791149788422885,55.92687464915255,24.117375977537467,18.321383108827078
1.6600000000000001,28.692158710552995,55.9636563186847,24.136363354630372,18.34654424029218
1.665,28.59347222475394,56.00008910155646,24.15531296571955,18.371736016418943
1.67,28.495090240045755,56.03617349582244,24.174224844424963,18.39695833344582
1.675,28.3970126580634,56.07191000596005,24.193099024777613,18.42221108717805
1.68,28.299239373056757,56.107299142869586,24.211935541219525,18.447494172987646
1.685,28.201770271890595,56.142341423874186,24.230734428603743,18.472807485813412
1.69,28.104605234044612,56.177037372719845,24.249495722194354,18.498150920160928
1.695,28.007744131613403,56.21138751957539,24.268219457666465,18.52352437010256
1.7,27.911186829306494,56.245392401032525,24.286905671106215,18.54892772927746
1.705,27.8149331844483,56.2790525601058,24.305554399010774,18.574360890891555
1.71,27.718983046978163,56.3123685462326,24.324165678288328,18.599823747717558
1.715,27.623336259450323,56.34534091527318,24.34273954625811,18.625316192094964
1.72,27.52799265703394,56.37797022951063,24.361276040650367,18.650838115930053
1.725,27.43295206751308,56.41025705765092,24.37977519960638,18.676389410695883
1.73,27.338214311286727,56.44220197482284,24.39823706167846,18.701969967432298
1.735,27.243779201368763,56.47380556257804,24.416661665829945,18.727579676745922
1.74,27.149646543388002,56.50506840889105,24.4350490514352,18.75321842881016
1.745,27.05581613558814,56.5359911081592,24.45339925827962,18.77888611336521
1.75,26.962287768827814,56.566574261202724,24.47171232655963,18.804582619718037
1.7550000000000001,26.869061226580545,56.596818475264676,24.48998829688268,18.8303078367424
1.76,26.77613628493479,56.626724364010975,24.50822721026725,18.856061652878832
1.7650000000000001,26.683512712593892,56.65629254753037,24.52642910814285,18.88184395613466
1.77,26.59119027087613,56.685523652334496,24.54459403235002,18.90765463408398
1.7750000000000001,26.499168713714667,56.71441831135782,24.562722025140324,18.93349357386768
1.78,26.407447787657606,56.742977163957654,24.580813129176356,18.959360662193426
1.7850000000000001,26.316027231867935,56.77120085591418,24.59886738753174,18.985255785335667
1.79,26.224906778123575,56.79909003943042,24.616884843691132,19.011178829135634
1.795,26.134086150817335,56.826645373132244,24.634865541550205,19.037129679001346
1.8,26.04356506695695,56.853867522068384,24.65280952541567,19.0631082199076
1.805,25.95334323616507,56.88075715771043,24.67071684000527,19.089114336395973
1.81,25.863420360679243,56.90731495795279,24.688587530447762,19.115147912574827
1.815,25.773796135351933,56.93354160711277,24.706421642282947,19.141208832119304
1.82,25.684470247650516,56.9594377959305,24.72421922146165,19.167296978271338
1.825,25.59544237765728,56.98500422156896,24.741980314345717,19.19341223383963
1.83,25.506712198069422,57.01024158761399,24.75970496770803,19.21955448119968
1.835,25.418279374199056,57.03515060407428,24.777393228732496,19.245723602293754
1.84,25.330143563973188,57.059731987381376,24.795045145014058,19.27191947863092
1.845,25.24230441793376,57.083986460389674,24.812660764558675,19.298141991287004
1.85,25.1547615792376,57.10791475237641,24.83024013578335,19.32439102090464
1.855,25.06751468365648,57.131517599041686,24.847783307516096,19.350666447693218
1.86,24.980563359577044,57.15479574250845,24.865290328995968,19.376968151428937
1.865,24.893907228000877,57.1777499313225,24.88276124987305,19.403296011454763
1.87,24.807545902544458,57.200380920452496,24.900196120208445,19.429649906680446
1.875,24.721478989439188,57.22268947128994,24.917594990474296,19.456029715582517
1.8800000000000001,24.635706087531364,57.24467635164918,24.934957911553763,19.4824353162043
1.885,24.550226788282217,57.26634233576743,24.952284934741044,19.508866586155886
1.8900000000000001,24.46504067576786,57.28768820430476,24.96957611174136,19.53532340261416
1.895,24.38014732667935,57.30871474434406,24.986831494670966,19.561805642322785
1.9000000000000001,24.29554631032262,57.3294227493911,25.004051136057136,19.588313181592213
1.905,24.21123718861854,57.3498130193745,25.02123508883818,19.614845896299663
1.9100000000000001,24.127219516102883,57.36988636064572,25.038383406363437,19.64140366188915
1.915,24.04349283992633,57.38964358597909,25.05549614239327,19.66798635337147
1.92,23.960056699854476,57.409085514571764,25.072573351099074,19.694593845324196
1.925,23.87691062826782,57.42821297204377,25.089615087063272,19.72122601189169
1.93,23.794054150161784,57.44702679043798,25.10662140527932,19.747882726785093
1.935,23.711486783146693,57.46552780822013,25.12359236115169,19.774563863282324
1.94,23.629208037447786,57.483716870278776,25.140528010495892,19.80126929422809
1.945,23.547217415905205,57.501594827925366,25.157428409538465,19.827998892033882
1.95,23.46551441397402,57.51916253889417,25.174293614916973,19.85475252867797
1.955,23.38409851972419,57.53642086734232,25.19112368368001,19.881530075705406
1.96,23.302969213840605,57.553370683849806,25.2079186732872,19.908331404228026
1.965,23.222125969623054,57.57001286541946,25.22467864160919,19.93515638492445
1.97,23.14156825298624,57.58634829547697,25.241403646927665,19.962004888040077
1.975,23.061295522459773,57.60237786387086,25.258093747935327,19.98887678338709
1.98,22.981307229188186,57.61810246687254,25.27474900373592,20.015771940344454
1.985,22.901602816930907,57.63352300717625,25.291369473844203,20.04269022785792
1.99,22.82218172206229,57.648640393899086,25.307955218185967,20.069631514440015
1.995,22.743043373571588,57.663455542580984,25.324506297098047,20.096595668170057
2.0,22.664187193062972,57.67796937518474,25.34102277132828,20.123582556694135
2.005,22.585612594755517,57.692182820096015,25.357504702035552,20.150592047225132
2.0100000000000002,22.50731898548321,57.706096812123306,25.37395215078977,20.177624006542704
2.015,22.429305778224045,57.7197122799325,25.390365178853546,20.204678301429
2.02,22.351572887118728,57.733029682175875,25.406743820713267,20.23175481496195
2.025,22.27411996131925,57.74604971149965,25.42308812440963,20.25885342249259
2.0300000000000002,22.196946378386432,57.7587733100739,25.439398152306815,20.28597399063507
2.035,22.120051514551236,57.77120142052015,25.45567396683013,20.313116385805294
2.04,22.043434744714748,57.78333498591142,25.47191563046603,20.340280474220926
2.045,21.96709544244818,57.79517494977222,25.48812320576212,20.367466121901373
2.05,21.89103297999289,57.806722256078515,25.504296755327136,20.3946731946678
2.055,21.815246728260345,57.81797784925779,25.520436341830973,20.421901558143134
2.06,21.73973605683218,57.82894267418897,25.536542028004654,20.449151077752035
2.065,21.664500333960124,57.839617676202494,25.552613876640358,20.47642161872093
2.07,21.589538926566064,57.85000380108027,25.56865195059139,20.503713046078
2.075,21.514851200241996,57.86010199505569,25.584656312772225,20.53102522465318
2.08,21.44043651925007,57.86991320481362,25.600627026158456,20.558358019078145
2.085,21.36629424652256,57.87943837749041,25.616564153786832,20.585711293786332
2.09,21.292423743661864,57.8886784606739,25.63246775875524,20.613084913012937
2.095,21.21882437094051,57.897634402403405,25.648337904222718,20.640478740794904
2.1,21.145495487301183,57.90630715116973,25.664174653409436,20.667892640970923
2.105,21.07243645035667,57.91469765591514,25.679978069596718,20.695326477181446
2.11,20.9996466163899,57.922806866033405,25.695748216127026,20.722780112868673
2.115,20.927125340353932,57.93063573136977,25.711485156403967,20.750253411276567
2.12,20.85487197587197,57.93818520222094,25.727188953892288,20.777746235450834
2.125,20.782885875237334,57.94545622933515,25.74285967211788,20.80525844823893
2.13,20.71116638941348,57.95244976391207,25.758497374667787,20.832789912290075
2.1350000000000002,20.639712868033993,57.959166757602866,25.774102125190183,20.86034049005524
2.14,20.568524659402602,57.9656081625102,25.789673987394387,20.887910043787137
2.145,20.497601110493154,57.971774931188186,25.805213025050872,20.91549843554025
2.15,20.426941566949633,57.977668016642454,25.820719301991243,20.943105527170804
2.1550000000000002,20.356545373086146,57.983288372330094,25.836192882108254,20.970731180336777
2.16,20.28641187188695,57.98863695215968,25.8516338293558,20.9983752564979
2.165,20.216540405006427,57.99371471049127,25.867042207748923,21.02603761691567
2.17,20.146930312769076,57.998522602136404,25.882418081363806,21.05371812265332
2.1750000000000003,20.077580934169536,58.0030615823581,25.89776151433777,21.08141663457584
2.18,20.008491606872596,58.00733260687087,25.913072570869286,21.109133013349986
2.185,19.93966166721315,58.01133663184069,25.92835131521797,21.136867119444247
2.19,19.87109045019624,58.01507461388503,25.94359781170457,21.16461881312888
2.195,19.80277728949703,58.01854751007283,25.958812124710995,21.19238795447589
2.2,19.734721517460816,58.021756277924524,25.973994318680283,21.220174403359042
2.205,19.666922465103042,58.02470187541203,25.989144458116616,21.24797801945384
2.21,19.599379462109265,58.027385260958724,26.00426260758533,21.27579866223755
2.215,19.53209183683518,58.029807393439484,26.01934883171289,21.303636190989188
2.22,19.465058916306607,58.03196923218068,26.03440319518692,21.331490464789532
2.225,19.398280026219513,58.03387173696012,26.04942576275617,21.3593613425211
2.23,19.331754490939993,58.03551586800715,26.064416599230547,21.387248682868176
2.235,19.265481633504255,58.03690258600256,26.079375769481096,21.415152344316784
2.24,19.199460775618654,58.03803285207863,26.094303338440007,21.443072185154712
2.245,19.13369123765969,58.03890762781912,26.109199371100612,21.471008063471494
2.25,19.068172338673968,58.039527875259274,26.124063932517384,21.49895983715842
2.255,19.002903396378237,58.03989455688583,26.138897087805947,21.526927363908534
2.2600000000000002,18.93788372715937,58.04000863563698,26.15369890214306,21.554910501216636
2.265,18.873112646074397,58.039871074902415,26.168469440766625,21.582909106379265
2.27,18.808589466850446,58.03948283852331,26.183208768975696,21.610923036494732
2.275,18.744313501884797,58.038844890792326,26.197916952130463,21.63895214846309
2.2800000000000002,18.680284062244855,58.03795819645358,26.21259405565226,21.666996298986152
2.285,18.616500457668163,58.03682372070269,26.22724014502357,21.69505534456747
2.29,18.552961996562388,58.035442429186766,26.24185528578801,21.723129141512366
2.295,18.48966798600533,58.03381528800438,26.25643954355035,21.751217545927908
2.3000000000000003,18.42661773174492,58.03194326370558,26.270992983976495,21.779320413722914
2.305,18.363810538199232,58.02982732329192,26.285515672793498,21.80743760060796
2.31,18.301245708456456,58.027468434216416,26.300007675789555,21.835568962095373
2.315,18.23892254427492,58.02486756438358,26.314469058814,21.863714353499233
2.32,18.17684034608309,58.02202568214939,26.328899887777325,21.891873629935372
2.325,18.114998412979546,58.01894375632132,26.343300228651145,21.920046646321385
2.33,18.053396042733024,58.015622756158315,26.357670147468237,21.9482332573766
2.335,17.99203253178237,58.01206365137081,26.372009710322505,21.976433317622114
2.34,17.930907175236577,58.008267412120716,26.38631898336901,22.004646681380777
2.345,17.870019266874756,58.00423500902142,26.400598032823943,22.032873202777186
2.35,17.809368099146166,57.99996741313781,26.414846924964657,22.06111273573769
2.355,17.748952963170183,57.995465595986225,26.429065726129625,22.089365133990402
2.36,17.688773148736317,57.990730529534524,26.443254502718485,22.117630251065172
2.365,17.62882794430422,57.985763186202014,26.457413321192004,22.14590794029362
2.37,17.569116637003663,57.9805645388595,26.471542248072097,22.1741980548091
2.375,17.50963851263456,57.97513556082926,26.485641349941822,22.202500447546736
2.38,17.450392855666948,57.969477225885065,26.499710693445383,22.2308149712434
2.3850000000000002,17.39137894924099,57.96359050825216,26.513750345288127,22.25914147843772
2.39,17.332596075167007,57.957476382607275,26.527760372236532,22.28747982147006
2.395,17.27404351392542,57.95113582407861,26.54174084111824,22.315829852482565
2.4,17.215720544666805,57.944569808245866,26.555691818822023,22.344191423419108
2.4050000000000002,17.157626445211847,57.93777931114021,26.5696133722978,22.37256438602533
2.41,17.099760492051388,57.93076530924431,26.583505568556628,22.400948591848625
2.415,17.04212196034639,57.92352877949227,26.597368474670716,22.429343892238126
2.42,16.984710123927936,57.91607069926974,26.61120215777341,22.457750138344736
2.4250000000000003,16.927524255297254,57.9083920464138,26.6250066850592,22.486167181121104
2.43,16.870563625625707,57.90049379921304,26.638782123783727,22.514594871321627
2.435,16.813827504754784,57.89237693640751,26.652528541263763,22.543033059502466
2.44,16.757315161196097,57.88404243718876,26.66624600487723,22.571481596021524
2.445,16.7010258621314,57.875491281199814,26.679934582063193,22.599940331038468
2.45,16.64495887341257,57.86672444853519,26.693594340321866,22.62840911451471
2.455,16.589113459561638,57.85774291974085,26.707225347214592,22.656887796213418
2.46,16.533488883770737,57.84854767581429,26.720827670363867,22.685376225699514
2.465,16.478084407902152,57.83913969820444,26.73440137745333,22.713874252339668
2.47,16.422899292488285,57.82951996881175,26.74794653622777,22.742381725302316
2.475,16.36793279673169,57.81968946998813,26.761463214493098,22.770898493557624
2.48,16.31318417850503,57.809649184536966,26.77495148011639,22.799424405877538
2.485,16.258652694351113,57.79940009571314,26.788411401025854,22.82795931083574
2.49,16.20433759948287,57.78894318722301,26.80184304521085,22.85650305680767
2.495,16.150238199271588,57.778279392087086,26.815246477489772,22.88505549826127
2.5,16.096353987638846,57.767409448657375,26.828621750500375,22.91361651336447
2.505,16.042684254314768,57.756334288416916,26.84196892924284,22.942185956203048
2.5100000000000002,15.989228260702587,57.74505486983873,26.855288080461772,22.970763677323827
2.515,15.93598526960192,57.73357214936615,26.868579270805107,22.99934952731146
2.52,15.882954545208728,57.721887081412774,26.88184256682412,23.02794335678846
2.525,15.830135353115338,57.71000061836251,26.895078034973412,23.05654501641518
2.5300000000000002,15.777526960310434,57.697913710569544,26.90828574161094,23.085154356889824
2.535,15.725128635179079,57.685627306358356,26.921465752997968,23.113771228948437
2.54,15.672939647502684,57.67314235202373,26.934618135299118,23.142395483364915
2.545,15.620959268459025,57.660459791830725,26.947742954582342,23.171026970951
2.5500000000000003,15.569186770622235,57.64758056801469,26.960840276818917,23.19966554255628
2.555,15.517621427962824,57.634505620781276,26.97391016788347,23.228311049068182
2.56,15.466262515847655,57.621235888306416,26.986952693553953,23.256963341411993
2.565,15.415109311039949,57.607772306736344,26.999967919511654,23.28562227055083
2.57,15.364161091699296,57.59411581018758,27.01295591134121,23.314287687485677
2.575,15.313417137381641,57.58026733074692,27.02591673453057,23.34295944325535
2.58,15.262876729039307,57.56622779847148,27.038850454471035,23.371637388936506
2.585,15.21253914902096,57.551998141388644,27.05175713645724,23.400321375643664
2.59,15.162403681071641,57.537579285496086,27.06463684568715,23.42901125452918
2.595,15.11246961033274,57.52297215476179,27.07748964726207,23.457706876783263
2.6,15.06273622334203,57.50817767112402,27.090315606186635,23.48640809363396
2.605,15.013202808033629,57.49319675449132,27.10311478736882,23.515114756347163
2.61,14.963868653738022,57.47803032274255,27.115887255619935,23.543826716226626
2.615,14.914733051182052,57.46267929172683,27.128633075654626,23.572543824613934
2.62,14.865795292488938,57.4471445752636,27.141352312090866,23.601265932888523
2.625,14.817054671178248,57.431427085142566,27.154045029449975,23.629992892467676
2.63,14.768510482165917,57.41552773112375,27.1667112921566,23.658724554806525
2.6350000000000002,14.720162021764235,57.39944742093744,27.17935116453873,23.687460771398047
2.64,14.672008587681871,57.38318706028424,27.191964710827683,23.71620139377306
2.645,14.624049479023839,57.36674755283502,27.20455199515812,23.74494627350023
2.65,14.576283996291526,57.35012980023095,27.217113081568026,23.773695262186074
2.6550000000000002,14.52871144138267,57.333334702083505,27.229648033998732,23.80244821147496
2.66,14.481331117591388,57.31636315597443,27.2421569162949,23.83120497304909
2.665,14.434142329608145,57.29921605745577,27.254639792204525,23.859965398628518
2.67,14.387144383519772,57.28189430004987,27.26709672537894,23.888729339971142
2.6750000000000003,14.340336586809462,57.26439877524935,27.27952777937282,23.917496648872717
2.68,14.293718248356777,57.24673037251712,27.291933017644162,23.94626717716683
2.685,14.24728867843763,57.2288899792864,27.304312503554307,23.97504077672492
2.69,14.201047188724306,57.21087848096069,27.316666300367928,24.003817299456276
2.695,14.154993092285444,57.19269676091376,27.328994471253033,24.032596597308032
2.7,14.109125703586047,57.17434570048972,27.341297079280974,24.061378522265162
2.705,14.06344433848749,57.155826179002915,27.353574187426425,24.090162926350494
2.71,14.017948314247498,57.13713907373803,27.3658258585674,24.1189496616247
2.715,13.972636949520162,57.11828525995001,27.378052155485257,24.147738580186296
2.72,13.927509564355933,57.09926561086409,27.39025314086468,24.17652953417165
2.725,13.882565480201635,57.080080997675815,27.402428877293687,24.20532237575497
2.73,13.837804019900442,57.060732289551005,27.414579427263636,24.234116957148313
2.735,13.793224507691894,57.04122035362579,27.426704853169223,24.262913130601582
2.74,13.748826269211891,57.02154605500656,27.438805217308474,24.291710748402533
2.745,13.704608631492707,57.001710256770025,27.450880581882746,24.320509662876756
2.75,13.660570922962961,56.981713819963176,27.462931008996748,24.349309726387695
2.755,13.616712473447645,56.96155760360329,27.474956560658505,24.37811079133664
2.7600000000000002,13.573032614168108,56.94124246467793,27.48695729877939,24.40691271016273
2.765,13.529530677742068,56.92076925814497,27.49893328517411,24.435715335342937
2.77,13.4862059981836,56.90013883693256,27.5108845815607,24.464518519392097
2.775,13.44305791090314,56.879352051939144,27.522811249560533,24.493322114862888
2.7800000000000002,13.400085752707483,56.85840975203345,27.534713350698325,24.522125974345826
2.785,13.357288861799805,56.83731278405451,27.54659094640212,24.55092995046928
2.79,13.314666577779622,56.81606199281164,27.5584440980033,24.579733895899462
2.795,13.272218241642824,56.794658221084454,27.570272866736577,24.60853766334043
2.8000000000000003,13.229943195781653,56.77310230962283,27.582077313740008,24.637341105534105
2.805,13.18784078398473,56.751395097146975,27.593857500054977,24.666144075260224
2.81,13.145910351437024,56.72953742034737,27.605613486626204,24.69494642533639
2.815,13.104151244719873,56.70753011388477,27.617345334301753,24.723748008618053
2.82,13.06256281181097,56.685374010390255,27.629053103833016,24.752548677998504
2.825,13.021144402084376,56.663069940465164,27.640736855874717,24.781348286408885
2.83,12.97989536631052,56.64061873268114,27.652396650984922,24.810146686818175
2.835,12.938815056656182,56.61802121358013,27.66403254962503,24.838943732233208
2.84,12.89790282668451,56.59527820767435,27.675644612159775,24.86773927569866
2.845,12.857158031355006,56.57239053744631,27.687232898857232,24.89653317029706
2.85,12.81658002702355,56.549359023348835,27.6987974698888,24.92532526914878
2.855,12.776168171442375,56.526184483805004,27.710338385329216,24.954115425412027
2.86,12.735921823760073,56.50286773520822,27.721855705156564,24.982903492282873
2.865,12.6958403445216,56.47940959192215,27.733349489252255,25.011689322995224
2.87,12.65592309566828,56.455810866280764,27.74481979740103,25.04047277082084
2.875,12.616169440537794,56.43207236858834,27.75626668929097,25.06925368906932
2.88,12.576578743864188,56.408194907119416,27.7676902245135,25.098031931088116
2.8850000000000002,12.537150371777862,56.38417928811883,27.779090462563367,25.126807350262524
2.89,12.497883691805594,56.36002631580173,27.79046746283866,25.155579800015683
2.895,12.458778072870512,56.335736792353536,27.801821284640802,25.18434913380858
2.9,12.419832885292106,56.31131151792996,27.81315198717455,25.213115205140056
2.9050000000000002,12.381047500786227,56.28675129065701,27.824459629548002,25.241877867546787
2.91,12.342421292465108,56.26205690663098,27.83574427077258,25.2706369746033
2.915,12.303953634837317,56.23722915991846,27.847005969763057,25.299392379921972
2.92,12.2656439038078,56.21226884255634,27.858244785337526,25.328143937153023
2.9250000000000003,12.227491476677853,56.18717674455177,27.869460776217426,25.356891499984517
2.93,12.189495732145154,56.16195365388223,27.880654001027526,25.38563492214237
2.935,12.151656050303728,56.13660035649545,27.891824518295934,25.414374057390337
2.94,12.113971812643966,56.111117636309494,27.90297238645409,25.443108759530027
2.945,12.076442402052617,56.08550627521268,27.914097663836767,25.471838882400892
2.95,12.039067202812797,56.05976705306364,27.925200408682084,25.500564279880233
2.955,12.001845600603989,56.033900747691284,27.93628067913148,25.529284805883194
2.96,11.964776982502027,56.00790813489482,27.947338533229747,25.55800031436276
2.965,11.92786074023239,55.981789984346335,27.958374028125785,25.586710666154875
2.97,11.891096275325236,55.955547048451365,27.969387218561288,25.61541574032284
2.975,11.85448298091793,55.929180084665745,27.980378161349037,25.644115395473804
2.98,11.8180202510523,55.90268984913321,27.991346913398424,25.67280948842816
2.985,11.781707481647594,55.87607709567894,28.00229353148865,25.701497876234985
2.99,11.745544070500486,55.849342575809544,28.013218072268746,25.730180416172058
2.995,11.70952941728508,55.822487038713106,28.024120592257557,25.75885696574583
3.0,11.673662923552897,55.79551123125914,28.03500114784376,25.787527382691458
3.005,11.63794399273288,55.76841589799859,28.045859795285857,25.816191524972776
3.0100000000000002,11.6023720301314,55.74120178116386,28.05669659071216,25.844849250782325
3.015,11.566946442932254,55.7138696206688,28.06751159012082,25.87350041854131
3.02,11.531666640196658,55.6864201541087,28.078304849379794,25.90214488689966
3.025,11.496532032863248,55.658854116760295,28.08907642422688,25.930782514735963
3.0300000000000002,11.461542033748092,55.63117224158175,28.09982637026969,25.959413161157514
3.035,11.426696057544678,55.603375259212704,28.110554742985652,25.988036685500294
3.04,11.391993520823918,55.57546389797422,28.121261597722036,26.016652947328975
3.045,11.357433842034148,55.5474388838688,28.131946989695912,26.045261806436915
3.0500000000000003,11.32301644150112,55.51930094058041,28.142610973994195,26.07386312284617
3.055,11.288740741428025,55.49105078947445,28.15325360557361,26.102456756807477
3.06,11.254606165895467,55.46268914959776,28.163874939260705,26.131042568800268
3.065,11.220612140861475,55.43421673767863,28.174475029751857,26.15962041953267
3.0700000000000003,11.1867580941615,55.40563426812679,28.18505393161326,26.188190169941485
3.075,11.153043455508422,55.37694245303343,28.195611699280942,26.21675168119222
3.08,11.119467656492542,55.34814200217116,28.206148387060736,26.245304814679066
3.085,11.086030130581584,55.31923362299405,28.216664049128315,26.273849432024903
3.09,11.052730313120694,55.29021802063761,28.22715873952917,26.302385395081302
3.095,11.019567641332443,55.26109589791879,28.23763251217861,26.330912565928532
3.1,10.986541554316833,55.23186795533601,28.248085420861774,26.359430806875537
3.105,10.953651493051275,55.202534891069085,28.258517519233614,26.387939980459958
3.11,10.920896900390618,55.17309740097933,28.26892886081892,26.416439949448133
3.115,10.888277221067119,55.14355617860946,28.279319499012296,26.444930576835084
3.12,10.855791901690479,55.11391191518366,28.289689487078164,26.473411725844514
3.125,10.823440390747804,55.08416529960754,28.30003887815078,26.501883259928835
3.13,10.791222138603635,55.05431701846818,28.31036772523422,26.530345042769135
3.1350000000000002,10.759136597499927,55.02436775603408,28.320676081202375,26.558796938275197
3.14,10.72718322155607,54.99431819425521,28.33096399879897,26.587238810585493
3.145,10.695361466768873,54.96416901276295,28.34123153063755,26.615670524067184
3.15,10.663670791012562,54.933920888870155,28.35147872920148,26.644091943316123
3.1550000000000002,10.632110654038794,54.9035744975711,28.361705646843948,26.672502933156856
3.16,10.60068051747665,54.87313051154153,28.371912335787968,26.70090335864261
3.165,10.569379844832634,54.84258960113863,28.38209884812638,26.72929308505531
3.17,10.53820810149067,54.81195243440099,28.39226523582183,26.757671977905567
3.1750000000000003,10.507164754712102,54.781219677048696,28.402411550706816,26.786039902932693
3.18,10.476249273635714,54.75039199248326,28.412537844483637,26.814396726104665
3.185,10.445461129277698,54.71947004178763,28.422644168724418,26.842742313618178
3.19,10.414799794531673,54.688454483726204,28.432730574871112,26.8710765318986
3.1950000000000003,10.384264744168684,54.65734597474482,28.442797114235493,26.899399247599998
3.2,10.353855454837202,54.62614516897077,28.45284383799916,26.92771032760512
3.205,10.323571405063118,54.594852718212785,28.462870797213537,26.95600963902541
3.21,10.293412075249746,54.56346927196105,28.47287804279986,26.984297049201
3.215,10.263376947677823,54.53199547738716,28.482865625549202,27.012572425700718
3.22,10.233465506505514,54.50043197934421,28.492833596122452,27.04083563632208
3.225,10.203677237768405,54.46877942036668,28.502782005050317,27.069086549091278
3.23,10.174011629379505,54.43703844067055,28.51271090273334,27.09732503226321
3.235,10.14446817112925,54.40520967815319,28.522620339441875,27.12555095432146
3.24,10.11504635468549,54.37329376839347,28.53251036531611,27.15376418397831
3.245,10.085745673593514,54.34129134465165,28.542381030366045,27.18196459017471
3.25,10.056565623276025,54.30920303786949,28.552232384471512,27.210152042080324
3.255,10.027505701033148,54.27702947667013,28.562064477382158,27.23832640909349
3.2600000000000002,9.998565406042433,54.24477128735821,28.57187735871746,27.26648756084124
3.265,9.96974423935886,54.2124290939198,28.58167107796672,27.294635367179303
3.27,9.941041703914827,54.180003518022396,28.591445684489052,27.32276969819209
3.275,9.912457304520153,54.14749517901495,28.601201227513403,27.350890424192706
3.2800000000000002,9.883990547862087,54.11490469392787,28.61093775613854,27.378997415722946
3.285,9.8556409425053,54.08223267747299,28.62065531933305,27.40709054355329
3.29,9.827407998891884,54.04947974204359,28.63035396593535,27.435169678682918
3.295,9.799291229341357,54.016646497714405,28.64003374465367,27.46323469233969
3.3000000000000003,9.771290148050653,53.9837335522416,28.64969470406608,27.49128545598016
3.305,9.743404271094146,53.950741511062816,28.65933689262045,27.519321841289575
3.31,9.715633116423621,53.9176709772971,28.668960358634493,27.547343720181868
3.315,9.687976203868288,53.884522551744965,28.678565150295736,27.57535096479966
3.3200000000000003,9.660433055134781,53.85129683288836,28.68815131566153,27.603343447514277
3.325,9.633003193807165,53.81799441689068,28.697718902659048,27.63132104092571
3.33,9.605686145346915,53.784615897596765,28.707267959085293,27.659283617862656
3.335,9.578481437092943,53.751161866532904,28.71679853260708,27.687231051382508
3.34,9.551388598261575,53.71763291290682,28.726310670761052,27.715163214771334
3.345,9.524407159946565,53.68402962360769,28.735804420953684,27.7430799815439
3.35,9.497536655119092,53.65035258320614,28.74527983046126,27.770981225443663
3.355,9.470776618627756,53.61660237395423,28.754736946429894,27.798866820442765
3.36,9.444126587198582,53.58277957578545,28.76417581587552,27.82673664074204
3.365,9.417586099435013,53.54888476631477,28.773596485683903,27.85459056077102
3.37,9.391154695817928,53.51491852083857,28.782999002610623,27.882428455187913
3.375,9.36483191870562,53.48088141233471,28.79238341328108,27.910250198879623
3.38,9.338617312333806,53.44677401146246,28.80174976419051,27.938055666961752
3.3850000000000002,9.31251042281563,53.41259688656254,28.811098101703962,27.965844734778585
3.39,9.286510798141656,53.37835060365715,28.82042847205631,27.99361727790309
3.395,9.260617988179877,53.34403572644988,28.829740921352254,28.02137317213694
3.4,9.234831544675703,53.30965281632581,28.83903549556631,28.049112293510483
3.4050000000000002,9.209151021251973,53.27520243235143,28.848312240542832,28.076834518282773
3.41,9.183575973408951,53.2406851312747,28.857571201995974,28.104539722941542
3.415,9.158105958524317,53.20610146752502,28.866812425509735,28.132227784203213
3.42,9.132740535853179,53.17145199321323,28.876035956537926,28.159898579012903
3.4250000000000003,9.107479266528069,53.136737258131596,28.88524184040418,28.18755198454442
3.43,9.082321713558944,53.10195780975386,28.894430122301962,28.215187878200258
3.435,9.057267441833183,53.0671141932352,28.903600847294552,28.242806137611602
3.44,9.03231600649078,53.03220696261489,28.912754060728172,28.270406643657633
3.4450000000000003,9.007466912079465,52.997236717558934,28.921889809523453,28.297989291712963
3.45,8.982719717443691,52.96220400106977,28.931008138372643,28.325553964732123
3.455,8.95807399243876,52.927109344881465,28.94010909150166,28.35310054362151
3.46,8.933529308453386,52.89195327884968,28.949192713022533,28.38062890963947
3.465,8.909085238409707,52.85673633095171,28.95825904693339,28.408138944396285
3.47,8.884741356763275,52.821459027286465,28.967308137118476,28.4356305298542
3.475,8.86049723950306,52.786121892074476,28.976340027348147,28.46310354832739
3.48,8.836352464151448,52.75072544765787,28.98535476127886,28.490557882481983
3.485,8.812306609764242,52.715270214500414,28.994352382453183,28.51799341533606
3.49,8.788359256930661,52.67975671118747,29.003332934299802,28.545410030259646
3.495,8.764509987773346,52.644185454426044,29.012296460133502,28.572807610974703
3.5,8.74075838594835,52.60855695904472,29.021243003155178,28.600186041555155
3.505,8.717104036645143,52.57287173799373,29.030172606451835,28.627545206426863
3.5100000000000002,8.693546526586612,52.53713030234491,29.039085312996587,28.654884990367638
3.515,8.670085444029066,52.50133316129172,29.04798116564866,28.682205278507233
3.52,8.646720378762225,52.46548082214922,29.056860207153388,28.70950595632736
3.525,8.62345092210923,52.42957379035409,29.06572248014221,28.736786909661664
3.5300000000000002,8.600276666926634,52.39361256946465,29.074568027132678,28.76404802469575
3.535,8.577197207604414,52.3575976611608,29.083396890528444,28.791289187967156
3.54,8.554212140065957,52.3215295652441,29.092209112619283,28.818510286365374
3.545,8.531321061768072,52.28540877963767,29.101004735581075,28.84571120713185
3.5500000000000003,8.508523571700982,52.249235800386295,29.109783801475796,28.872891837859964
3.555,8.48581927038833,52.21301112165636,29.11854635225155,28.900052066495046
3.56,8.463207759887172,52.17673523573585,29.127292429742532,28.92719178133438
3.565,8.440688643787986,52.14040863303439,29.13602207566906,28.95431087102719
3.5700000000000003,8.418261527214659,52.10403180208321,29.14473533163756,28.98140922457465
3.575,8.395926016824506,52.06760522953516,29.15343223914055,29.00848673132988
3.58,8.37368172080825,52.03112940016471,29.16211283955668,29.03554328099795
3.585,8.351528248890034,51.99460479686792,29.170777174150697,29.062578763635866
3.59,8.329465212327419,51.958031900662505,29.179425284073453,29.089593069652594
3.595,8.30749222391138,51.92141119068776,29.18805721036192,29.116586089809044
3.6,8.285608897966313,51.88474314420464,29.196672993939163,29.143557715218062
3.605,8.26381485035003,51.84802823659567,29.205272675614378,29.170507837344456
3.61,8.242109698453756,51.81126694136501,29.213856296082852,29.19743634800497
3.615,8.220493061202136,51.774459730138446,29.22242389592599,29.224343139368305
3.62,8.198964559053236,51.73760707266337,29.230975515611295,29.251228103955093
3.625,8.177523813998532,51.70070943680879,29.239511195492398,29.278091134637933
3.63,8.156170449562918,51.66376728856534,29.248030975809016,29.304932124641354
3.6350000000000002,8.134904090804708,51.62678109204524,29.256534896686993,29.331750967541844
3.64,8.113724364315637,51.589751309482374,29.265022998138274,29.358547557267823
3.645,8.092630898220845,51.5526784012322,29.273495320060913,29.385321788099677
3.65,8.0716233221789,51.515562825771816,29.281951902239076,29.412073554669725
3.6550000000000002,8.050701267381779,51.47840503969993,29.290392784343037,29.438802751962236
3.66,8.029864366554884,51.44120549773685,29.298818005929174,29.46550927531343
3.665,8.009112253957028,51.40396465272454,29.30722760643998,29.492193020411467
3.67,7.988444565380443,51.36668295562654,29.315621625204056,29.518853883296458
3.6750000000000003,7.967860938150776,51.329360855528016,29.32400010143611,29.545491760360463
3.68,7.947361011127095,51.29199879963577,29.332363074236955,29.572106548347485
3.685,7.926944424701882,51.254597233278204,29.340710582593527,29.598698144353477
3.69,7.9066108208010375,51.21715659990533,29.349042665378853,29.625266445826334
3.6950000000000003,7.886359842883875,51.179677341088784,29.35735936135208,29.651811350565904
3.7,7.866191135943133,51.142159896521825,29.365660709158462,29.678332756723975
3.705,7.8461043465049585,51.10460470401932,29.373946747329363,29.704830562804286
3.71,7.826099122628921,51.06701219951776,29.38221751428225,29.731304667662528
3.715,7.8061751139080044,51.02938281707524,29.390473048320704,29.757754970506326
3.72,7.7863319714686074,50.991716988871474,29.39871338763442,29.78418137089527
3.725,7.766569347970554,50.9540151452078,29.406938570299186,29.810583768740873
3.73,7.746886897607078,50.91627771450717,29.415148634276914,29.83696206430662
3.735,7.727284276104831,50.87850512331414,29.423343617415618,29.86331615820792
3.74,7.70776114072388,50.8406977962949,29.431523557449427,29.88964595141215
3.745,7.688317150257717,50.80285615623725,29.43968849199857,29.915951345238614
3.75,7.6689519650332425,50.7649806240506,29.44783845856939,29.94223224135858
3.755,7.649665246910777,50.72707161876598,29.45597349455434,29.968488541795256
3.7600000000000002,7.630456659284057,50.68912955753605,29.464093637231976,29.994720148923793
3.765,7.61132586708024,50.651154855635056,29.47219892376697,30.02092696547129
3.77,7.5922725367598956,50.613147926458886,29.480289391210103,30.0471088945168
3.775,7.5732963363170125,50.57510918152503,29.48836507649826,30.073265839491313
3.7800000000000002,7.5543969352789935,50.537039030472606,29.496426016454436,30.09939770417778
3.785,7.535574004706666,50.49893788106234,29.504472247787735,30.125504392711075
3.79,7.516827217194265,50.46080613917657,29.51250380709337,30.151585809578044
3.795,7.49815624686945,50.422644208819264,29.520520730852667,30.17764185961747
3.8000000000000003,7.4795607693932915,50.384452492116,29.528523055433055,30.203672448020082
3.805,7.461040461960282,50.346231389313964,29.536510817088075,30.229677480328547
3.81,7.442595003298329,50.30798129878197,29.544484051957376,30.2556568624375
3.815,7.424224073668755,50.26970261701044,29.55244279606672,30.281610500593505
3.8200000000000003,7.405927354866301,50.231395738611404,29.560387085327967,30.30753830139508
3.825,7.3877045302191275,50.19306105631854,29.5683169555391,30.333440171792688
3.83,7.3695552845888095,50.15469896098712,29.5762324423842,30.35931601908874
3.835,7.351479304370338,50.11630984159402,29.584133581433463,30.385165750937595
3.84,7.333476277492123,50.07789408523775,29.592020408143192,30.410989275345553
3.845,7.3155458934159885,50.039452077138435,29.599892957855793,30.436786500670873
3.85,7.29768784313718,50.00098420063782,29.607751265799795,30.462557335623746
3.855,7.279901819184358,49.96249083719925,29.615595367089824,30.48830168926632
3.86,7.262187515619599,49.923972366407696,29.623425296726616,30.51401947101268
3.865,7.244544628038395,49.88542916596975,29.631241089597026,30.53971059062888
3.87,7.226972853569661,49.84686161171361,29.639042780474,30.56537495823289
3.875,7.209471890875722,49.8082700775891,29.646830404016608,30.59101248429465
3.88,7.192041440152325,49.76965493566765,29.654603994770028,30.616623079636042
3.8850000000000002,7.17468120312863,49.73101655614232,29.662363587165537,30.642206655430886
3.89,7.157390883067219,49.69235530732777,29.670109215520533,30.667763123204956
3.895,7.140170184764085,49.653671555660296,29.67784091403851,30.693292394835975
3.9,7.123018814548644,49.61496566569779,29.685558716809084,30.718794382553607
3.9050000000000002,7.105936480283721,49.57623800011976,29.693262657807967,30.74426899893947
3.91,7.088922891365569,49.53748891972735,29.700952770896993,30.76971615692712
3.915,7.071977758723849,49.49871878344331,29.708629089824097,30.795135769802066
3.92,7.055100794821643,49.45992794831199,29.716291648223322,30.820527751201762
3.9250000000000003,7.038291713655445,49.42111676949939,29.723940479614825,30.845892015115613
3.93,7.021550230755175,49.3822856002931,29.731575617404868,30.871228475884962
3.935,7.004876063184164,49.343434792102336,29.73919709488582,30.896537048203104
3.94,6.988268929539159,49.30456469445792,29.74680494523617,30.921817647115283
3.9450000000000003,6.97172853600372,49.26567566842806,29.754399202206667,30.947070189109446
3.95,6.955254521613956,49.22676813753161,29.7619799027131,30.97229459711934
3.955,6.938846593427397,49.18784245681363,29.76954708013471,30.997490790339747
3.96,6.922504472691885,49.14889896713961,29.77710076710793,31.022658687403116
3.9650000000000003,6.906227881688987,49.10993800803917,29.78464099618456,31.047798207330914
3.97,6.890016543734004,49.07095991770606,29.79216779983175,31.072909269533614
3.975,6.873870183175956,49.03196503299812,29.799681210431988,31.09799179381072
3.98,6.857788525397597,48.992953689437336,29.807181260283137,31.123045700350737
3.985,6.8417712968154,48.95392622120979,29.814667981598397,31.148070909731192
3.99,6.825818224879573,48.914882961165695,29.822141406506333,31.173067342918632
3.995,6.8099290380740465,48.875824240819384,29.829601567050847,31.19803492126861
4.0,6.794103465916481,48.83675039034931,29.837048495191212,31.2229735665257
4.005,6.778341238958261,48.79766173859802,29.844482222802043,31.24788320082349
4.01,6.762642088784502,48.75855861307223,29.851902781673306,31.272763746684586
4.015,6.7470057480140415,48.719441339942726,29.859310203510326,31.297615127020606
4.0200000000000005,6.731431950299445,48.68031024404442,29.86670451993378,31.322437265132194
4.025,6.715920430327014,48.64116564887639,29.874085762479698,31.347230084708983
4.03,6.700470923816765,48.60200787660177,29.881453962599455,31.37199350982965
4.035,6.685083167522448,48.56283724804784,29.888809151659792,31.396727464961877
4.04,6.6697568992315395,48.52365408270602,29.896151360942792,31.421431874962355
4.045,6.654491857765241,48.48445869873181,29.903480621645894,31.446106665076805
4.05,6.639287782978484,48.44525141294485,29.910796964881897,31.470751760939947
4.055,6.6241444157599245,48.406032540828896,29.91810042167894,31.49536708857553
4.0600000000000005,6.609061498031945,48.36680239653182,29.925391022980527,31.519952574396317
4.065,6.594038772750661,48.32756129286562,29.93266879964551,31.54450814520407
4.07,6.579075983905909,48.288309541306404,29.939933782448087,31.569033728189588
4.075,6.564172876521255,48.24904745199441,29.947186002077817,31.593529250932672
4.08,6.549329196653991,48.20977533373397,29.954425489139613,31.61799464140215
4.085,6.534544691395137,48.170493493993575,29.96165227415374,31.64242982795585
4.09,6.519819108869441,48.1312022389058,29.968866387555806,31.66683473934063
4.095,6.505152198235374,48.091901873267346,29.976067859696787,31.691209304692357
4.1,6.49054370968514,48.052592700539044,29.983256720843002,31.71555345353591
4.105,6.475993394444663,48.01327502284583,29.990433001176125,31.7398671157852
4.11,6.461501004773605,47.97394914097678,29.997596730793184,31.764150221743122
4.115,6.447066293965344,47.93461535438506,30.004747939706558,31.788402702101617
4.12,6.43268901634699,47.89527396118798,30.01188665784398,31.812624487941626
4.125,6.418368927279381,47.855925258166955,30.019012915048542,31.836815510733114
4.13,6.404105783157079,47.816569540767524,30.026126741078674,31.860975702335057
4.135,6.389899341408377,47.77720710309934,30.03322816560817,31.88510499499544
4.14,6.3757493604952895,47.73783823793618,30.040317218226175,31.909203321351278
4.1450000000000005,6.361655599913563,47.69846323671593,30.04739392843719,31.933270614428594
4.15,6.347617820192672,47.659082389540615,30.054458325661063,31.957306807642414
4.155,6.333635782895813,47.61969598517636,30.061510439232997,31.981311834796802
4.16,6.319709250619915,47.58030431105342,30.068550298403547,32.00528563008483
4.165,6.305837986995628,47.54090765326615,30.07557793233862,32.02922812808857
4.17,6.292021756687335,47.50150629657305,30.082593370119483,32.05313926377913
4.175,6.278260325393143,47.462100524396725,30.089596640742744,32.077018972516626
4.18,6.264553459844888,47.4226906188239,30.09658777312038,32.10086719005019
4.1850000000000005,6.250900927808127,47.383276860605406,30.103566796079704,32.12468385251797
4.19,6.237302498082155,47.34385952915623,30.110533738363387,32.14846889644711
4.195,6.223757940499986,47.30443890255543,30.117488628629463,32.17222225875381
4.2,6.210267025928363,47.26501525754623,30.124431495451304,32.195943876743264
4.205,6.196829526267757,47.22558886953593,30.131362367317646,32.21963368810966
4.21,6.183445214452363,47.18616001259598,30.138281272632575,32.24329163093624
4.215,6.170113864450109,47.146728959461925,30.145188239715523,32.26691764369523
4.22,6.156835251262644,47.10729598153344,30.152083296801283,32.2905116652479
4.225,6.1436091509253465,47.06786134887434,30.15896647204,32.31407363484451
4.23,6.130435340507322,47.02842533021251,30.165837793497168,32.33760349212435
4.235,6.117313598111407,46.98898819294,30.17269728915364,32.36110117711572
4.24,6.104243702874159,46.949550203112956,30.17954498690561,32.38456663023594
4.245,6.0912254349658665,46.91011162545165,30.18638091456464,32.407999792291335
4.25,6.078258575590542,46.87067272334047,30.193205099857636,32.431400604477254
4.255,6.0653429069859275,46.83123375882792,30.200017570426855,32.45476900837807
4.26,6.052478212423492,46.79179499262663,30.206818353829917,32.47810494596716
4.265,6.0396642762084305,46.75235668411333,30.21360747753978,32.50140835960691
4.2700000000000005,6.026900883679663,46.7129190913289,30.22038496894477,32.524679192048744
4.275,6.014187821209845,46.67348247097832,30.227150855348558,32.54791738643307
4.28,6.00152487620535,46.63404707843069,30.233905163970164,32.57112288628934
4.285,5.988911837106283,46.594613167719224,30.24064792194397,32.59429563553601
4.29,5.976348493386474,46.55518099154127,30.247379156319706,32.617435578480546
4.295,5.963834635553481,46.51575080125828,30.254098894062455,32.64054265981944
4.3,5.951370055148591,46.47632284689583,30.260807162052654,32.6636168246382
4.305,5.9389545447468155,46.436897377143616,30.26750398708609,32.68665801841133
4.3100000000000005,5.926587897956891,46.397474639355444,30.274189395873908,32.709666187002384
4.315,5.91426990942129,46.35805487954926,30.2808634150426,32.7326412766639
4.32,5.902000374816203,46.318638342407105,30.287526071134018,32.75558323403744
4.325,5.889779090851551,46.27922527127516,30.294177390605356,32.778492006153584
4.33,5.877605855270982,46.239815908163706,30.300817399829175,32.80136754043194
4.335,5.865480466851871,46.20041049374715,30.307446125093374,32.82420978468111
4.34,5.853402725405321,46.16100926736402,30.31406359260122,32.84701868709872
4.345,5.8413724317761595,46.121612467016966,30.32066982847132,32.869794196271414
4.3500000000000005,5.829389387842943,46.08222032937274,30.327264858737642,32.89253626117486
4.355,5.817453396517957,46.04283308976224,30.3338487093495,32.91524483117372
4.36,5.80556426174721,46.00345098218045,30.34042140617157,32.937919856021686
4.365,5.7937217885104415,45.96407423928652,30.346982974983867,32.96056128586146
4.37,5.781925782821115,45.92470309240366,30.353533441481776,32.983169071224765
4.375,5.770176051726423,45.88533777151924,30.360072831276025,33.00574316303234
4.38,5.758472403307284,45.845978505284734,30.366601169892693,33.02828351259393
4.385,5.746814646678344,45.80662552101574,30.373118482773215,33.050790071608304
4.39,5.735202591987977,45.767279044691975,30.379624795274385,33.07326279216324
4.3950000000000005,5.72363605041828,45.72793930095726,30.38612013266834,33.09570162673555
4.4,5.712114834185086,45.68860651311956,30.39260452014257,33.11810652819103
4.405,5.700638756537947,45.649280903150945,30.399077982799923,33.14047744978451
4.41,5.6892076317601425,45.6099626916876,30.405540545658603,33.162814345159845
4.415,5.677821275168685,45.57065209802983,30.41199223365216,33.18511716834988
4.42,5.666479503114307,45.53134934014208,30.418433071629497,33.20738587377651
4.425,5.655182132981473,45.492054634652874,30.424863084354875,33.22962041625061
4.43,5.643928983188373,45.45276819685488,30.431282296507902,33.25182075097209
4.4350000000000005,5.632719873186923,45.413490240704895,30.43769073268355,33.27398683352987
4.44,5.621554623462768,45.374220978823814,30.444088417392123,33.29611861990189
4.445,5.610433055535282,45.33496062249665,30.450475375059295,33.31821606645509
4.45,5.599354991957559,45.295709381672566,30.456851630026094,33.340279129945465
4.455,5.588320256316427,45.2564674649648,30.46321720654889,33.362307767517976
4.46,5.577328673232438,45.217235079650735,30.469572128799413,33.38430193670663
4.465,5.566380068359873,45.17801243167186,30.475916420864742,33.40626159543444
4.47,5.555474268386738,45.13879972563381,30.482250106747312,33.42818670201343
4.4750000000000005,5.544611101034764,45.09959716480629,30.488573210364912,33.45007721514465
4.48,5.533790395059418,45.06040495112318,30.49488575555068,33.471933093918175
4.485,5.523011965424419,45.0212233001836,30.501187766894017,33.493754296727325
4.49,5.51227557270128,44.982052480956135,30.507479271984238,33.515540779101
4.495,5.501581037209397,44.94289269979648,30.51376029491638,33.53729250235137
4.5,5.490928188584147,44.90374415327736,30.520030859230005,33.55900942882955
4.505,5.480316857092563,44.864607037082514,30.52629098840641,33.58069152122721
4.51,5.469746873633335,44.82548154600676,30.532540705868605,33.60233874257657
4.515,5.459218069736806,44.78636787395598,30.538780034981347,33.62395105625041
4.5200000000000005,5.448730277564974,44.74726621394707,30.545008999051113,33.64552842596206
4.525,5.438283329911497,44.708176758108024,30.551227621326102,33.667070815765406
4.53,5.427877060201685,44.669099697677865,30.557435924996255,33.68857819005486
4.535,5.417511302492502,44.630035223006665,30.56363393319323,33.71005051356543
4.54,5.407185891472571,44.590983523555565,30.569821668990425,33.73148775137265
4.545,5.396900662462166,44.55194478789675,30.57599915540295,33.75288986889261
4.55,5.386655451413221,44.51291920371347,30.58216641538766,33.77425683188196
4.555,5.376450094909322,44.47390695780002,30.588323471843132,33.79558860643789
4.5600000000000005,5.366284430165711,44.43490823606173,30.59447034760967,33.81688515899816
4.565,5.356158295029289,44.39592322351502,30.600607065469305,33.83814645634107
4.57,5.346071527978608,44.35695210428735,30.606733648145806,33.85937246558548
4.575,5.336023968123876,44.31799506161723,30.612850118304657,33.8805631541908
4.58,5.326015455206958,44.27905227785422,30.618956498553082,33.90171848995699
4.585,5.316045829601375,44.24012393445893,30.62505281144003,33.92283844102457
4.59,5.306114932312299,44.20121021200304,30.631139079456176,33.9439229758746
4.595,5.296222604976563,44.16231129016928,30.637215325033925,33.96497206332871
4.6000000000000005,5.286368689862651,44.12342734775141,30.643281570547416,33.98598567254908
4.605,5.276553029870707,44.08455856265429,30.6493378383125,34.006963773038414
4.61,5.266775468532525,44.04570511189379,30.65538415058678,34.027906334640015
4.615,5.257035850011559,44.00686717159685,30.66142052956957,34.04881332753771
4.62,5.247334019102915,43.968044917001464,30.667446997401914,34.06968472225587
4.625,5.237669821233356,43.929238522456686,30.673463576166597,34.090520489659454
4.63,5.228043102461302,43.89044816142261,30.67947028788812,34.111320600953945
4.635,5.218453709476824,43.8516740064704,30.685467154532716,34.13208502768539
4.64,5.2089014896016534,43.81291622928225,30.69145419800835,34.15281374174038
4.6450000000000005,5.199386290789171,43.774175000651425,30.69743144016471,34.17350671534608
4.65,5.189907961624422,43.73545049048226,30.703398902793218,34.19416392107017
4.655,5.180466351324098,43.6967428677901,30.70935660762702,34.21478533182092
4.66,5.171061309736551,43.658052300701385,30.715304576340994,34.23537092084714
4.665,5.1616926873417865,43.61937895645359,30.72124283055174,34.25592066173819
4.67,5.152360335251466,43.58072300139523,30.7271713918176,34.27643452842398
4.675,5.143064105208906,43.54208460098591,30.73309028163863,34.29691249517498
4.68,5.13380384958908,43.50346391979625,30.738999521456623,34.31735453660221
4.6850000000000005,5.124579421398613,43.46486112150795,30.7448991326551,34.337760627657254
4.69,5.115390674275791,43.42627636891376,30.750789136559302,34.358130743632216
4.695,5.106237462490551,43.387709823917476,30.75666955443621,34.37846486015979
4.7,5.097119640944488,43.34916164753395,30.762540407494534,34.39876295321321
4.705,5.088037065170849,43.31063199988908,30.768401716884696,34.41902499910624
4.71,5.07898959133454,43.272121040219844,30.774253503698866,34.43925097449325
4.715,5.069977076232122,43.23362892687424,30.780095788970936,34.4594408563691
4.72,5.060999377291808,43.195155817311345,30.785928593676516,34.47959462206925
4.7250000000000005,5.052056352573469,43.156701868101266,30.791751938732965,34.4997122492697
4.73,5.043147860768634,43.1182672349252,30.79756584499935,34.51979371598698
4.735,5.034273761200484,43.079852072575356,30.803370333276483,34.539839000578205
4.74,5.0254339138238535,43.04145653495503,30.80916542430689,34.55984808174103
4.745,5.016628179225237,43.00308077507855,30.814951138774838,34.579820938513656
4.75,5.007856418622781,42.96472494507131,30.820727497306315,34.59975755027485
4.755,4.99911849386629,42.926389196169744,30.82649452046904,34.619657896743924
4.76,4.990414267437222,42.88807367872136,30.832252228772465,34.63952195798074
4.765,4.981743602448691,42.84977854218471,30.838000642667758,34.659349714385726
4.7700000000000005,4.9731063626454635,42.81150393512938,30.843739782547832,34.67914114669984
4.775,4.96450241240397,42.773250005236044,30.84946966874731,34.69889623600462
4.78,4.955931616732287,42.73501689929642,30.855190321542565,34.71861496372214
4.785,4.947393841270151,42.69680476321326,30.86090176115168,34.73829731161502
4.79,4.938888952288954,42.658613742000384,30.866604007734477,34.75794326178646
4.795,4.93041681669174,42.62044397978267,30.8722970813925,34.77755279668018
4.8,4.921977302013212,42.58229561979604,30.87798100216903,34.79712589908049
4.805,4.913570276419728,42.54416880438748,30.883655790049065,34.81666255211221
4.8100000000000005,4.905195608709297,42.506063675015014,30.889321464959345,34.836162739240756
4.815,4.896853168311592,42.467980372247744,30.894978046768323,34.855626444272055
4.82,4.888542825287935,42.4299190357658,30.900625555286197,34.875053651352616
4.825,4.880264450331302,42.391879804360386,30.906264010264884,34.89444434496949
4.83,4.872017914766331,42.35386281593374,30.911893431398028,34.91379850995029
4.835,4.863803090549308,42.315868207499165,30.917513838321007,34.93311613146317
4.84,4.85561985026818,42.27789611518103,30.923125250610923,34.95239719501685
4.845,4.847468067142548,42.23994667421473,30.928727687786612,34.971641686460586
4.8500000000000005,4.839347615023663,42.202020018946726,30.934321169308635,34.9908495919842
4.855,4.831258368394443,42.164116282834556,30.939905714579282,35.010020898118064
4.86,4.823200202369451,42.126235598446776,30.945481342942568,35.029155591733094
4.865,4.815172992694909,42.08837809746301,30.951048073684245,35.04825366004077
4.87,4.807176615748695,42.05054391067394,30.956605926031784,35.06731509059313
4.875,4.799210948540341,42.012733167981295,30.962154919154393,35.08633987128274
4.88,4.791275868711035,41.974945998397864,30.967695072163,35.10532799034275
4.885,4.783371254533622,41.93718253004749,30.97322640411027,35.12427943634684
4.89,4.7754969849126,41.89944289016505,30.978748933990595,35.14319419820925
4.8950000000000005,4.767652939384122,41.8617272050965,30.98426268074009,35.16207226518478
4.9,4.759838998116,41.82403560029884,30.989767663236602,35.18091362686878
4.905,4.752055041907698,41.786368200340135,30.995263900299705,35.199718273197135
4.91,4.744300952190337,41.74872512889947,31.000751410690707,35.2184861944463
4.915,4.736576611026693,41.71110650876703,31.006230213112637,35.23721738123329
4.92,4.728881901111196,41.67351246184401,31.011700326210256,35.25591182451566
4.925,4.721216705769934,41.635943109142694,31.017161768570055,35.27456951559151
4.93,4.713580908960649,41.5983985707864,31.022614558720253,35.29319044609952
4.9350000000000005,4.705974395272737,41.56087896600949,31.0280587151308,35.3117746080189
4.94,4.698397049927253,41.52338441315741,31.033494256213363,35.330321993669415
4.945,4.690848758776905,41.485915029686645,31.03892120032135,35.34883259571139
4.95,4.683329408306057,41.44847093216472,31.044339565749894,35.367306407145705
4.955,4.675838885630726,41.41105223627024,31.049749370735857,35.385743421313784
4.96,4.6683770784985885,41.37365905679283,31.055150633457824,35.404143631897604
4.965,4.660943875288973,41.336291507633206,31.06054337203612,35.42250703291971
4.97,4.653539165012867,41.29894970180311,31.06592760453278,35.44083361874318
4.9750000000000005,4.646162837312907,41.26163375142535,31.071303348951595,35.45912338407165
4.98,4.638814782463394,41.22434376773379,31.07667062323806,35.47737632394932
4.985,4.631494891370276,41.18707986107334,31.082029445279403,35.49559243376094
4.99,4.624203055571162,41.14984214089996,31.087379832904592,35.5137717092318
4.995,4.616939167235314,41.11263071578069,31.092721803884313,35.531914146427745
5.0,4.609703119163648,41.075445693393576,31.098055375930983,35.55001974175519
5.005,4.602494804788739,41.03828718052777,31.103380566698753,35.56808849196109
5.01,4.595314118174814,41.001155283083435,31.108697393783494,35.586120394132955
5.015,4.588160954017758,40.964050106071824,31.11400587472281,35.60411544569884
5.0200000000000005,4.581035207645109,40.9269717536152,31.119306026996036,35.622073644427374
5.025,4.5739367750160635,40.88992032894693,31.124597868024228,35.63999498842771
5.03,4.56686555272147,40.85289593441141,31.12988141517018,35.65787947614958
5.035,4.559821437983835,40.81589867146407,31.135156685738405,35.675727106383256
5.04,4.552804328657319,40.77892864067143,31.14042369697515,35.69353787825956
5.045,4.545814092569122,40.74198597755575,31.145682468102645,35.711311782063376
5.05,4.53885059649882,40.7050708168989,31.150933018344965,35.72904880903959
5.055,4.531913738149757,40.668183256278105,31.156175364833427,35.746748960400424
5.0600000000000005,4.5250034155962995,40.63132339271012,31.161409524660183,35.76441223759739
5.065,4.518119527283444,40.59449132265179,31.16663551487828,35.782038642321105
5.07,4.5112619720268,40.557687141999985,31.17185335250163,35.79962817650133
5.075,4.504430649012598,40.52091094609163,31.17706305450503,35.817180842306946
5.08,4.49762545779769,40.48416282970372,31.18226463782415,35.834696642145985
5.085,4.490846298309548,40.44744288705328,31.187458119355544,35.8521755786656
5.09,4.484093070846263,40.410751211797404,31.192643515956636,35.869617654752076
5.095,4.477365676076547,40.37408789703324,31.19782084444573,35.88702287353083
5.1000000000000005,4.47066401503973,40.33745303529797,31.202990121602014,35.90439123836642
5.105,4.463987989145767,40.300846718568856,31.208151364165545,35.92172275286252
5.11,4.457337500175229,40.2642690382632,31.21330458883726,35.939017420861944
5.115,4.450712450279309,40.227720085238346,31.21844981227898,35.95627524644665
5.12,4.444112741979818,40.19119994979171,31.22358705111339,35.9734962339377
5.125,4.437538278169189,40.15470872166075,31.22871632192407,35.990680387895324
5.13,4.430988962110474,40.11824649002297,31.233837641255466,36.00782771311884
5.135,4.4244646974373465,40.08181334349594,31.238951025612902,36.02493821464675
5.14,4.417965388154099,40.04540937013728,31.244056491462587,36.042011897756645
5.1450000000000005,4.411490938635643,40.00903465744465,31.2491540552316,36.05904876796527
5.15,4.405041253627513,39.9726892923558,31.2542437333079,36.07604883102849
5.155,4.398616238245864,39.936373361248485,31.259325542040322,36.09301209294131
5.16,4.392215797977466,39.900086949940544,31.264399497738587,36.109938559937866
5.165,4.385839838679712,39.86383014368985,31.269465616673283,36.12682823849142
5.17,4.379488266580618,39.82760302719435,31.274523915075886,36.14368113531438
5.175,4.3731609882788165,39.79140568459202,31.279574409138736,36.16049725735827
5.18,4.366857910743561,39.75523819946092,31.284617115015063,36.17727661181377
5.1850000000000005,4.360578941314723,39.719100654819115,31.289652048818972,36.19401920611065
5.19,4.354323987702801,39.682993133124775,31.29467922662544,36.21072504791785
5.195,4.348092957988906,39.64691571627609,31.299698664470327,36.22739414514343
5.2,4.341885760624773,39.61086848561131,31.304710378350368,36.24402650593458
5.205,4.335702304432756,39.574851521908755,31.30971438422318,36.26062213867762
5.21,4.329542498605829,39.538864905386774,31.314710698007257,36.27718105199801
5.215,4.323406252707587,39.50290871570377,31.319699335581962,36.29370325476033
5.22,4.317293476672243,39.466983031958215,31.324680312787546,36.31018875606831
5.2250000000000005,4.311204080804632,39.43108793268862,31.329653645425132,36.3266375652648
5.23,4.3051379757802115,39.39522349587356,31.334619349256723,36.343049691931775
5.235,4.299095072645054,39.35938979893166,31.339577440005197,36.359425145890356
5.24,4.293075282815854,39.32358691872159,31.344527933354314,36.37576393720079
5.245,4.2870785180799285,39.28781493154208,31.349470844948712,36.39206607616246
5.25,4.281104690595211,39.2520739131319,31.3544061903939,36.40833157331387
5.255,4.2751537128902575,39.21636393866991,31.359333985256267,36.424560439432675
5.26,4.269225497864244,39.180685082774964,31.364254245063087,36.44075268553564
5.265,4.263319958786964,39.145037419506025,31.3691669853025,36.45690832287868
5.2700000000000005,4.257437009298834,39.10942102236207,31.374072221423535,36.473027362956834
5.275,4.251576563410891,39.073835964282154,31.378969968836092,36.48910981750427
5.28,4.245738535504791,39.038282317645375,31.38386024291095,36.50515569849429
5.285,4.239922840332809,39.00276015427088,31.388743058979763,36.52116501813934
5.29,4.23412939301784,38.96726954541788,31.393618432335067,36.53713778889098
5.295,4.228358109053402,38.93181056178562,31.398486378230277,36.55307402343992
5.3,4.22260890430363,38.89638327351341,31.40334691187968,36.568973734715975
5.305,4.216881695003281,38.86098775018062,31.408200048458443,36.58483693588812
5.3100000000000005,4.211176397757731,38.82562406080665,31.413045803102612,36.60066364036445
5.315,4.205492929542977,38.790292273850994,31.41788419090911,36.6164538617922
5.32,4.199831207705637,38.75499245721315,31.42271522693574,36.63220761405772
5.325,4.194191149962946,38.7197246782327,31.427538926201173,36.6479249112865
5.33,4.188572674402762,38.68448900368927,31.43235530368497,36.66360576784318
5.335,4.182975699483561,38.649285499802545,31.437164374327565,36.679250198331495
5.34,4.177400144034442,38.61411423223224,31.44196615303027,36.69485821759435
5.345,4.171845927255119,38.57897526607816,31.446760654655268,36.710429840713765
5.3500000000000005,4.166312968715932,38.54386866588012,31.45154789402563,36.72596508301089
5.355,4.160801188357839,38.508794495618034,31.4563278859253,36.741463960046005
5.36,4.155310506492416,38.47375281871183,31.461100645099098,36.75692648761852
5.365,4.149840843801862,38.43874369802151,31.465866186252725,36.772352681767
5.37,4.144392121338994,38.40376719584713,31.47062452405276,36.787742558769125
5.375,4.13896426052725,38.368823373928784,31.475375673126653,36.80309613514169
5.38,4.133557183160688,38.333912293446616,31.48011964806274,36.818413427640664
5.385,4.128170811403986,38.29903401502086,31.48485646341023,36.8336944532611
5.39,4.122805067792442,38.26418859871175,31.489586133679214,36.848939229237224
5.3950000000000005,4.117459875231976,38.22937610401961,31.49430867334065,36.864147773042376
5.4,4.112135156999125,38.19459658988481,31.499024096826393,36.879320102389016
5.405,4.106830836741048,38.159850114687764,31.50373241852915,36.89445623522876
5.41,4.101546838475524,38.12513673624895,31.50843365280253,36.909556189752344
5.415,4.096283086590951,38.09045651182888,31.513127813961006,36.92461998438963
5.42,4.091039505846349,38.05580949812815,31.517814916279928,36.93964763780963
5.425,4.0858160213713575,38.02119575128738,31.522494973995535,36.954639168920465
5.43,4.080612558666233,37.98661532688725,31.52716800130493,36.96959459686941
5.4350000000000005,4.075429043601856,37.95206827994849,31.531834012366105,36.98451394104286
5.44,4.070265402419728,37.91755466493191,31.53649302129792,36.99939722106634
5.445,4.065121561731966,37.883074535738345,31.54114504218012,37.01424445680452
5.45,4.059997448521311,37.84862794570868,31.545790089053323,37.02905566836118
5.455,4.054892990141122,37.81421494762386,31.55042817591903,37.04383087607926
5.46,4.049808114315378,37.7798355937049,31.555059316739612,37.058570100540805
5.465,4.04474274913868,37.745489935612845,31.559683525438324,37.073273362567015
5.47,4.039696823076248,37.711178024448806,31.564300815899298,37.08794068321821
5.4750000000000005,4.034670264963922,37.67689991075393,31.56891120196754,37.10257208379383
5.48,4.029663004008162,37.64265564450944,31.57351469744894,37.117167585832476
5.485,4.02467496978605,37.608445275136596,31.578111316110252,37.131727211111865
5.49,4.019706092245284,37.57426885149672,31.58270107167913,37.14625098164883
5.495,4.014756301704185,37.54012642189118,31.587283977844084,37.16073891969938
5.5,4.009825528851695,37.50601803406139,31.591860048254514,37.1751910477586
5.505,4.004913704747374,37.471943735188844,31.596429296520693,37.18960738856076
5.51,4.000020760821404,37.437903571895056,31.600991736213775,37.20398796507922
5.515,3.995146628874584,37.40389759024161,31.60554738086579,37.218332800526504
5.5200000000000005,3.990291241078336,37.369925835730136,31.610096243969643,37.23264191835425
5.525,3.9854545299747017,37.33598835330234,31.61463833897912,37.24691534225322
5.53,3.980636428476343,37.30208518733994,31.61917367930888,37.26115309615333
5.535,3.97583686986654,37.26821638166475,31.62370227833447,37.27535520422362
5.54,3.9710557877991945,37.234381979538604,31.628224149392306,37.289521690872256
5.545,3.966293116298829,37.200582023663394,31.63273930577968,37.303652580746544
5.55,3.9615487897605846,37.16681655618108,31.63724776075477,37.31774789873291
5.555,3.9568227429502234,37.133085618673675,31.641749527536625,37.33180766995693
5.5600000000000005,3.952114911004127,37.09938925216321,31.646244619305175,37.3458319197833
5.565,3.947425229429298,37.06572749711182,31.650733049201225,37.35982067381585
5.57,3.9427536341033593,37.032100393421665,31.655214830326457,37.373773957897534
5.575,3.938100061274552,36.99850798043496,31.659689975743436,37.38769179811046
5.58,3.9334644475617395,36.96495029693396,31.6641584984756,37.40157422077584
5.585,3.9288467299544036,36.931427381141,31.66862041150727,37.415421252454045
5.59,3.9242468458126476,36.897939270718446,31.673075727783633,37.42923291994456
5.595,3.9196647328671936,36.86448600276873,31.67752446021077,37.44300925028601
5.6000000000000005,3.915100329219384,36.83106761383433,31.681966621655626,37.456750270756146
5.605,3.9105535733411836,36.797684139897775,31.686402224946026,37.47045600887186
5.61,3.906024404042132,36.764335616429335,31.690831282873262,37.48412649236902
5.615,3.9015127401005723,36.73102210734503,31.695253809774055,37.49776173702254
5.62,3.897018502993531,36.69774367108235,31.69966981973168,37.51136176111391
5.625,3.8925416314759866,36.66450034077943,31.70407932546284,37.524926593647386
5.63,3.8880820645172367,36.63129214925007,31.708482339657927,37.53845626375432
5.635,3.883639741300898,36.598119128983676,31.712878874981065,37.55195080069317
5.64,3.8792146012249074,36.56498131214532,31.71726894407007,37.5654102338495
5.6450000000000005,3.8748065839015196,36.53187873057571,31.72165255953648,37.57883459273597
5.65,3.870415629157312,36.49881141579121,31.726029733965532,37.59222390699235
5.655,3.866041677033178,36.465779398983805,31.730400479916177,37.6055782063855
5.66,3.8616846677843326,36.43278271102113,31.73476480992107,37.618897520809405
5.665,3.8573445418803085,36.39982138244648,31.739122736486586,37.63218188028512
5.67,3.85302124000496,36.36689544347877,31.743474272092797,37.645431314960824
5.675,3.8487147030564586,36.334004924012554,31.74781942919349,37.6586458551118
5.68,3.844424872147297,36.30114985361806,31.75215822021616,37.67182553114043
5.6850000000000005,3.8401516886042857,36.26833026154112,31.756490657562008,37.684970373576185
5.69,3.835895093968557,36.235546176703245,31.760816753605948,37.69808041307566
5.695,3.8316550299955616,36.20279762770156,31.7651365206966,37.71115568042253
5.7,3.827431438655068,36.170084642808845,31.769449971156295,37.72419620652759
5.705,3.823224262131166,36.13740724997352,31.773757117281075,37.73720202242873
5.71,3.8190334428222643,36.10476547681966,31.778057971340687,37.750173159290945
5.715,3.8148589233410912,36.072159350646956,31.782352545578586,37.763109648406335
5.72,3.8107006465146944,36.039588898430765,31.78664085221194,37.77601152119409
5.7250000000000005,3.80655855538444,36.00705414682207,31.79092290343162,37.78887880920052
5.73,3.802432593206016,35.97455512214752,31.795198711402218,37.801711544099014
5.735,3.798322703449428,35.94209185040938,31.799468288262023,37.81450975769008
5.74,3.794228829799001,35.90966435728558,31.803731646123037,37.827273481901344
5.745,3.7901509161533804,35.87727266812966,31.80798879707097,37.84000274878749
5.75,3.78608890662553,35.844916807970854,31.81223975316524,37.85269759053035
5.755,3.782042745542734,35.81259680151398,31.81648452643898,37.865358039438824
5.76,3.7780123774465952,35.780312673139555,31.82072312889903,37.877984127948935
5.765,3.773997747093037,35.74806444690369,31.824955572525926,37.89057588862381
5.7700000000000005,3.7699987994523,35.71585214653816,31.829181869273935,37.90313335415365
5.775,3.7660154797089476,35.6836757954504,31.833402031071017,37.9156565573558
5.78,3.76204773326186,35.651535416723455,31.837616069818846,37.92814553117468
5.785,3.758095505724238,35.61943103311604,31.841823997392805,37.94060030868181
5.79,3.754158742923601,35.58736266706248,31.846025825641984,37.953020923075826
5.795,3.750237390901789,35.55533034067278,31.850221566389184,37.96540740768246
5.8,3.7463313959149604,35.52333407573257,31.854411231430916,37.97775979595456
5.805,3.742440704433594,35.49137389370311,31.858594832537396,37.990078121472045
5.8100000000000005,3.7385652631424855,35.45944981572132,31.86277238145255,38.00236241794197
5.815,3.734705018940755,35.42756186259977,31.86694388989402,38.01461271919846
5.82,3.730859918941838,35.395710054826644,31.87110936955315,38.026829059202775
5.825,3.72702991047349,35.3638944125658,31.87526883209499,38.039011472043256
5.83,3.723214941077787,35.332114955656714,31.879422289158303,38.05115999193535
5.835,3.719414958511124,35.300371703614516,31.883569752355566,38.06327465322162
5.84,3.715629910744215,35.26866467562998,31.887711233272956,38.075355490371706
5.845,3.7118597459620943,35.236993890569515,31.891846743470367,38.08740253798237
5.8500000000000005,3.7081044125641145,35.20535936697517,31.895976294481393,38.09941583077748
5.855,3.7043638591639496,35.17376112306467,31.900099897813345,38.11139540360798
5.86,3.7006380345895913,35.14219917673133,31.90421756494724,38.12334129145194
5.865,3.696926887883351,35.11067354554415,31.9083293073378,38.13525352941454
5.87,3.6932303683018604,35.079184246747744,31.912435136413464,38.14713215272803
5.875,3.6895484253160693,35.047731297262395,31.916535063576376,38.15897719675178
5.88,3.685881008611248,35.016314713684,31.920629100202383,38.170788696972274
5.885,3.682228068086986,34.98493451228412,31.924717257641053,38.18256668900308
5.89,3.6785895538571927,34.95359070900995,31.928799547215654,38.19431120858488
5.8950000000000005,3.674965416250095,34.92228331948433,31.932875980223166,38.20602229158545
5.9,3.671355605808243,34.89101235900574,31.936946567934278,38.21769997399967
5.905,3.667760073288502,34.85977784254832,31.941011321593386,38.22934429194953
5.91,3.6641787696620596,34.828579784761814,31.945070252418596,38.24095528168411
5.915,3.660611646114422,34.797418199971645,31.949123371601726,38.252532979579605
5.92,3.657058654045414,34.766293102178864,31.953170690308294,38.26407742213931
5.925,3.6535197450691816,34.73520450506016,31.95721221967754,38.27558864599361
5.93,3.649994871014189,34.70415242196788,31.961247970822406,38.2870666879
5.9350000000000005,3.6464839839232197,34.67313686592999,31.96527795482954,38.29851158474309
5.94,3.642987036053378,34.64215784965013,31.969302182759304,38.309923373534566
5.945,3.6395039798760864,34.611215385507556,31.973320665645762,38.321302091413244
5.95,3.636034768077087,34.58030948555718,31.977333414496698,38.33264777564502
5.955,3.6325793535564417,34.549440161529546,31.9813404402936,38.343960463622906
5.96,3.6291376894285317,34.51860742483085,31.98534175399166,38.355240192867015
5.965,3.6257097290220575,34.48781128654292,31.98933736651978,38.36648700102455
5.97,3.6222954258800395,34.45705175742325,31.99332728878058,38.37770092586984
5.9750000000000005,3.618894733759816,34.42632884790495,31.997311531650382,38.38888200530429
5.98,3.6155076066330483,34.39564256809679,32.001290105979216,38.400030277356414
5.985,3.6121339986857137,34.36499292778316,32.00526302259082,38.411145780181855
5.99,3.6087738643181098,34.334379936424135,32.009230292282645,38.422228552063316
5.995,3.6054271581448543,34.30380360315539,32.01319192582586,38.43327863141064
6.0,3.6020938349948834,34.273263936788254,32.01714793396531,38.44429605676074
6.005,3.5987738499114545,34.24276094580971,32.021098327419594,38.455280866777656
6.01,3.5954671581521427,34.212294638382375,32.02504311688099,38.46623310025252
6.015000000000001,3.592173715188842,34.18186502234451,32.02898231301548,38.477152796103574
6.0200000000000005,3.588893476707769,34.151472105210026,32.03291592646279,38.48803999337615
6.025,3.585626398609457,34.12111589416846,32.03684396783632,38.49889473124268
6.03,3.5823724370087593,34.09079639608501,32.040766447723186,38.50971704900272
6.035,3.579131548234849,34.060513617500504,32.04468337668422,38.5205069860829
6.04,3.575903688831218,34.030267564631416,32.04859476525397,38.53126458203699
6.045,3.572688815555679,34.000058243369864,32.05250062394068,38.54198987654582
6.05,3.5694868853803623,33.9698856592836,32.0564009632263,38.55268290941735
6.055,3.5662978554917197,33.93974981761603,32.06029579356651,38.56334372058663
6.0600000000000005,3.5631216832905204,33.909650723286205,32.06418512539068,38.573972350115824
6.065,3.559958326391855,33.87958838088881,32.06806896910188,38.58456883819419
6.07,3.5568077426251317,33.84956279469417,32.07194733507692,38.59513322513808
6.075,3.55366989003408,33.819573968648264,32.07582023366629,38.60566555139096
6.08,3.550544726876747,33.78962190637271,32.079687675194215,38.61616585752341
6.085,3.5474322116255004,33.75970661116475,32.0835496699586,38.62663418423308
6.09,3.5443323029670277,33.7298280859973,32.08740622823108,38.637070572344754
6.095,3.5412449598023343,33.699986333518886,32.091257360256996,38.6474750628103
6.1000000000000005,3.538170141246746,33.6701813560537,32.095103076255384,38.65784769670869
6.105,3.535107806629909,33.64041315560159,32.098943386419016,38.66818851524601
6.11,3.5320579154957876,33.61068173383801,32.10277830091434,38.67849755975543
6.115,3.5290204276026658,33.580987092114064,32.10660782988153,38.688774871697234
6.12,3.525995302923147,33.55132923145652,32.11043198343449,38.69902049265881
6.125,3.5229825016441545,33.521708152567776,32.114250771660785,38.70923446435465
6.13,3.5199819841669306,33.492123855825874,32.11806420462173,38.719416828626336
6.135,3.5169937111070375,33.46257634128449,32.121872292352336,38.72956762744256
6.140000000000001,3.514017643294356,33.43306560867295,32.12567504486131,38.73968690289912
6.1450000000000005,3.5110537417730874,33.40359165739623,32.129472472131084,38.74977469721891
6.15,3.5081019678017524,33.37415448653494,32.133264584117796,38.75983105275193
6.155,3.50516228285319,33.34475409484533,32.13705139075129,38.76985601197527
6.16,3.50223464861456,33.3153904807593,32.14083290193512,38.779849617493156
6.165,3.49931902698734,33.286063642384384,32.14460912754655,38.78981191203687
6.17,3.4964153800873294,33.25677357750377,32.14838007743655,38.79974293846483
6.175,3.493523670244645,33.22752028357628,32.1521457614298,38.80964273976255
6.18,3.4906438600037237,33.19830375773638,32.155906189324696,38.81951135904264
6.1850000000000005,3.4877759121233214,33.16912399679418,32.15966137089333,38.82934883954482
6.19,3.4849197895765154,33.139980997235426,32.16341131588151,38.839155224635896
6.195,3.4820754555507003,33.11087475522152,32.16715603400876,38.848930557809794
6.2,3.4792428722321636,33.08180526866273,32.17089553507822,38.8586748816271
6.205,3.4764219863471353,33.0527725613103,32.17462983027342,38.86838822533974
6.21,3.473612755810494,33.02377663663817,32.178358929735275,38.878070628414555
6.215,3.470815143942973,32.99481748879818,32.18208284310618,38.88772213502505
6.22,3.4680291141883344,32.96589511178098,32.18580158001063,38.89734278937907
6.2250000000000005,3.4652546301133675,32.93700949941603,32.18951515005526,38.906932635718796
6.23,3.4624916554078906,32.9081606453716,32.19322356282881,38.91649171832078
6.235,3.459740153884749,32.87934854315478,32.19692682790216,38.92602008149588
6.24,3.4570000894798163,32.85057318611144,32.200624954828314,38.93551776958933
6.245,3.454271426251995,32.82183456742631,32.20431795314238,38.9449848269807
6.25,3.4515541283832136,32.79313268012287,32.20800583236161,38.9544212980839
6.255,3.448848160178431,32.76446751706347,32.211688601985365,38.963827227347174
6.26,3.446153486065632,32.73583907094924,32.21536627149514,38.97320265925314
6.265000000000001,3.4434700705958305,32.7072473343201,32.21903885035456,38.982547638318735
6.2700000000000005,3.440797878443069,32.67869229955482,32.222706348009346,38.99186220909524
6.275,3.4381368744044165,32.650173958870965,32.226368773887366,39.0011464161683
6.28,3.435487023399971,32.6216923043249,32.23002613739861,39.010400304157876
6.285,3.432848290472859,32.59324732781181,32.23367844793518,39.019623917718306
6.29,3.430220640789233,32.564839021065694,32.23732571487132,39.02881730153825
6.295,3.4276040396382754,32.53646737565935,32.24096794756337,39.037980500340716
6.3,3.424998452432196,32.508132383004394,32.244605155349824,39.047113558883055
6.305,3.4224038447062326,32.479834034351256,32.24823734755127,39.056216521956976
6.3100000000000005,3.4198201821186505,32.451572320789154,32.25186453347044,39.06528943438852
6.315,3.4172474304507445,32.42334723324615,32.255486722392185,39.074332341038065
6.32,3.414685555606836,32.39515876248909,32.25910392358348,39.083345286800345
6.325,3.4121345236142746,32.367006899123645,32.262716146293414,39.09232831660444
6.33,3.4095943006234384,32.33889163359429,32.26632339975321,39.101281475413764
6.335,3.4070648529077325,32.3108129561843,32.26992569317622,39.110204808226094
6.34,3.404546146863592,32.282770857015784,32.273523035757904,39.11909836007352
6.345,3.402038149010478,32.25476532604964,32.27711543667584,39.127962176022514
6.3500000000000005,3.3995408259908797,32.22679635308558,32.28070290508977,39.13679630117386
6.355,3.397054144570316,32.198863927762154,32.2842854501415,39.145600780662704
6.36,3.3945780716373326,32.17096803955667,32.28786308095502,39.15437565965853
6.365,3.3921125742035034,32.14310867778529,32.29143580663639,39.16312098336516
6.37,3.38965761940343,32.115285831602975,32.29500363627383,39.17183679702079
6.375,3.3872131744947427,32.08749949000348,32.298566578937674,39.180523145897915
6.38,3.3847792068580986,32.059749641819394,32.302124643680365,39.18918007530341
6.385,3.3823556839971842,32.03203627572209,32.305677839536486,39.19780763057849
6.390000000000001,3.379942573538713,32.00435938022178,32.309226175522745,39.20640585709869
6.3950000000000005,3.3775398432324275,31.976718943667468,32.31276966063796,39.21497480027391
6.4,3.3751474609510974,31.949114954246973,32.31630830386309,39.22351450554839
6.405,3.372765394690521,31.92154739998692,32.31984211416119,39.23202501840072
6.41,3.370393612569523,31.894016268752754,32.323371100477466,39.24050638434382
6.415,3.368032082829959,31.86652154824872,32.32689527173923,39.24895864892497
6.42,3.365680773836709,31.83906322601788,32.33041463685594,39.25738185772578
6.425,3.3633396540776848,31.8116412894421,32.33392920471915,39.26577605636222
6.43,3.361008692163823,31.784255725742064,32.33743898420254,39.27414129048459
6.4350000000000005,3.35868785682909,31.756906521977257,32.340943984161946,39.28247760577755
6.44,3.3563771169304806,31.729593665045982,32.34444421343529,39.29078504796008
6.445,3.3540764414480155,31.702317141685356,32.34793968084263,39.299063662785514
6.45,3.351785799484746,31.67507693847129,32.351430395186156,39.30731349604155
6.455,3.3495051602667485,31.647873041818517,32.35491636525017,39.31553459355021
6.46,3.34723449314313,31.620705437980583,32.35839759980111,39.32372700116787
6.465,3.344973767586025,31.593574113049833,32.36187410758752,39.331890764785236
6.47,3.342722953190594,31.566479052957433,32.36534589734008,39.34002593032737
6.4750000000000005,3.340482019675028,31.539420243473348,32.36881297777159,39.34813254375368
6.48,3.3382509368805455,31.512397670206372,32.37227535757698,39.356210651057914
6.485,3.3360296747713916,31.48541131860409,32.37573304543329,39.36426029826816
6.49,3.3338182034348405,31.458461173952905,32.379186049999696,39.37228153144686
6.495,3.3316164930811945,31.431547221378032,32.38263437991749,39.380274396690794
6.5,3.329424514043783,31.40466944584349,32.386078043810095,39.38823894013108
6.505,3.3272422367789654,31.377827832152114,32.38951705028305,39.396175207933204
6.51,3.3250696318661266,31.35102236494555,32.392951407924016,39.40408324629696
6.515000000000001,3.32290667000768,31.32425302870424,32.39638112530278,39.41196310145653
6.5200000000000005,3.32075332202907,31.297519807747467,32.39980621097126,39.4198148196804
6.525,3.318609558878765,31.270822686233295,32.40322667346349,39.42763844727142
6.53,3.316475351628263,31.244161648158606,32.40664252129563,39.43543403056678
6.535,3.314350671472091,31.217536677359096,32.41005376296596,39.443201615938015
6.54,3.312235489727802,31.190947757509274,32.41346040695488,39.450941249791015
6.545,3.3101297778359795,31.16439487212245,32.41686246172494,39.45865297856599
6.55,3.3080335073602325,31.13787800455075,32.420259935720765,39.46633684873752
6.555,3.3059466499871992,31.11139713798511,32.42365283736915,39.47399290681451
6.5600000000000005,3.3038691775265456,31.08495225545527,32.42704117507899,39.48162119934022
6.565,3.301801061910967,31.0585433398298,32.43042495724131,39.48922177289224
6.57,3.2997422751961842,31.032170373816054,32.433804192229246,39.49679467408254
6.575,3.297692789560948,31.005833339960216,32.43717888839808,39.50433994955739
6.58,3.2956525773070364,30.979532220647265,32.4405490540852,39.51185764599743
6.585,3.2936216108592555,30.953266998101,32.443914697610126,39.51934781011764
6.59,3.2915998627654393,30.927037654384034,32.4472758272745,39.52681048866734
6.595,3.2895873056964504,30.900844171397775,32.45063245136208,39.53424572843019
6.6000000000000005,3.2875839124461783,30.87468653088245,32.453984578138765,39.54165357622422
6.605,3.2855896559315423,30.84856471441711,32.457332215852546,39.54903407890177
6.61,3.2836045091924877,30.82247870341959,32.460675372733576,39.556387283349544
6.615,3.2816284453919886,30.796428479146552,32.46401405699411,39.56371323648858
6.62,3.279661437816048,30.770414022693465,32.46734827682852,39.57101198527428
6.625,3.277703459873695,30.74443531499461,32.47067804041332,39.578283576696364
6.63,3.2757544850969884,30.71849233682307,32.47400335590713,39.585528057778916
6.635,3.273814487141015,30.692585068790745,32.47732423145071,39.59274547558035
6.640000000000001,3.2718834397838874,30.666713491348343,32.48064067516693,39.599935877193445
6.6450000000000005,3.2699613169267496,30.64087758478539,32.483952695160795,39.607099309745294
6.65,3.268048092593771,30.615077329230214,32.48726029951942,39.61423582039736
6.655,3.2661437409321503,30.58931270464995,32.490563496312056,39.621345456345445
6.66,3.264248236212113,30.56358369085055,32.49386229359007,39.62842826481968
6.665,3.262361552826914,30.537890267476776,32.49715669938695,39.635484293084566
6.67,3.260483665292835,30.512232414012196,32.50044672171832,39.64251358843892
6.675,3.258614548249186,30.486610109779193,32.503732368581915,39.64951619821593
6.68,3.256754176458307,30.461023333938957,32.5070136479576,39.65649216978311
6.6850000000000005,3.254902524805562,30.435472065491485,32.51029056780736,39.663441550542316
6.69,3.253059568299347,30.409956283275598,32.513563136075305,39.670364387929766
6.695,3.2512252820710836,30.38447596596891,32.516831360687675,39.67726072941601
6.7,3.249399641375222,30.359031092087854,32.52009524955282,39.68413062250595
6.705,3.2475826215892414,30.333621639987676,32.523354810561216,39.690974114738815
6.71,3.2457741982136468,30.30824758786242,32.52661005158548,39.6977912536882
6.715,3.243974346871973,30.28290891374496,32.52986098048032,39.704582086962034
6.72,3.2421830433107828,30.25760559550696,32.53310760508261,39.711346662202594
6.7250000000000005,3.240400263399666,30.2323376108589,32.53634993321131,39.71808502708649
6.73,3.238625983131241,30.20710493735008,32.539587972667526,39.72479722932468
6.735,3.2368601786211544,30.181907552368607,32.542821731234476,39.731483316662484
6.74,3.2351028261080805,30.15674543314139,32.5460512166775,39.73814333687955
6.745,3.233353901953721,30.131618556734146,32.54927643674406,39.74477733778987
6.75,3.2316133826428075,30.10652690005142,32.55249739916377,39.75138536724178
6.755,3.2298812447830976,30.081470439836547,32.55571411164832,39.75796747311797
6.76,3.2281574651053773,30.05644915267169,32.55892658189157,39.76452370333547
6.765000000000001,3.2264420204634616,30.031463014977806,32.56213481756947,39.77105410584565
6.7700000000000005,3.2247348878341926,30.006512003014677,32.56533882634012,39.777558728634226
6.775,3.223036044317441,29.98159609288088,32.56853861584371,39.78403761972125
6.78,3.221345467136105,29.95671526051382,32.571734193702575,39.79049082716115
6.785,3.219663133636111,29.9318694816897,32.57492556752118,39.79691839904265
6.79,3.2179890212864133,29.90705873202353,32.5781127448861,39.80332038348886
6.795,3.2163231076789947,29.882282986969138,32.58129573336604,39.809696828657216
6.8,3.214665370528865,29.857542221819166,32.58447454051183,39.816047782739496
6.805,3.2130157876740633,29.832836411705053,32.587649173856406,39.82237329396183
6.8100000000000005,3.2113743370756556,29.808165531597055,32.59081964091486,39.828673410584685
6.815,3.209740996738617,29.783529556452322,32.59398594919269,39.8349481808268
6.82,3.2081157360850163,29.75892847703802,32.597148107086085,39.84119764465543
6.825,3.2064985272174003,29.73436227812418,32.60030612268137,39.84742184480883
6.83,3.204889348165312,29.70983093325076,32.60346000343197,39.853620829688474
6.835,3.203288177028485,29.68533441590152,32.606609756778916,39.85979464766963
6.84,3.2016949919768414,29.660872699504054,32.60975539015091,39.86594334710133
6.845,3.200109771250494,29.63644575742978,32.61289691096426,39.872066976306385
6.8500000000000005,3.1985324931597443,29.61205356299393,32.616034326622916,39.8781655835814
6.855,3.1969631360850843,29.587696089455566,32.619167644518484,39.88423921719674
6.86,3.1954016784771953,29.56337331001757,32.62229687203019,39.89028792539658
6.865,3.193848098856947,29.539085197826648,32.625422016524894,39.89631175639883
6.87,3.1923023758154008,29.514831725973327,32.6285430853571,39.902310758395224
6.875,3.1907644880138064,29.49061286749195,32.63166008586895,39.90828497955126
6.88,3.189234414183603,29.466428595360693,32.63477302539022,39.91423446800621
6.885,3.1877121331264195,29.44227888250155,32.63788191123831,39.920159271873125
6.890000000000001,3.1861976237140754,29.418163701780333,32.64098675071828,39.92605943923885
6.8950000000000005,3.1846908648885788,29.39408302600669,32.6440875511228,39.93193501816399
6.9,3.1831918356621274,29.370036827934076,32.647184319732204,39.93778605668296
6.905,3.181700515117109,29.34602508025978,32.65027706381444,39.94361260280392
6.91,3.180216882406101,29.3220477556249,32.65336579062511,39.94941470450883
6.915,3.1787409167518694,29.29810482661437,32.656450507407435,39.955192409753444
6.92,3.177272597447371,29.27419626575694,32.659531221392285,39.960945766467255
6.925,3.175811903855752,29.250322045525188,32.662607939798164,39.96667482255357
6.93,3.174358815410348,29.226482138335506,32.665680669831204,39.97237962588947
6.9350000000000005,3.1729133116146833,29.202676516548106,32.668749418685195,39.9780602243258
6.94,3.1714753720424738,29.178905152467042,32.67181419354153,39.98371666568722
6.945,3.1700449763376235,29.155168018340174,32.67487500156927,39.98934899777212
6.95,3.1686221042142266,29.13146508635918,32.677931849925095,39.99495726835271
6.955,3.167206735456566,29.10779632865958,32.68098474575333,40.00054152517497
6.96,3.1657988499191156,29.084161717320697,32.68403369618592,40.006101815958644
6.965,3.1643984275265375,29.060561224365685,32.687078708342476,40.011638188397285
6.97,3.163005448273685,29.036994821761525,32.69011978933022,40.0171506901582
6.9750000000000005,3.161619892225599,29.013462481419,32.69315694624402,40.0226393688825
6.98,3.1602417395175126,28.989964175192753,32.696190186166376,40.02810427218505
6.985,3.158870970354846,28.966499874881215,32.69921951616743,40.033545447654504
6.99,3.1575075650132103,28.94306955222665,32.70224494330496,40.03896294285331
6.995,3.1561515038384056,28.91967317891515,32.70526647462438,40.044356805317676
7.0,3.154802767246422,28.896310726576626,32.70828411715873,40.04972708255761
7.005,3.15346133572344,28.87298216678481,32.711297877928715,40.055073822056876
7.01,3.1521271898258276,28.84968747105725,32.71430776394263,40.060397071273044
7.015000000000001,3.150800310180144,28.826426610855336,32.71731378219645,40.06569687763745
7.0200000000000005,3.149480677483138,28.80319955758426,32.72031593967377,40.07097328855521
7.025,3.148168272501748,28.78000628259305,32.723314243345804,40.07622635140522
7.03,3.146863076073101,28.75684675717455,32.726308700171444,40.08145611354015
7.035,3.145565069104514,28.733720952565427,32.72929931709718,40.086662622286475
7.04,3.1442742325734945,28.710628839946168,32.73228610105715,40.09184592494442
7.045,3.142990547527739,28.687570390441092,32.73526905897314,40.097006068788005
7.05,3.1417139950851327,28.66454557511833,32.73824819775456,40.10214310106504
7.055,3.1404445564337524,28.641554364989837,32.74122352429845,40.107257068997086
7.0600000000000005,3.1391822128318623,28.618596731011394,32.74419504548951,40.1123480197795
7.065,3.1379269456079184,28.59567264408261,32.747162768200056,40.11741600058144
7.07,3.1366787361605644,28.572782075046906,32.75012669929004,40.12246105854581
7.075,3.135437565958634,28.549924994691526,32.75308684560708,40.12748324078931
7.08,3.1342034165411525,28.527101373747545,32.75604321398638,40.13248259440242
7.085,3.1329762695173318,28.50431118288985,32.75899581125083,40.137459166449396
7.09,3.1317561065665753,28.48155439273716,32.761944644210914,40.14241300396827
7.095,3.130542909438475,28.45883097385201,32.764889719664794,40.14734415397088
7.1000000000000005,3.1293366599528136,28.436140896740756,32.767831044398235,40.1522526634428
7.105,3.1281373399995624,28.413484131853586,32.77076862518465,40.15713857934343
7.11,3.1269449315388833,28.390860649584507,32.773702468785096,40.16200194860591
7.115,3.125759416601127,28.36827042027134,32.776632581948256,40.1668428181372
7.12,3.1245807772868335,28.345713414195735,32.77955897141046,40.171661234817996
7.125,3.123408995766733,28.323189601583167,32.78248164389565,40.17645724550281
7.13,3.122244054281746,28.300698952602925,32.785400606115445,40.181230897019915
7.135,3.121085935142981,28.27824143736813,32.788315864769054,40.18598223617137
7.140000000000001,3.1199346207317373,28.255817025935716,32.791227426543365,40.190711309733025
7.1450000000000005,3.118790093499504,28.233425688306454,32.79413529811288,40.19541816445448
7.15,3.117652335967958,28.211067394424926,32.79703948613973,40.20010284705915
7.155,3.116521330728968,28.188742114179533,32.7999399972737,40.2047654042442
7.16,3.115397060444591,28.166449817402505,32.8028368381522,40.2094058826806
7.165,3.114279507847074,28.144190473869898,32.80573001540029,40.214024329013085
7.17,3.1131686557388534,28.121964053301582,32.80861953563066,40.21862078986017
7.175,3.112064486992556,28.099770525361254,32.81150540544362,40.22319531181416
7.18,3.1109669845509966,28.077609859656434,32.81438763142714,40.22774794144113
7.1850000000000005,3.109876131427181,28.055482025738456,32.81726622015681,40.23227872528095
7.19,3.108791910704305,28.0333869931025,32.82014117819587,40.23678770984724
7.195,3.107714305535752,28.01132473118754,32.82301251209518,40.24127494162744
7.2,3.1066432991450963,27.989295209376387,32.82588022839325,40.245740467082726
7.205,3.105578874826102,27.967298396995673,32.828744333616235,40.2501843326481
7.21,3.104521015942723,27.945334263315853,32.831604834277904,40.25460658473231
7.215,3.1034697059291014,27.9234027775512,32.83446173687967,40.25900726971789
7.22,3.10242492828957,27.901503908859816,32.83731504791058,40.263386433961166
7.2250000000000005,3.1013866665986516,27.879637626343612,32.840164773847334,40.26774412379225
7.23,3.1003549045010574,27.857803899048346,32.843010921154246,40.272080385515
7.235,3.0993296257116887,27.836002695963575,32.84585349628329,40.27639526540708
7.24,3.0983108140156372,27.814233986022693,32.848692505674045,40.28068880971994
7.245,3.097298453268183,27.792497738102902,32.85152795575377,40.2849610646788
7.25,3.0962925273947963,27.770793921025245,32.85435985293731,40.28921207648264
7.255,3.095293020391137,27.74912250355457,32.85718820362718,40.29344189130426
7.26,3.0942999163230547,27.72748345439956,32.86001301421353,40.29765055529021
7.265000000000001,3.0933131993265883,27.70587674221271,32.86283429107414,40.30183811456084
7.2700000000000005,3.0923328536079664,27.68430233559035,32.86565204057441,40.306004615210256
7.275,3.091358863443607,27.662760203072622,32.86846626906741,40.31015010330637
7.28,3.0903912131801183,27.641250313143495,32.87127698289382,40.31427462489085
7.285,3.089429887234298,27.619772634230756,32.87408418838197,40.31837822597917
7.29,3.088474870093133,27.598327134706025,32.876887891847815,40.322460952560554
7.295,3.087526146313799,27.57691378288473,32.87968809959496,40.32652285059803
7.3,3.086583700523663,27.555532547026136,32.88248481791464,40.33056396602841
7.305,3.0856475174202815,27.534183395333315,32.88527805308571,40.33458434476225
7.3100000000000005,3.084717581771399,27.51286629595317,32.888067811374704,40.338584032683926
7.315,3.083793878414951,27.491581216976435,32.89085409903574,40.34256307565158
7.32,3.082876392259062,27.470328126437654,32.89363692231062,40.346521519497124
7.325,3.0819651082820463,27.44910699231519,32.89641628742874,40.35045941002626
7.33,3.081060011532408,27.427917782531246,32.899192200607175,40.354376793018474
7.335,3.0801610871288405,27.40676046495183,32.901964668050596,40.35827371422702
7.34,3.0792683202602262,27.38563500738678,32.904733695951336,40.36215021937894
7.345,3.078381696185639,27.36454137758976,32.907499290489355,40.366006354175056
7.3500000000000005,3.07750120023434,27.343479543258244,32.91026145783226,40.36984216428997
7.355,3.0766268178057823,27.322449472033547,32.91302020413528,40.37365769537206
7.36,3.0757585343696063,27.30145113150079,32.915775535541286,40.377452993043484
7.365,3.0748963354656436,27.280484489188925,32.91852745818078,40.38122810290019
7.37,3.0740402067039154,27.259549512570725,32.92127597817193,40.384983070511886
7.375,3.073190133764631,27.238646169062783,32.92402110162048,40.38871794142209
7.38,3.072346102398191,27.217774426025514,32.92676283461988,40.39243276114807
7.385,3.0715080984251846,27.196934250763157,32.92950118325117,40.39612757518089
7.390000000000001,3.070676107736391,27.176125610523776,32.93223615358304,40.399802428985396
7.3950000000000005,3.069850116292779,27.155348472499263,32.93496775167182,40.403457368000204
7.4,3.069030110125507,27.13460280382531,32.937695983561476,40.40709243763771
7.405,3.068216075335923,27.11388857158146,32.9404208552836,40.4107076832841
7.41,3.067407998095564,27.093205742791056,32.94314237285742,40.41430315029934
7.415,3.066605864646158,27.072554284421276,32.94586054228983,40.41787888401717
7.42,3.065809661299621,27.051934163383116,32.94857536957533,40.421434929745104
7.425,3.0650193744380596,27.031345346531392,32.95128686069606,40.42497133276444
7.43,3.06423499051377,27.01078780066475,32.9539950216218,40.42848813833027
7.4350000000000005,3.063456496049237,26.99026149252565,32.956699858309975,40.43198539167146
7.44,3.0626838776371366,26.969766388800384,32.95940137670564,40.43546313799063
7.445,3.0619171219403336,26.94930245611906,32.96209958274148,40.438921422464226
7.45,3.0611562156918817,26.928869661055604,32.96479448233783,40.442360290242426
7.455,3.060401145695025,26.908467970127774,32.96748608140265,40.44577978644923
7.46,3.0596518988231978,26.88809734979715,32.97017438583153,40.44917995618239
7.465,3.0589084620200224,26.86775776646912,32.97285940150772,40.45256084451345
7.47,3.0581708198828528,26.847449190696654,32.97554113459799,40.45592249476682
7.4750000000000005,3.0574389526518266,26.82717160008048,32.978219591781766,40.459264947143595
7.48,3.0567128468331335,26.806924960781075,32.98089477894999,40.46258824628375
7.485,3.0559924893661545,26.786709238260986,32.98356670193618,40.465892437053895
7.49,3.055277867229972,26.76652439798637,32.98623536656515,40.46917756426545
7.495,3.0545689674433705,26.746370405426983,32.988900778653,40.47244367267463
7.5,3.053865777064835,26.726247226056206,32.99156294400709,40.47569080698244
7.505,3.0531682831925537,26.706154825351017,32.99422186842609,40.47891901183469
7.51,3.0524764729644143,26.686093168792006,32.99687755769992,40.48212833182198
7.515000000000001,3.0517903335580083,26.666062221863374,32.99953001760979,40.485318811479715
7.5200000000000005,3.0511098521906272,26.646061950052932,33.002179253928205,40.488490495288076
7.525,3.0504350161192653,26.626092318852102,33.00482527241892,40.49164342767206
7.53,3.0497658126406173,26.60615329375591,33.00746807883699,40.494777653001464
7.535,3.0491022290910803,26.58624484026299,33.010107678928755,40.49789321559086
7.54,3.0484442528467532,26.56636692387559,33.01274407843181,40.500990159699626
7.545,3.0477918713234358,26.54651951009957,33.015377283075054,40.504068529531956
7.55,3.0471450719766295,26.526702564444395,33.01800729857865,40.5071283692368
7.555,3.0465038423015383,26.506916052423136,33.02063413065405,40.510169722907946
7.5600000000000005,3.0458681698330667,26.487159939552473,33.023257785003985,40.51319263458395
7.565,3.0452380421458214,26.467434191352705,33.02587826732246,40.516197148248175
7.57,3.0446134468541106,26.447738773347734,33.02849558329476,40.51918330782878
7.575,3.043994371611944,26.42807365106507,33.031109738597465,40.52215115719872
7.58,3.0433808041130326,26.40843879003583,33.03372073889841,40.525100740175745
7.585,3.04277273209079,26.38883415579475,33.03632858985672,40.5280321005224
7.59,3.0421701433183306,26.369259713880165,33.03893329712282,40.53094528194604
7.595,3.0415730256084705,26.349715429834024,33.041534866338374,40.53384032809878
7.6000000000000005,3.0409813668137273,26.33020126920188,33.04413330313636,40.536717282577584
7.605,3.0403951548263204,26.31071719753291,33.04672861314103,40.539576188924165
7.61,3.039814377578171,26.29126318037988,33.04932080196789,40.542417090625065
7.615,3.0392390230409014,26.27183918329918,33.05190987522376,40.5452400311116
7.62,3.0386690792258366,26.252445171850802,33.05449583850672,40.54804505375989
7.625,3.038104534184001,26.233081111598352,33.05707869740613,40.55083220189086
7.63,3.0375453760061233,26.213746968109042,33.05965845750265,40.55360151877022
7.635,3.036991592822632,26.19444270695369,33.062235124368186,40.55635304760848
7.640000000000001,3.0364431728036574,26.17516829370673,33.06480870356595,40.559086831560954
7.6450000000000005,3.0359001041590323,26.155923693946203,33.06737920065042,40.56180291372773
7.65,3.0353623751382903,26.136708873253763,33.06994662116737,40.56450133715373
7.655,3.0348299740306666,26.11752379721466,33.07251097065383,40.56718214482863
7.66,3.0343028891650987,26.098368431417768,33.07507225463813,40.569845379686925
7.665,3.0337811089102247,26.079242741455563,33.07763047863987,40.57249108460791
7.67,3.0332646216743853,26.06014669292413,33.08018564816993,40.575119302415665
7.675,3.0327534159056224,26.041080251423164,33.08273776873047,40.577730075879074
7.68,3.0322474800916788,26.022043382555974,33.085286845814935,40.58032344771181
7.6850000000000005,3.03174680276,26.00303605192947,33.08783288490804,40.58289946057236
7.69,3.031251372477733,25.98405822515418,33.090375891485785,40.58545815706397
7.695,3.030761177851725,25.965109867844234,33.092915871015464,40.58799957973473
7.7,3.030276207528527,25.946190945617374,33.095452828955615,40.590523771077486
7.705,3.0297964501943904,25.92730142409495,33.097986770756094,40.593030773529904
7.71,3.0293218945752676,25.90844126890192,33.10051770185802,40.59552062947444
7.715,3.028852529436813,25.889610445666865,33.10304562769378,40.59799338123835
7.72,3.0283883435843846,25.87080892002195,33.10557055368706,40.60044907109368
7.7250000000000005,3.027929325863038,25.852036657602966,33.10809248525281,40.60288774125727
7.73,3.027475465157535,25.833293624049315,33.11061142779728,40.60530943389076
7.735,3.027026750392335,25.814579785004003,33.113127386717984,40.607714191100584
7.74,3.0265831705316018,25.795895106113644,33.115640367403714,40.61010205493799
7.745,3.026144714579199,25.777239553028462,33.11815037523455,40.612473067398994
7.75,3.0257113715786925,25.758613091402292,33.12065741558185,40.61482727042442
7.755,3.02528313061335,25.74001568689258,33.12316149380825,40.61716470589991
7.76,3.024859980806141,25.72144730516037,33.12566261526766,40.61948541565586
7.765000000000001,3.0244419113197356,25.702907911870334,33.128160785305276,40.6217894414675
7.7700000000000005,3.0240289113565066,25.684397472690737,33.13065600925758,40.62407682505483
7.775,3.023620970158528,25.66591595329346,33.13314829245232,40.62634760808267
7.78,3.0232180770075745,25.647463319353996,33.135637640208536,40.62860183216061
7.785,3.0228202212251247,25.62903953655144,33.13812405783654,40.63083953884306
7.79,3.022427392172356,25.6106445705685,33.140607550637924,40.633060769629225
7.795,3.0220395792501495,25.592278387091493,33.14308812390557,40.63526556596308
7.8,3.021656771899087,25.573940951810346,33.14556578292362,40.63745396923342
7.805000000000001,3.0212789595994516,25.555632230418595,33.148040532967514,40.63962602077384
7.8100000000000005,3.0209061318712296,25.537352188613387,33.150512379303954,40.6417817618627
7.815,3.0205382782741066,25.51910079209547,33.15298132719095,40.64392123372321
7.82,3.0201753884074716,25.500878006569216,33.155447381877764,40.64604447752332
7.825,3.0198174519104146,25.48268379774259,33.157910548604946,40.648151534375806
7.83,3.019464458461727,25.46451813132718,33.16037083260432,40.65024244533824
7.835,3.019116397779902,25.446380973038167,33.16282823909902,40.65231725141299
7.84,3.018773259623134,25.42827228859436,33.16528277330342,40.654375993547205
7.845,3.0184350337893204,25.410192043718165,33.16773444042319,40.65641871263285
7.8500000000000005,3.0181017101160585,25.3921402041356,33.17018324565529,40.658445449506665
7.855,3.017773278480648,25.374116735576298,33.172629194187934,40.66045624495022
7.86,3.01744972880009,25.356121603773488,33.17507229120064,40.662451139689836
7.865,3.017131051031088,25.338154774464023,33.1775125418642,40.66443017439667
7.87,3.0168172351700457,25.320216213388356,33.17994995134069,40.66639338968666
7.875,3.0165082712530693,25.30230588629055,33.182384524783444,40.668340826120534
7.88,3.016204149355967,25.28442375891828,33.18481626733709,40.67027252420383
7.885,3.015904859594247,25.266569797022832,33.187245184137545,40.67218852438687
7.890000000000001,3.0156103921231208,25.24874396635909,33.18967128031199,40.674088867064775
7.8950000000000005,3.0153207371375004,25.230946232685568,33.192094560978894,40.67597359257747
7.9,3.0150358848720007,25.213176561764367,33.19451503124801,40.677842741209666
7.905,3.014755825600937,25.195434919361215,33.19693269622035,40.67969635319088
7.91,3.0144805496383262,25.177721271245435,33.19934756098824,40.68153446869542
7.915,3.014210047337887,25.160035583189966,33.201759630635244,40.683357127842385
7.92,3.0139443090930413,25.142377820971358,33.20416891023624,40.68516437069568
7.925,3.0136833253369093,25.124747950369766,33.206575404857375,40.68695623726401
7.930000000000001,3.013427086542316,25.107145937168955,33.208979119556076,40.68873276750086
7.9350000000000005,3.013175583221786,25.089571747156306,33.211380059381035,40.69049400130452
7.94,3.0129288059275465,25.0720253461228,33.213778229372245,40.69223997851808
7.945,3.012686745251526,25.054506699863033,33.216173634560974,40.69397073892943
7.95,3.0124493918253545,25.037015774175202,33.21856627996975,40.695686322271236
7.955,3.012216736320364,25.019552534861127,33.22095617061242,40.69738676822098
7.96,3.011988769447587,25.002116947726226,33.22334331149406,40.69907211640093
7.965,3.011765481957759,24.98470897857953,33.22572770761107,40.70074240637816
7.97,3.011546864641317,24.967328593233677,33.22810936395111,40.70239767766453
7.9750000000000005,3.011332908328398,24.949975757504916,33.230488285493124,40.70403796971671
7.98,3.011123603888843,24.93265043721311,33.23286447720733,40.70566332193614
7.985,3.0109189422321925,24.915352598181723,33.23523794405523,40.70727377366909
7.99,3.0107189143076893,24.898082206237834,33.237608690989596,40.708869364206606
7.995,3.0105235111042785,24.88083922721213,33.23997672295451,40.71045013278452
8.0,3.010332723650606,24.863623626938903,33.24234204488529,40.7120161185835
8.005,3.01014654301502,24.846435371256057,33.244704661708575,40.713567360728966
8.01,3.0099649603055685,24.829274426005114,33.247064578342254,40.71510389829116
8.015,3.0097879666700043,24.81214075703118,33.249421799695504,40.71662577028511
8.02,3.0096155532957787,24.795034330183007,33.25177633066879,40.71813301567065
8.025,3.009447711410046,24.777955111312924,33.254128176153856,40.719625673352404
8.03,3.0092844322796624,24.76090306627689,33.25647734103371,40.72110378217979
8.035,3.009125707211185,24.74387816093445,33.25882383018265,40.72256738094702
8.040000000000001,3.008971527550873,24.726880361148787,33.26116764846626,40.724016508393106
8.045,3.008821884684687,24.70990963278668,33.263508800741405,40.72545120320187
8.05,3.008676770038289,24.692965941718505,33.265847291856204,40.726871504001906
8.055,3.0085361750770425,24.676049253818274,33.26818312665009,40.72827744936663
8.06,3.008400091306014,24.659159534963578,33.27051630995374,40.72966907781422
8.065,3.008268510269969,24.642296751035644,33.272846846589154,40.73104642780769
8.07,3.0081414235533774,24.625460867919287,33.275174741369575,40.732409537754826
8.075,3.008018822780409,24.60865185150295,33.27749999909954,40.73375844600821
8.08,3.007900699614935,24.591869667678665,33.27982262457487,40.73509319086523
8.085,3.0077870457605296,24.575114282342092,33.28214262258265,40.73641381056807
8.09,3.0076778529604677,24.558385661392496,33.28445999790126,40.73772034330369
8.095,3.007573112997726,24.54168377073274,33.28677475530036,40.73901282720389
8.1,3.0074728176949823,24.525008576269304,33.28908689954087,40.74029130034521
8.105,3.007376958914617,24.50836004391228,33.29139643537501,40.74155580074904
8.11,3.007285528558711,24.491738139575368,33.29370336754628,40.74280636638152
8.115,3.007198518569048,24.475142829175866,33.29600770078945,40.74404303515363
8.120000000000001,3.007115920927112,24.4585740786347,33.29830943983057,40.745265844921114
8.125,3.0070377276540894,24.442031853876397,33.300608589386975,40.74647483348453
8.13,3.0069639308108687,24.425516120829087,33.30290515416728,40.747670038589206
8.135,3.0068945224980386,24.409026845424517,33.305199138871366,40.7488514979253
8.14,3.0068294948558907,24.39256399359804,33.30749054819041,40.75001924912776
8.145,3.0067688400644172,24.376127531288617,33.309779386806866,40.7511733297763
8.15,3.006712550343313,24.35971742443882,33.31206565939446,40.75231377739547
8.155,3.0066606179519733,24.343333638994835,33.31434937061822,40.753440629454595
8.16,3.006613035189496,24.326976140906446,33.31663052513441,40.7545539233678
8.165000000000001,3.0065697935441125,24.31064489717344,33.31890912771401,40.75565369646716
8.17,3.006530880619703,24.294339879276453,33.32118518367425,40.756739985869494
8.175,3.006496287949866,24.278061053393056,33.323458697737955,40.75781282870235
8.18,3.0064660078087595,24.261808384813126,33.32572967451598,40.75887226205169
8.185,3.006440032492608,24.245581838857742,33.32799811861294,40.75991832294274
8.19,3.0064183543197007,24.229381380879225,33.33026403462712,40.760951048339976
8.195,3.006400965630391,24.21320697626109,33.33252742715057,40.76197047514714
8.2,3.006387858787099,24.197058590418095,33.334788300769056,40.76297664020722
8.205,3.006379026174309,24.180936188796192,33.337046660062036,40.76396958030248
8.21,3.0063744601985705,24.16483973687257,33.33930250960271,40.76494933215444
8.215,3.0063741532884976,24.148769200155638,33.341555853958,40.76591593242386
8.22,3.0063780978947703,24.132724544185006,33.34380669768854,40.76686941771078
8.225,3.006386286490134,24.116705734531525,33.34605504534869,40.767809824554476
8.23,3.0063987115693975,24.100712736797245,33.348300901486525,40.76873718943351
8.235,3.006415365649437,24.084745516615456,33.35054427064385,40.76965154876567
8.24,3.0064362412691916,24.06880403965064,33.35278515735618,40.77055293890803
8.245000000000001,3.006461330989667,24.052888271598526,33.35502356615275,40.771441396156916
8.25,3.006490627393933,24.036998178186046,33.357259501556534,40.7723169567479
8.255,3.006524123087126,24.021133725171346,33.359492968084204,40.773179656855824
8.26,3.0065618106964456,24.005294878343815,33.36172397024617,40.77402953259478
8.265,3.006603682871158,23.989481603524027,33.36395251254655,40.77486662001813
8.27,3.006649732282593,23.973693866563803,33.36617859948318,40.77569095511848
8.275,3.0066999516241473,23.957931633346167,33.36840223554763,40.7765025738277
8.28,3.006754333611281,23.942194869785375,33.37062342522518,40.777301512016926
8.285,3.006812870981521,23.926483541826887,33.372842172994844,40.77808780549654
8.290000000000001,3.006875556494458,23.91079761544739,33.37505848332934,40.7788614900162
8.295,3.006942382931748,23.895137056654796,33.377272360695116,40.77962260126479
8.3,3.0070133430971127,23.87950183148822,33.37948380955234,40.78037117487049
8.305,3.0070884298163376,23.863891906018015,33.3816928343549,40.78110724640071
8.31,3.007167635937275,23.84830724634573,33.3838994395504,40.78183085136214
8.315,3.0072509543298414,23.832747818604158,33.38610362958016,40.782542025200705
8.32,3.0073383778860183,23.81721358895729,33.38830540887925,40.78324080330161
8.325,3.0074298995198525,23.801704523600353,33.39050478187642,40.783927220989305
8.33,3.0075255121674562,23.786220588759775,33.39270175299417,40.7846013135275
8.335,3.007625208787006,23.770761750693218,33.394896326648706,40.785263116119175
8.34,3.007728982358744,23.75532797568956,33.39708850724996,40.78591266390655
8.345,3.007836825884977,23.73991923006889,33.39927829920158,40.78654999197111
8.35,3.007948732390078,23.724535480182524,33.40146570690095,40.787175135333605
8.355,3.0080646949204843,23.70917669241299,33.40365073473915,40.78778812895404
8.36,3.0081847065446983,23.693842833174045,33.405833387101005,40.78838900773167
8.365,3.0083087603532874,23.678533868910655,33.40801366836504,40.78897780650503
8.370000000000001,3.0084368494588842,23.663249766099007,33.4101915829035,40.78955456005188
8.375,3.0085689669961866,23.647990491246517,33.41236713508238,40.79011930308926
8.38,3.0087051061219574,23.6327560108918,33.414540329261364,40.79067207027348
8.385,3.0088452600150246,23.617546291604715,33.41671116979387,40.79121289620008
8.39,3.0089894218762816,23.602361299986313,33.418879661027034,40.791741815403874
8.395,3.0091375849286863,23.587201002668888,33.42104580730172,40.79225886235893
8.4,3.0092897424172618,23.572065366315933,33.4232096129525,40.79276407147858
8.405,3.0094458876090964,23.55695435762218,33.42537108230766,40.793257477115404
8.41,3.009606013793344,23.541867943313555,33.427530219689245,40.79373911356125
8.415000000000001,3.009770114281223,23.526806090147225,33.429687029412975,40.79420901504723
8.42,3.009938182406017,23.511768764911572,33.43184151578832,40.79466721574369
8.425,3.0101102115230747,23.496755934426186,33.43399368311845,40.795113749760255
8.43,3.0102861950098103,23.48176756554189,33.436143535700275,40.7955486511458
8.435,3.0104661262657024,23.466803625140706,33.43829107782442,40.79597195388847
8.44,3.010649998712295,23.451864080135902,33.44043631377521,40.79638369191565
8.445,3.0108378057931975,23.43694889747194,33.44257924783073,40.796783899093995
8.45,3.011029540974084,23.42205804412452,33.444719884262746,40.79717260922942
8.455,3.011225197742694,23.40719148710054,33.44685822733677,40.797549856067086
8.46,3.0114247696088317,23.392349193438136,33.448994281312025,40.79791567329143
8.465,3.011628250104367,23.377531130206663,33.451128050441454,40.798270094526124
8.47,3.0118356327832347,23.362737264506677,33.45325953897173,40.798613153334124
8.475,3.0120469112214336,23.34796756346997,33.455388751143225,40.79894488321763
8.48,3.0122620790170296,23.333221994259546,33.45751569119007,40.799265317618094
8.485,3.012481129790152,23.318500524069627,33.459640363340064,40.799574489916246
8.49,3.012704057182997,23.303803120125654,33.46176277181477,40.79987243343205
8.495000000000001,3.012930854859823,23.28912974968429,33.46388292082946,40.80015918142475
8.5,3.013161516506956,23.27448038003342,33.466000814593116,40.800434767092845
8.505,3.0133960358327867,23.259854978492136,33.46811645730845,40.80069922357407
8.51,3.0136344065677703,23.245253512410766,33.47022985317189,40.80095258394545
8.515,3.0138766224644273,23.230675949170834,33.47234100637358,40.801194881223246
8.52,3.0141226772973435,23.21612225618511,33.47444992109741,40.801426148362985
8.525,3.0143725648631694,23.201592400897553,33.476556601520954,40.80164641825945
8.53,3.0146262789806206,23.187086350783375,33.478661051815536,40.80185572374669
8.535,3.0148838134904787,23.17260407334897,33.480763276146185,40.802054097598
8.540000000000001,3.01514516225559,23.158145536131983,33.48286327867166,40.80224157252594
8.545,3.015410319160864,23.143710706701263,33.48496106354442,40.80241818118234
8.55,3.0156792781132786,23.129299552656875,33.48705663491067,40.80258395615825
8.555,3.0159520330418745,23.114912041630113,33.48914999691033,40.80273892998403
8.56,3.0162285778977584,23.100548141283475,33.491241153677024,40.802883135129264
8.565,3.0165089066541015,23.0862078193107,33.49333010933812,40.8030166040028
8.57,3.0167930133061405,23.071891043436718,33.495416868014686,40.80313936895275
8.575000000000001,3.017080891871177,23.057597781417705,33.49750143382152,40.80325146226647
8.58,3.017372536388578,23.043328001041044,33.49958381086715,40.80335291617061
8.585,3.0176679409197757,23.02908167012533,33.5016640032538,40.80344376283103
8.59,3.0179670995482666,23.01485875652039,33.50374201507744,40.80352403435288
8.595,3.0182700063796135,23.000659228107253,33.50581785042775,40.80359376278057
8.6,3.018576655541443,22.986483052798192,33.50789151338813,40.80365298009775
8.605,3.0188870411834476,22.972330198536675,33.50996300803569,40.80370171822734
8.61,3.0192011574773847,22.958200633297402,33.51203233844128,40.80374000903151
8.615,3.0195189986170767,22.944094325086283,33.51409950866947,40.80376788431169
8.620000000000001,3.019840558818412,22.93001124194046,33.516164522778524,40.80378537580859
8.625,3.0201658323193423,22.915951351928285,33.51822738482046,40.80379251520214
8.63,3.0204948133798863,22.90191462314932,33.52028809884099,40.803789334111556
8.635,3.020827496282126,22.887901023734372,33.52234666887958,40.803775864095314
8.64,3.02116387533021,22.87391052184544,33.524403098969366,40.80375213665113
8.645,3.021503944850352,22.859943085675752,33.52645739313726,40.803718183215985
8.65,3.0218476991908285,22.84599868344976,33.52850955540384,40.80367403516612
8.655,3.0221951327219845,22.832077283423132,33.53055958978346,40.80361972381704
8.66,3.0225462398362275,22.818178853882745,33.53260750028415,40.8035552804235
8.665000000000001,3.0229010149480318,22.804303363146712,33.534653290907684,40.80348073617952
8.67,3.0232594524939347,22.790450779564356,33.53669696564955,40.80339612221837
8.675,3.0236215469325414,22.776621071516214,33.53873852849895,40.803301469612585
8.68,3.0239872927445197,22.762814207414053,33.54077798343882,40.80319680937396
8.685,3.0243566844326035,22.749030155700844,33.54281533444582,40.803082172453536
8.69,3.0247297165215925,22.735268884850797,33.5448505854903,40.802957589741624
8.695,3.0251063835583505,22.721530363369318,33.546883740536366,40.80282309206778
8.700000000000001,3.0254866801118068,22.707814559793054,33.54891480354182,40.80267871020085
8.705,3.025870600772955,22.69412144268986,33.5509437784582,40.80252447484891
8.71,3.0262581401548556,22.6804509806588,33.55297066923075,40.80236041665928
8.715,3.0266492928926323,22.666803142330185,33.554995479798464,40.80218656621859
8.72,3.027044053643475,22.65317789636551,33.557018214094015,40.80200295405267
8.725,3.0274424170866383,22.63957521145752,33.55903887604382,40.801809610626655
8.73,3.0278443779234423,22.625995056330147,33.56105746956803,40.8016065663449
8.735,3.0282499308772715,22.61243739973858,33.563073998580485,40.801393851551055
8.74,3.0286590706935765,22.5989022104692,33.56508846698876,40.801171496528006
8.745000000000001,3.0290717921398715,22.585389457339605,33.56710087869416,40.800939531497896
8.75,3.0294880900057373,22.571899109198636,33.569111237591706,40.80069798662213
8.755,3.029907959102819,22.558431134926327,33.57111954757013,40.80044689200138
8.76,3.030331394264827,22.54498550343395,33.573125812511876,40.80018627767557
8.765,3.030758390347537,22.531562183663976,33.575130036293146,40.79991617362388
8.77,3.031188942228789,22.518161144590117,33.57713222278383,40.79963660976474
8.775,3.0316230448084895,22.504782355217284,33.57913237584755,40.79934761595586
8.78,3.032060693008609,22.491425784581626,33.58113049934165,40.799049221994196
8.785,3.0325018817731832,22.478091401750493,33.58312659711717,40.798741457615954
8.790000000000001,3.0329466060683132,22.464779175822468,33.58512067301892,40.79842435249662
8.795,3.033394860882165,22.45148907592735,33.58711273088539,40.79809793625091
8.8,3.03384664122497,22.43822107122614,33.5891027745488,40.797762238432824
8.805,3.0343019421290243,22.424975130911086,33.5910908078351,40.79741728853561
8.81,3.0347607586486895,22.41175122420563,33.59307683456395,40.79706311599177
8.815,3.0352230858603915,22.398549320364452,33.595060858548734,40.79669975017307
8.82,3.035688918862623,22.38536938867344,33.59704288359656,40.79632722039053
8.825000000000001,3.0361582527759396,22.372211398449696,33.59902291350825,40.795945555894434
8.83,3.0366310827429635,22.359075319041565,33.60100095207836,40.795554785874316
8.835,3.037107403928381,22.34596111982858,33.60297700309514,40.79515493945898
8.84,3.0375872115189453,22.332868770221513,33.60495107034059,40.79474604571649
8.845,3.0380705007234727,22.319798239662344,33.60692315759042,40.79432813365413
8.85,3.0385572667728455,22.306749497624285,33.60889326861405,40.7939012322185
8.855,3.0390475049200107,22.29372251361175,33.61086140717463,40.79346537029543
8.86,3.0395412104399813,22.28071725716039,33.61282757702904,40.79302057670999
8.865,3.040038378629834,22.26773369783706,33.614791781927856,40.79256688022654
8.870000000000001,3.040539004808712,22.254771805239834,33.6167540256154,40.792104309548684
8.875,3.0410430843178227,22.241831548998025,33.61871431182969,40.79163289331928
8.88,3.0415506125204392,22.228912898772137,33.620672644302495,40.79115266012046
8.885,3.0420615848018984,22.216015824253915,33.62262902675928,40.790663638473596
8.89,3.0425759965696044,22.20314029516631,33.62458346291923,40.79016585683933
8.895,3.043093843253025,22.1902862812635,33.626535956495275,40.78965934361756
8.9,3.043615120303693,22.177453752330873,33.62848651119404,40.78914412714743
8.905,3.0441398231952066,22.164642678185047,33.630435130715874,40.78862023570737
8.91,3.0446679474232297,22.15185302867384,33.632381818754865,40.78808769751504
8.915000000000001,3.0451994868371917,22.139084774052865,33.63432657928496,40.78754654250536
8.92,3.045734434327535,22.12633788445768,33.63626941641884,40.786996801465
8.925,3.0462727853060927,22.113612329237952,33.63821033381804,40.78643850236241
8.93,3.0468145352254905,22.10090807777402,33.64014933513441,40.78587167308173
8.935,3.0473596795500923,22.088225099484852,33.642086424015176,40.78529634145426
8.94,3.0479082137559965,22.0755633638281,33.644021604102946,40.78471253525847
8.945,3.0484601333310395,22.062922840300057,33.64595487903571,40.78412028221996
8.950000000000001,3.049015433774792,22.050303498435685,33.64788625244684,40.783519610011524
8.955,3.049574110598562,22.037705307808608,33.64981572796507,40.78291054625309
8.96,3.050136159325394,22.025128238031083,33.65174330921453,40.78229311851176
8.965,3.0507015754900664,22.012572258754062,33.65366899981472,40.78166735430178
8.97,3.051270354639097,22.00003733966712,33.65559280338053,40.781033281084575
8.975,3.051842492330737,21.98752345049852,33.65751472352221,40.78039092626871
8.98,3.052417984134975,21.97503056101516,33.65943476384542,40.77974031720993
8.985,3.052996825633535,21.96255864102261,33.661352927951164,40.779081481211115
8.99,3.053579012419879,21.95010766036509,33.66326921943585,40.77841444552232
8.995000000000001,3.0541645400992024,21.93767758892549,33.66518364189126,40.77773923734076
9.0,3.054753404288439,21.925268396625345,33.667096198904545,40.7770558838108
9.005,3.055345600616257,21.912880053424857,33.66900689405825,40.77636441202397
9.01,3.0559411247230623,21.90051252932288,33.67091573093029,40.775664849018966
9.015,3.0565399722609965,21.888165794356933,33.672822713093964,40.77495722178163
9.02,3.0571421388939357,21.87583981860319,33.67472784411794,40.77424155724496
9.025,3.057747620297495,21.863534572176476,33.67663112756628,40.77351788228914
9.03,3.058356412159023,21.851250025230293,33.67853256699841,40.772786223741484
9.035,3.0589685101776065,21.838986147956778,33.68043216596916,40.77204660837648
9.040000000000001,3.059583910064067,21.82674291058674,33.68232992802871,40.77129906291576
9.045,3.0602026075409623,21.814520283389655,33.684225856722634,40.77054361402814
9.05,3.0608245983425877,21.80231823667363,33.686119955591884,40.769780288329585
9.055,3.0614498782149724,21.790136740785464,33.68801222817279,40.76900911238321
9.06,3.0620784429158836,21.77797576611058,33.68990267799706,40.7682301126993
9.065,3.062710288214824,21.765835283073088,33.69179130859179,40.767443315735285
9.07,3.0633454098930324,21.75371526213574,33.69367812347944,40.76664874789577
9.075000000000001,3.063983803743484,21.741615673799945,33.695563126177866,40.76584643553252
9.08,3.064625465570889,21.729536488605785,33.697446320200285,40.76503640494444
9.085,3.065270391191696,21.717477677131985,33.69932770905531,40.76421868237762
9.09,3.0659185764340866,21.70543920999594,33.70120729624693,40.763393294025285
9.095,3.066570017137982,21.69342105785369,33.7030850852745,40.76256026602783
9.1,3.067224709155037,21.68142319139995,33.704961079632774,40.761719624472825
9.105,3.067882648348643,21.669445581368077,33.706835282811866,40.760871395394965
9.11,3.068543830593929,21.6574881985301,33.70870769829728,40.760015604776136
9.115,3.069208251777759,21.64555101369669,33.710578329569906,40.75915227854536
9.120000000000001,3.069875907798732,21.63363399771719,33.712447180106,40.758281442578834
9.125,3.0705467945671847,21.6217371214796,33.7143142533772,40.757403122699905
9.13,3.0712209080051904,21.609860355910573,33.71617955285052,40.75651734467909
9.135,3.0718982440465568,21.598003671975427,33.71804308198837,40.755624134234054
9.14,3.072578798636829,21.586167040678127,33.719904844248525,40.754723517029625
9.145,3.073262567733288,21.57435043306131,33.721764843084145,40.75381551867778
9.15,3.073949547304951,21.562553820206254,33.72362308194376,40.75290016473769
9.155,3.07463973333257,21.55077717323292,33.72547956427128,40.751977480715645
9.16,3.075333121808636,21.5390204632999,33.72733429350602,40.751047492065105
9.165000000000001,3.0760297087373734,21.52728366160446,33.72918727308264,40.750110224186706
9.17,3.0767294901347433,21.515566739382532,33.7310385064312,40.74916570242823
9.175,3.0774324620284443,21.50386966790868,33.73288799697712,40.74821395208461
9.18,3.0781386204579095,21.49219241849616,33.734735748141226,40.747254998397956
9.185,3.0788479614743096,21.480534962496847,33.73658176333971,40.746288866557535
9.19,3.0795604811405504,21.468897271301316,33.73842604598413,40.74531558169976
9.195,3.080276175531274,21.457279316338763,33.74026859948144,40.7443351689082
9.200000000000001,3.0809950407328586,21.445681069077065,33.742109427233984,40.74334765321362
9.205,3.081717072843419,21.434102501022757,33.74394853263945,40.74235305959389
9.21,3.082442267972806,21.42254358372102,33.74578591909094,40.74135141297409
9.215,3.0831706222426063,21.411004288755702,33.74762158997691,40.740342738226424
9.22,3.0839021317861426,21.399484587749306,33.74945554868122,40.739327060170275
9.225,3.0846367927484737,21.387984452362996,33.75128779858308,40.73830440357217
9.23,3.085374601286395,21.376503854296587,33.75311834305711,40.737274793145815
9.235,3.0861155535684386,21.365042765288567,33.75494718547328,40.73623825355205
9.24,3.0868596457748714,21.353601157116067,33.75677432919696,40.7351948093989
9.245000000000001,3.0876068740976965,21.342179001594882,33.75859977758889,40.73414448524152
9.25,3.088357234740654,21.33077627057947,33.7604235340052,40.733087305582266
9.255,3.08911072391922,21.319392935962934,33.76224560179738,40.73202329487061
9.26,3.0898673378606065,21.308028969677057,33.76406598431232,40.7309524775032
9.265,3.0906270728037613,21.296684343692252,33.765884684892264,40.72987487782385
9.27,3.0913899249993686,21.285359030017624,33.76770170687487,40.72879052012354
9.275,3.09215589070985,21.2740530007009,33.76951705359315,40.727699428640385
9.28,3.09292496620936,21.262766227828493,33.77133072837549,40.72660162755967
9.285,3.0936971477837933,21.25149868352546,33.77314273454568,40.72549714101385
9.290000000000001,3.094472431730778,21.24025033995552,33.77495307542287,40.724385993082514
9.295,3.0952508143596784,21.229021169321058,33.7767617543216,40.72326820779244
9.3,3.0960322919915964,21.217811143863102,33.77856877455178,40.72214380911755
9.305,3.0968168609593687,21.206620235861354,33.7803741394187,40.72101282097892
9.31,3.0976045176075693,21.19544841763416,33.78217785222304,40.719875267244795
9.315,3.098395258292507,21.18429566153854,33.78397991626085,40.71873117173058
9.32,3.099189079382228,21.173161939970147,33.78578033482356,40.71758055819883
9.325000000000001,3.099985977256514,21.162047225363317,33.787579111197985,40.71642345035927
9.33,3.1007859483068825,21.150951490191044,33.78937624866631,40.71525987186878
9.335,3.101588988936588,21.13987470696496,33.7911717505061,40.71408984633139
9.34,3.1023950955606208,21.128816848235374,33.79296561999031,40.7129133972983
9.345,3.103204264605707,21.117777886591238,33.79475786038728,40.71173054826787
9.35,3.1040164925103086,21.106757794660183,33.796548474960694,40.710541322685614
9.355,3.1048317757246253,21.095756545108475,33.79833746696965,40.709345743944205
9.36,3.1056501107105907,21.08477411064106,33.800124839668605,40.70814383538348
9.365,3.1064714939418767,21.073810464001518,33.80191059630742,40.70693562029042
9.370000000000001,3.10729592190389,21.06286557797211,33.803694740131306,40.7057211218992
9.375,3.1081233910937724,21.051939425373746,33.80547727438087,40.70450036339112
9.38,3.1089538980204052,21.04103197906599,33.8072582022921,40.703273367894646
9.385,3.1097874392044025,21.030143211947074,33.80903752709634,40.70204015848542
9.39,3.1106240111781167,21.019273096953874,33.810815252020355,40.70080075818622
9.395,3.111463610485635,21.00842160706194,33.81259138028625,40.69955518996699
9.4,3.1123062336827814,20.99758871528547,33.81436591511153,40.69830347674486
9.405,3.1131518773371156,20.98677439467733,33.81613885970907,40.697045641384086
9.41,3.114000538027934,20.975978618329027,33.81791021728713,40.69578170669609
9.415000000000001,3.1148522123462694,20.96520135937074,33.81967999104935,40.69451169543946
9.42,3.1157068968948884,20.954442590971315,33.82144818419474,40.69323563031994
9.425,3.1165645882882975,20.94370228633823,33.82321479991771,40.691953533990436
9.43,3.1174252831527363,20.93298041871764,33.82497984140801,40.69066542905101
9.435,3.1182889781261816,20.922276961394356,33.82674331185082,40.689371338048886
9.44,3.1191556698583462,20.91159188769185,33.82850521442666,40.68807128347844
9.445,3.1200253550106805,20.900925170972233,33.83026555231145,40.68676528778122
9.450000000000001,3.120898030256368,20.8902767846363,33.83202432867648,40.68545337334593
9.455,3.1217736922803305,20.879646702123495,33.83378154668842,40.684135562508416
9.46,3.122652337779226,20.86903489691191,33.83553720950932,40.682811877551714
9.465,3.1235339634614476,20.858441342518308,33.83729132029661,40.68148234070598
9.47,3.1244185660471255,20.847866012498105,33.8390438822031,40.68014697414857
9.475,3.125306142268125,20.83730888044538,33.84079489837698,40.67880580000397
9.48,3.1261966888680486,20.82676991999286,33.842544371961814,40.67745884034384
9.485,3.127090202602234,20.81624910481194,33.844292306096555,40.676106117187
9.49,3.1279866802377563,20.805746408612666,33.846038703915525,40.674747652499406
9.495000000000001,3.128886118553425,20.795261805143753,33.84778356854843,40.67338346819421
9.5,3.1297885143397868,20.784795268192564,33.849526903120356,40.67201358613169
9.505,3.130693864399125,20.774346771585122,33.85126871075177,40.67063802811931
9.51,3.131602165545458,20.763916289186113,33.85300899455851,40.66925681591167
9.515,3.132513414604541,20.753503794898872,33.85474775765179,40.66786997121056
9.52,3.1334276084138644,20.743109262665406,33.85648500313823,40.66647751566488
9.525,3.134344743822657,20.73273266646637,33.85822073411981,40.66507947087074
9.53,3.1352648176918803,20.722373980321077,33.85995495369388,40.66367585837138
9.535,3.136187826894235,20.712033178287506,33.86168766495318,40.6622666996572
9.540000000000001,3.1371137683141566,20.701710234462283,33.86341887098583,40.660852016165784
9.545,3.1380426388478164,20.691405122980704,33.865148574875334,40.65943182928184
9.55,3.138974435403123,20.681117818016716,33.86687677970057,40.65800616033727
9.555,3.1399091548997196,20.670848293782928,33.86860348853579,40.6565750306111
9.56,3.1408467942689877,20.6605965245306,33.87032870445063,40.65513846132955
9.565,3.141787350454042,20.650362484549664,33.872052430510095,40.65369647366597
9.57,3.142730820409737,20.640146148168693,33.873774669774605,40.65224908874088
9.575000000000001,3.1436772011026592,20.629947489754933,33.87549542529991,40.65079632762197
9.58,3.1446264895111344,20.619766483714287,33.87721470013718,40.64933821132408
9.585,3.145578682625224,20.6096031044913,33.87893249733293,40.647874760809195
9.59,3.1465337774467237,20.599457326569194,33.880648819929085,40.646405996986495
9.595,3.1474917709891677,20.589329124469838,33.88236367096294,40.644931940712276
9.6,3.1484526602778247,20.579218472753773,33.884077053467145,40.64345261279003
9.605,3.149416442349701,20.569125346020176,33.88578897046977,40.641968033970386
9.61,3.1503831142535366,20.559049718906905,33.887499424994225,40.640478224951146
9.615,3.1513526730498107,20.54899156609046,33.88920842005933,40.63898320637726
9.620000000000001,3.152325115810737,20.538950862286008,33.89091595867927,40.63748299884084
9.625,3.153300439620264,20.528927582247377,33.89262204386362,40.63597762288116
9.63,3.1542786415740798,20.518921700767038,33.89432667861731,40.63446709898465
9.635,3.1552597187796048,20.508933192676135,33.89602986594067,40.632951447584915
9.64,3.156243668355999,20.498962032844467,33.8977316088294,40.63143068906268
9.645,3.157230487434156,20.48900819618049,33.8994319102746,40.629904843745884
9.65,3.158220173156707,20.479071657631312,33.901130773262715,40.62837393190958
9.655,3.1592127226780176,20.469152392182714,33.902828200775595,40.626837973776
9.66,3.1602081331641925,20.459250374859117,33.904524195790465,40.625296989514524
9.665000000000001,3.1612064017930694,20.449365580723615,33.906218761279916,40.62375099924171
9.67,3.162207525754224,20.43949798487796,33.90791190021193,40.62220002302125
9.675,3.1632115022489677,20.42964756246255,33.90960361554987,40.620644080864025
9.68,3.164218328490348,20.41981428865645,33.91129391025247,40.619083192728056
9.685,3.165228001703148,20.409998138677384,33.91298278727385,40.61751737851852
9.69,3.166240519123888,20.400199087781733,33.91467024956351,40.615946658087765
9.695,3.167255878000824,20.39041711126453,33.91635630006631,40.61437105123529
9.700000000000001,3.168274075593948,20.38065218445947,33.91804094172253,40.61279057770776
9.705,3.1692951091749872,20.370904282738923,33.91972417746779,40.611205257198996
9.71,3.170318976027407,20.361173381513886,33.921406010233106,40.60961510934997
9.715,3.171345673446407,20.35145945623404,33.923086442944864,40.60802015374883
9.72,3.1723751987389246,20.341762482387704,33.924765478524854,40.60642040993087
9.725,3.1734075483434325,20.33208243228783,33.92644311986947,40.604815898312665
9.73,3.174442717912407,20.32241927546949,33.928119369855935,40.6032066401074
9.735,3.175480704611054,20.31277298707044,33.92979423139603,40.601592654886836
9.74,3.1765215056443314,20.30314354238339,33.9314677073984,40.599973962143366
9.745000000000001,3.1775651182242384,20.293530916735836,33.933139800767705,40.59835058132472
9.75,3.178611539569814,20.283935085490075,33.93481051440469,40.59672253183399
9.755,3.1796607669071393,20.274356024043165,33.936479851206144,40.59508983302959
9.76,3.1807127974693366,20.26479370782697,33.9381478140649,40.59345250422529
9.765,3.1817676284965697,20.25524811230814,33.93981440586985,40.59181056469019
9.77,3.1828252572360434,20.245719212988114,33.94147962950595,40.59016403364875
9.775,3.1838856809420033,20.2362069854031,33.94314348785417,40.58851293028075
9.78,3.1849488968757362,20.226711405124124,33.94480598379158,40.58685727372132
9.785,3.1860149023055713,20.21723244775697,33.946467120191265,40.58519708306095
9.790000000000001,3.187083694506878,20.20777008894223,33.948126899922386,40.583532377345435
9.795,3.188155270762066,20.198324304355275,33.949785325850144,40.58186317557595
9.8,3.1892296283605894,20.188895069706263,33.951442400835795,40.580189496708975
9.805,3.1903067645989394,20.179482360740145,33.953098127736645,40.57851135965637
9.81,3.1913866767806516,20.17008615323665,33.95475250940605,40.576828783285315
9.815,3.1924693622163005,20.160706423010303,33.95640554869343,40.57514178641833
9.82,3.1935548182235047,20.151343145910413,33.95805724844424,40.57345038783328
9.825000000000001,3.1946430421269216,20.141996297821077,33.959707611500015,40.57175460626338
9.83,3.1957340312582496,20.132665854661184,33.9613566406983,40.57005446039719
9.835,3.196827782956231,20.123351792384398,33.96300433887273,40.56834996887858
9.84,3.1979242945666457,20.114054086979184,33.96465070885297,40.5666411503068
9.845,3.199023563442318,20.104772714468783,33.966295753464756,40.56492802323643
9.85,3.2001255869431113,20.095507650911237,33.96793947552985,40.56321060617738
9.855,3.201230362435932,20.086258872399362,33.96958187786609,40.561488917594914
9.86,3.2023378872947257,20.077026355060774,33.97122296328736,40.55976297590964
9.865,3.203448158900481,20.06781007505786,33.97286273460359,40.55803279949749
9.870000000000001,3.204561174641227,20.058610008587806,33.97450119462076,40.55629840668976
9.875,3.2056769319120333,20.049426131882594,33.976138346140914,40.55455981577308
9.88,3.206795428115012,20.04025842120897,33.97777419196213,40.55281704498941
9.885,3.2079166606593152,20.031106852868493,33.97940873487857,40.551070112536074
9.89,3.209040626961138,20.021971403197483,33.98104197768041,40.54931903656572
9.895,3.2101673244437143,20.012852048567076,33.98267392315391,40.54756383518634
9.9,3.2112967505373216,20.00374876538317,33.98430457408136,40.545804526461275
9.905,3.2124289026792767,19.994661530086468,33.98593393324111,40.54404112840921
9.91,3.2135637783139392,19.985590319152447,33.987562003407554,40.54227365900417
9.915000000000001,3.2147013748927087,19.976535109091387,33.98918878735117,40.5405021361755
9.92,3.215841689874026,19.967495876448343,33.99081428783844,40.53872657780792
9.925,3.2169847207233744,19.95847259780316,33.99243850763193,40.536947001741474
9.93,3.218130464913277,19.949465249770473,33.99406144949026,40.53516342577155
9.935,3.2192789199232994,19.9404738089997,33.99568311616808,40.533375867648886
9.94,3.220430083240047,19.931498252175057,33.99730351041612,40.531584345079544
9.945,3.221583952357168,19.92253855601553,33.998922634981135,40.52978887572495
9.950000000000001,3.2227405247753507,19.913594697274917,34.00054049260594,40.52798947720185
9.955,3.223899798002324,19.904666652741778,34.00215708602942,40.52618616708236
9.96,3.2250617695528607,19.895754399239472,34.0037724179865,40.5243789628939
9.965,3.226226436948771,19.88685791362615,34.005386491208135,40.52256788211926
9.97,3.2273937977189098,19.877977172794743,34.00699930842136,40.52075294219657
9.975,3.2285638493991713,19.869112153672976,34.00861087234927,40.5189341605193
9.98,3.2297365895324917,19.86026283322335,34.01022118571099,40.51711155443625
9.985,3.2309120156688476,19.851429188443163,34.011830251221696,40.51528514125157
9.99,3.2320901253652576,19.8426111963645,34.013438071592624,40.513454938224754
9.995000000000001,3.2332709161857816,19.833808834054235,34.01504464953107,40.51162096257064
10.0,3.2344543857015196,19.825022078614023,34.01664998774037,40.5097832314594
