time,sturgeon,scenario,stocking,H
0.0,1.2,low_H,无放流,0.22168
0.005,1.1989525417463447,low_H,无放流,0.22168
0.01,1.1979060246755753,low_H,无放流,0.22168
0.015,1.1968604478951081,low_H,无放流,0.22168
0.02,1.1958158105132872,low_H,无放流,0.22168
0.025,1.1947721116393815,low_H,无放流,0.22168
0.03,1.1937293503835862,low_H,无放流,0.22168
0.035,1.192687525857023,low_H,无放流,0.22168
0.04,1.1916466371696335,low_H,无放流,0.22168
0.045,1.1906066834314806,low_H,无放流,0.22168
0.05,1.1895676637571029,low_H,无放流,0.22168
0.055,1.188529577261961,low_H,无放流,0.22168
0.06,1.1874924230623942,low_H,无放流,0.22168
0.065,1.1864562002756198,low_H,无放流,0.22168
0.07,1.1854209080197344,low_H,无放流,0.22168
0.075,1.184386545413713,low_H,无放流,0.22168
0.08,1.1833531115774092,low_H,无放流,0.22168
0.085,1.1823206056315552,low_H,无放流,0.22168
0.09,1.1812890266977618,low_H,无放流,0.22168
0.095,1.1802583738985184,low_H,无放流,0.22168
0.1,1.1792286463571933,low_H,无放流,0.22168
0.105,1.1781998431980332,low_H,无放流,0.22168
0.11,1.1771719635461633,low_H,无放流,0.22168
0.115,1.1761450065275876,low_H,无放流,0.22168
0.12,1.175118971269189,low_H,无放流,0.22168
0.125,1.1740938568987282,low_H,无放流,0.22168
0.13,1.1730696625448456,low_H,无放流,0.22168
0.135,1.1720463873370592,low_H,无放流,0.22168
0.14,1.1710240304057664,low_H,无放流,0.22168
0.145,1.1700025908822427,low_H,无放流,0.22168
0.15,1.1689820678986427,low_H,无放流,0.22168
0.155,1.1679624605879992,low_H,无放流,0.22168
0.16,1.1669437680842238,low_H,无放流,0.22168
0.165,1.165925989522107,low_H,无放流,0.22168
0.17,1.1649091240373173,low_H,无放流,0.22168
0.17500000000000002,1.1638931707664022,low_H,无放流,0.22168
0.18,1.162878128846788,low_H,无放流,0.22168
0.185,1.1618639974167793,low_H,无放流,0.22168
0.19,1.1608507756155593,low_H,无放流,0.22168
0.195,1.1598384625831903,low_H,无放流,0.22168
0.2,1.1588270574606125,low_H,无放流,0.22168
0.20500000000000002,1.1578165593896454,low_H,无放流,0.22168
0.21,1.156806967512987,low_H,无放流,0.22168
0.215,1.1557982809742133,low_H,无放流,0.22168
0.22,1.1547904989177797,low_H,无放流,0.22168
0.225,1.15378362048902,low_H,无放流,0.22168
0.23,1.1527776448341462,low_H,无放流,0.22168
0.23500000000000001,1.1517725711002496,low_H,无放流,0.22168
0.24,1.1507683984352994,low_H,无放流,0.22168
0.245,1.1497651259881443,low_H,无放流,0.22168
0.25,1.148762752908511,low_H,无放流,0.22168
0.255,1.1477612783470046,low_H,无放流,0.22168
0.26,1.1467607014551096,low_H,无放流,0.22168
0.265,1.1457610213851885,low_H,无放流,0.22168
0.27,1.1447622372904829,low_H,无放流,0.22168
0.275,1.1437643483251125,low_H,无放流,0.22168
0.28,1.142767353644076,low_H,无放流,0.22168
0.28500000000000003,1.1417712524032504,low_H,无放流,0.22168
0.29,1.140776043759392,low_H,无放流,0.22168
0.295,1.139781726870135,low_H,无放流,0.22168
0.3,1.138788300893992,low_H,无放流,0.22168
0.305,1.1377957649903556,low_H,无放流,0.22168
0.31,1.1368041183194957,low_H,无放流,0.22168
0.315,1.135813360042561,low_H,无放流,0.22168
0.32,1.1348234893215796,low_H,无放流,0.22168
0.325,1.1338345053194576,low_H,无放流,0.22168
0.33,1.1328464071999795,low_H,无放流,0.22168
0.335,1.1318591941278089,low_H,无放流,0.22168
0.34,1.130872865268488,low_H,无放流,0.22168
0.34500000000000003,1.1298874197884377,low_H,无放流,0.22168
0.35000000000000003,1.1289028568549568,low_H,无放流,0.22168
0.355,1.127919175636224,low_H,无放流,0.22168
0.36,1.126936375301295,low_H,无放流,0.22168
0.365,1.1259544550201055,low_H,无放流,0.22168
0.37,1.1249734139634695,low_H,无放流,0.22168
0.375,1.123993251303079,low_H,无放流,0.22168
0.38,1.1230139662115055,low_H,无放流,0.22168
0.385,1.1220355578621983,low_H,无放流,0.22168
0.39,1.1210580254294862,low_H,无放流,0.22168
0.395,1.1200813680299737,low_H,无放流,0.22168
0.4,1.1191055846395304,low_H,无放流,0.22168
0.405,1.1181306744264643,low_H,无放流,0.22168
0.41000000000000003,1.1171566365775132,low_H,无放流,0.22168
0.41500000000000004,1.1161834702801174,low_H,无放流,0.22168
0.42,1.115211174722419,low_H,无放流,0.22168
0.425,1.1142397490932625,low_H,无放流,0.22168
0.43,1.1132691925821947,low_H,无放流,0.22168
0.435,1.112299504379465,low_H,无放流,0.22168
0.44,1.1113306836760244,low_H,无放流,0.22168
0.445,1.1103627296635266,low_H,无放流,0.22168
0.45,1.1093956415343271,low_H,无放流,0.22168
0.455,1.1084294184814842,low_H,无放流,0.22168
0.46,1.1074640596987584,low_H,无放流,0.22168
0.465,1.106499564380612,low_H,无放流,0.22168
0.47000000000000003,1.1055359317222095,low_H,无放流,0.22168
0.47500000000000003,1.1045731609194185,low_H,无放流,0.22168
0.48,1.1036112511688079,low_H,无放流,0.22168
0.485,1.1026502016676492,low_H,无放流,0.22168
0.49,1.1016900116139163,low_H,无放流,0.22168
0.495,1.1007306802062853,low_H,无放流,0.22168
0.5,1.0997722066441344,low_H,无放流,0.22168
0.505,1.0988145901275441,low_H,无放流,0.22168
0.51,1.0978578298572972,low_H,无放流,0.22168
0.515,1.0969019250348786,low_H,无放流,0.22168
0.52,1.0959468748624759,low_H,无放流,0.22168
0.525,1.094992678542978,low_H,无放流,0.22168
0.53,1.094039335279977,low_H,无放流,0.22168
0.535,1.093086844277767,low_H,无放流,0.22168
0.54,1.0921352047413442,low_H,无放流,0.22168
0.545,1.0911844158764068,low_H,无放流,0.22168
0.55,1.090234476889356,low_H,无放流,0.22168
0.555,1.0892853869872943,low_H,无放流,0.22168
0.56,1.0883371453780273,low_H,无放流,0.22168
0.5650000000000001,1.0873897512700623,low_H,无放流,0.22168
0.5700000000000001,1.086443203872609,low_H,无放流,0.22168
0.5750000000000001,1.0854975023955795,low_H,无放流,0.22168
0.58,1.084552646049588,low_H,无放流,0.22168
0.585,1.083608634045951,low_H,无放流,0.22168
0.59,1.082665465596687,low_H,无放流,0.22168
0.595,1.081723139914517,low_H,无放流,0.22168
0.6,1.0807816562128645,low_H,无放流,0.22168
0.605,1.0798410137058547,low_H,无放流,0.22168
0.61,1.0789012116083154,low_H,无放流,0.22168
0.615,1.0779622491357765,low_H,无放流,0.22168
0.62,1.0770241255044701,low_H,无放流,0.22168
0.625,1.076086839931331,low_H,无放流,0.22168
0.63,1.0751503916339955,low_H,无放流,0.22168
0.635,1.0742147798308026,low_H,无放流,0.22168
0.64,1.0732800037407937,low_H,无放流,0.22168
0.645,1.072346062583712,low_H,无放流,0.22168
0.65,1.0714129555800032,low_H,无放流,0.22168
0.655,1.0704806819508155,low_H,无放流,0.22168
0.66,1.0695492409179985,low_H,无放流,0.22168
0.665,1.0686186317041053,low_H,无放流,0.22168
0.67,1.06768885353239,low_H,无放流,0.22168
0.675,1.06675990562681,low_H,无放流,0.22168
0.68,1.065831787212024,low_H,无放流,0.22168
0.685,1.0649044975133939,low_H,无放流,0.22168
0.6900000000000001,1.0639780357569828,low_H,无放流,0.22168
0.6950000000000001,1.063052401169557,low_H,无放流,0.22168
0.7000000000000001,1.0621275929785843,low_H,无放流,0.22168
0.705,1.0612036104122355,low_H,无放流,0.22168
0.71,1.060280452699383,low_H,无放流,0.22168
0.715,1.0593581190696018,low_H,无放流,0.22168
0.72,1.058436608753169,low_H,无放流,0.22168
0.725,1.0575159209810638,low_H,无放流,0.22168
0.73,1.056596054984968,low_H,无放流,0.22168
0.735,1.0556770099972657,low_H,无放流,0.22168
0.74,1.0547587852510425,low_H,无放流,0.22168
0.745,1.0538413799800872,low_H,无放流,0.22168
0.75,1.0529247934188901,low_H,无放流,0.22168
0.755,1.0520090248026444,low_H,无放流,0.22168
0.76,1.051094073367245,low_H,无放流,0.22168
0.765,1.0501799383492894,low_H,无放流,0.22168
0.77,1.0492666189860769,low_H,无放流,0.22168
0.775,1.0483541145156094,low_H,无放流,0.22168
0.78,1.0474424241765916,low_H,无放流,0.22168
0.785,1.0465315472084291,low_H,无放流,0.22168
0.79,1.0456214828512307,low_H,无放流,0.22168
0.795,1.0447122303458076,low_H,无放流,0.22168
0.8,1.0438037889336724,low_H,无放流,0.22168
0.805,1.0428961578570408,low_H,无放流,0.22168
0.81,1.0419893363588302,low_H,无放流,0.22168
0.8150000000000001,1.0410833236826602,low_H,无放流,0.22168
0.8200000000000001,1.0401781190728534,low_H,无放流,0.22168
0.8250000000000001,1.0392737217744337,low_H,无放流,0.22168
0.8300000000000001,1.038370131033128,low_H,无放流,0.22168
0.835,1.0374673460953647,low_H,无放流,0.22168
0.84,1.0365653662082752,low_H,无放流,0.22168
0.845,1.0356641906196926,low_H,无放流,0.22168
0.85,1.0347638185781527,low_H,无放流,0.22168
0.855,1.033864249332893,low_H,无放流,0.22168
0.86,1.0329654821338536,low_H,无放流,0.22168
0.865,1.0320675162316773,low_H,无放流,0.22168
0.87,1.031170350877708,low_H,无放流,0.22168
0.875,1.0302739853239926,low_H,无放流,0.22168
0.88,1.0293784188232804,low_H,无放流,0.22168
0.885,1.0284836506290227,low_H,无放流,0.22168
0.89,1.0275896799953728,low_H,无放流,0.22168
0.895,1.0266965061771864,low_H,无放流,0.22168
0.9,1.0258041284300219,low_H,无放流,0.22168
0.905,1.0249125460101391,low_H,无放流,0.22168
0.91,1.024021758174501,low_H,无放流,0.22168
0.915,1.023131764180772,low_H,无放流,0.22168
0.92,1.0222425632873196,low_H,无放流,0.22168
0.925,1.0213541547532123,low_H,无放流,0.22168
0.93,1.0204665378382223,low_H,无放流,0.22168
0.935,1.019579711802823,low_H,无放流,0.22168
0.9400000000000001,1.0186936759081904,low_H,无放流,0.22168
0.9450000000000001,1.0178084294162029,low_H,无放流,0.22168
0.9500000000000001,1.016923971589441,low_H,无放流,0.22168
0.9550000000000001,1.0160403016911872,low_H,无放流,0.22168
0.96,1.0151574189854267,low_H,无放流,0.22168
0.965,1.0142753227368466,low_H,无放流,0.22168
0.97,1.0133940122108367,low_H,无放流,0.22168
0.975,1.0125134866734884,low_H,无放流,0.22168
0.98,1.0116337453915958,low_H,无放流,0.22168
0.985,1.010754787632655,low_H,无放流,0.22168
0.99,1.0098766126648648,low_H,无放流,0.22168
0.995,1.0089992197571254,low_H,无放流,0.22168
1.0,1.0081226081790402,low_H,无放流,0.22168
1.0050000000000001,1.0072467772009144,low_H,无放流,0.22168
1.01,1.0063717260937552,low_H,无放流,0.22168
1.0150000000000001,1.0054974541292723,low_H,无放流,0.22168
1.02,1.004623960579878,low_H,无放流,0.22168
1.025,1.0037512447186863,low_H,无放流,0.22168
1.03,1.0028793058195133,low_H,无放流,0.22168
1.035,1.0020081431568784,low_H,无放流,0.22168
1.04,1.001137756006002,low_H,无放流,0.22168
1.045,1.0002681436428074,low_H,无放流,0.22168
1.05,0.9993993053439202,low_H,无放流,0.22168
1.055,0.9985312403866679,low_H,无放流,0.22168
1.06,0.9976639480490804,low_H,无放流,0.22168
1.065,0.9967974276098901,low_H,无放流,0.22168
1.07,0.9959316783485312,low_H,无放流,0.22168
1.075,0.9950666995451406,low_H,无放流,0.22168
1.08,0.994202490480557,low_H,无放流,0.22168
1.085,0.9933390504363216,low_H,无放流,0.22168
1.09,0.9924763786946779,low_H,无放流,0.22168
1.095,0.9916144745385715,low_H,无放流,0.22168
1.1,0.9907533372516503,low_H,无放流,0.22168
1.105,0.9898929661182645,low_H,无放流,0.22168
1.11,0.9890333604234663,low_H,无放流,0.22168
1.115,0.9881745194530107,low_H,无放流,0.22168
1.12,0.9873164424933543,low_H,无放流,0.22168
1.125,0.9864591288316563,low_H,无放流,0.22168
1.1300000000000001,0.9856025777557782,low_H,无放流,0.22168
1.135,0.9847467885542835,low_H,无放流,0.22168
1.1400000000000001,0.9838917605164381,low_H,无放流,0.22168
1.145,0.9830374929322103,low_H,无放流,0.22168
1.1500000000000001,0.9821839850922701,low_H,无放流,0.22168
1.155,0.9813312362879906,low_H,无放流,0.22168
1.16,0.9804792458114463,low_H,无放流,0.22168
1.165,0.9796280129554144,low_H,无放流,0.22168
1.17,0.9787775370133743,low_H,无放流,0.22168
1.175,0.9779278172795076,low_H,无放流,0.22168
1.18,0.9770788530486982,low_H,无放流,0.22168
1.185,0.9762306436165322,low_H,无放流,0.22168
1.19,0.9753831882792978,low_H,无放流,0.22168
1.195,0.9745364863339858,low_H,无放流,0.22168
1.2,0.9736905370782889,low_H,无放流,0.22168
1.205,0.9728453398106023,low_H,无放流,0.22168
1.21,0.9720008938300233,low_H,无放流,0.22168
1.215,0.9711571984363513,low_H,无放流,0.22168
1.22,0.9703142529300884,low_H,无放流,0.22168
1.225,0.9694720566124385,low_H,无放流,0.22168
1.23,0.968630608785308,low_H,无放流,0.22168
1.235,0.9677899087513055,low_H,无放流,0.22168
1.24,0.9669499558137419,low_H,无放流,0.22168
1.245,0.9661107492766301,low_H,无放流,0.22168
1.25,0.9652722884446854,low_H,无放流,0.22168
1.2550000000000001,0.9644345726233254,low_H,无放流,0.22168
1.26,0.96359760111867,low_H,无放流,0.22168
1.2650000000000001,0.9627613732375411,low_H,无放流,0.22168
1.27,0.9619258882874632,low_H,无放流,0.22168
1.2750000000000001,0.9610911455766626,low_H,无放流,0.22168
1.28,0.9602571444140684,low_H,无放流,0.22168
1.285,0.9594238841093113,low_H,无放流,0.22168
1.29,0.9585913639727248,low_H,无放流,0.22168
1.295,0.9577595833153445,low_H,无放流,0.22168
1.3,0.9569285414489079,low_H,无放流,0.22168
1.305,0.9560982376858553,low_H,无放流,0.22168
1.31,0.9552686713393289,low_H,无放流,0.22168
1.315,0.9544398417231733,low_H,无放流,0.22168
1.32,0.953611748151935,low_H,无放流,0.22168
1.325,0.9527843899408632,low_H,无放流,0.22168
1.33,0.9519577664059092,low_H,无放流,0.22168
1.335,0.9511318768637266,low_H,无放流,0.22168
1.34,0.9503067206316709,low_H,无放流,0.22168
1.345,0.9494822970278002,low_H,无放流,0.22168
1.35,0.9486586053708748,low_H,无放流,0.22168
1.355,0.9478356449803572,low_H,无放流,0.22168
1.36,0.9470134151764122,low_H,无放流,0.22168
1.365,0.9461919152799066,low_H,无放流,0.22168
1.37,0.9453711446124098,low_H,无放流,0.22168
1.375,0.9445511024961933,low_H,无放流,0.22168
1.3800000000000001,0.9437317882542308,low_H,无放流,0.22168
1.385,0.9429132012101982,low_H,无放流,0.22168
1.3900000000000001,0.9420953406884738,low_H,无放流,0.22168
1.395,0.9412782060141381,low_H,无放流,0.22168
1.4000000000000001,0.9404617965129738,low_H,无放流,0.22168
1.405,0.9396461115114658,low_H,无放流,0.22168
1.41,0.9388311503368014,low_H,无放流,0.22168
1.415,0.93801691231687,low_H,无放流,0.22168
1.42,0.9372033967802635,low_H,无放流,0.22168
1.425,0.9363906030562755,low_H,无放流,0.22168
1.43,0.9355785304749025,low_H,无放流,0.22168
1.435,0.9347671783668429,low_H,无放流,0.22168
1.44,0.9339565460634973,low_H,无放流,0.22168
1.445,0.9331466328969686,low_H,无放流,0.22168
1.45,0.9323374382000623,low_H,无放流,0.22168
1.455,0.9315289613062855,low_H,无放流,0.22168
1.46,0.930721201549848,low_H,无放流,0.22168
1.465,0.9299141582656618,low_H,无放流,0.22168
1.47,0.9291078307893411,low_H,无放流,0.22168
1.475,0.9283022184572022,low_H,无放流,0.22168
1.48,0.9274973206062638,low_H,无放流,0.22168
1.485,0.9266931365742468,low_H,无放流,0.22168
1.49,0.9258896656995744,low_H,无放流,0.22168
1.495,0.9250869073213721,low_H,无放流,0.22168
1.5,0.9242848607794676,low_H,无放流,0.22168
1.5050000000000001,0.9234835254143905,low_H,无放流,0.22168
1.51,0.9226829005673732,low_H,无放流,0.22168
1.5150000000000001,0.9218829855803501,low_H,无放流,0.22168
1.52,0.9210837797959578,low_H,无放流,0.22168
1.5250000000000001,0.9202852825575352,low_H,无放流,0.22168
1.53,0.9194874932091234,low_H,无放流,0.22168
1.5350000000000001,0.9186904110954658,low_H,无放流,0.22168
1.54,0.9178940355620081,low_H,无放流,0.22168
1.545,0.9170983659548982,low_H,无放流,0.22168
1.55,0.9163034016209862,low_H,无放流,0.22168
1.555,0.9155091419078244,low_H,无放流,0.22168
1.56,0.9147155861636675,low_H,无放流,0.22168
1.565,0.9139227337374725,low_H,无放流,0.22168
1.57,0.9131305839788981,low_H,无放流,0.22168
1.575,0.9123391362383062,low_H,无放流,0.22168
1.58,0.91154838986676,low_H,无放流,0.22168
1.585,0.9107583442160256,low_H,无放流,0.22168
1.59,0.909968998638571,low_H,无放流,0.22168
1.595,0.9091803524875666,low_H,无放流,0.22168
1.6,0.9083924051168849,low_H,无放流,0.22168
1.605,0.9076051558811009,low_H,无放流,0.22168
1.61,0.9068186041354915,low_H,无放流,0.22168
1.615,0.9060327492360363,low_H,无放流,0.22168
1.62,0.9052475905394166,low_H,无放流,0.22168
1.625,0.9044631274030165,low_H,无放流,0.22168
1.6300000000000001,0.9036793591849219,low_H,无放流,0.22168
1.635,0.9028962852439213,low_H,无放流,0.22168
1.6400000000000001,0.902113904939505,low_H,无放流,0.22168
1.645,0.9013322176318661,low_H,无放流,0.22168
1.6500000000000001,0.9005512226818996,low_H,无放流,0.22168
1.655,0.8997709194512027,low_H,无放流,0.22168
1.6600000000000001,0.8989913073020751,low_H,无放流,0.22168
1.665,0.8982123855975186,low_H,无放流,0.22168
1.67,0.8974341537012371,low_H,无放流,0.22168
1.675,0.896656610977637,low_H,无放流,0.22168
1.68,0.8958797567918271,low_H,无放流,0.22168
1.685,0.8951035905096177,low_H,无放流,0.22168
1.69,0.8943281114975223,low_H,无放流,0.22168
1.695,0.8935533191227559,low_H,无放流,0.22168
1.7,0.8927792127532362,low_H,无放流,0.22168
1.705,0.892005791757583,low_H,无放流,0.22168
1.71,0.8912330555051182,low_H,无放流,0.22168
1.715,0.8904610033646981,low_H,无放流,0.22168
1.72,0.8896896346090998,low_H,无放流,0.22168
1.725,0.8889189485504623,low_H,无放流,0.22168
1.73,0.8881489445654479,low_H,无放流,0.22168
1.735,0.8873796220312424,low_H,无放流,0.22168
1.74,0.886610980325555,low_H,无放流,0.22168
1.745,0.885843018826618,low_H,无放流,0.22168
1.75,0.8850757369131871,low_H,无放流,0.22168
1.7550000000000001,0.8843091339645414,low_H,无放流,0.22168
1.76,0.8835432093604835,low_H,无放流,0.22168
1.7650000000000001,0.8827779624813391,low_H,无放流,0.22168
1.77,0.8820133927079574,low_H,无放流,0.22168
1.7750000000000001,0.8812494994217108,low_H,无放流,0.22168
1.78,0.8804862820044954,low_H,无放流,0.22168
1.7850000000000001,0.8797237398387301,low_H,无放流,0.22168
1.79,0.8789618723073577,low_H,无放流,0.22168
1.795,0.878200678793844,low_H,无放流,0.22168
1.8,0.8774401586821782,low_H,无放流,0.22168
1.805,0.876680311356873,low_H,无放流,0.22168
1.81,0.8759211362029642,low_H,无放流,0.22168
1.815,0.8751626326060112,low_H,无放流,0.22168
1.82,0.8744047999520966,low_H,无放流,0.22168
1.825,0.8736476376278265,low_H,无放流,0.22168
1.83,0.8728911450203302,low_H,无放流,0.22168
1.835,0.8721353215172603,low_H,无放流,0.22168
1.84,0.8713801665067927,low_H,无放流,0.22168
1.845,0.8706256793776271,low_H,无放流,0.22168
1.85,0.8698718595189863,low_H,无放流,0.22168
1.855,0.8691187063206159,low_H,无放流,0.22168
1.86,0.8683662191727859,low_H,无放流,0.22168
1.865,0.8676143974662887,low_H,无放流,0.22168
1.87,0.8668632405924405,low_H,无放流,0.22168
1.875,0.8661127479430808,low_H,无放流,0.22168
1.8800000000000001,0.8653629189105725,low_H,无放流,0.22168
1.885,0.8646137528878018,low_H,无放流,0.22168
1.8900000000000001,0.8638652492681781,low_H,无放流,0.22168
1.895,0.8631174074456344,low_H,无放流,0.22168
1.9000000000000001,0.8623702268146267,low_H,无放流,0.22168
1.905,0.8616237067701349,low_H,无放流,0.22168
1.9100000000000001,0.8608778467076617,low_H,无放流,0.22168
1.915,0.8601326460232334,low_H,无放流,0.22168
1.92,0.8593881041133996,low_H,无放流,0.22168
1.925,0.8586442203752334,low_H,无放流,0.22168
1.93,0.857900994206331,low_H,无放流,0.22168
1.935,0.8571584250048121,low_H,无放流,0.22168
1.94,0.8564165121693197,low_H,无放流,0.22168
1.945,0.8556752550990201,low_H,无放流,0.22168
1.95,0.8549346531936032,low_H,无放流,0.22168
1.955,0.8541947058532818,low_H,无放流,0.22168
1.96,0.8534554124787926,low_H,无放流,0.22168
1.965,0.8527167724713952,low_H,无放流,0.22168
1.97,0.8519787852328726,low_H,无放流,0.22168
1.975,0.8512414501655315,low_H,无放流,0.22168
1.98,0.8505047666722015,low_H,无放流,0.22168
1.985,0.8497687341562359,low_H,无放流,0.22168
1.99,0.8490333520215112,low_H,无放流,0.22168
1.995,0.848298619672427,low_H,无放流,0.22168
2.0,0.8475645365139068,low_H,无放流,0.22168
2.005,0.8468311019513971,low_H,无放流,0.22168
2.0100000000000002,0.8460983153908676,low_H,无放流,0.22168
2.015,0.8453661762388117,low_H,无放流,0.22168
2.02,0.844634683902246,low_H,无放流,0.22168
2.025,0.8439038377887105,low_H,无放流,0.22168
2.0300000000000002,0.8431736373062683,low_H,无放流,0.22168
2.035,0.8424440818635062,low_H,无放流,0.22168
2.04,0.8417151708695341,low_H,无放流,0.22168
2.045,0.8409869037339854,low_H,无放流,0.22168
2.05,0.8402592798670169,low_H,无放流,0.22168
2.055,0.8395322986793083,low_H,无放流,0.22168
2.06,0.8388059595820633,low_H,无放流,0.22168
2.065,0.8380802619870085,low_H,无放流,0.22168
2.07,0.8373552053063941,low_H,无放流,0.22168
2.075,0.8366307889529933,low_H,无放流,0.22168
2.08,0.835907012340103,low_H,无放流,0.22168
2.085,0.8351838748815434,low_H,无放流,0.22168
2.09,0.834461375991658,low_H,无放流,0.22168
2.095,0.8337395150853135,low_H,无放流,0.22168
2.1,0.8330182915779002,low_H,无放流,0.22168
2.105,0.8322977048853315,low_H,无放流,0.22168
2.11,0.8315777544240442,low_H,无放流,0.22168
2.115,0.8308584396109988,low_H,无放流,0.22168
2.12,0.8301397598636787,low_H,无放流,0.22168
2.125,0.8294217146000908,low_H,无放流,0.22168
2.13,0.8287043032387655,low_H,无放流,0.22168
2.1350000000000002,0.8279875251987562,low_H,无放流,0.22168
2.14,0.8272713798996401,low_H,无放流,0.22168
2.145,0.8265558667615174,low_H,无放流,0.22168
2.15,0.8258409852050117,low_H,无放流,0.22168
2.1550000000000002,0.8251267346512701,low_H,无放流,0.22168
2.16,0.8244131145219629,low_H,无放流,0.22168
2.165,0.823700124239284,low_H,无放流,0.22168
2.17,0.8229877632259501,low_H,无放流,0.22168
2.1750000000000003,0.822276030905202,low_H,无放流,0.22168
2.18,0.8215649267008032,low_H,无放流,0.22168
2.185,0.8208544500370408,low_H,无放流,0.22168
2.19,0.8201446003387255,low_H,无放流,0.22168
2.195,0.8194353770311908,low_H,无放流,0.22168
2.2,0.818726779540294,low_H,无放流,0.22168
2.205,0.8180188072924156,low_H,无放流,0.22168
2.21,0.8173114597144595,low_H,无放流,0.22168
2.215,0.8166047362338528,low_H,无放流,0.22168
2.22,0.8158986362785461,low_H,无放流,0.22168
2.225,0.8151931592770132,low_H,无放流,0.22168
2.23,0.8144883046582515,low_H,无放流,0.22168
2.235,0.8137840718517815,low_H,无放流,0.22168
2.24,0.813080460287647,low_H,无放流,0.22168
2.245,0.8123774693964156,low_H,无放流,0.22168
2.25,0.8116750986091777,low_H,无放流,0.22168
2.255,0.8109733473575476,low_H,无放流,0.22168
2.2600000000000002,0.8102722150736621,low_H,无放流,0.22168
2.265,0.8095717011901823,low_H,无放流,0.22168
2.27,0.8088718051402921,low_H,无放流,0.22168
2.275,0.8081725263576991,low_H,无放流,0.22168
2.2800000000000002,0.8074738642766336,low_H,无放流,0.22168
2.285,0.8067758183318501,low_H,无放流,0.22168
2.29,0.8060783879586257,low_H,无放流,0.22168
2.295,0.8053815725927614,low_H,无放流,0.22168
2.3000000000000003,0.8046853716705812,low_H,无放流,0.22168
2.305,0.8039897846289328,low_H,无放流,0.22168
2.31,0.8032948109051867,low_H,无放流,0.22168
2.315,0.8026004499372372,low_H,无放流,0.22168
2.32,0.801906701163502,low_H,无放流,0.22168
2.325,0.8012135640229217,low_H,无放流,0.22168
2.33,0.8005210379549607,low_H,无放流,0.22168
2.335,0.7998291223996066,low_H,无放流,0.22168
2.34,0.7991378167973701,low_H,无放流,0.22168
2.345,0.7984471205892856,low_H,无放流,0.22168
2.35,0.7977570332169107,low_H,无放流,0.22168
2.355,0.7970675541223264,low_H,无放流,0.22168
2.36,0.7963786827481371,low_H,无放流,0.22168
2.365,0.7956904185374701,low_H,无放流,0.22168
2.37,0.7950027609339768,low_H,无放流,0.22168
2.375,0.7943157093818315,low_H,无放流,0.22168
2.38,0.7936292633257317,low_H,无放流,0.22168
2.3850000000000002,0.7929434222108985,low_H,无放流,0.22168
2.39,0.7922581854830766,low_H,无放流,0.22168
2.395,0.7915735525885335,low_H,无放流,0.22168
2.4,0.7908895229740602,low_H,无放流,0.22168
2.4050000000000002,0.7902060960869713,low_H,无放流,0.22168
2.41,0.7895232713751047,low_H,无放流,0.22168
2.415,0.7888410482868214,low_H,无放流,0.22168
2.42,0.788159426271006,low_H,无放流,0.22168
2.4250000000000003,0.7874784047770662,low_H,无放流,0.22168
2.43,0.7867979832549332,low_H,无放流,0.22168
2.435,0.7861181611550618,low_H,无放流,0.22168
2.44,0.7854389379284297,low_H,无放流,0.22168
2.445,0.7847603130265381,low_H,无放流,0.22168
2.45,0.7840822859014116,low_H,无放流,0.22168
2.455,0.7834048560055983,low_H,无放流,0.22168
2.46,0.7827280227921694,low_H,无放流,0.22168
2.465,0.7820517857147193,low_H,无放流,0.22168
2.47,0.7813761442273663,low_H,无放流,0.22168
2.475,0.7807010977847517,low_H,无放流,0.22168
2.48,0.7800266458420402,low_H,无放流,0.22168
2.485,0.7793527878549197,low_H,无放流,0.22168
2.49,0.7786795232796015,low_H,无放流,0.22168
2.495,0.7780068515728206,low_H,无放流,0.22168
2.5,0.7773347721918348,low_H,无放流,0.22168
2.505,0.7766632845944258,low_H,无放流,0.22168
2.5100000000000002,0.7759923882388982,low_H,无放流,0.22168
2.515,0.7753220825840801,low_H,无放流,0.22168
2.52,0.7746523670893231,low_H,无放流,0.22168
2.525,0.7739832412145019,low_H,无放流,0.22168
2.5300000000000002,0.7733147044200148,low_H,无放流,0.22168
2.535,0.7726467561667832,low_H,无放流,0.22168
2.54,0.7719793959162521,low_H,无放流,0.22168
2.545,0.7713126231303896,low_H,无放流,0.22168
2.5500000000000003,0.7706464372716872,low_H,无放流,0.22168
2.555,0.7699808378031601,low_H,无放流,0.22168
2.56,0.7693158241883463,low_H,无放流,0.22168
2.565,0.7686513958913075,low_H,无放流,0.22168
2.57,0.7679875523766287,low_H,无放流,0.22168
2.575,0.7673242931094181,low_H,无放流,0.22168
2.58,0.7666616175553075,low_H,无放流,0.22168
2.585,0.7659995251804518,low_H,无放流,0.22168
2.59,0.7653380154515294,low_H,无放流,0.22168
2.595,0.764677087835742,low_H,无放流,0.22168
2.6,0.7640167418008146,low_H,无放流,0.22168
2.605,0.7633569768149957,low_H,无放流,0.22168
2.61,0.7626977923470569,low_H,无放流,0.22168
2.615,0.7620391878662935,low_H,无放流,0.22168
2.62,0.7613811628425239,low_H,无放流,0.22168
2.625,0.7607237167460897,low_H,无放流,0.22168
2.63,0.7600668490478564,low_H,无放流,0.22168
2.6350000000000002,0.7594105592192122,low_H,无放流,0.22168
2.64,0.758754846732069,low_H,无放流,0.22168
2.645,0.7580997110588621,low_H,无放流,0.22168
2.65,0.7574451516725499,low_H,无放流,0.22168
2.6550000000000002,0.7567911680466144,low_H,无放流,0.22168
2.66,0.7561377596550608,low_H,无放流,0.22168
2.665,0.7554849259724177,low_H,无放流,0.22168
2.67,0.754832666473737,low_H,无放流,0.22168
2.6750000000000003,0.754180980634594,low_H,无放流,0.22168
2.68,0.7535298679310876,low_H,无放流,0.22168
2.685,0.7528793278398392,low_H,无放流,0.22168
2.69,0.7522293598379947,low_H,无放流,0.22168
2.695,0.7515799634032224,low_H,无放流,0.22168
2.7,0.7509311380137145,low_H,无放流,0.22168
2.705,0.7502828831481864,low_H,无放流,0.22168
2.71,0.7496351982858767,low_H,无放流,0.22168
2.715,0.7489880829065476,low_H,无放流,0.22168
2.72,0.7483415364904845,low_H,无放流,0.22168
2.725,0.7476955585184961,low_H,无放流,0.22168
2.73,0.7470501484719148,low_H,无放流,0.22168
2.735,0.7464053058325956,low_H,无放流,0.22168
2.74,0.7457610300829176,low_H,无放流,0.22168
2.745,0.7451173207057831,low_H,无放流,0.22168
2.75,0.7444741771846173,low_H,无放流,0.22168
2.755,0.7438315990033693,low_H,无放流,0.22168
2.7600000000000002,0.7431895856465112,low_H,无放流,0.22168
2.765,0.7425481365990386,low_H,无放流,0.22168
2.77,0.7419072513464704,low_H,无放流,0.22168
2.775,0.741266929374849,low_H,无放流,0.22168
2.7800000000000002,0.7406271701707396,low_H,无放流,0.22168
2.785,0.7399879732212318,low_H,无放流,0.22168
2.79,0.7393493380139373,low_H,无放流,0.22168
2.795,0.7387112640369922,low_H,无放流,0.22168
2.8000000000000003,0.7380737507790551,low_H,无放流,0.22168
2.805,0.7374367977293088,low_H,无放流,0.22168
2.81,0.7368004043774585,low_H,无放流,0.22168
2.815,0.7361645702137338,low_H,无放流,0.22168
2.82,0.7355292947288867,low_H,无放流,0.22168
2.825,0.7348945774141931,low_H,无放流,0.22168
2.83,0.734260417761452,low_H,无放流,0.22168
2.835,0.733626815262986,low_H,无放流,0.22168
2.84,0.7329937694116408,low_H,无放流,0.22168
2.845,0.7323612797007856,low_H,无放流,0.22168
2.85,0.7317293456243128,low_H,无放流,0.22168
2.855,0.7310979666766383,low_H,无放流,0.22168
2.86,0.7304671423527014,low_H,无放流,0.22168
2.865,0.7298368721479643,low_H,无放流,0.22168
2.87,0.7292071555584132,low_H,无放流,0.22168
2.875,0.7285779920805573,low_H,无放流,0.22168
2.88,0.7279493812114292,low_H,无放流,0.22168
2.8850000000000002,0.7273213224485846,low_H,无放流,0.22168
2.89,0.726693815290103,low_H,无放流,0.22168
2.895,0.7260668592345871,low_H,无放流,0.22168
2.9,0.7254404537811627,low_H,无放流,0.22168
2.9050000000000002,0.7248145984294793,low_H,无放流,0.22168
2.91,0.7241892926797093,low_H,无放流,0.22168
2.915,0.723564536032549,low_H,无放流,0.22168
2.92,0.7229403279892177,low_H,无放流,0.22168
2.9250000000000003,0.722316668051458,low_H,无放流,0.22168
2.93,0.7216935557215363,low_H,无放流,0.22168
2.935,0.7210709905022415,low_H,无放流,0.22168
2.94,0.720448971896887,low_H,无放流,0.22168
2.945,0.7198274994093083,low_H,无放流,0.22168
2.95,0.7192065725438654,low_H,无放流,0.22168
2.955,0.7185861908054407,low_H,无放流,0.22168
2.96,0.7179663536994407,low_H,无放流,0.22168
2.965,0.7173470607317947,low_H,无放流,0.22168
2.97,0.7167283114089555,low_H,无放流,0.22168
2.975,0.7161101052378996,low_H,无放流,0.22168
2.98,0.7154924417261264,low_H,无放流,0.22168
2.985,0.7148753203816588,low_H,无放流,0.22168
2.99,0.714258740713043,low_H,无放流,0.22168
2.995,0.7136427022293488,low_H,无放流,0.22168
3.0,0.7130272044401689,low_H,无放流,0.22168
3.005,0.7124122468556198,low_H,无放流,0.22168
3.0100000000000002,0.711797828986341,low_H,无放流,0.22168
3.015,0.7111839503434958,low_H,无放流,0.22168
3.02,0.7105706104387702,low_H,无放流,0.22168
3.025,0.7099578087843742,low_H,无放流,0.22168
3.0300000000000002,0.7093455448581306,low_H,无放流,0.22168
3.035,0.708733818092675,low_H,无放流,0.22168
3.04,0.7081226280019601,low_H,无放流,0.22168
3.045,0.7075119741038639,low_H,无放流,0.22168
3.0500000000000003,0.7069018559166588,low_H,无放流,0.22168
3.055,0.706292272959012,low_H,无放流,0.22168
3.06,0.7056832247499856,low_H,无放流,0.22168
3.065,0.7050747108090366,low_H,无放流,0.22168
3.0700000000000003,0.7044667306560165,low_H,无放流,0.22168
3.075,0.7038592838111719,low_H,无放流,0.22168
3.08,0.703252369795144,low_H,无放流,0.22168
3.085,0.7026459881289688,low_H,无放流,0.22168
3.09,0.7020401383340772,low_H,无放流,0.22168
3.095,0.7014348199322946,low_H,无放流,0.22168
3.1,0.7008300324458415,low_H,无放流,0.22168
3.105,0.7002257753973332,low_H,无放流,0.22168
3.11,0.6996220483097796,low_H,无放流,0.22168
3.115,0.6990188507065854,low_H,无放流,0.22168
3.12,0.6984161821115502,low_H,无放流,0.22168
3.125,0.6978140420488683,low_H,无放流,0.22168
3.13,0.6972124300431289,low_H,无放流,0.22168
3.1350000000000002,0.6966113456193159,low_H,无放流,0.22168
3.14,0.696010788302808,low_H,无放流,0.22168
3.145,0.6954107576193786,low_H,无放流,0.22168
3.15,0.6948112530951962,low_H,无放流,0.22168
3.1550000000000002,0.6942122742568236,low_H,无放流,0.22168
3.16,0.6936138206312189,low_H,无放流,0.22168
3.165,0.6930158917457346,low_H,无放流,0.22168
3.17,0.6924184871281183,low_H,无放流,0.22168
3.1750000000000003,0.691821606306512,low_H,无放流,0.22168
3.18,0.6912252488094528,low_H,无放流,0.22168
3.185,0.6906294141658726,low_H,无放流,0.22168
3.19,0.6900341019050981,low_H,无放流,0.22168
3.1950000000000003,0.6894393115568502,low_H,无放流,0.22168
3.2,0.6888450426512457,low_H,无放流,0.22168
3.205,0.6882512947187951,low_H,无放流,0.22168
3.21,0.6876580672904044,low_H,无放流,0.22168
3.215,0.6870653598973739,low_H,无放流,0.22168
3.22,0.6864731720713992,low_H,无放流,0.22168
3.225,0.6858815033445702,low_H,无放流,0.22168
3.23,0.685290353249372,low_H,无放流,0.22168
3.235,0.6846997213186842,low_H,无放流,0.22168
3.24,0.6841096070857812,low_H,无放流,0.22168
3.245,0.6835200100843324,low_H,无放流,0.22168
3.25,0.6829309298484019,low_H,无放流,0.22168
3.255,0.6823423659124483,low_H,无放流,0.22168
3.2600000000000002,0.6817543178113254,low_H,无放流,0.22168
3.265,0.6811667850802817,low_H,无放流,0.22168
3.27,0.6805797672549604,low_H,无放流,0.22168
3.275,0.6799932638713995,low_H,无放流,0.22168
3.2800000000000002,0.6794072744660316,low_H,无放流,0.22168
3.285,0.6788217985756845,low_H,无放流,0.22168
3.29,0.6782368357375805,low_H,无放流,0.22168
3.295,0.6776523854893368,low_H,无放流,0.22168
3.3000000000000003,0.6770684473689652,low_H,无放流,0.22168
3.305,0.6764850209148727,low_H,无放流,0.22168
3.31,0.6759021056658607,low_H,无放流,0.22168
3.315,0.6753197011611254,low_H,无放流,0.22168
3.3200000000000003,0.6747378069402581,low_H,无放流,0.22168
3.325,0.6741564225432446,low_H,无放流,0.22168
3.33,0.6735755475104656,low_H,无放流,0.22168
3.335,0.6729951813826964,low_H,无放流,0.22168
3.34,0.6724153237011077,low_H,无放流,0.22168
3.345,0.671835974007264,low_H,无放流,0.22168
3.35,0.6712571318431255,low_H,无放流,0.22168
3.355,0.6706787967510469,low_H,无放流,0.22168
3.36,0.6701009682737773,low_H,无放流,0.22168
3.365,0.6695236459544611,low_H,无放流,0.22168
3.37,0.6689468293366373,low_H,无放流,0.22168
3.375,0.6683705179642396,low_H,无放流,0.22168
3.38,0.6677947113815967,low_H,无放流,0.22168
3.3850000000000002,0.6672194091334318,low_H,无放流,0.22168
3.39,0.6666446107648631,low_H,无放流,0.22168
3.395,0.6660703158214036,low_H,无放流,0.22168
3.4,0.6654965238489611,low_H,无放流,0.22168
3.4050000000000002,0.6649232343938379,low_H,无放流,0.22168
3.41,0.6643504470027315,low_H,无放流,0.22168
3.415,0.6637781612227339,low_H,无放流,0.22168
3.42,0.663206376601332,low_H,无放流,0.22168
3.4250000000000003,0.6626350926864074,low_H,无放流,0.22168
3.43,0.6620643090262367,low_H,无放流,0.22168
3.435,0.6614940251694911,low_H,无放流,0.22168
3.44,0.6609242406652366,low_H,无放流,0.22168
3.4450000000000003,0.660354955062934,low_H,无放流,0.22168
3.45,0.659786167912439,low_H,无放流,0.22168
3.455,0.6592178787640021,low_H,无放流,0.22168
3.46,0.6586500871682682,low_H,无放流,0.22168
3.465,0.6580827926762776,low_H,无放流,0.22168
3.47,0.6575159948394648,low_H,无放流,0.22168
3.475,0.6569496932096596,low_H,无放流,0.22168
3.48,0.6563838873390861,low_H,无放流,0.22168
3.485,0.6558185767803637,low_H,无放流,0.22168
3.49,0.6552537610865061,low_H,无放流,0.22168
3.495,0.6546894398109222,low_H,无放流,0.22168
3.5,0.6541256125074155,low_H,无放流,0.22168
3.505,0.6535622787301841,low_H,无放流,0.22168
3.5100000000000002,0.6529994380338213,low_H,无放流,0.22168
3.515,0.6524370899733148,low_H,无放流,0.22168
3.52,0.6518752341040475,low_H,无放流,0.22168
3.525,0.6513138699817966,low_H,无放流,0.22168
3.5300000000000002,0.6507529971627344,low_H,无放流,0.22168
3.535,0.650192615203428,low_H,无放流,0.22168
3.54,0.6496327236608391,low_H,无放流,0.22168
3.545,0.6490733220923245,low_H,无放流,0.22168
3.5500000000000003,0.6485144100556354,low_H,无放流,0.22168
3.555,0.6479559871089181,low_H,无放流,0.22168
3.56,0.6473980528107135,low_H,无放流,0.22168
3.565,0.6468406067199575,low_H,无放流,0.22168
3.5700000000000003,0.6462836483959804,low_H,无放流,0.22168
3.575,0.6457271773985077,low_H,无放流,0.22168
3.58,0.6451711932876596,low_H,无放流,0.22168
3.585,0.6446156956239509,low_H,无放流,0.22168
3.59,0.6440606839682914,low_H,无放流,0.22168
3.595,0.6435061578819854,low_H,无放流,0.22168
3.6,0.6429521169267325,low_H,无放流,0.22168
3.605,0.6423985606646264,low_H,无放流,0.22168
3.61,0.6418454886581563,low_H,无放流,0.22168
3.615,0.6412929004702056,low_H,无放流,0.22168
3.62,0.6407407956640528,low_H,无放流,0.22168
3.625,0.6401891738033714,low_H,无放流,0.22168
3.63,0.639638034452229,low_H,无放流,0.22168
3.6350000000000002,0.6390873771750886,low_H,无放流,0.22168
3.64,0.6385372015368078,low_H,无放流,0.22168
3.645,0.637987507102639,low_H,无放流,0.22168
3.65,0.6374382934382293,low_H,无放流,0.22168
3.6550000000000002,0.6368895601096207,low_H,无放流,0.22168
3.66,0.6363413066832501,low_H,无放流,0.22168
3.665,0.6357935327259487,low_H,无放流,0.22168
3.67,0.6352462378049432,low_H,无放流,0.22168
3.6750000000000003,0.6346994214878543,low_H,无放流,0.22168
3.68,0.6341530833426984,low_H,无放流,0.22168
3.685,0.6336072229378857,low_H,无放流,0.22168
3.69,0.6330618398422221,low_H,无放流,0.22168
3.6950000000000003,0.6325169336249077,low_H,无放流,0.22168
3.7,0.6319725038555375,low_H,无放流,0.22168
3.705,0.6314285501041014,low_H,无放流,0.22168
3.71,0.6308850719409841,low_H,无放流,0.22168
3.715,0.6303420689369649,low_H,无放流,0.22168
3.72,0.6297995406632181,low_H,无放流,0.22168
3.725,0.6292574866913127,low_H,无放流,0.22168
3.73,0.6287159065932125,low_H,无放流,0.22168
3.735,0.6281747999412761,low_H,无放流,0.22168
3.74,0.6276341663082569,low_H,无放流,0.22168
3.745,0.6270940052673029,low_H,无放流,0.22168
3.75,0.6265543163919572,low_H,无放流,0.22168
3.755,0.6260150992561575,low_H,无放流,0.22168
3.7600000000000002,0.6254763534342364,low_H,无放流,0.22168
3.765,0.624938078500921,low_H,无放流,0.22168
3.77,0.6244002740313336,low_H,无放流,0.22168
3.775,0.6238629396009912,low_H,无放流,0.22168
3.7800000000000002,0.623326074785805,low_H,无放流,0.22168
3.785,0.622789679162082,low_H,无放流,0.22168
3.79,0.6222537523065234,low_H,无放流,0.22168
3.795,0.6217182937962249,low_H,无放流,0.22168
3.8000000000000003,0.6211833032086777,low_H,无放流,0.22168
3.805,0.6206487801217672,low_H,无放流,0.22168
3.81,0.6201147241137739,low_H,无放流,0.22168
3.815,0.619581134763373,low_H,无放流,0.22168
3.8200000000000003,0.6190480116496344,low_H,无放流,0.22168
3.825,0.6185153543520231,low_H,无放流,0.22168
3.83,0.6179831624503986,low_H,无放流,0.22168
3.835,0.6174514355250151,low_H,无放流,0.22168
3.84,0.6169201731565219,low_H,无放流,0.22168
3.845,0.6163893749259629,low_H,无放流,0.22168
3.85,0.6158590404147769,low_H,无放流,0.22168
3.855,0.6153291692047973,low_H,无放流,0.22168
3.86,0.6147997608782525,low_H,无放流,0.22168
3.865,0.6142708150177654,low_H,无放流,0.22168
3.87,0.6137423312063541,low_H,无放流,0.22168
3.875,0.6132143090274312,low_H,无放流,0.22168
3.88,0.6126867480648043,low_H,无放流,0.22168
3.8850000000000002,0.6121596479026754,low_H,无放流,0.22168
3.89,0.6116330081256416,low_H,无放流,0.22168
3.895,0.6111068283186949,low_H,无放流,0.22168
3.9,0.6105811080672218,low_H,无放流,0.22168
3.9050000000000002,0.6100558469570035,low_H,无放流,0.22168
3.91,0.6095310445742166,low_H,无放流,0.22168
3.915,0.6090067005054318,low_H,无放流,0.22168
3.92,0.6084828143376151,low_H,无放流,0.22168
3.9250000000000003,0.6079593856581268,low_H,无放流,0.22168
3.93,0.6074364140547224,low_H,无放流,0.22168
3.935,0.6069138991155519,low_H,无放流,0.22168
3.94,0.6063918404291605,low_H,无放流,0.22168
3.9450000000000003,0.6058702375844875,low_H,无放流,0.22168
3.95,0.6053490901708679,low_H,无放流,0.22168
3.955,0.6048283977780307,low_H,无放流,0.22168
3.96,0.6043081599961,low_H,无放流,0.22168
3.9650000000000003,0.6037883764155947,low_H,无放流,0.22168
3.97,0.6032690466274284,low_H,无放流,0.22168
3.975,0.6027501702229098,low_H,无放流,0.22168
3.98,0.6022317467937418,low_H,无放流,0.22168
3.985,0.6017137759320227,low_H,无放流,0.22168
3.99,0.6011962572302451,low_H,无放流,0.22168
3.995,0.6006791902812968,low_H,无放流,0.22168
4.0,0.60016257467846,low_H,无放流,0.22168
4.005,0.5996464100154121,low_H,无放流,0.22168
4.01,0.5991306958862248,low_H,无放流,0.22168
4.015,0.5986154318853651,low_H,无放流,0.22168
4.0200000000000005,0.5981006176076944,low_H,无放流,0.22168
4.025,0.5975862526484692,low_H,无放流,0.22168
4.03,0.5970723366033406,low_H,无放流,0.22168
4.035,0.5965588690683543,low_H,无放流,0.22168
4.04,0.5960458496399512,low_H,无放流,0.22168
4.045,0.5955332779149669,low_H,无放流,0.22168
4.05,0.5950211534906313,low_H,无放流,0.22168
4.055,0.5945094759645699,low_H,无放流,0.22168
4.0600000000000005,0.5939982449348022,low_H,无放流,0.22168
4.065,0.5934874599997432,low_H,无放流,0.22168
4.07,0.592977120758202,low_H,无放流,0.22168
4.075,0.5924672268093831,low_H,无放流,0.22168
4.08,0.5919577777528853,low_H,无放流,0.22168
4.085,0.5914487731887026,low_H,无放流,0.22168
4.09,0.5909402127172234,low_H,无放流,0.22168
4.095,0.5904320959392313,low_H,无放流,0.22168
4.1,0.5899244224559044,low_H,无放流,0.22168
4.105,0.5894171918688154,low_H,无放流,0.22168
4.11,0.5889104037799324,low_H,无放流,0.22168
4.115,0.5884040577916178,low_H,无放流,0.22168
4.12,0.5878981535066289,low_H,无放流,0.22168
4.125,0.5873926905281179,low_H,无放流,0.22168
4.13,0.5868876684596317,low_H,无放流,0.22168
4.135,0.5863830869051119,low_H,无放流,0.22168
4.14,0.585878945468895,low_H,无放流,0.22168
4.1450000000000005,0.5853752437557123,low_H,无放流,0.22168
4.15,0.5848719813706899,low_H,无放流,0.22168
4.155,0.5843691579193486,low_H,无放流,0.22168
4.16,0.583866773007604,low_H,无放流,0.22168
4.165,0.5833648262417668,low_H,无放流,0.22168
4.17,0.5828633172285418,low_H,无放流,0.22168
4.175,0.5823622455750292,low_H,无放流,0.22168
4.18,0.5818616108887239,low_H,无放流,0.22168
4.1850000000000005,0.5813614127775153,low_H,无放流,0.22168
4.19,0.5808616508496879,low_H,无放流,0.22168
4.195,0.5803623247139209,low_H,无放流,0.22168
4.2,0.5798634339792881,low_H,无放流,0.22168
4.205,0.5793649782552582,low_H,无放流,0.22168
4.21,0.578866957151695,low_H,无放流,0.22168
4.215,0.5783693702788566,low_H,无放流,0.22168
4.22,0.5778722172473961,low_H,无放流,0.22168
4.225,0.5773754976683615,low_H,无放流,0.22168
4.23,0.5768792111531954,low_H,无放流,0.22168
4.235,0.5763833573137354,low_H,无放流,0.22168
4.24,0.5758879357622135,low_H,无放流,0.22168
4.245,0.575392946111257,low_H,无放流,0.22168
4.25,0.5748983879738877,low_H,无放流,0.22168
4.255,0.5744042609635222,low_H,无放流,0.22168
4.26,0.5739105646939718,low_H,无放流,0.22168
4.265,0.5734172987794428,low_H,无放流,0.22168
4.2700000000000005,0.5729244628345362,low_H,无放流,0.22168
4.275,0.5724320564742479,low_H,无放流,0.22168
4.28,0.5719400793139682,low_H,无放流,0.22168
4.285,0.5714485309694828,low_H,无放流,0.22168
4.29,0.5709574110569715,low_H,无放流,0.22168
4.295,0.5704667191930095,low_H,无放流,0.22168
4.3,0.5699764549945664,low_H,无放流,0.22168
4.305,0.5694866180790068,low_H,无放流,0.22168
4.3100000000000005,0.5689972080640898,low_H,无放流,0.22168
4.315,0.5685082245679698,low_H,无放流,0.22168
4.32,0.5680196672091955,low_H,无放流,0.22168
4.325,0.5675315356067105,low_H,无放流,0.22168
4.33,0.5670438293798534,low_H,无放流,0.22168
4.335,0.5665565481483575,low_H,无放流,0.22168
4.34,0.5660696915323508,low_H,无放流,0.22168
4.345,0.565583259152356,low_H,无放流,0.22168
4.3500000000000005,0.5650972506282818,low_H,无放流,0.22168
4.355,0.5646116655259023,low_H,无放流,0.22168
4.36,0.5641265034372109,low_H,无放流,0.22168
4.365,0.5636417639872199,low_H,无放流,0.22168
4.37,0.5631574468012416,low_H,无放流,0.22168
4.375,0.5626735515048893,low_H,无放流,0.22168
4.38,0.5621900777240764,low_H,无放流,0.22168
4.385,0.5617070250850169,low_H,无放流,0.22168
4.39,0.5612243932142255,low_H,无放流,0.22168
4.3950000000000005,0.5607421817385169,low_H,无放流,0.22168
4.4,0.5602603902850066,low_H,无放流,0.22168
4.405,0.5597790184811107,low_H,无放流,0.22168
4.41,0.5592980659545453,low_H,无放流,0.22168
4.415,0.5588175323333276,low_H,无放流,0.22168
4.42,0.5583374172457747,low_H,无放流,0.22168
4.425,0.5578577203205043,low_H,无放流,0.22168
4.43,0.557378441186435,low_H,无放流,0.22168
4.4350000000000005,0.5568995794727851,low_H,无放流,0.22168
4.44,0.5564211348090743,low_H,无放流,0.22168
4.445,0.555943106825122,low_H,无放流,0.22168
4.45,0.5554654951510486,low_H,无放流,0.22168
4.455,0.5549882994172746,low_H,无放流,0.22168
4.46,0.554511519254521,low_H,无放流,0.22168
4.465,0.5540351542938097,low_H,无放流,0.22168
4.47,0.5535592041664624,low_H,无放流,0.22168
4.4750000000000005,0.5530836685041018,low_H,无放流,0.22168
4.48,0.5526085469386511,low_H,无放流,0.22168
4.485,0.5521338391023337,low_H,无放流,0.22168
4.49,0.5516595446276734,low_H,无放流,0.22168
4.495,0.5511856631474947,low_H,无放流,0.22168
4.5,0.5507121942949226,low_H,无放流,0.22168
4.505,0.5502391377033824,low_H,无放流,0.22168
4.51,0.5497664930066,low_H,无放流,0.22168
4.515,0.5492942598386017,low_H,无放流,0.22168
4.5200000000000005,0.5488224378337142,low_H,无放流,0.22168
4.525,0.548351026626565,low_H,无放流,0.22168
4.53,0.5478800258520816,low_H,无放流,0.22168
4.535,0.5474094351454926,low_H,无放流,0.22168
4.54,0.5469392541423262,low_H,无放流,0.22168
4.545,0.546469482478412,low_H,无放流,0.22168
4.55,0.5460001197898794,low_H,无放流,0.22168
4.555,0.5455311657131586,low_H,无放流,0.22168
4.5600000000000005,0.5450626198849801,low_H,无放流,0.22168
4.565,0.5445944819423751,low_H,无放流,0.22168
4.57,0.5441267515226751,low_H,无放流,0.22168
4.575,0.5436594282635121,low_H,无放流,0.22168
4.58,0.5431925118028186,low_H,无放流,0.22168
4.585,0.5427260017788275,low_H,无放流,0.22168
4.59,0.5422598978300722,low_H,无放流,0.22168
4.595,0.5417941995953868,low_H,无放流,0.22168
4.6000000000000005,0.5413289067139053,low_H,无放流,0.22168
4.605,0.5408640188250631,low_H,无放流,0.22168
4.61,0.5403995355685951,low_H,无放流,0.22168
4.615,0.5399354565845373,low_H,无放流,0.22168
4.62,0.5394717815132258,low_H,无放流,0.22168
4.625,0.5390085099952976,low_H,无放流,0.22168
4.63,0.5385456416716897,low_H,无放流,0.22168
4.635,0.53808317618364,low_H,无放流,0.22168
4.64,0.5376211131726865,low_H,无放流,0.22168
4.6450000000000005,0.5371594522806676,low_H,无放流,0.22168
4.65,0.536698193149723,low_H,无放流,0.22168
4.655,0.5362373354222919,low_H,无放流,0.22168
4.66,0.5357768787411145,low_H,无放流,0.22168
4.665,0.5353168227492312,low_H,无放流,0.22168
4.67,0.5348571670899832,low_H,无放流,0.22168
4.675,0.5343979114070119,low_H,无放流,0.22168
4.68,0.5339390553442591,low_H,无放流,0.22168
4.6850000000000005,0.5334805985459674,low_H,无放流,0.22168
4.69,0.5330225406566798,low_H,无放流,0.22168
4.695,0.5325648813212394,low_H,无放流,0.22168
4.7,0.5321076201847903,low_H,无放流,0.22168
4.705,0.5316507568927766,low_H,无放流,0.22168
4.71,0.5311942910909434,low_H,无放流,0.22168
4.715,0.5307382224253357,low_H,无放流,0.22168
4.72,0.5302825505422994,low_H,无放流,0.22168
4.7250000000000005,0.5298272750884806,low_H,无放流,0.22168
4.73,0.5293723957108261,low_H,无放流,0.22168
4.735,0.528917912056583,low_H,无放流,0.22168
4.74,0.528463823773299,low_H,无放流,0.22168
4.745,0.5280101305088222,low_H,无放流,0.22168
4.75,0.5275568319113011,low_H,无放流,0.22168
4.755,0.5271039276291849,low_H,无放流,0.22168
4.76,0.526651417311223,low_H,无放流,0.22168
4.765,0.5261993006064655,low_H,无放流,0.22168
4.7700000000000005,0.5257475771642628,low_H,无放流,0.22168
4.775,0.5252962466342659,low_H,无放流,0.22168
4.78,0.5248453086664262,low_H,无放流,0.22168
4.785,0.5243947629109957,low_H,无放流,0.22168
4.79,0.5239446090185268,low_H,无放流,0.22168
4.795,0.5234948466398721,low_H,无放流,0.22168
4.8,0.5230454754261852,low_H,无放流,0.22168
4.805,0.5225964950289197,low_H,无放流,0.22168
4.8100000000000005,0.5221479050998299,low_H,无放流,0.22168
4.815,0.5216997052909707,low_H,无放流,0.22168
4.82,0.5212518952546972,low_H,无放流,0.22168
4.825,0.5208044746436651,low_H,无放流,0.22168
4.83,0.5203574431108305,low_H,无放流,0.22168
4.835,0.5199108003094501,low_H,无放流,0.22168
4.84,0.5194645458930812,low_H,无放流,0.22168
4.845,0.5190186795155811,low_H,无放流,0.22168
4.8500000000000005,0.5185732008311078,low_H,无放流,0.22168
4.855,0.5181281094941201,low_H,无放流,0.22168
4.86,0.5176834051593769,low_H,无放流,0.22168
4.865,0.5172390874819378,low_H,无放流,0.22168
4.87,0.5167951561171625,low_H,无放流,0.22168
4.875,0.5163516107207116,low_H,无放流,0.22168
4.88,0.515908450948546,low_H,无放流,0.22168
4.885,0.515465676456927,low_H,无放流,0.22168
4.89,0.5150232869024164,low_H,无放流,0.22168
4.8950000000000005,0.5145812819418766,low_H,无放流,0.22168
4.9,0.5141396612324705,low_H,无放流,0.22168
4.905,0.5136984244316611,low_H,无放流,0.22168
4.91,0.5132575711972125,low_H,无放流,0.22168
4.915,0.5128171011871886,low_H,无放流,0.22168
4.92,0.5123770140599542,low_H,无放流,0.22168
4.925,0.5119373094741745,low_H,无放流,0.22168
4.93,0.5114979870888151,low_H,无放流,0.22168
4.9350000000000005,0.5110590465631422,low_H,无放流,0.22168
4.94,0.5106204875567222,low_H,无放流,0.22168
4.945,0.5101823097294222,low_H,无放流,0.22168
4.95,0.50974451274141,low_H,无放流,0.22168
4.955,0.5093070962531532,low_H,无放流,0.22168
4.96,0.5088700599254206,low_H,无放流,0.22168
4.965,0.5084334034192809,low_H,无放流,0.22168
4.97,0.5079971263961036,low_H,无放流,0.22168
4.9750000000000005,0.5075612285175587,low_H,无放流,0.22168
4.98,0.5071257094456166,low_H,无放流,0.22168
4.985,0.506690568842548,low_H,无放流,0.22168
4.99,0.5062558063709243,low_H,无放流,0.22168
4.995,0.5058214216936172,low_H,无放流,0.22168
5.0,0.5053874144737991,low_H,无放流,0.22168
5.005,0.5049537843749428,low_H,无放流,0.22168
5.01,0.5045205310608212,low_H,无放流,0.22168
5.015,0.5040876541955082,low_H,无放流,0.22168
5.0200000000000005,0.5036551534433779,low_H,无放流,0.22168
5.025,0.503223028469105,low_H,无放流,0.22168
5.03,0.5027912789376646,low_H,无放流,0.22168
5.035,0.5023599045143323,low_H,无放流,0.22168
5.04,0.5019289048646841,low_H,无放流,0.22168
5.045,0.5014982796545966,low_H,无放流,0.22168
5.05,0.5010680285502467,low_H,无放流,0.22168
5.055,0.5006381512181118,low_H,无放流,0.22168
5.0600000000000005,0.5002086473249701,low_H,无放流,0.22168
5.065,0.4997795165378998,low_H,无放流,0.22168
5.07,0.49935075852428,low_H,无放流,0.22168
5.075,0.49892237295178987,low_H,无放流,0.22168
5.08,0.49849435948840937,low_H,无放流,0.22168
5.085,0.49806671780241885,low_H,无放流,0.22168
5.09,0.497639447562399,low_H,无放流,0.22168
5.095,0.49721254843723106,low_H,无放流,0.22168
5.1000000000000005,0.49678602009609685,low_H,无放流,0.22168
5.105,0.49635986220847855,low_H,无放流,0.22168
5.11,0.4959340744441589,low_H,无放流,0.22168
5.115,0.495508656473221,low_H,无放流,0.22168
5.12,0.4950836079660485,low_H,无放流,0.22168
5.125,0.4946589285933255,low_H,无放流,0.22168
5.13,0.49423461802603663,low_H,无放流,0.22168
5.135,0.49381067593546685,low_H,无放流,0.22168
5.14,0.49338710199320174,low_H,无放流,0.22168
5.1450000000000005,0.4929638958711272,low_H,无放流,0.22168
5.15,0.4925410572414299,low_H,无放流,0.22168
5.155,0.4921185857765966,low_H,无放流,0.22168
5.16,0.4916964811494149,low_H,无放流,0.22168
5.165,0.4912747430329726,low_H,无放流,0.22168
5.17,0.49085337110065796,low_H,无放流,0.22168
5.175,0.49043236502616,low_H,无放流,0.22168
5.18,0.49001172448346797,low_H,无放流,0.22168
5.1850000000000005,0.4895914491468715,low_H,无放流,0.22168
5.19,0.48917153869096114,low_H,无放流,0.22168
5.195,0.4887519927906275,low_H,无放流,0.22168
5.2,0.48833281112106175,low_H,无放流,0.22168
5.205,0.4879139933577556,low_H,无放流,0.22168
5.21,0.4874955391765012,low_H,无放流,0.22168
5.215,0.48707744825339117,low_H,无放流,0.22168
5.22,0.48665972026481863,low_H,无放流,0.22168
5.2250000000000005,0.48624235488747714,low_H,无放流,0.22168
5.23,0.4858253517983607,low_H,无放流,0.22168
5.235,0.48540871067476404,low_H,无放流,0.22168
5.24,0.484992431194282,low_H,无放流,0.22168
5.245,0.48457651303481003,low_H,无放流,0.22168
5.25,0.4841609558745441,low_H,无放流,0.22168
5.255,0.4837457593919807,low_H,无放流,0.22168
5.26,0.48333092326591665,low_H,无放流,0.22168
5.265,0.4829164471754493,low_H,无放流,0.22168
5.2700000000000005,0.48250233079997645,low_H,无放流,0.22168
5.275,0.48208857381919656,low_H,无放流,0.22168
5.28,0.4816751759131084,low_H,无放流,0.22168
5.285,0.48126213676201113,low_H,无放流,0.22168
5.29,0.4808494560465045,low_H,无放流,0.22168
5.295,0.48043713344748873,low_H,无放流,0.22168
5.3,0.48002516864616457,low_H,无放流,0.22168
5.305,0.4796135613240331,low_H,无放流,0.22168
5.3100000000000005,0.47920231116289586,low_H,无放流,0.22168
5.315,0.4787914178448551,low_H,无放流,0.22168
5.32,0.47838088105231347,low_H,无放流,0.22168
5.325,0.47797070046797385,low_H,无放流,0.22168
5.33,0.47756087577483974,low_H,无放流,0.22168
5.335,0.4771514066562153,low_H,无放流,0.22168
5.34,0.47674229279570485,low_H,无放流,0.22168
5.345,0.47633353387721344,low_H,无放流,0.22168
5.3500000000000005,0.4759251295849463,low_H,无放流,0.22168
5.355,0.47551707960340955,low_H,无放流,0.22168
5.36,0.4751093836174095,low_H,无放流,0.22168
5.365,0.4747020413120529,low_H,无放流,0.22168
5.37,0.47429505237274716,low_H,无放流,0.22168
5.375,0.47388841648519997,low_H,无放流,0.22168
5.38,0.47348213333541966,low_H,无放流,0.22168
5.385,0.47307620260971495,low_H,无放流,0.22168
5.39,0.472670623994695,low_H,无放流,0.22168
5.3950000000000005,0.4722653971772694,low_H,无放流,0.22168
5.4,0.47186052184464855,low_H,无放流,0.22168
5.405,0.471455997684343,low_H,无放流,0.22168
5.41,0.4710518243841637,low_H,无放流,0.22168
5.415,0.4706480016322223,low_H,无放流,0.22168
5.42,0.47024452911693093,low_H,无放流,0.22168
5.425,0.46984140652700207,low_H,无放流,0.22168
5.43,0.46943863355144866,low_H,无放流,0.22168
5.4350000000000005,0.4690362098795841,low_H,无放流,0.22168
5.44,0.46863413520102254,low_H,无放流,0.22168
5.445,0.46823240920567827,low_H,无放流,0.22168
5.45,0.46783103158376615,low_H,无放流,0.22168
5.455,0.4674300020258016,low_H,无放流,0.22168
5.46,0.46702932022260046,low_H,无放流,0.22168
5.465,0.466628985865279,low_H,无放流,0.22168
5.47,0.4662289986452541,low_H,无放流,0.22168
5.4750000000000005,0.46582935825424276,low_H,无放流,0.22168
5.48,0.465430064384263,low_H,无放流,0.22168
5.485,0.4650311167276329,low_H,无放流,0.22168
5.49,0.4646325149769711,low_H,无放流,0.22168
5.495,0.46423425882519687,low_H,无放流,0.22168
5.5,0.46383634796552975,low_H,无放流,0.22168
5.505,0.4634387820914898,low_H,无放流,0.22168
5.51,0.46304156089689774,low_H,无放流,0.22168
5.515,0.4626446840758744,low_H,无放流,0.22168
5.5200000000000005,0.46224815132284136,low_H,无放流,0.22168
5.525,0.4618519623325208,low_H,无放流,0.22168
5.53,0.46145611679993503,low_H,无放流,0.22168
5.535,0.46106061442040697,low_H,无放流,0.22168
5.54,0.46066545488956007,low_H,无放流,0.22168
5.545,0.46027063790331824,low_H,无放流,0.22168
5.55,0.4598761631579058,low_H,无放流,0.22168
5.555,0.4594820303498476,low_H,无放流,0.22168
5.5600000000000005,0.45908823917596886,low_H,无放流,0.22168
5.565,0.4586947893333956,low_H,无放流,0.22168
5.57,0.45830168051955383,low_H,无放流,0.22168
5.575,0.4579089124321704,low_H,无放流,0.22168
5.58,0.4575164847692725,low_H,无放流,0.22168
5.585,0.45712439722918774,low_H,无放流,0.22168
5.59,0.4567326495105443,low_H,无放流,0.22168
5.595,0.45634124131227094,low_H,无放流,0.22168
5.6000000000000005,0.45595017233359647,low_H,无放流,0.22168
5.605,0.4555594422740507,low_H,无放流,0.22168
5.61,0.4551690508334636,low_H,无放流,0.22168
5.615,0.4547789977119656,low_H,无放流,0.22168
5.62,0.4543892826099879,low_H,无放流,0.22168
5.625,0.4539999052282617,low_H,无放流,0.22168
5.63,0.4536108652678192,low_H,无放流,0.22168
5.635,0.4532221624299926,low_H,无放流,0.22168
5.64,0.45283379641641486,low_H,无放流,0.22168
5.6450000000000005,0.45244576692901933,low_H,无放流,0.22168
5.65,0.45205807367003986,low_H,无放流,0.22168
5.655,0.45167071634201084,low_H,无放流,0.22168
5.66,0.45128369464776685,low_H,无放流,0.22168
5.665,0.4508970082904433,low_H,无放流,0.22168
5.67,0.45051065697347586,low_H,无放流,0.22168
5.675,0.45012464040060074,low_H,无放流,0.22168
5.68,0.4497389582758546,low_H,无放流,0.22168
5.6850000000000005,0.44935361028235776,low_H,无放流,0.22168
5.69,0.4489685960824572,low_H,无放流,0.22168
5.695,0.44858391538211,low_H,无放流,0.22168
5.7,0.4481995678888258,low_H,无放流,0.22168
5.705,0.4478155533103447,low_H,无放流,0.22168
5.71,0.44743187135463725,low_H,无放流,0.22168
5.715,0.4470485217299044,low_H,无放流,0.22168
5.72,0.4466655041445775,low_H,无放流,0.22168
5.7250000000000005,0.4462828183073183,low_H,无放流,0.22168
5.73,0.4459004639270191,low_H,无放流,0.22168
5.735,0.44551844071280255,low_H,无放流,0.22168
5.74,0.4451367483740217,low_H,无放流,0.22168
5.745,0.44475538662025993,low_H,无放流,0.22168
5.75,0.4443743551613313,low_H,无放流,0.22168
5.755,0.4439936537072801,low_H,无放流,0.22168
5.76,0.4436132819683811,low_H,无放流,0.22168
5.765,0.44323323965513955,low_H,无放流,0.22168
5.7700000000000005,0.4428535264782909,low_H,无放流,0.22168
5.775,0.4424741421488014,low_H,无放流,0.22168
5.78,0.4420950863778674,low_H,无放流,0.22168
5.785,0.44171635887691585,low_H,无放流,0.22168
5.79,0.441337959357604,low_H,无放流,0.22168
5.795,0.44095988753181964,low_H,无放流,0.22168
5.8,0.440582143111681,low_H,无放流,0.22168
5.805,0.4402047258095365,low_H,无放流,0.22168
5.8100000000000005,0.43982763533796526,low_H,无放流,0.22168
5.815,0.43945087140977673,low_H,无放流,0.22168
5.82,0.4390744337380108,low_H,无放流,0.22168
5.825,0.4386983220359377,low_H,无放流,0.22168
5.83,0.43832253601705823,low_H,无放流,0.22168
5.835,0.43794707539510347,low_H,无放流,0.22168
5.84,0.437571939884035,low_H,无放流,0.22168
5.845,0.43719712919804476,low_H,无放流,0.22168
5.8500000000000005,0.4368226430515552,low_H,无放流,0.22168
5.855,0.43644848115921925,low_H,无放流,0.22168
5.86,0.43607464323592005,low_H,无放流,0.22168
5.865,0.4357011289967714,low_H,无放流,0.22168
5.87,0.43532793815711734,low_H,无放流,0.22168
5.875,0.4349550704325324,low_H,无放流,0.22168
5.88,0.4345825255388216,low_H,无放流,0.22168
5.885,0.4342103031920203,low_H,无放流,0.22168
5.89,0.43383840310839433,low_H,无放流,0.22168
5.8950000000000005,0.4334668250044399,low_H,无放流,0.22168
5.9,0.4330955685968837,low_H,无放流,0.22168
5.905,0.4327246336026829,low_H,无放流,0.22168
5.91,0.4323540197390248,low_H,无放流,0.22168
5.915,0.4319837267233276,low_H,无放流,0.22168
5.92,0.4316137542732395,low_H,无放流,0.22168
5.925,0.4312441021066393,low_H,无放流,0.22168
5.93,0.4308747699416363,low_H,无放流,0.22168
5.9350000000000005,0.43050575749657005,low_H,无放流,0.22168
5.94,0.43013706449001066,low_H,无放流,0.22168
5.945,0.4297686906407586,low_H,无放流,0.22168
5.95,0.42940063566784487,low_H,无放流,0.22168
5.955,0.4290328992905307,low_H,无放流,0.22168
5.96,0.42866548122830783,low_H,无放流,0.22168
5.965,0.4282983812008986,low_H,无放流,0.22168
5.97,0.42793159892825544,low_H,无放流,0.22168
5.9750000000000005,0.42756513413056146,low_H,无放流,0.22168
5.98,0.42719898652823024,low_H,无放流,0.22168
5.985,0.42683315584190556,low_H,无放流,0.22168
5.99,0.4264676417924617,low_H,无放流,0.22168
5.995,0.4261024441010035,low_H,无放流,0.22168
6.0,0.4257375624888661,low_H,无放流,0.22168
6.005,0.425372996677615,low_H,无放流,0.22168
6.01,0.4250087463890463,low_H,无放流,0.22168
6.015000000000001,0.4246448113451864,low_H,无放流,0.22168
6.0200000000000005,0.42428119126829217,low_H,无放流,0.22168
6.025,0.4239178858808509,low_H,无放流,0.22168
6.03,0.4235548949055803,low_H,无放流,0.22168
6.035,0.42319221806542856,low_H,无放流,0.22168
6.04,0.4228298550835742,low_H,无放流,0.22168
6.045,0.4224678056834261,low_H,无放流,0.22168
6.05,0.4221060695886239,low_H,无放流,0.22168
6.055,0.4217446465230373,low_H,无放流,0.22168
6.0600000000000005,0.42138353621076646,low_H,无放流,0.22168
6.065,0.42102273837614224,low_H,无放流,0.22168
6.07,0.42066225274372576,low_H,无放流,0.22168
6.075,0.42030207903830846,low_H,无放流,0.22168
6.08,0.4199422169849123,low_H,无放流,0.22168
6.085,0.41958266630878976,low_H,无放流,0.22168
6.09,0.41922342673542357,low_H,无放流,0.22168
6.095,0.418864497990527,low_H,无放流,0.22168
6.1000000000000005,0.4185058798000436,low_H,无放流,0.22168
6.105,0.4181475718901477,low_H,无放流,0.22168
6.11,0.4177895739872436,low_H,无放流,0.22168
6.115,0.4174318858179663,low_H,无放流,0.22168
6.12,0.4170745071091812,low_H,无放流,0.22168
6.125,0.4167174375879841,low_H,无放流,0.22168
6.13,0.41636067698170104,low_H,无放流,0.22168
6.135,0.41600422501788886,low_H,无放流,0.22168
6.140000000000001,0.41564808142433446,low_H,无放流,0.22168
6.1450000000000005,0.4152922459290555,low_H,无放流,0.22168
6.15,0.41493671826029976,low_H,无放流,0.22168
6.155,0.4145814981465456,low_H,无放流,0.22168
6.16,0.41422658531650186,low_H,无放流,0.22168
6.165,0.4138719794991076,low_H,无放流,0.22168
6.17,0.4135176804235325,low_H,无放流,0.22168
6.175,0.41316368781917656,low_H,无放流,0.22168
6.18,0.4128100014156703,low_H,无放流,0.22168
6.1850000000000005,0.4124566209428745,low_H,无放流,0.22168
6.19,0.41210354613088057,low_H,无放流,0.22168
6.195,0.41175077671001026,low_H,无放流,0.22168
6.2,0.41139831241081565,low_H,无放流,0.22168
6.205,0.41104615296407937,low_H,无放流,0.22168
6.21,0.4106942981008144,low_H,无放流,0.22168
6.215,0.4103427475522642,low_H,无放流,0.22168
6.22,0.4099915010499026,low_H,无放流,0.22168
6.2250000000000005,0.4096405583254339,low_H,无放流,0.22168
6.23,0.40928991911079277,low_H,无放流,0.22168
6.235,0.40893958313814444,low_H,无放流,0.22168
6.24,0.40858955013988446,low_H,无放流,0.22168
6.245,0.4082398198486387,low_H,无放流,0.22168
6.25,0.4078903919972637,low_H,无放流,0.22168
6.255,0.40754126631884613,low_H,无放流,0.22168
6.26,0.4071924425467034,low_H,无放流,0.22168
6.265000000000001,0.4068439204143831,low_H,无放流,0.22168
6.2700000000000005,0.40649569965566346,low_H,无放流,0.22168
6.275,0.40614778000455287,low_H,无放流,0.22168
6.28,0.4058001611952904,low_H,无放流,0.22168
6.285,0.4054528429623453,low_H,无放流,0.22168
6.29,0.40510582504041753,low_H,无放流,0.22168
6.295,0.40475910716443725,low_H,无放流,0.22168
6.3,0.4044126890695651,low_H,无放流,0.22168
6.305,0.4040665704911922,low_H,无放流,0.22168
6.3100000000000005,0.40372075116493994,low_H,无放流,0.22168
6.315,0.4033752308266605,low_H,无放流,0.22168
6.32,0.403030009212436,low_H,无放流,0.22168
6.325,0.40268508605857933,low_H,无放流,0.22168
6.33,0.4023404611016337,low_H,无放流,0.22168
6.335,0.4019961340783727,low_H,无放流,0.22168
6.34,0.40165210472580043,low_H,无放流,0.22168
6.345,0.40130837278115133,low_H,无放流,0.22168
6.3500000000000005,0.40096493798189026,low_H,无放流,0.22168
6.355,0.4006218000657127,low_H,无放流,0.22168
6.36,0.40027895877054426,low_H,无放流,0.22168
6.365,0.39993641383454126,low_H,无放流,0.22168
6.37,0.3995941649960902,low_H,无放流,0.22168
6.375,0.3992522119938081,low_H,无放流,0.22168
6.38,0.3989105545665425,low_H,无放流,0.22168
6.385,0.3985691924533712,low_H,无放流,0.22168
6.390000000000001,0.39822812539360253,low_H,无放流,0.22168
6.3950000000000005,0.39788735312677526,low_H,无放流,0.22168
6.4,0.39754687539265854,low_H,无放流,0.22168
6.405,0.3972066919312519,low_H,无放流,0.22168
6.41,0.3968668024827854,low_H,无放流,0.22168
6.415,0.3965272067877194,low_H,无放流,0.22168
6.42,0.3961879045867448,low_H,无放流,0.22168
6.425,0.39584889562078296,low_H,无放流,0.22168
6.43,0.39551017963098545,low_H,无放流,0.22168
6.4350000000000005,0.39517175635873436,low_H,无放流,0.22168
6.44,0.39483362554564244,low_H,无放流,0.22168
6.445,0.39449578693355253,low_H,无放流,0.22168
6.45,0.3941582402645381,low_H,无放流,0.22168
6.455,0.393820985280903,low_H,无放流,0.22168
6.46,0.3934840217251813,low_H,无放流,0.22168
6.465,0.39314734934013795,low_H,无放流,0.22168
6.47,0.39281096786876785,low_H,无放流,0.22168
6.4750000000000005,0.3924748770542965,low_H,无放流,0.22168
6.48,0.3921390766401801,low_H,无放流,0.22168
6.485,0.3918035663701048,low_H,无放流,0.22168
6.49,0.3914683459879876,low_H,无放流,0.22168
6.495,0.3911334152379755,low_H,无放流,0.22168
6.5,0.3907987738644463,low_H,无放流,0.22168
6.505,0.39046442161200806,low_H,无放流,0.22168
6.51,0.39013035822549924,low_H,无放流,0.22168
6.515000000000001,0.38979658344998874,low_H,无放流,0.22168
6.5200000000000005,0.38946309703077603,low_H,无放流,0.22168
6.525,0.3891298987133908,low_H,无放流,0.22168
6.53,0.3887969882435933,low_H,无放流,0.22168
6.535,0.38846436536737416,low_H,无放流,0.22168
6.54,0.38813202983095435,low_H,无放流,0.22168
6.545,0.3877999813807855,low_H,无放流,0.22168
6.55,0.3874682197635493,low_H,无放流,0.22168
6.555,0.3871367447261583,low_H,无放流,0.22168
6.5600000000000005,0.386805556015755,low_H,无放流,0.22168
6.565,0.3864746533797128,low_H,无放流,0.22168
6.57,0.38614403656563523,low_H,无放流,0.22168
6.575,0.3858137053213564,low_H,无放流,0.22168
6.58,0.38548365939494056,low_H,无放流,0.22168
6.585,0.38515389853468274,low_H,无放流,0.22168
6.59,0.3848244224891082,low_H,无放流,0.22168
6.595,0.3844952310069727,low_H,无放流,0.22168
6.6000000000000005,0.3841663238372623,low_H,无放流,0.22168
6.605,0.38383770072919365,low_H,无放流,0.22168
6.61,0.38350936143221376,low_H,无放流,0.22168
6.615,0.38318130569600006,low_H,无放流,0.22168
6.62,0.38285353327046034,low_H,无放流,0.22168
6.625,0.3825260439057329,low_H,无放流,0.22168
6.63,0.3821988373521865,low_H,无放流,0.22168
6.635,0.3818719133604202,low_H,无放流,0.22168
6.640000000000001,0.3815452716812635,low_H,无放流,0.22168
6.6450000000000005,0.3812189120657765,low_H,无放流,0.22168
6.65,0.38089283426524956,low_H,无放流,0.22168
6.655,0.38056703803120345,low_H,无放流,0.22168
6.66,0.3802415231153895,low_H,无放流,0.22168
6.665,0.3799162892697893,low_H,无放流,0.22168
6.67,0.37959133624661506,low_H,无放流,0.22168
6.675,0.3792666637983092,low_H,无放流,0.22168
6.68,0.3789422716775447,low_H,无放流,0.22168
6.6850000000000005,0.3786181596372249,low_H,无放流,0.22168
6.69,0.3782943274304837,low_H,无放流,0.22168
6.695,0.37797077481068525,low_H,无放流,0.22168
6.7,0.37764750153142423,low_H,无放流,0.22168
6.705,0.3773245073465257,low_H,无放流,0.22168
6.71,0.37700179201004513,low_H,无放流,0.22168
6.715,0.3766793552762685,low_H,无放流,0.22168
6.72,0.37635719689971214,low_H,无放流,0.22168
6.7250000000000005,0.37603531663512274,low_H,无放流,0.22168
6.73,0.3757137142374776,low_H,无放流,0.22168
6.735,0.3753923894619844,low_H,无放流,0.22168
6.74,0.37507134206408105,low_H,无放流,0.22168
6.745,0.3747505717994361,low_H,无放流,0.22168
6.75,0.37443007842394843,low_H,无放流,0.22168
6.755,0.3741098616937474,low_H,无放流,0.22168
6.76,0.3737899213651926,low_H,无放流,0.22168
6.765000000000001,0.37347025719487437,low_H,无放流,0.22168
6.7700000000000005,0.3731508689396133,low_H,无放流,0.22168
6.775,0.3728317563564604,low_H,无放流,0.22168
6.78,0.37251291920269697,low_H,无放流,0.22168
6.785,0.3721943572358351,low_H,无放流,0.22168
6.79,0.371876070213617,low_H,无放流,0.22168
6.795,0.37155805789401536,low_H,无放流,0.22168
6.8,0.37124032003523333,low_H,无放流,0.22168
6.805,0.3709228563957045,low_H,无放流,0.22168
6.8100000000000005,0.37060566673409284,low_H,无放流,0.22168
6.815,0.37028875080929285,low_H,无放流,0.22168
6.82,0.3699721083804293,low_H,无放流,0.22168
6.825,0.36965573920685757,low_H,无放流,0.22168
6.83,0.36933964304816325,low_H,无放流,0.22168
6.835,0.3690238196641624,low_H,无放流,0.22168
6.84,0.36870826881490176,low_H,无放流,0.22168
6.845,0.36839299026065814,low_H,无放流,0.22168
6.8500000000000005,0.36807798376193895,low_H,无放流,0.22168
6.855,0.3677632490794821,low_H,无放流,0.22168
6.86,0.3674487859742558,low_H,无放流,0.22168
6.865,0.36713459420745875,low_H,无放流,0.22168
6.87,0.36682067354051995,low_H,无放流,0.22168
6.875,0.36650702373509897,low_H,无放流,0.22168
6.88,0.3661936445530858,low_H,无放流,0.22168
6.885,0.36588053575660073,low_H,无放流,0.22168
6.890000000000001,0.3655676971079946,low_H,无放流,0.22168
6.8950000000000005,0.3652551283698487,low_H,无放流,0.22168
6.9,0.3649428293049745,low_H,无放流,0.22168
6.905,0.36463079967641426,low_H,无放流,0.22168
6.91,0.36431903924744036,low_H,无放流,0.22168
6.915,0.36400754778155575,low_H,无放流,0.22168
6.92,0.3636963250424938,low_H,无放流,0.22168
6.925,0.36338537079421823,low_H,无放流,0.22168
6.93,0.36307468480092325,low_H,无放流,0.22168
6.9350000000000005,0.36276426682703344,low_H,无放流,0.22168
6.94,0.36245411663720395,low_H,无放流,0.22168
6.945,0.3621442339963202,low_H,无放流,0.22168
6.95,0.361834618669498,low_H,无放流,0.22168
6.955,0.3615252704220839,low_H,无放流,0.22168
6.96,0.36121618901965435,low_H,无放流,0.22168
6.965,0.36090737422801666,low_H,无放流,0.22168
6.97,0.3605988258132085,low_H,无放流,0.22168
6.9750000000000005,0.3602905435414977,low_H,无放流,0.22168
6.98,0.3599825271793829,low_H,无放流,0.22168
6.985,0.3596747764935929,low_H,无放流,0.22168
6.99,0.3593672912510869,low_H,无放流,0.22168
6.995,0.35906007121905475,low_H,无放流,0.22168
7.0,0.35875311616491656,low_H,无放流,0.22168
7.005,0.3584464258563228,low_H,无放流,0.22168
7.01,0.35814000006115465,low_H,无放流,0.22168
7.015000000000001,0.3578338385475232,low_H,无放流,0.22168
7.0200000000000005,0.357527941083739,low_H,无放流,0.22168
7.025,0.35722230741193284,low_H,无放流,0.22168
7.03,0.35691693727919654,low_H,无放流,0.22168
7.035,0.3566118304564122,low_H,无放流,0.22168
7.04,0.35630698671463984,low_H,无放流,0.22168
7.045,0.3560024058251172,low_H,无放流,0.22168
7.05,0.3556980875592599,low_H,无放流,0.22168
7.055,0.35539403168866135,low_H,无放流,0.22168
7.0600000000000005,0.3550902379850928,low_H,无放流,0.22168
7.065,0.35478670622050346,low_H,无放流,0.22168
7.07,0.3544834361670201,low_H,无放流,0.22168
7.075,0.3541804275969475,low_H,无放流,0.22168
7.08,0.3538776802827683,low_H,无放流,0.22168
7.085,0.3535751939971427,low_H,无放流,0.22168
7.09,0.3532729685129091,low_H,无放流,0.22168
7.095,0.3529710036030835,low_H,无放流,0.22168
7.1000000000000005,0.3526692990408596,low_H,无放流,0.22168
7.105,0.3523678545996093,low_H,无放流,0.22168
7.11,0.35206667005288195,low_H,无放流,0.22168
7.115,0.351765745174405,low_H,无放流,0.22168
7.12,0.3514650797380836,low_H,无放流,0.22168
7.125,0.3511646735180007,low_H,无放流,0.22168
7.13,0.3508645262884171,low_H,无放流,0.22168
7.135,0.3505646378237714,low_H,无放流,0.22168
7.140000000000001,0.3502650078986801,low_H,无放流,0.22168
7.1450000000000005,0.34996563628793753,low_H,无放流,0.22168
7.15,0.34966652276651583,low_H,无放流,0.22168
7.155,0.3493676671095648,low_H,无放流,0.22168
7.16,0.3490690690924123,low_H,无放流,0.22168
7.165,0.3487707284905639,low_H,无放流,0.22168
7.17,0.348472645079703,low_H,无放流,0.22168
7.175,0.34817481863569083,low_H,无放流,0.22168
7.18,0.34787724893456645,low_H,无放流,0.22168
7.1850000000000005,0.3475799357525467,low_H,无放流,0.22168
7.19,0.34728287886602643,low_H,无放流,0.22168
7.195,0.3469860780515781,low_H,无放流,0.22168
7.2,0.346689533085952,low_H,无放流,0.22168
7.205,0.34639324374607644,low_H,无放流,0.22168
7.21,0.34609720980905734,low_H,无放流,0.22168
7.215,0.3458014310521786,low_H,无放流,0.22168
7.22,0.3455059072529018,low_H,无放流,0.22168
7.2250000000000005,0.34521063818886644,low_H,无放流,0.22168
7.23,0.34491562363788997,low_H,无放流,0.22168
7.235,0.3446208633779674,low_H,无放流,0.22168
7.24,0.34432635718727167,low_H,无放流,0.22168
7.245,0.3440321048441536,low_H,无放流,0.22168
7.25,0.34373810612714184,low_H,无放流,0.22168
7.255,0.3434443608149428,low_H,无放流,0.22168
7.26,0.34315086868644074,low_H,无放流,0.22168
7.265000000000001,0.3428576295206977,low_H,无放流,0.22168
7.2700000000000005,0.34256464309695367,low_H,无放流,0.22168
7.275,0.34227190919462636,low_H,无放流,0.22168
7.28,0.34197942759331135,low_H,无放流,0.22168
7.285,0.3416871980727819,low_H,无放流,0.22168
7.29,0.3413952204129894,low_H,无放流,0.22168
7.295,0.34110349439406284,low_H,无放流,0.22168
7.3,0.340812019796309,low_H,无放流,0.22168
7.305,0.34052079640021266,low_H,无放流,0.22168
7.3100000000000005,0.3402298239864362,low_H,无放流,0.22168
7.315,0.3399391023358201,low_H,无放流,0.22168
7.32,0.33964863122938244,low_H,无放流,0.22168
7.325,0.3393584104483192,low_H,无放流,0.22168
7.33,0.3390684397740043,low_H,无放流,0.22168
7.335,0.3387787189879893,low_H,无放流,0.22168
7.34,0.33848924787200363,low_H,无放流,0.22168
7.345,0.3382000262079546,low_H,无放流,0.22168
7.3500000000000005,0.33791105377792724,low_H,无放流,0.22168
7.355,0.3376223303641847,low_H,无放流,0.22168
7.36,0.3373338557491676,low_H,无放流,0.22168
7.365,0.3370456297154945,low_H,无放流,0.22168
7.37,0.33675765204596186,low_H,无放流,0.22168
7.375,0.33646992252354396,low_H,无放流,0.22168
7.38,0.33618244093139277,low_H,无放流,0.22168
7.385,0.33589520705283826,low_H,无放流,0.22168
7.390000000000001,0.335608220671388,low_H,无放流,0.22168
7.3950000000000005,0.33532148157072766,low_H,无放流,0.22168
7.4,0.3350349895347206,low_H,无放流,0.22168
7.405,0.33474874434740803,low_H,无放流,0.22168
7.41,0.33446274579300883,low_H,无放流,0.22168
7.415,0.33417699365591996,low_H,无放流,0.22168
7.42,0.333891487720716,low_H,无放流,0.22168
7.425,0.3336062277721495,low_H,无放流,0.22168
7.43,0.3333212135951507,low_H,无放流,0.22168
7.4350000000000005,0.33303644497482776,low_H,无放流,0.22168
7.44,0.33275192169646667,low_H,无放流,0.22168
7.445,0.33246764354553127,low_H,无放流,0.22168
7.45,0.3321836103076631,low_H,无放流,0.22168
7.455,0.33189982176868155,low_H,无放流,0.22168
7.46,0.33161627771458396,low_H,无放流,0.22168
7.465,0.3313329779315454,low_H,无放流,0.22168
7.47,0.33104992220591883,low_H,无放流,0.22168
7.4750000000000005,0.33076711032423484,low_H,无放流,0.22168
7.48,0.3304845420732021,low_H,无放流,0.22168
7.485,0.330202217239707,low_H,无放流,0.22168
7.49,0.32992013561081374,low_H,无放流,0.22168
7.495,0.32963829697376434,low_H,无放流,0.22168
7.5,0.3293567011159787,low_H,无放流,0.22168
7.505,0.32907534782505443,low_H,无放流,0.22168
7.51,0.32879423688876713,low_H,无放流,0.22168
7.515000000000001,0.32851336809507004,low_H,无放流,0.22168
7.5200000000000005,0.32823274123209445,low_H,无放流,0.22168
7.525,0.3279523560881492,low_H,无放流,0.22168
7.53,0.32767221245172123,low_H,无放流,0.22168
7.535,0.3273923101114751,low_H,无放流,0.22168
7.54,0.32711264885625335,low_H,无放流,0.22168
7.545,0.3268332284750762,low_H,无放流,0.22168
7.55,0.3265540487571417,low_H,无放流,0.22168
7.555,0.3262751094918259,low_H,无放流,0.22168
7.5600000000000005,0.3259964104686825,low_H,无放流,0.22168
7.565,0.32571795147744315,low_H,无放流,0.22168
7.57,0.3254397323080172,low_H,无放流,0.22168
7.575,0.3251617527504919,low_H,无放流,0.22168
7.58,0.32488401259513233,low_H,无放流,0.22168
7.585,0.3246065116323814,low_H,无放流,0.22168
7.59,0.32432924965285975,low_H,无放流,0.22168
7.595,0.324052226447366,low_H,无放流,0.22168
7.6000000000000005,0.3237754418068764,low_H,无放流,0.22168
7.605,0.32349889552254524,low_H,无放流,0.22168
7.61,0.3232225873857045,low_H,无放流,0.22168
7.615,0.322946517187864,low_H,无放流,0.22168
7.62,0.3226706847207114,low_H,无放流,0.22168
7.625,0.32239508977611225,low_H,无放流,0.22168
7.63,0.3221197321461098,low_H,无放流,0.22168
7.635,0.3218446116229252,low_H,无放流,0.22168
7.640000000000001,0.3215697279989574,low_H,无放流,0.22168
7.6450000000000005,0.3212950810667832,low_H,无放流,0.22168
7.65,0.3210206706191572,low_H,无放流,0.22168
7.655,0.3207464964490119,low_H,无放流,0.22168
7.66,0.3204725583494575,low_H,无放流,0.22168
7.665,0.32019885611378207,low_H,无放流,0.22168
7.67,0.3199253895354516,low_H,无放流,0.22168
7.675,0.3196521584081097,low_H,无放流,0.22168
7.68,0.3193791625255781,low_H,无放流,0.22168
7.6850000000000005,0.31910640168185594,low_H,无放流,0.22168
7.69,0.3188338756711207,low_H,无放流,0.22168
7.695,0.3185615842877273,low_H,无放流,0.22168
7.7,0.31828952732620863,low_H,无放流,0.22168
7.705,0.3180177045812753,low_H,无放流,0.22168
7.71,0.317746115847816,low_H,无放流,0.22168
7.715,0.3174747609208968,low_H,无放流,0.22168
7.72,0.3172036395957621,low_H,无放流,0.22168
7.7250000000000005,0.31693275166783375,low_H,无放流,0.22168
7.73,0.3166620969327116,low_H,无放流,0.22168
7.735,0.3163916751861733,low_H,无放流,0.22168
7.74,0.31612148622417435,low_H,无放流,0.22168
7.745,0.3158515298428479,low_H,无放流,0.22168
7.75,0.31558180583850526,low_H,无放流,0.22168
7.755,0.3153123140076352,low_H,无放流,0.22168
7.76,0.3150430541469046,low_H,无放流,0.22168
7.765000000000001,0.3147740260531579,low_H,无放流,0.22168
7.7700000000000005,0.3145052295234177,low_H,无放流,0.22168
7.775,0.31423666435488407,low_H,无放流,0.22168
7.78,0.3139683303449352,low_H,无放流,0.22168
7.785,0.3137002272911269,low_H,无放流,0.22168
7.79,0.31343235499119293,low_H,无放流,0.22168
7.795,0.31316471324304473,low_H,无放流,0.22168
7.8,0.3128973018447718,low_H,无放流,0.22168
7.805000000000001,0.31263012059464124,low_H,无放流,0.22168
7.8100000000000005,0.3123631692910981,low_H,无放流,0.22168
7.815,0.3120964477327651,low_H,无放流,0.22168
7.82,0.31182995571844313,low_H,无放流,0.22168
7.825,0.3115636930471105,low_H,无放流,0.22168
7.83,0.3112976595179236,low_H,无放流,0.22168
7.835,0.3110318549302165,low_H,无放流,0.22168
7.84,0.31076627908350124,low_H,无放流,0.22168
7.845,0.31050093177746757,low_H,无放流,0.22168
7.8500000000000005,0.31023581281198304,low_H,无放流,0.22168
7.855,0.3099709219870932,low_H,无放流,0.22168
7.86,0.30970625910302124,low_H,无放流,0.22168
7.865,0.3094418239601683,low_H,无放流,0.22168
7.87,0.3091776163591132,low_H,无放流,0.22168
7.875,0.30891363610061284,low_H,无放流,0.22168
7.88,0.30864988298560164,low_H,无放流,0.22168
7.885,0.308386356815192,low_H,无放流,0.22168
7.890000000000001,0.30812305739067414,low_H,无放流,0.22168
7.8950000000000005,0.30785998451351615,low_H,无放流,0.22168
7.9,0.3075971379853639,low_H,无放流,0.22168
7.905,0.307334517608041,low_H,无放流,0.22168
7.91,0.30707212318354904,low_H,无放流,0.22168
7.915,0.3068099545140673,low_H,无放流,0.22168
7.92,0.3065480114019529,low_H,无放流,0.22168
7.925,0.30628629364974097,low_H,无放流,0.22168
7.930000000000001,0.3060248010601442,low_H,无放流,0.22168
7.9350000000000005,0.3057635334360533,low_H,无放流,0.22168
7.94,0.3055024905805367,low_H,无放流,0.22168
7.945,0.3052416722968406,low_H,无放流,0.22168
7.95,0.30498107838838934,low_H,无放流,0.22168
7.955,0.30472070865878464,low_H,无放流,0.22168
7.96,0.3044605629118064,low_H,无放流,0.22168
7.965,0.30420064095141214,low_H,无放流,0.22168
7.97,0.30394094258173726,low_H,无放流,0.22168
7.9750000000000005,0.30368146760709497,low_H,无放流,0.22168
7.98,0.3034222158319764,low_H,无放流,0.22168
7.985,0.3031631870610505,low_H,无放流,0.22168
7.99,0.30290438109916384,low_H,无放流,0.22168
7.995,0.3026457977513411,low_H,无放流,0.22168
8.0,0.30238743682278446,low_H,无放流,0.22168
8.005,0.30212929811887423,low_H,无放流,0.22168
8.01,0.3018713814451685,low_H,无放流,0.22168
8.015,0.3016136866074029,low_H,无放流,0.22168
8.02,0.3013562134114913,low_H,无放流,0.22168
8.025,0.301098961663525,low_H,无放流,0.22168
8.03,0.30084193116977354,low_H,无放流,0.22168
8.035,0.3005851217366838,low_H,无放流,0.22168
8.040000000000001,0.3003285331708809,low_H,无放流,0.22168
8.045,0.3000721652791676,low_H,无放流,0.22168
8.05,0.29981601786852446,low_H,无放流,0.22168
8.055,0.29956009074611006,low_H,无放流,0.22168
8.06,0.2993043837192605,low_H,无放流,0.22168
8.065,0.29904889659549,low_H,无放流,0.22168
8.07,0.29879362918249036,low_H,无放流,0.22168
8.075,0.2985385812881314,low_H,无放流,0.22168
8.08,0.2982837527204606,low_H,无放流,0.22168
8.085,0.29802914328770336,low_H,无放流,0.22168
8.09,0.29777475279826304,low_H,无放流,0.22168
8.095,0.2975205810607205,low_H,无放流,0.22168
8.1,0.29726662788383473,low_H,无放流,0.22168
8.105,0.2970128930765423,low_H,无放流,0.22168
8.11,0.29675937644795786,low_H,无放流,0.22168
8.115,0.29650607780737354,low_H,无放流,0.22168
8.120000000000001,0.29625299696425966,low_H,无放流,0.22168
8.125,0.2960001337282643,low_H,无放流,0.22168
8.13,0.295747487909213,low_H,无放流,0.22168
8.135,0.29549505931710973,low_H,无放流,0.22168
8.14,0.2952428477621356,low_H,无放流,0.22168
8.145,0.2949908530546502,low_H,无放流,0.22168
8.15,0.2947390750051905,low_H,无放流,0.22168
8.155,0.29448751342447144,low_H,无放流,0.22168
8.16,0.2942361681233857,low_H,无放流,0.22168
8.165000000000001,0.293985038913004,low_H,无放流,0.22168
8.17,0.29373412560457485,low_H,无放流,0.22168
8.175,0.2934834280095242,low_H,无放流,0.22168
8.18,0.29323294593945637,low_H,无放流,0.22168
8.185,0.2929826792061531,low_H,无放流,0.22168
8.19,0.2927326276215742,low_H,无放流,0.22168
8.195,0.2924827909978571,low_H,无放流,0.22168
8.2,0.2922331691473173,low_H,无放流,0.22168
8.205,0.2919837618824478,low_H,无放流,0.22168
8.21,0.29173456901591976,low_H,无放流,0.22168
8.215,0.291485590360582,low_H,无放流,0.22168
8.22,0.2912368257294612,low_H,无放流,0.22168
8.225,0.2909882749357618,low_H,无放流,0.22168
8.23,0.29073993779286605,low_H,无放流,0.22168
8.235,0.2904918141143343,low_H,无放流,0.22168
8.24,0.29024390371390424,low_H,无放流,0.22168
8.245000000000001,0.2899962064054918,low_H,无放流,0.22168
8.25,0.2897487220031907,low_H,无放流,0.22168
8.255,0.28950145032127217,low_H,无放流,0.22168
8.26,0.2892543911741856,low_H,无放流,0.22168
8.265,0.28900754437655807,low_H,无放流,0.22168
8.27,0.28876090974319446,low_H,无放流,0.22168
8.275,0.2885144870890775,low_H,无放流,0.22168
8.28,0.28826827622936785,low_H,无放流,0.22168
8.285,0.2880222769794037,low_H,无放流,0.22168
8.290000000000001,0.28777648915470144,low_H,无放流,0.22168
8.295,0.2875309125709551,low_H,无放流,0.22168
8.3,0.2872855470440364,low_H,无放流,0.22168
8.305,0.28704039238999524,low_H,无放流,0.22168
8.31,0.2867954484250589,low_H,无放流,0.22168
8.315,0.28655071496563295,low_H,无放流,0.22168
8.32,0.2863061918283003,low_H,无放流,0.22168
8.325,0.28606187882982226,low_H,无放流,0.22168
8.33,0.2858177757871373,low_H,无放流,0.22168
8.335,0.28557388251736227,low_H,无放流,0.22168
8.34,0.28533019883779165,low_H,无放流,0.22168
8.345,0.28508672456589756,low_H,无放流,0.22168
8.35,0.28484345951933027,low_H,无放流,0.22168
8.355,0.28460040351591764,low_H,无放流,0.22168
8.36,0.2843575563736655,low_H,无放流,0.22168
8.365,0.28411491791048815,low_H,无放流,0.22168
8.370000000000001,0.2838724879221072,low_H,无放流,0.22168
8.375,0.28363026621364507,low_H,无放流,0.22168
8.38,0.2833882526052854,low_H,无放流,0.22168
8.385,0.2831464469173499,low_H,无放流,0.22168
8.39,0.28290484897029794,low_H,无放流,0.22168
8.395,0.28266345858472725,low_H,无放流,0.22168
8.4,0.28242227558137306,low_H,无放流,0.22168
8.405,0.282181299781109,low_H,无放流,0.22168
8.41,0.28194053100494626,low_H,无放流,0.22168
8.415000000000001,0.28169996907403416,low_H,无放流,0.22168
8.42,0.28145961380966006,low_H,无放流,0.22168
8.425,0.281219465033249,low_H,无放流,0.22168
8.43,0.2809795225663644,low_H,无放流,0.22168
8.435,0.28073978623070706,low_H,无放流,0.22168
8.44,0.2805002558481163,low_H,无放流,0.22168
8.445,0.2802609312405689,low_H,无放流,0.22168
8.45,0.28002181223017997,low_H,无放流,0.22168
8.455,0.2797828986392023,low_H,无放流,0.22168
8.46,0.27954419029002686,low_H,无放流,0.22168
8.465,0.27930568700518243,low_H,无放流,0.22168
8.47,0.2790673886073357,low_H,无放流,0.22168
8.475,0.2788292949192915,low_H,无放流,0.22168
8.48,0.2785914057639923,low_H,无放流,0.22168
8.485,0.2783537209645189,low_H,无放流,0.22168
8.49,0.27811624034408966,low_H,无放流,0.22168
8.495000000000001,0.2778789637260612,low_H,无放流,0.22168
8.5,0.27764189093392805,low_H,无放流,0.22168
8.505,0.2774050217913224,low_H,无放流,0.22168
8.51,0.2771683561220149,low_H,无放流,0.22168
8.515,0.2769318937499136,low_H,无放流,0.22168
8.52,0.2766956344990649,low_H,无放流,0.22168
8.525,0.2764595781936529,low_H,无放流,0.22168
8.53,0.2762237246579999,low_H,无放流,0.22168
8.535,0.2759880737165658,low_H,无放流,0.22168
8.540000000000001,0.2757526251939488,low_H,无放流,0.22168
8.545,0.2755173789148849,low_H,无放流,0.22168
8.55,0.275282334704248,low_H,无放流,0.22168
8.555,0.2750474923870501,low_H,无放流,0.22168
8.56,0.27481285178844095,low_H,无放流,0.22168
8.565,0.2745784127337084,low_H,无放流,0.22168
8.57,0.2743441750482782,low_H,无放流,0.22168
8.575000000000001,0.27411013855771404,low_H,无放流,0.22168
8.58,0.27387630308771765,low_H,无放流,0.22168
8.585,0.2736426684641285,low_H,无放流,0.22168
8.59,0.2734092345129243,low_H,无放流,0.22168
8.595,0.27317600106022044,low_H,无放流,0.22168
8.6,0.27294296793227046,low_H,无放流,0.22168
8.605,0.27271013495546564,low_H,无放流,0.22168
8.61,0.2724775019563355,low_H,无放流,0.22168
8.615,0.2722450687615472,low_H,无放流,0.22168
8.620000000000001,0.27201283519790603,low_H,无放流,0.22168
8.625,0.2717808010923553,low_H,无放流,0.22168
8.63,0.27154896627197606,low_H,无放流,0.22168
8.635,0.2713173305639875,low_H,无放流,0.22168
8.64,0.2710858937957465,low_H,无放流,0.22168
8.645,0.27085465579474827,low_H,无放流,0.22168
8.65,0.2706236163886256,low_H,无放流,0.22168
8.655,0.27039277540514955,low_H,无放流,0.22168
8.66,0.2701621326722288,low_H,无放流,0.22168
8.665000000000001,0.26993168801791034,low_H,无放流,0.22168
8.67,0.26970144127037887,low_H,无放流,0.22168
8.675,0.26947139225795697,low_H,无放流,0.22168
8.68,0.26924154080910545,low_H,无放流,0.22168
8.685,0.2690118867524228,low_H,无放流,0.22168
8.69,0.26878242991664575,low_H,无放流,0.22168
8.695,0.26855317013064856,low_H,无放流,0.22168
8.700000000000001,0.2683241072234438,low_H,无放流,0.22168
8.705,0.268095241024182,low_H,无放流,0.22168
8.71,0.26786657136215125,low_H,无放流,0.22168
8.715,0.26763809806677813,low_H,无放流,0.22168
8.72,0.26740982096762667,low_H,无放流,0.22168
8.725,0.2671817398943993,low_H,无放流,0.22168
8.73,0.26695385467693594,low_H,无放流,0.22168
8.735,0.26672616514521486,low_H,无放流,0.22168
8.74,0.266498671129352,low_H,无放流,0.22168
8.745000000000001,0.2662713724596014,low_H,无放流,0.22168
8.75,0.2660442689663552,low_H,无放流,0.22168
8.755,0.265817360480143,low_H,无放流,0.22168
8.76,0.2655906468316329,low_H,无放流,0.22168
8.765,0.2653641278516305,low_H,无放流,0.22168
8.77,0.2651378033710798,low_H,无放流,0.22168
8.775,0.2649116732210622,low_H,无放流,0.22168
8.78,0.26468573723279765,low_H,无放流,0.22168
8.785,0.2644599952376435,low_H,无放流,0.22168
8.790000000000001,0.2642344470670955,low_H,无放流,0.22168
8.795,0.2640090925527871,low_H,无放流,0.22168
8.8,0.26378393152648966,low_H,无放流,0.22168
8.805,0.26355896382011273,low_H,无放流,0.22168
8.81,0.26333418926570357,low_H,无放流,0.22168
8.815,0.26310960769544756,low_H,无放流,0.22168
8.82,0.26288521894166783,low_H,无放流,0.22168
8.825000000000001,0.2626610228368257,low_H,无放流,0.22168
8.83,0.2624370192135203,low_H,无放流,0.22168
8.835,0.26221320790448865,low_H,无放流,0.22168
8.84,0.261989588742606,low_H,无放流,0.22168
8.845,0.2617661615608851,low_H,无放流,0.22168
8.85,0.2615429261924772,low_H,无放流,0.22168
8.855,0.2613198824706709,low_H,无放流,0.22168
8.86,0.26109703022889325,low_H,无放流,0.22168
8.865,0.26087436930070895,low_H,无放流,0.22168
8.870000000000001,0.2606518995198208,low_H,无放流,0.22168
8.875,0.2604296207200696,low_H,无放流,0.22168
8.88,0.26020753273543384,low_H,无放流,0.22168
8.885,0.2599856354000302,low_H,无放流,0.22168
8.89,0.25976392854811325,low_H,无放流,0.22168
8.895,0.2595424120140755,low_H,无放流,0.22168
8.9,0.2593210856324473,low_H,无放流,0.22168
8.905,0.25909994923789725,low_H,无放流,0.22168
8.91,0.2588790026652315,low_H,无放流,0.22168
8.915000000000001,0.25865824574939444,low_H,无放流,0.22168
8.92,0.25843767832546843,low_H,无放流,0.22168
8.925,0.25821730022867345,low_H,无放流,0.22168
8.93,0.25799711129436786,low_H,无放流,0.22168
8.935,0.25777711135804765,low_H,无放流,0.22168
8.94,0.25755730025534695,low_H,无放流,0.22168
8.945,0.25733767782203765,low_H,无放流,0.22168
8.950000000000001,0.25711824389402976,low_H,无放流,0.22168
8.955,0.25689899830737134,low_H,无放流,0.22168
8.96,0.25667994089824797,low_H,无放流,0.22168
8.965,0.2564610715029837,low_H,无放流,0.22168
8.97,0.25624238995804005,low_H,无放流,0.22168
8.975,0.25602389610001697,low_H,无放流,0.22168
8.98,0.2558055897656519,low_H,无放流,0.22168
8.985,0.2555874707918206,low_H,无放流,0.22168
8.99,0.2553695390155365,low_H,无放流,0.22168
8.995000000000001,0.2551517942739511,low_H,无放流,0.22168
9.0,0.2549342364043541,low_H,无放流,0.22168
9.005,0.2547168652441726,low_H,无放流,0.22168
9.01,0.2544996806309721,low_H,无放流,0.22168
9.015,0.2542826824024559,low_H,无放流,0.22168
9.02,0.2540658703964653,low_H,无放流,0.22168
9.025,0.2538492444509793,low_H,无放流,0.22168
9.03,0.2536328044041153,low_H,无放流,0.22168
9.035,0.2534165500941282,low_H,无放流,0.22168
9.040000000000001,0.2532004813594112,low_H,无放流,0.22168
9.045,0.2529845980384953,low_H,无放流,0.22168
9.05,0.25276889997004937,low_H,无放流,0.22168
9.055,0.25255338699288044,low_H,无放流,0.22168
9.06,0.25233805894593314,low_H,无放流,0.22168
9.065,0.25212291566829054,low_H,无放流,0.22168
9.07,0.2519079569991732,low_H,无放流,0.22168
9.075000000000001,0.25169318277793984,low_H,无放流,0.22168
9.08,0.2514785928440873,low_H,无放流,0.22168
9.085,0.25126418703724995,low_H,无放流,0.22168
9.09,0.25104996519720046,low_H,无放流,0.22168
9.095,0.25083592716384934,low_H,无放流,0.22168
9.1,0.250622072777245,low_H,无放流,0.22168
9.105,0.2504084018775739,low_H,无放流,0.22168
9.11,0.2501949143051604,low_H,无放流,0.22168
9.115,0.24998160990046664,low_H,无放流,0.22168
9.120000000000001,0.24976848850409303,low_H,无放流,0.22168
9.125,0.2495555499567778,low_H,无放流,0.22168
9.13,0.249342794099397,low_H,无放流,0.22168
9.135,0.24913022077296484,low_H,无放流,0.22168
9.14,0.24891782981863325,low_H,无放流,0.22168
9.145,0.24870562107769234,low_H,无放流,0.22168
9.15,0.24849359439156998,low_H,无放流,0.22168
9.155,0.2482817496018322,low_H,无放流,0.22168
9.16,0.24807008655018264,low_H,无放流,0.22168
9.165000000000001,0.24785860507846327,low_H,无放流,0.22168
9.17,0.2476473050286539,low_H,无放流,0.22168
9.175,0.24743618624287203,low_H,无放流,0.22168
9.18,0.24722524856337352,low_H,无放流,0.22168
9.185,0.2470144918325518,low_H,无放流,0.22168
9.19,0.24680391589293857,low_H,无放流,0.22168
9.195,0.24659352058720319,low_H,无放流,0.22168
9.200000000000001,0.2463833057581532,low_H,无放流,0.22168
9.205,0.24617327124873406,low_H,无放流,0.22168
9.21,0.245963416902029,low_H,无放流,0.22168
9.215,0.24575374256125943,low_H,无放流,0.22168
9.22,0.2455442480697845,low_H,无放流,0.22168
9.225,0.24533493327110154,low_H,无放流,0.22168
9.23,0.24512579800884554,low_H,无放流,0.22168
9.235,0.2449168421267898,low_H,无放流,0.22168
9.24,0.2447080654688452,low_H,无放流,0.22168
9.245000000000001,0.24449946787906077,low_H,无放流,0.22168
9.25,0.2442910492016236,low_H,无放流,0.22168
9.255,0.24408280928085843,low_H,无放流,0.22168
9.26,0.24387474796122827,low_H,无放流,0.22168
9.265,0.24366686508733373,low_H,无放流,0.22168
9.27,0.24345916050391375,low_H,无放流,0.22168
9.275,0.2432516340558449,low_H,无放流,0.22168
9.28,0.24304428558814198,low_H,无放流,0.22168
9.285,0.2428371149459574,low_H,无放流,0.22168
9.290000000000001,0.2426301219745818,low_H,无放流,0.22168
9.295,0.2424233065194438,low_H,无放流,0.22168
9.3,0.24221666842610967,low_H,无放流,0.22168
9.305,0.242010207540284,low_H,无放流,0.22168
9.31,0.2418039237078089,low_H,无放流,0.22168
9.315,0.24159781677466494,low_H,无放流,0.22168
9.32,0.24139188658697014,low_H,无放流,0.22168
9.325000000000001,0.24118613299098085,low_H,无放流,0.22168
9.33,0.2409805558330912,low_H,无放流,0.22168
9.335,0.24077515495983326,low_H,无放流,0.22168
9.34,0.24056993021787712,low_H,无放流,0.22168
9.345,0.24036488145403073,low_H,无放流,0.22168
9.35,0.24016000851524014,low_H,无放流,0.22168
9.355,0.2399553112485891,low_H,无放流,0.22168
9.36,0.23975078950129963,low_H,无放流,0.22168
9.365,0.2395464431207314,low_H,无放流,0.22168
9.370000000000001,0.23934227195438224,low_H,无放流,0.22168
9.375,0.23913827584988787,low_H,无放流,0.22168
9.38,0.23893445465502183,low_H,无放流,0.22168
9.385,0.23873080821769588,low_H,无放流,0.22168
9.39,0.2385273363859594,low_H,无放流,0.22168
9.395,0.2383240390080001,low_H,无放流,0.22168
9.4,0.23812091593214324,low_H,无放流,0.22168
9.405,0.23791796700685236,low_H,无放流,0.22168
9.41,0.2377151920807287,low_H,无放流,0.22168
9.415000000000001,0.2375125910025116,low_H,无放流,0.22168
9.42,0.2373101636210784,low_H,无放流,0.22168
9.425,0.23710790978544416,low_H,无放流,0.22168
9.43,0.2369058293447622,low_H,无放流,0.22168
9.435,0.23670392214832345,low_H,无放流,0.22168
9.44,0.23650218804555714,low_H,无放流,0.22168
9.445,0.23630062688603007,low_H,无放流,0.22168
9.450000000000001,0.2360992385194473,low_H,无放流,0.22168
9.455,0.23589802279565183,low_H,无放流,0.22168
9.46,0.23569697956462435,low_H,无放流,0.22168
9.465,0.2354961086764838,low_H,无放流,0.22168
9.47,0.23529540998148676,low_H,无放流,0.22168
9.475,0.23509488333002815,low_H,无放流,0.22168
9.48,0.2348945285726404,low_H,无放流,0.22168
9.485,0.2346943455599943,low_H,无放流,0.22168
9.49,0.23449433414289828,low_H,无放流,0.22168
9.495000000000001,0.2342944941722989,low_H,无放流,0.22168
9.5,0.23409482549928062,low_H,无放流,0.22168
9.505,0.23389532797506576,low_H,无放流,0.22168
9.51,0.23369600145101482,low_H,无放流,0.22168
9.515,0.23349684577862598,low_H,无放流,0.22168
9.52,0.23329786080953557,low_H,无放流,0.22168
9.525,0.2330990463955177,low_H,无放流,0.22168
9.53,0.23290040238848464,low_H,无放流,0.22168
9.535,0.23270192864048636,low_H,无放流,0.22168
9.540000000000001,0.232503625003711,low_H,无放流,0.22168
9.545,0.23230549133048461,low_H,无放流,0.22168
9.55,0.232107527473271,low_H,无放流,0.22168
9.555,0.23190973328467224,low_H,无放流,0.22168
9.56,0.23171210861742803,low_H,无放流,0.22168
9.565,0.2315146533244163,low_H,无放流,0.22168
9.57,0.23131736725865265,low_H,无放流,0.22168
9.575000000000001,0.23112025027329086,low_H,无放流,0.22168
9.58,0.23092330222162272,low_H,无放流,0.22168
9.585,0.23072652295707763,low_H,无放流,0.22168
9.59,0.23052991233322326,low_H,无放流,0.22168
9.595,0.23033347020376502,low_H,无放流,0.22168
9.6,0.23013719642254649,low_H,无放流,0.22168
9.605,0.22994109084354894,low_H,无放流,0.22168
9.61,0.22974515332089185,low_H,无放流,0.22168
9.615,0.22954938370883238,low_H,无放流,0.22168
9.620000000000001,0.22935378186176586,low_H,无放流,0.22168
9.625,0.22915834763422555,low_H,无放流,0.22168
9.63,0.2289630808808825,low_H,无放流,0.22168
9.635,0.22876798145654592,low_H,无放流,0.22168
9.64,0.2285730492161627,low_H,无放流,0.22168
9.645,0.22837828401481805,low_H,无放流,0.22168
9.65,0.22818368570773473,low_H,无放流,0.22168
9.655,0.22798925415027377,low_H,无放流,0.22168
9.66,0.22779498919793395,low_H,无放流,0.22168
9.665000000000001,0.2276008907063521,low_H,无放流,0.22168
9.67,0.227406958531303,low_H,无放流,0.22168
9.675,0.22721319252869931,low_H,无放流,0.22168
9.68,0.22701959255459173,low_H,无放流,0.22168
9.685,0.22682615846516876,low_H,无放流,0.22168
9.69,0.22663289011675714,low_H,无放流,0.22168
9.695,0.22643978736582115,low_H,无放流,0.22168
9.700000000000001,0.22624685006896333,low_H,无放流,0.22168
9.705,0.22605407808292421,low_H,无放流,0.22168
9.71,0.22586147126458195,low_H,无放流,0.22168
9.715,0.22566902947146086,low_H,无放流,0.22168
9.72,0.22547675257062194,low_H,无放流,0.22168
9.725,0.22528464042309362,low_H,无放流,0.22168
9.73,0.22509269288617628,low_H,无放流,0.22168
9.735,0.22490090981729305,low_H,无放流,0.22168
9.74,0.22470929107398954,low_H,无放流,0.22168
9.745000000000001,0.22451783651393414,low_H,无放流,0.22168
9.75,0.22432654599491794,low_H,无放流,0.22168
9.755,0.2241354193748544,low_H,无放流,0.22168
9.76,0.22394445651177994,low_H,无放流,0.22168
9.765,0.22375365726385335,low_H,无放流,0.22168
9.77,0.22356302148935628,low_H,无放流,0.22168
9.775,0.22337254904669282,low_H,无放流,0.22168
9.78,0.22318223979438992,low_H,无放流,0.22168
9.785,0.2229920935910969,low_H,无放流,0.22168
9.790000000000001,0.22280211029558597,low_H,无放流,0.22168
9.795,0.22261228976675196,low_H,无放流,0.22168
9.8,0.22242263186361208,low_H,无放流,0.22168
9.805,0.22223313644530654,low_H,无放流,0.22168
9.81,0.22204380337109786,low_H,无放流,0.22168
9.815,0.2218546325003715,low_H,无放流,0.22168
9.82,0.22166562369263526,low_H,无放流,0.22168
9.825000000000001,0.22147677680751984,low_H,无放流,0.22168
9.83,0.22128809170477853,low_H,无放流,0.22168
9.835,0.2210995682442871,low_H,无放流,0.22168
9.84,0.2209112062860441,low_H,无放流,0.22168
9.845,0.22072300569017067,low_H,无放流,0.22168
9.85,0.22053496631691072,low_H,无放流,0.22168
9.855,0.2203470880266305,low_H,无放流,0.22168
9.86,0.22015937067981928,low_H,无放流,0.22168
9.865,0.2199718141370886,low_H,无放流,0.22168
9.870000000000001,0.21978441825917294,low_H,无放流,0.22168
9.875,0.21959718290692934,low_H,无放流,0.22168
9.88,0.2194101079413373,low_H,无放流,0.22168
9.885,0.21922319322349929,low_H,无放流,0.22168
9.89,0.21903643861464,low_H,无放流,0.22168
9.895,0.21884984397610724,low_H,无放流,0.22168
9.9,0.218663409169371,low_H,无放流,0.22168
9.905,0.21847713405602429,low_H,无放流,0.22168
9.91,0.21829101849778246,low_H,无放流,0.22168
9.915000000000001,0.21810506235648372,low_H,无放流,0.22168
9.92,0.21791926549408885,low_H,无放流,0.22168
9.925,0.21773362777268118,low_H,无放流,0.22168
9.93,0.21754814905446687,low_H,无放流,0.22168
9.935,0.2173628292017745,low_H,无放流,0.22168
9.94,0.2171776680770555,low_H,无放流,0.22168
9.945,0.21699266554288368,low_H,无放流,0.22168
9.950000000000001,0.2168078214619558,low_H,无放流,0.22168
9.955,0.2166231356970911,low_H,无放流,0.22168
9.96,0.2164386081112314,low_H,无放流,0.22168
9.965,0.21625423856744128,low_H,无放流,0.22168
9.97,0.21607002692890787,low_H,无放流,0.22168
9.975,0.21588597305894108,low_H,无放流,0.22168
9.98,0.2157020768209732,low_H,无放流,0.22168
9.985,0.21551833807855952,low_H,无放流,0.22168
9.99,0.2153347566953776,low_H,无放流,0.22168
9.995000000000001,0.2151513325352279,low_H,无放流,0.22168
10.0,0.21496806546203345,low_H,无放流,0.22168
0.0,1.2,low_H,有放流,0.22168
0.005,1.1989525417463447,low_H,有放流,0.22168
0.01,1.1979060246755753,low_H,有放流,0.22168
0.015,1.1968604478951081,low_H,有放流,0.22168
0.02,1.1958158105132872,low_H,有放流,0.22168
0.025,1.1947721116393815,low_H,有放流,0.22168
0.03,1.1937293503835862,low_H,有放流,0.22168
0.035,1.192687525857023,low_H,有放流,0.22168
0.04,1.1916466371696335,low_H,有放流,0.22168
0.045,1.1906066834314806,low_H,有放流,0.22168
0.05,1.1895676637571029,low_H,有放流,0.22168
0.055,1.188529577261961,low_H,有放流,0.22168
0.06,1.1874924230623942,low_H,有放流,0.22168
0.065,1.1864562002756198,low_H,有放流,0.22168
0.07,1.1854209080197344,low_H,有放流,0.22168
0.075,1.184386545413713,low_H,有放流,0.22168
0.08,1.1833531115774092,low_H,有放流,0.22168
0.085,1.1823206056315552,low_H,有放流,0.22168
0.09,1.1812890266977618,low_H,有放流,0.22168
0.095,1.1802583738985184,low_H,有放流,0.22168
0.1,1.1792286463571933,low_H,有放流,0.22168
0.105,1.1781998431980332,low_H,有放流,0.22168
0.11,1.1771719635461633,low_H,有放流,0.22168
0.115,1.1761450065275876,low_H,有放流,0.22168
0.12,1.175118971269189,low_H,有放流,0.22168
0.125,1.1740938568987282,low_H,有放流,0.22168
0.13,1.1730696625448456,low_H,有放流,0.22168
0.135,1.1720463873370592,low_H,有放流,0.22168
0.14,1.1710240304057664,low_H,有放流,0.22168
0.145,1.1700025908822427,low_H,有放流,0.22168
0.15,1.1689820678986427,low_H,有放流,0.22168
0.155,1.1679624605879992,low_H,有放流,0.22168
0.16,1.1669437680842238,low_H,有放流,0.22168
0.165,1.165925989522107,low_H,有放流,0.22168
0.17,1.1649091240373173,low_H,有放流,0.22168
0.17500000000000002,1.1638931707664022,low_H,有放流,0.22168
0.18,1.162878128846788,low_H,有放流,0.22168
0.185,1.1618639974167793,low_H,有放流,0.22168
0.19,1.1608507756155593,low_H,有放流,0.22168
0.195,1.1598384625831903,low_H,有放流,0.22168
0.2,1.1588270574606125,low_H,有放流,0.22168
0.20500000000000002,1.1578165593896454,low_H,有放流,0.22168
0.21,1.156806967512987,low_H,有放流,0.22168
0.215,1.1557982809742133,low_H,有放流,0.22168
0.22,1.1547904989177797,low_H,有放流,0.22168
0.225,1.15378362048902,low_H,有放流,0.22168
0.23,1.1527776448341462,low_H,有放流,0.22168
0.23500000000000001,1.1517725711002496,low_H,有放流,0.22168
0.24,1.1507683984352994,low_H,有放流,0.22168
0.245,1.1497651259881443,low_H,有放流,0.22168
0.25,1.148762752908511,low_H,有放流,0.22168
0.255,1.1477612783470046,low_H,有放流,0.22168
0.26,1.1467607014551096,low_H,有放流,0.22168
0.265,1.1457610213851885,low_H,有放流,0.22168
0.27,1.1447622372904829,low_H,有放流,0.22168
0.275,1.1437643483251125,low_H,有放流,0.22168
0.28,1.142767353644076,low_H,有放流,0.22168
0.28500000000000003,1.1417712524032504,low_H,有放流,0.22168
0.29,1.140776043759392,low_H,有放流,0.22168
0.295,1.139781726870135,low_H,有放流,0.22168
0.3,1.138788300893992,low_H,有放流,0.22168
0.305,1.1377957649903556,low_H,有放流,0.22168
0.31,1.1368041183194957,low_H,有放流,0.22168
0.315,1.135813360042561,low_H,有放流,0.22168
0.32,1.1348234893215796,low_H,有放流,0.22168
0.325,1.1338345053194576,low_H,有放流,0.22168
0.33,1.1328464071999795,low_H,有放流,0.22168
0.335,1.1318591941278089,low_H,有放流,0.22168
0.34,1.130872865268488,low_H,有放流,0.22168
0.34500000000000003,1.1298874197884377,low_H,有放流,0.22168
0.35000000000000003,1.1289028568549568,low_H,有放流,0.22168
0.355,1.127919175636224,low_H,有放流,0.22168
0.36,1.126936375301295,low_H,有放流,0.22168
0.365,1.1259544550201055,low_H,有放流,0.22168
0.37,1.1249734139634695,low_H,有放流,0.22168
0.375,1.123993251303079,low_H,有放流,0.22168
0.38,1.1230139662115055,low_H,有放流,0.22168
0.385,1.1220355578621983,low_H,有放流,0.22168
0.39,1.1210580254294862,low_H,有放流,0.22168
0.395,1.1200813680299737,low_H,有放流,0.22168
0.4,1.1191055846395304,low_H,有放流,0.22168
0.405,1.1181306744264643,low_H,有放流,0.22168
0.41000000000000003,1.1171566365775132,low_H,有放流,0.22168
0.41500000000000004,1.1161834702801174,low_H,有放流,0.22168
0.42,1.115211174722419,low_H,有放流,0.22168
0.425,1.1142397490932625,low_H,有放流,0.22168
0.43,1.1132691925821947,low_H,有放流,0.22168
0.435,1.112299504379465,low_H,有放流,0.22168
0.44,1.1113306836760244,low_H,有放流,0.22168
0.445,1.1103627296635266,low_H,有放流,0.22168
0.45,1.1093956415343271,low_H,有放流,0.22168
0.455,1.1084294184814842,low_H,有放流,0.22168
0.46,1.1074640596987584,low_H,有放流,0.22168
0.465,1.106499564380612,low_H,有放流,0.22168
0.47000000000000003,1.1055359317222095,low_H,有放流,0.22168
0.47500000000000003,1.1045731609194185,low_H,有放流,0.22168
0.48,1.1036112511688079,low_H,有放流,0.22168
0.485,1.1026502016676492,low_H,有放流,0.22168
0.49,1.1016900116139163,low_H,有放流,0.22168
0.495,1.1007306802062853,low_H,有放流,0.22168
0.5,1.0997722066441344,low_H,有放流,0.22168
0.505,1.0988145901275441,low_H,有放流,0.22168
0.51,1.0978578298572972,low_H,有放流,0.22168
0.515,1.0969019250348786,low_H,有放流,0.22168
0.52,1.0959468748624759,low_H,有放流,0.22168
0.525,1.094992678542978,low_H,有放流,0.22168
0.53,1.094039335279977,low_H,有放流,0.22168
0.535,1.093086844277767,low_H,有放流,0.22168
0.54,1.0921352047413442,low_H,有放流,0.22168
0.545,1.0911844158764068,low_H,有放流,0.22168
0.55,1.090234476889356,low_H,有放流,0.22168
0.555,1.0892853869872943,low_H,有放流,0.22168
0.56,1.0883371453780273,low_H,有放流,0.22168
0.5650000000000001,1.0873897512700623,low_H,有放流,0.22168
0.5700000000000001,1.086443203872609,low_H,有放流,0.22168
0.5750000000000001,1.0854975023955795,low_H,有放流,0.22168
0.58,1.084552646049588,low_H,有放流,0.22168
0.585,1.083608634045951,low_H,有放流,0.22168
0.59,1.082665465596687,low_H,有放流,0.22168
0.595,1.081723139914517,low_H,有放流,0.22168
0.6,1.0807816562128645,low_H,有放流,0.22168
0.605,1.0798410137058547,low_H,有放流,0.22168
0.61,1.0789012116083154,low_H,有放流,0.22168
0.615,1.0779622491357765,low_H,有放流,0.22168
0.62,1.0770241255044701,low_H,有放流,0.22168
0.625,1.076086839931331,low_H,有放流,0.22168
0.63,1.0751503916339955,low_H,有放流,0.22168
0.635,1.0742147798308026,low_H,有放流,0.22168
0.64,1.0732800037407937,low_H,有放流,0.22168
0.645,1.072346062583712,low_H,有放流,0.22168
0.65,1.0714129555800032,low_H,有放流,0.22168
0.655,1.0704806819508155,low_H,有放流,0.22168
0.66,1.0695492409179985,low_H,有放流,0.22168
0.665,1.0686186317041053,low_H,有放流,0.22168
0.67,1.06768885353239,low_H,有放流,0.22168
0.675,1.06675990562681,low_H,有放流,0.22168
0.68,1.065831787212024,low_H,有放流,0.22168
0.685,1.0649044975133939,low_H,有放流,0.22168
0.6900000000000001,1.0639780357569828,low_H,有放流,0.22168
0.6950000000000001,1.063052401169557,low_H,有放流,0.22168
0.7000000000000001,1.0621275929785843,low_H,有放流,0.22168
0.705,1.0612036104122355,low_H,有放流,0.22168
0.71,1.060280452699383,low_H,有放流,0.22168
0.715,1.0593581190696018,low_H,有放流,0.22168
0.72,1.058436608753169,low_H,有放流,0.22168
0.725,1.0575159209810638,low_H,有放流,0.22168
0.73,1.056596054984968,low_H,有放流,0.22168
0.735,1.0556770099972657,low_H,有放流,0.22168
0.74,1.0547587852510425,low_H,有放流,0.22168
0.745,1.0538413799800872,low_H,有放流,0.22168
0.75,1.0529247934188901,low_H,有放流,0.22168
0.755,1.0520090248026444,low_H,有放流,0.22168
0.76,1.051094073367245,low_H,有放流,0.22168
0.765,1.0501799383492894,low_H,有放流,0.22168
0.77,1.0492666189860769,low_H,有放流,0.22168
0.775,1.0483541145156094,low_H,有放流,0.22168
0.78,1.0474424241765916,low_H,有放流,0.22168
0.785,1.0465315472084291,low_H,有放流,0.22168
0.79,1.0456214828512307,low_H,有放流,0.22168
0.795,1.0447122303458076,low_H,有放流,0.22168
0.8,1.0438037889336724,low_H,有放流,0.22168
0.805,1.0428961578570408,low_H,有放流,0.22168
0.81,1.0419893363588302,low_H,有放流,0.22168
0.8150000000000001,1.0410833236826602,low_H,有放流,0.22168
0.8200000000000001,1.0401781190728534,low_H,有放流,0.22168
0.8250000000000001,1.0392737217744337,low_H,有放流,0.22168
0.8300000000000001,1.038370131033128,low_H,有放流,0.22168
0.835,1.0374673460953647,low_H,有放流,0.22168
0.84,1.0365653662082752,low_H,有放流,0.22168
0.845,1.0356641906196926,low_H,有放流,0.22168
0.85,1.0347638185781527,low_H,有放流,0.22168
0.855,1.033864249332893,low_H,有放流,0.22168
0.86,1.0329654821338536,low_H,有放流,0.22168
0.865,1.0320675162316773,low_H,有放流,0.22168
0.87,1.031170350877708,low_H,有放流,0.22168
0.875,1.0302739853239926,low_H,有放流,0.22168
0.88,1.0293784188232804,low_H,有放流,0.22168
0.885,1.0284836506290227,low_H,有放流,0.22168
0.89,1.0275896799953728,low_H,有放流,0.22168
0.895,1.0266965061771864,low_H,有放流,0.22168
0.9,1.0258041284300219,low_H,有放流,0.22168
0.905,1.0249125460101391,low_H,有放流,0.22168
0.91,1.024021758174501,low_H,有放流,0.22168
0.915,1.023131764180772,low_H,有放流,0.22168
0.92,1.0222425632873196,low_H,有放流,0.22168
0.925,1.0213541547532123,low_H,有放流,0.22168
0.93,1.0204665378382223,low_H,有放流,0.22168
0.935,1.019579711802823,low_H,有放流,0.22168
0.9400000000000001,1.0186936759081904,low_H,有放流,0.22168
0.9450000000000001,1.0178084294162029,low_H,有放流,0.22168
0.9500000000000001,1.016923971589441,low_H,有放流,0.22168
0.9550000000000001,1.0160403016911872,low_H,有放流,0.22168
0.96,1.0151574189854267,low_H,有放流,0.22168
0.965,1.0142753227368466,low_H,有放流,0.22168
0.97,1.0133940122108367,low_H,有放流,0.22168
0.975,1.0125134866734884,low_H,有放流,0.22168
0.98,1.0116337453915958,low_H,有放流,0.22168
0.985,1.010754787632655,low_H,有放流,0.22168
0.99,1.0098766126648648,low_H,有放流,0.22168
0.995,1.0089992197571254,low_H,有放流,0.22168
1.0,1.0081226081790402,low_H,有放流,0.22168
1.0050000000000001,1.0072467772009144,low_H,有放流,0.22168
1.01,1.0063717260937552,low_H,有放流,0.22168
1.0150000000000001,1.0054974541292723,low_H,有放流,0.22168
1.02,1.004623960579878,low_H,有放流,0.22168
1.025,1.0037512447186863,low_H,有放流,0.22168
1.03,1.0028793058195133,low_H,有放流,0.22168
1.035,1.0020081431568784,low_H,有放流,0.22168
1.04,1.001137756006002,low_H,有放流,0.22168
1.045,1.0002681436428074,low_H,有放流,0.22168
1.05,0.9993993053439202,low_H,有放流,0.22168
1.055,0.9985312403866679,low_H,有放流,0.22168
1.06,0.9976639480490804,low_H,有放流,0.22168
1.065,0.9967974276098901,low_H,有放流,0.22168
1.07,0.9959316783485312,low_H,有放流,0.22168
1.075,0.9950666995451406,low_H,有放流,0.22168
1.08,0.994202490480557,low_H,有放流,0.22168
1.085,0.9933390504363216,low_H,有放流,0.22168
1.09,0.9924763786946779,low_H,有放流,0.22168
1.095,0.9916144745385715,low_H,有放流,0.22168
1.1,0.9907533372516503,low_H,有放流,0.22168
1.105,0.9898929661182645,low_H,有放流,0.22168
1.11,0.9890333604234663,low_H,有放流,0.22168
1.115,0.9881745194530107,low_H,有放流,0.22168
1.12,0.9873164424933543,low_H,有放流,0.22168
1.125,0.9864591288316563,low_H,有放流,0.22168
1.1300000000000001,0.9856025777557782,low_H,有放流,0.22168
1.135,0.9847467885542835,low_H,有放流,0.22168
1.1400000000000001,0.9838917605164381,low_H,有放流,0.22168
1.145,0.9830374929322103,low_H,有放流,0.22168
1.1500000000000001,0.9821839850922701,low_H,有放流,0.22168
1.155,0.9813312362879906,low_H,有放流,0.22168
1.16,0.9804792458114463,low_H,有放流,0.22168
1.165,0.9796280129554144,low_H,有放流,0.22168
1.17,0.9787775370133743,low_H,有放流,0.22168
1.175,0.9779278172795076,low_H,有放流,0.22168
1.18,0.9770788530486982,low_H,有放流,0.22168
1.185,0.9762306436165322,low_H,有放流,0.22168
1.19,0.9753831882792978,low_H,有放流,0.22168
1.195,0.9745364863339858,low_H,有放流,0.22168
1.2,0.9736905370782889,low_H,有放流,0.22168
1.205,0.9728453398106023,low_H,有放流,0.22168
1.21,0.9720008938300233,low_H,有放流,0.22168
1.215,0.9711571984363513,low_H,有放流,0.22168
1.22,0.9703142529300884,low_H,有放流,0.22168
1.225,0.9694720566124385,low_H,有放流,0.22168
1.23,0.968630608785308,low_H,有放流,0.22168
1.235,0.9677899087513055,low_H,有放流,0.22168
1.24,0.9669499558137419,low_H,有放流,0.22168
1.245,0.9661107492766301,low_H,有放流,0.22168
1.25,0.9652722884446854,low_H,有放流,0.22168
1.2550000000000001,0.9644345726233254,low_H,有放流,0.22168
1.26,0.96359760111867,low_H,有放流,0.22168
1.2650000000000001,0.9627613732375411,low_H,有放流,0.22168
1.27,0.9619258882874632,low_H,有放流,0.22168
1.2750000000000001,0.9610911455766626,low_H,有放流,0.22168
1.28,0.9602571444140684,low_H,有放流,0.22168
1.285,0.9594238841093113,low_H,有放流,0.22168
1.29,0.9585913639727248,low_H,有放流,0.22168
1.295,0.9577595833153445,low_H,有放流,0.22168
1.3,0.9569285414489079,low_H,有放流,0.22168
1.305,0.9560982376858553,low_H,有放流,0.22168
1.31,0.9552686713393289,low_H,有放流,0.22168
1.315,0.9544398417231733,low_H,有放流,0.22168
1.32,0.953611748151935,low_H,有放流,0.22168
1.325,0.9527843899408632,low_H,有放流,0.22168
1.33,0.9519577664059092,low_H,有放流,0.22168
1.335,0.9511318768637266,low_H,有放流,0.22168
1.34,0.9503067206316709,low_H,有放流,0.22168
1.345,0.9494822970278002,low_H,有放流,0.22168
1.35,0.9486586053708748,low_H,有放流,0.22168
1.355,0.9478356449803572,low_H,有放流,0.22168
1.36,0.9470134151764122,low_H,有放流,0.22168
1.365,0.9461919152799066,low_H,有放流,0.22168
1.37,0.9453711446124098,low_H,有放流,0.22168
1.375,0.9445511024961933,low_H,有放流,0.22168
1.3800000000000001,0.9437317882542308,low_H,有放流,0.22168
1.385,0.9429132012101982,low_H,有放流,0.22168
1.3900000000000001,0.9420953406884738,low_H,有放流,0.22168
1.395,0.9412782060141381,low_H,有放流,0.22168
1.4000000000000001,0.9404617965129738,low_H,有放流,0.22168
1.405,0.9396461115114658,low_H,有放流,0.22168
1.41,0.9388311503368014,low_H,有放流,0.22168
1.415,0.93801691231687,low_H,有放流,0.22168
1.42,0.9372033967802635,low_H,有放流,0.22168
1.425,0.9363906030562755,low_H,有放流,0.22168
1.43,0.9355785304749025,low_H,有放流,0.22168
1.435,0.9347671783668429,low_H,有放流,0.22168
1.44,0.9339565460634973,low_H,有放流,0.22168
1.445,0.9331466328969686,low_H,有放流,0.22168
1.45,0.9323374382000623,low_H,有放流,0.22168
1.455,0.9315289613062855,low_H,有放流,0.22168
1.46,0.930721201549848,low_H,有放流,0.22168
1.465,0.9299141582656618,low_H,有放流,0.22168
1.47,0.9291078307893411,low_H,有放流,0.22168
1.475,0.9283022184572022,low_H,有放流,0.22168
1.48,0.9274973206062638,low_H,有放流,0.22168
1.485,0.9266931365742468,low_H,有放流,0.22168
1.49,0.9258896656995744,low_H,有放流,0.22168
1.495,0.9250869073213721,low_H,有放流,0.22168
1.5,0.9242848607794676,low_H,有放流,0.22168
1.5050000000000001,0.9234835254143905,low_H,有放流,0.22168
1.51,0.9226829005673732,low_H,有放流,0.22168
1.5150000000000001,0.9218829855803501,low_H,有放流,0.22168
1.52,0.9210837797959578,low_H,有放流,0.22168
1.5250000000000001,0.9202852825575352,low_H,有放流,0.22168
1.53,0.9194874932091234,low_H,有放流,0.22168
1.5350000000000001,0.9186904110954658,low_H,有放流,0.22168
1.54,0.9178940355620081,low_H,有放流,0.22168
1.545,0.9170983659548982,low_H,有放流,0.22168
1.55,0.9163034016209862,low_H,有放流,0.22168
1.555,0.9155091419078244,low_H,有放流,0.22168
1.56,0.9147155861636675,low_H,有放流,0.22168
1.565,0.9139227337374725,low_H,有放流,0.22168
1.57,0.9131305839788981,low_H,有放流,0.22168
1.575,0.9123391362383062,low_H,有放流,0.22168
1.58,0.91154838986676,low_H,有放流,0.22168
1.585,0.9107583442160256,low_H,有放流,0.22168
1.59,0.909968998638571,low_H,有放流,0.22168
1.595,0.9091803524875666,low_H,有放流,0.22168
1.6,0.9083924051168849,low_H,有放流,0.22168
1.605,0.9076051558811009,low_H,有放流,0.22168
1.61,0.9068186041354915,low_H,有放流,0.22168
1.615,0.9060327492360363,low_H,有放流,0.22168
1.62,0.9052475905394166,low_H,有放流,0.22168
1.625,0.9044631274030165,low_H,有放流,0.22168
1.6300000000000001,0.9036793591849219,low_H,有放流,0.22168
1.635,0.9028962852439213,low_H,有放流,0.22168
1.6400000000000001,0.902113904939505,low_H,有放流,0.22168
1.645,0.9013322176318661,low_H,有放流,0.22168
1.6500000000000001,0.9005512226818996,low_H,有放流,0.22168
1.655,0.8997709194512027,low_H,有放流,0.22168
1.6600000000000001,0.8989913073020751,low_H,有放流,0.22168
1.665,0.8982123855975186,low_H,有放流,0.22168
1.67,0.8974341537012371,low_H,有放流,0.22168
1.675,0.896656610977637,low_H,有放流,0.22168
1.68,0.8958797567918271,low_H,有放流,0.22168
1.685,0.8951035905096177,low_H,有放流,0.22168
1.69,0.8943281114975223,low_H,有放流,0.22168
1.695,0.8935533191227559,low_H,有放流,0.22168
1.7,0.8927792127532362,low_H,有放流,0.22168
1.705,0.892005791757583,low_H,有放流,0.22168
1.71,0.8912330555051182,low_H,有放流,0.22168
1.715,0.8904610033661231,low_H,有放流,0.22168
1.72,0.8896896347327707,low_H,有放流,0.22168
1.725,0.8889189489888871,low_H,有放流,0.22168
1.73,0.8881489455047114,low_H,有放流,0.22168
1.735,0.8873796236510879,low_H,有放流,0.22168
1.74,0.8866109827994673,low_H,有放流,0.22168
1.745,0.8858430223219055,low_H,有放流,0.22168
1.75,0.8850757415910646,low_H,有放流,0.22168
1.7550000000000001,0.8843091399802121,low_H,有放流,0.22168
1.76,0.8835432168632217,low_H,有放流,0.22168
1.7650000000000001,0.8827779716145723,low_H,有放流,0.22168
1.77,0.882013403609349,low_H,有放流,0.22168
1.7750000000000001,0.8812495122232422,low_H,有放流,0.22168
1.78,0.8804862968325486,low_H,有放流,0.22168
1.7850000000000001,0.8797237568141704,low_H,有放流,0.22168
1.79,0.8789618915456153,low_H,有放流,0.22168
1.795,0.8782007004049972,low_H,有放流,0.22168
1.8,0.8774401827710354,low_H,有放流,0.22168
1.805,0.8766803380230551,low_H,有放流,0.22168
1.81,0.8759211655409874,low_H,有放流,0.22168
1.815,0.8751626647053689,low_H,有放流,0.22168
1.82,0.8744048348973419,low_H,有放流,0.22168
1.825,0.8736476754986547,low_H,有放流,0.22168
1.83,0.8728911858916615,low_H,有放流,0.22168
1.835,0.8721353654593217,low_H,有放流,0.22168
1.84,0.8713802135852009,low_H,有放流,0.22168
1.845,0.8706257296534703,low_H,有放流,0.22168
1.85,0.8698719130489069,low_H,有放流,0.22168
1.855,0.8691187631568933,low_H,有放流,0.22168
1.86,0.868366279363418,low_H,有放流,0.22168
1.865,0.8676144610550754,low_H,有放流,0.22168
1.87,0.8668633076190654,low_H,有放流,0.22168
1.875,0.8661128184431937,low_H,有放流,0.22168
1.8800000000000001,0.8653629929158717,low_H,有放流,0.22168
1.885,0.8646138304261167,low_H,有放流,0.22168
1.8900000000000001,0.8638653303635518,low_H,有放流,0.22168
1.895,0.8631174921184057,low_H,有放流,0.22168
1.9000000000000001,0.8623703150815129,low_H,有放流,0.22168
1.905,0.8616237986443135,low_H,有放流,0.22168
1.9100000000000001,0.8608779421988537,low_H,有放流,0.22168
1.915,0.8601327451377851,low_H,有放流,0.22168
1.92,0.8593882068543655,low_H,有放流,0.22168
1.925,0.8586443267424578,low_H,有放流,0.22168
1.93,0.8579011041965312,low_H,有放流,0.22168
1.935,0.8571585386116605,low_H,有放流,0.22168
1.94,0.8564166293835261,low_H,有放流,0.22168
1.945,0.8556753759084145,low_H,有放流,0.22168
1.95,0.8549347775832175,low_H,有放流,0.22168
1.955,0.8541948338054328,low_H,有放流,0.22168
1.96,0.8534555439731644,low_H,有放流,0.22168
1.965,0.8527169074851211,low_H,有放流,0.22168
1.97,0.8519789237406181,low_H,有放流,0.22168
1.975,0.8512415921395763,low_H,有放流,0.22168
1.98,0.8505049120822087,low_H,有放流,0.22168
1.985,0.8497688829686145,low_H,有放流,0.22168
1.99,0.8490335042005412,low_H,有放流,0.22168
1.995,0.8482987751804033,low_H,有放流,0.22168
2.0,0.847564695311187,low_H,有放流,0.22168
2.005,0.8468312639964504,low_H,有放流,0.22168
2.0100000000000002,0.8460984806403228,low_H,有放流,0.22168
2.015,0.8453663446475056,low_H,有放流,0.22168
2.02,0.8446348554232715,low_H,有放流,0.22168
2.025,0.8439040123734652,low_H,有放流,0.22168
2.0300000000000002,0.8431738149045026,low_H,有放流,0.22168
2.035,0.8424442624233716,low_H,有放流,0.22168
2.04,0.8417153543376316,low_H,有放流,0.22168
2.045,0.8409870900554135,low_H,有放流,0.22168
2.05,0.8402594689854201,low_H,有放流,0.22168
2.055,0.8395324905369257,low_H,有放流,0.22168
2.06,0.8388061541197764,low_H,有放流,0.22168
2.065,0.8380804591443898,low_H,有放流,0.22168
2.07,0.837355405021755,low_H,有放流,0.22168
2.075,0.836630991163433,low_H,有放流,0.22168
2.08,0.8359072169815563,low_H,有放流,0.22168
2.085,0.8351840818888293,low_H,有放流,0.22168
2.09,0.8344615852985277,low_H,有放流,0.22168
2.095,0.8337397266244987,low_H,有放流,0.22168
2.1,0.8330185052811618,low_H,有放流,0.22168
2.105,0.8322979206835076,low_H,有放流,0.22168
2.11,0.8315779722470985,low_H,有放流,0.22168
2.115,0.8308586593880686,low_H,有放流,0.22168
2.12,0.8301399815231235,low_H,有放流,0.22168
2.125,0.8294219380695406,low_H,有放流,0.22168
2.13,0.8287045284451687,low_H,有放流,0.22168
2.1350000000000002,0.8279877520684287,low_H,有放流,0.22168
2.14,0.8272716083583126,low_H,有放流,0.22168
2.145,0.8265560967343845,low_H,有放流,0.22168
2.15,0.8258412166167798,low_H,有放流,0.22168
2.1550000000000002,0.8251269674262056,low_H,有放流,0.22168
2.16,0.8244133485839409,low_H,有放流,0.22168
2.165,0.8237003595118361,low_H,有放流,0.22168
2.17,0.8229879996323133,low_H,有放流,0.22168
2.1750000000000003,0.8222762683683662,low_H,有放流,0.22168
2.18,0.8215651651435603,low_H,有放流,0.22168
2.185,0.8208546893820325,low_H,有放流,0.22168
2.19,0.8201448405084916,low_H,有放流,0.22168
2.195,0.8194356179482178,low_H,有放流,0.22168
2.2,0.8187270211270632,low_H,有放流,0.22168
2.205,0.8180190494714512,low_H,有放流,0.22168
2.21,0.8173117024083772,low_H,有放流,0.22168
2.215,0.8166049793654081,low_H,有放流,0.22168
2.22,0.8158988797706823,low_H,有放流,0.22168
2.225,0.8151934030529101,low_H,有放流,0.22168
2.23,0.8144885486413733,low_H,有放流,0.22168
2.235,0.8137843159659253,low_H,有放流,0.22168
2.24,0.8130807044540415,low_H,有放流,0.22168
2.245,0.8123777134147737,low_H,有放流,0.22168
2.25,0.8116753422201067,low_H,有放流,0.22168
2.255,0.810973590308221,low_H,有放流,0.22168
2.2600000000000002,0.8102724571177623,low_H,有放流,0.22168
2.265,0.8095719420878416,low_H,有放流,0.22168
2.27,0.8088720446580348,low_H,有放流,0.22168
2.275,0.808172764268383,low_H,有放流,0.22168
2.2800000000000002,0.8074741003593925,low_H,有放流,0.22168
2.285,0.8067760523720348,low_H,有放流,0.22168
2.29,0.8060786197477462,low_H,有放流,0.22168
2.295,0.8053818019284285,low_H,有放流,0.22168
2.3000000000000003,0.8046855983564484,low_H,有放流,0.22168
2.305,0.803990008474638,low_H,有放流,0.22168
2.31,0.8032950317262941,low_H,有放流,0.22168
2.315,0.8026006675551791,low_H,有放流,0.22168
2.32,0.8019069154055203,low_H,有放流,0.22168
2.325,0.8012137747220099,low_H,有放流,0.22168
2.33,0.8005212449498058,low_H,有放流,0.22168
2.335,0.7998293255345305,low_H,有放流,0.22168
2.34,0.799138015922272,low_H,有放流,0.22168
2.345,0.798447315559583,low_H,有放流,0.22168
2.35,0.7977572238934819,low_H,有放流,0.22168
2.355,0.7970677403714518,low_H,有放流,0.22168
2.36,0.7963788644414411,low_H,有放流,0.22168
2.365,0.7956905955518633,low_H,有放流,0.22168
2.37,0.795002933151597,low_H,有放流,0.22168
2.375,0.794315876689986,low_H,有放流,0.22168
2.38,0.7936294256168392,low_H,有放流,0.22168
2.3850000000000002,0.7929435793824307,low_H,有放流,0.22168
2.39,0.7922583374374994,low_H,有放流,0.22168
2.395,0.7915736992332499,low_H,有放流,0.22168
2.4,0.7908896642213515,low_H,有放流,0.22168
2.4050000000000002,0.7902062318539387,low_H,有放流,0.22168
2.41,0.7895234015836112,low_H,有放流,0.22168
2.415,0.788841172863434,low_H,有放流,0.22168
2.42,0.7881595451469369,low_H,有放流,0.22168
2.4250000000000003,0.7874785178881148,low_H,有放流,0.22168
2.43,0.7867980905414282,low_H,有放流,0.22168
2.435,0.7861182625618025,low_H,有放流,0.22168
2.44,0.785439033404628,low_H,有放流,0.22168
2.445,0.7847604025257603,low_H,有放流,0.22168
2.45,0.7840823693815201,low_H,有放流,0.22168
2.455,0.7834049334286934,low_H,有放流,0.22168
2.46,0.7827280941245313,low_H,有放流,0.22168
2.465,0.7820518509267497,low_H,有放流,0.22168
2.47,0.78137620329353,low_H,有放流,0.22168
2.475,0.7807011506835185,low_H,有放流,0.22168
2.48,0.780026692555827,low_H,有放流,0.22168
2.485,0.779352828370032,low_H,有放流,0.22168
2.49,0.778679557586175,low_H,有放流,0.22168
2.495,0.7780068796647635,low_H,有放流,0.22168
2.5,0.7773347940667691,low_H,有放流,0.22168
2.505,0.7766633002536292,low_H,有放流,0.22168
2.5100000000000002,0.7759923976872461,low_H,有放流,0.22168
2.515,0.7753220858299873,low_H,有放流,0.22168
2.52,0.7746523641446853,low_H,有放流,0.22168
2.525,0.7739832320946378,low_H,有放流,0.22168
2.5300000000000002,0.7733146891436078,low_H,有放流,0.22168
2.535,0.7726467347558231,low_H,有放流,0.22168
2.54,0.771979368395977,low_H,有放流,0.22168
2.545,0.7713125895292277,low_H,有放流,0.22168
2.5500000000000003,0.7706463976211984,low_H,有放流,0.22168
2.555,0.7699807921379778,low_H,有放流,0.22168
2.56,0.7693157725461195,low_H,有放流,0.22168
2.565,0.7686513383126422,low_H,有放流,0.22168
2.57,0.76798748890503,low_H,有放流,0.22168
2.575,0.7673242237912317,low_H,有放流,0.22168
2.58,0.7666615424396616,low_H,有放流,0.22168
2.585,0.7659994443191991,low_H,有放流,0.22168
2.59,0.7653379288991884,low_H,有放流,0.22168
2.595,0.7646769956494391,low_H,有放流,0.22168
2.6,0.7640166440402262,low_H,有放流,0.22168
2.605,0.7633568735422892,low_H,有放流,0.22168
2.61,0.7626976836268333,low_H,有放流,0.22168
2.615,0.7620390737655283,low_H,有放流,0.22168
2.62,0.7613810434305097,low_H,有放流,0.22168
2.625,0.7607235920943778,low_H,有放流,0.22168
2.63,0.760066719230198,low_H,有放流,0.22168
2.6350000000000002,0.759410424311501,low_H,有放流,0.22168
2.64,0.7587547068122824,low_H,有放流,0.22168
2.645,0.7580995662070033,low_H,有放流,0.22168
2.65,0.7574450019705896,low_H,有放流,0.22168
2.6550000000000002,0.7567910135784325,low_H,有放流,0.22168
2.66,0.7561376005063882,low_H,有放流,0.22168
2.665,0.7554847622307782,low_H,有放流,0.22168
2.67,0.754832498228389,low_H,有放流,0.22168
2.6750000000000003,0.7541808079764722,low_H,有放流,0.22168
2.68,0.7535296909527448,low_H,有放流,0.22168
2.685,0.7528791466353887,low_H,有放流,0.22168
2.69,0.7522291745030508,low_H,有放流,0.22168
2.695,0.7515797740348434,low_H,有放流,0.22168
2.7,0.7509309447103438,low_H,有放流,0.22168
2.705,0.7502826860095946,low_H,有放流,0.22168
2.71,0.7496349974131034,low_H,有放流,0.22168
2.715,0.7489878784018427,low_H,有放流,0.22168
2.72,0.7483413284572504,low_H,有放流,0.22168
2.725,0.7476953470612298,low_H,有放流,0.22168
2.73,0.7470499336961487,low_H,有放流,0.22168
2.735,0.7464050878448406,low_H,有放流,0.22168
2.74,0.7457608089906036,low_H,有放流,0.22168
2.745,0.7451170966172015,low_H,有放流,0.22168
2.75,0.7444739502088629,low_H,有放流,0.22168
2.755,0.7438313692502815,low_H,有放流,0.22168
2.7600000000000002,0.7431893532266162,low_H,有放流,0.22168
2.765,0.742547901623491,low_H,有放流,0.22168
2.77,0.7419070139269954,low_H,有放流,0.22168
2.775,0.7412666896236835,low_H,有放流,0.22168
2.7800000000000002,0.7406269282005745,low_H,有放流,0.22168
2.785,0.7399877291451534,low_H,有放流,0.22168
2.79,0.7393490919453697,low_H,有放流,0.22168
2.795,0.7387110160896383,low_H,有放流,0.22168
2.8000000000000003,0.738073501066839,low_H,有放流,0.22168
2.805,0.7374365463663172,low_H,有放流,0.22168
2.81,0.7368001514778829,low_H,有放流,0.22168
2.815,0.7361643158918115,low_H,有放流,0.22168
2.82,0.7355290390988437,low_H,有放流,0.22168
2.825,0.7348943205901848,low_H,有放流,0.22168
2.83,0.7342601598575058,low_H,有放流,0.22168
2.835,0.7336265563929426,low_H,有放流,0.22168
2.84,0.7329935096890962,low_H,有放流,0.22168
2.845,0.7323610192390325,low_H,有放流,0.22168
2.85,0.7317290845362833,low_H,有放流,0.22168
2.855,0.7310977050748445,low_H,有放流,0.22168
2.86,0.7304668803491781,low_H,有放流,0.22168
2.865,0.7298366098542104,low_H,有放流,0.22168
2.87,0.7292068930853335,low_H,有放流,0.22168
2.875,0.7285777295384042,low_H,有放流,0.22168
2.88,0.7279491187097445,low_H,有放流,0.22168
2.8850000000000002,0.727321060096142,low_H,有放流,0.22168
2.89,0.7266935531948486,low_H,有放流,0.22168
2.895,0.726066597503582,low_H,有放流,0.22168
2.9,0.7254401925205248,low_H,有放流,0.22168
2.9050000000000002,0.7248143377443247,low_H,有放流,0.22168
2.91,0.7241890326740946,low_H,有放流,0.22168
2.915,0.7235642768094126,low_H,有放流,0.22168
2.92,0.7229400696503215,low_H,有放流,0.22168
2.9250000000000003,0.72231641069733,low_H,有放流,0.22168
2.93,0.7216932994514113,low_H,有放流,0.22168
2.935,0.7210707354140038,low_H,有放流,0.22168
2.94,0.7204487180870114,low_H,有放流,0.22168
2.945,0.7198272469728026,low_H,有放流,0.22168
2.95,0.7192063215742117,low_H,有放流,0.22168
2.955,0.7185859413945376,low_H,有放流,0.22168
2.96,0.7179661059375444,low_H,有放流,0.22168
2.965,0.7173468147074615,low_H,有放流,0.22168
2.97,0.7167280672089833,low_H,有放流,0.22168
2.975,0.7161098629472695,low_H,有放流,0.22168
2.98,0.7154922014279448,low_H,有放流,0.22168
2.985,0.7148750821570989,low_H,有放流,0.22168
2.99,0.7142585046412869,low_H,有放流,0.22168
2.995,0.713642468387529,low_H,有放流,0.22168
3.0,0.7130269729033103,low_H,有放流,0.22168
3.005,0.7124120176965812,low_H,有放流,0.22168
3.0100000000000002,0.7117976022757573,low_H,有放流,0.22168
3.015,0.7111837261497191,low_H,有放流,0.22168
3.02,0.7105703888278125,low_H,有放流,0.22168
3.025,0.7099575898198484,low_H,有放流,0.22168
3.0300000000000002,0.7093453286361027,low_H,有放流,0.22168
3.035,0.7087336047873167,low_H,有放流,0.22168
3.04,0.7081224177846968,low_H,有放流,0.22168
3.045,0.7075117671399141,low_H,有放流,0.22168
3.0500000000000003,0.7069016523651055,low_H,有放流,0.22168
3.055,0.7062920729728724,low_H,有放流,0.22168
3.06,0.705683028476282,low_H,有放流,0.22168
3.065,0.7050745183888659,low_H,有放流,0.22168
3.0700000000000003,0.7044665422246214,low_H,有放流,0.22168
3.075,0.7038590994980106,low_H,有放流,0.22168
3.08,0.7032521897239611,low_H,有放流,0.22168
3.085,0.7026458124178651,low_H,有放流,0.22168
3.09,0.7020399670955803,low_H,有放流,0.22168
3.095,0.7014346532734295,low_H,有放流,0.22168
3.1,0.7008298704682006,low_H,有放流,0.22168
3.105,0.7002256181971465,low_H,有放流,0.22168
3.11,0.6996218959779855,low_H,有放流,0.22168
3.115,0.6990187033289008,low_H,有放流,0.22168
3.12,0.6984160397685408,low_H,有放流,0.22168
3.125,0.697813904816019,low_H,有放流,0.22168
3.13,0.6972122979909143,low_H,有放流,0.22168
3.1350000000000002,0.6966112188132701,low_H,有放流,0.22168
3.14,0.6960106668035958,low_H,有放流,0.22168
3.145,0.6954106414828652,low_H,有放流,0.22168
3.15,0.6948111423725175,low_H,有放流,0.22168
3.1550000000000002,0.6942121689944571,low_H,有放流,0.22168
3.16,0.6936137208710534,low_H,有放流,0.22168
3.165,0.6930157975251412,low_H,有放流,0.22168
3.17,0.69241839848002,low_H,有放流,0.22168
3.1750000000000003,0.6918215232594547,low_H,有放流,0.22168
3.18,0.6912251713876753,low_H,有放流,0.22168
3.185,0.690629342389377,low_H,有放流,0.22168
3.19,0.6900340357897201,low_H,有放流,0.22168
3.1950000000000003,0.6894392511143297,low_H,有放流,0.22168
3.2,0.6888449878892967,low_H,有放流,0.22168
3.205,0.6882512456411765,low_H,有放流,0.22168
3.21,0.68765802389699,low_H,有放流,0.22168
3.215,0.6870653221842231,low_H,有放流,0.22168
3.22,0.6864731400308267,low_H,有放流,0.22168
3.225,0.6858814769652172,low_H,有放流,0.22168
3.23,0.6852903325162758,low_H,有放流,0.22168
3.235,0.6846997062133489,low_H,有放流,0.22168
3.24,0.6841095975862481,low_H,有放流,0.22168
3.245,0.6835200061652502,low_H,有放流,0.22168
3.25,0.6829309314810971,low_H,有放流,0.22168
3.255,0.6823423730649956,low_H,有放流,0.22168
3.2600000000000002,0.6817543304486177,low_H,有放流,0.22168
3.265,0.6811668031641008,low_H,有放流,0.22168
3.27,0.6805797907440474,low_H,有放流,0.22168
3.275,0.6799932927215248,low_H,有放流,0.22168
3.2800000000000002,0.6794073086300656,low_H,有放流,0.22168
3.285,0.6788218380036677,low_H,有放流,0.22168
3.29,0.6782368803767939,low_H,有放流,0.22168
3.295,0.6776524352843722,low_H,有放流,0.22168
3.3000000000000003,0.6770685022617959,low_H,有放流,0.22168
3.305,0.6764850808449232,low_H,有放流,0.22168
3.31,0.6759021705700776,low_H,有放流,0.22168
3.315,0.6753197709740475,low_H,有放流,0.22168
3.3200000000000003,0.6747378815940865,low_H,有放流,0.22168
3.325,0.6741565019679139,low_H,有放流,0.22168
3.33,0.6735756316337131,low_H,有放流,0.22168
3.335,0.6729952701301336,low_H,有放流,0.22168
3.34,0.6724154169962894,low_H,有放流,0.22168
3.345,0.6718360717717597,low_H,有放流,0.22168
3.35,0.6712572339965892,low_H,有放流,0.22168
3.355,0.6706789032112875,low_H,有放流,0.22168
3.36,0.6701010789568294,low_H,有放流,0.22168
3.365,0.6695237607746544,low_H,有放流,0.22168
3.37,0.6689469482066679,low_H,有放流,0.22168
3.375,0.6683706407952399,low_H,有放流,0.22168
3.38,0.6677948380832057,low_H,有放流,0.22168
3.3850000000000002,0.6672195396138656,low_H,有放流,0.22168
3.39,0.6666447449309852,low_H,有放流,0.22168
3.395,0.6660704535787952,low_H,有放流,0.22168
3.4,0.6654966651019913,low_H,有放流,0.22168
3.4050000000000002,0.6649233790457346,low_H,有放流,0.22168
3.41,0.664350594955651,low_H,有放流,0.22168
3.415,0.6637783123778317,low_H,有放流,0.22168
3.42,0.663206530858833,low_H,有放流,0.22168
3.4250000000000003,0.6626352499456764,low_H,有放流,0.22168
3.43,0.6620644691858486,low_H,有放流,0.22168
3.435,0.6614941881273011,low_H,有放流,0.22168
3.44,0.6609244063184508,low_H,有放流,0.22168
3.4450000000000003,0.6603551233081799,low_H,有放流,0.22168
3.45,0.6597863386458352,low_H,有放流,0.22168
3.455,0.6592180518812292,low_H,有放流,0.22168
3.46,0.6586502625646392,low_H,有放流,0.22168
3.465,0.6580829702468076,low_H,有放流,0.22168
3.47,0.6575161744789421,low_H,有放流,0.22168
3.475,0.6569498748127156,low_H,有放流,0.22168
3.48,0.6563840708002657,low_H,有放流,0.22168
3.485,0.6558187619941959,low_H,有放流,0.22168
3.49,0.6552539479475739,low_H,有放流,0.22168
3.495,0.6546896282139332,low_H,有放流,0.22168
3.5,0.6541258023472722,low_H,有放流,0.22168
3.505,0.6535624699020547,low_H,有放流,0.22168
3.5100000000000002,0.652999630433209,low_H,有放流,0.22168
3.515,0.6524372834961292,low_H,有放流,0.22168
3.52,0.6518754286466741,low_H,有放流,0.22168
3.525,0.651314065441168,low_H,有放流,0.22168
3.5300000000000002,0.6507531934363998,low_H,有放流,0.22168
3.535,0.6501928121896241,low_H,有放流,0.22168
3.54,0.6496329212585604,low_H,有放流,0.22168
3.545,0.6490735202013932,low_H,有放流,0.22168
3.5500000000000003,0.6485146085767723,low_H,有放流,0.22168
3.555,0.6479561859438125,low_H,有放流,0.22168
3.56,0.647398251862094,low_H,有放流,0.22168
3.565,0.6468408058916619,low_H,有放流,0.22168
3.5700000000000003,0.6462838475930263,low_H,有放流,0.22168
3.575,0.6457273765271627,low_H,有放流,0.22168
3.58,0.6451713922555118,low_H,有放流,0.22168
3.585,0.6446158943010497,low_H,有放流,0.22168
3.59,0.644060882165022,low_H,有放流,0.22168
3.595,0.6435063554127107,low_H,有放流,0.22168
3.6,0.6429523136106317,low_H,有放流,0.22168
3.605,0.6423987563256517,low_H,有放流,0.22168
3.61,0.64184568312499,low_H,有放流,0.22168
3.615,0.6412930935762171,low_H,有放流,0.22168
3.62,0.6407409872472553,low_H,有放流,0.22168
3.625,0.6401893637063787,low_H,有放流,0.22168
3.63,0.6396382225222129,low_H,有放流,0.22168
3.6350000000000002,0.6390875632637355,low_H,有放流,0.22168
3.64,0.6385373855002756,low_H,有放流,0.22168
3.645,0.6379876888015139,low_H,有放流,0.22168
3.65,0.637438472737483,low_H,有放流,0.22168
3.6550000000000002,0.6368897368785672,low_H,有放流,0.22168
3.66,0.6363414807955023,low_H,有放流,0.22168
3.665,0.6357937040593761,low_H,有放流,0.22168
3.67,0.6352464062416278,low_H,有放流,0.22168
3.6750000000000003,0.6346995869140485,low_H,有放流,0.22168
3.68,0.6341532456487808,low_H,有放流,0.22168
3.685,0.6336073820183193,low_H,有放流,0.22168
3.69,0.6330619955955101,low_H,有放流,0.22168
3.6950000000000003,0.632517085953551,low_H,有放流,0.22168
3.7,0.6319726526659916,low_H,有放流,0.22168
3.705,0.6314286953067331,low_H,有放流,0.22168
3.71,0.6308852134500283,low_H,有放流,0.22168
3.715,0.630342206670482,low_H,有放流,0.22168
3.72,0.6297996745430505,low_H,有放流,0.22168
3.725,0.6292576166430418,low_H,有放流,0.22168
3.73,0.6287160325461157,low_H,有放流,0.22168
3.735,0.6281749218282837,low_H,有放流,0.22168
3.74,0.6276342840659087,low_H,有放流,0.22168
3.745,0.6270941188357058,low_H,有放流,0.22168
3.75,0.6265544257147414,low_H,有放流,0.22168
3.755,0.6260152042804338,low_H,有放流,0.22168
3.7600000000000002,0.6254764541105529,low_H,有放流,0.22168
3.765,0.6249381747832202,low_H,有放流,0.22168
3.77,0.6244003658769094,low_H,有放流,0.22168
3.775,0.6238630269704453,low_H,有放流,0.22168
3.7800000000000002,0.6233261576430046,low_H,有放流,0.22168
3.785,0.6227897574741159,low_H,有放流,0.22168
3.79,0.6222538260436592,low_H,有放流,0.22168
3.795,0.6217183629318666,low_H,有放流,0.22168
3.8000000000000003,0.6211833677193213,low_H,有放流,0.22168
3.805,0.6206488399869586,low_H,有放流,0.22168
3.81,0.6201147793160657,low_H,有放流,0.22168
3.815,0.6195811852882812,low_H,有放流,0.22168
3.8200000000000003,0.6190480574855952,low_H,有放流,0.22168
3.825,0.61851539549035,low_H,有放流,0.22168
3.83,0.6179831988852391,low_H,有放流,0.22168
3.835,0.6174514672533082,low_H,有放流,0.22168
3.84,0.6169202001779543,low_H,有放流,0.22168
3.845,0.6163893972429263,low_H,有放流,0.22168
3.85,0.6158590580323248,low_H,有放流,0.22168
3.855,0.615329182130602,low_H,有放流,0.22168
3.86,0.6147997691225617,low_H,有放流,0.22168
3.865,0.6142708185933597,low_H,有放流,0.22168
3.87,0.6137423301285035,low_H,有放流,0.22168
3.875,0.613214303313852,low_H,有放流,0.22168
3.88,0.6126867377356159,low_H,有放流,0.22168
3.8850000000000002,0.6121596329803576,low_H,有放流,0.22168
3.89,0.6116329886349915,low_H,有放流,0.22168
3.895,0.6111068042867833,low_H,有放流,0.22168
3.9,0.6105810795233505,low_H,有放流,0.22168
3.9050000000000002,0.6100558139326625,low_H,有放流,0.22168
3.91,0.6095310071030401,low_H,有放流,0.22168
3.915,0.6090066586231562,low_H,有放流,0.22168
3.92,0.6084827680820348,low_H,有放流,0.22168
3.9250000000000003,0.6079593350690522,low_H,有放流,0.22168
3.93,0.6074363591739361,low_H,有放流,0.22168
3.935,0.6069138399867661,low_H,有放流,0.22168
3.94,0.6063917770979731,low_H,有放流,0.22168
3.9450000000000003,0.6058701700983401,low_H,有放流,0.22168
3.95,0.6053490185790017,low_H,有放流,0.22168
3.955,0.6048283221314441,low_H,有放流,0.22168
3.96,0.6043080803475053,low_H,有放流,0.22168
3.9650000000000003,0.6037882928193748,low_H,有放流,0.22168
3.97,0.6032689591395942,low_H,有放流,0.22168
3.975,0.6027500789010565,low_H,有放流,0.22168
3.98,0.6022316516970063,low_H,有放流,0.22168
3.985,0.6017136771210402,low_H,有放流,0.22168
3.99,0.6011961547671063,low_H,有放流,0.22168
3.995,0.6006790842295047,low_H,有放流,0.22168
4.0,0.6001624651028866,low_H,有放流,0.22168
4.005,0.5996462969822555,low_H,有放流,0.22168
4.01,0.5991305794629662,low_H,有放流,0.22168
4.015,0.5986153121407256,low_H,有放流,0.22168
4.0200000000000005,0.5981004946115918,low_H,有放流,0.22168
4.025,0.5975861264719751,low_H,有放流,0.22168
4.03,0.5970722073186372,low_H,有放流,0.22168
4.035,0.5965587367486914,low_H,有放流,0.22168
4.04,0.5960457143596032,low_H,有放流,0.22168
4.045,0.5955331397491892,low_H,有放流,0.22168
4.05,0.595021012515618,low_H,有放流,0.22168
4.055,0.59450933225741,low_H,有放流,0.22168
4.0600000000000005,0.5939980985734369,low_H,有放流,0.22168
4.065,0.5934873110629226,low_H,有放流,0.22168
4.07,0.5929769693254425,low_H,有放流,0.22168
4.075,0.5924670729609237,low_H,有放流,0.22168
4.08,0.5919576215696447,low_H,有放流,0.22168
4.085,0.5914486147522363,low_H,有放流,0.22168
4.09,0.5909400521096804,low_H,有放流,0.22168
4.095,0.590431933243311,low_H,有放流,0.22168
4.1,0.5899242577548137,low_H,有放流,0.22168
4.105,0.5894170252462257,low_H,有放流,0.22168
4.11,0.588910235319936,low_H,有放流,0.22168
4.115,0.5884038875786854,low_H,有放流,0.22168
4.12,0.5878979816255661,low_H,有放流,0.22168
4.125,0.5873925170640223,low_H,有放流,0.22168
4.13,0.5868874934978496,low_H,有放流,0.22168
4.135,0.5863829105311957,low_H,有放流,0.22168
4.14,0.5858787677685597,low_H,有放流,0.22168
4.1450000000000005,0.5853750648147923,low_H,有放流,0.22168
4.15,0.5848718012750964,low_H,有放流,0.22168
4.155,0.584368976755026,low_H,有放流,0.22168
4.16,0.5838665908604873,low_H,有放流,0.22168
4.165,0.5833646431977378,low_H,有放流,0.22168
4.17,0.582863133373387,low_H,有放流,0.22168
4.175,0.5823620609943959,low_H,有放流,0.22168
4.18,0.5818614256680774,low_H,有放流,0.22168
4.1850000000000005,0.5813612270020957,low_H,有放流,0.22168
4.19,0.5808614646044674,low_H,有放流,0.22168
4.195,0.5803621380835601,low_H,有放流,0.22168
4.2,0.5798632470480934,low_H,有放流,0.22168
4.205,0.5793647911071387,low_H,有放流,0.22168
4.21,0.578866769870119,low_H,有放流,0.22168
4.215,0.5783691829468087,low_H,有放流,0.22168
4.22,0.5778720299473346,low_H,有放流,0.22168
4.225,0.5773753104821745,low_H,有放流,0.22168
4.23,0.5768790241621582,low_H,有放流,0.22168
4.235,0.5763831705984672,low_H,有放流,0.22168
4.24,0.5758877494026349,low_H,有放流,0.22168
4.245,0.575392760186546,low_H,有放流,0.22168
4.25,0.5748982025624371,low_H,有放流,0.22168
4.255,0.5744040761428966,low_H,有放流,0.22168
4.26,0.5739103805408642,low_H,有放流,0.22168
4.265,0.5734171153696319,low_H,有放流,0.22168
4.2700000000000005,0.5729242802428429,low_H,有放流,0.22168
4.275,0.5724318747744924,low_H,有放流,0.22168
4.28,0.5719398985789272,low_H,有放流,0.22168
4.285,0.5714483512708458,low_H,有放流,0.22168
4.29,0.5709572324652983,low_H,有放流,0.22168
4.295,0.5704665417776866,low_H,有放流,0.22168
4.3,0.5699762788237644,low_H,有放流,0.22168
4.305,0.5694864432196369,low_H,有放流,0.22168
4.3100000000000005,0.5689970345817611,low_H,有放流,0.22168
4.315,0.5685080525269457,low_H,有放流,0.22168
4.32,0.5680194966723512,low_H,有放流,0.22168
4.325,0.5675313666354895,low_H,有放流,0.22168
4.33,0.5670436620342246,low_H,有放流,0.22168
4.335,0.5665563824867719,low_H,有放流,0.22168
4.34,0.5660695276116985,low_H,有放流,0.22168
4.345,0.5655830970279235,low_H,有放流,0.22168
4.3500000000000005,0.5650970903547172,low_H,有放流,0.22168
4.355,0.5646115072117023,low_H,有放流,0.22168
4.36,0.5641263472188526,low_H,有放流,0.22168
4.365,0.5636416099964937,low_H,有放流,0.22168
4.37,0.5631572951653031,low_H,有放流,0.22168
4.375,0.5626734023463099,low_H,有放流,0.22168
4.38,0.562189931160895,low_H,有放流,0.22168
4.385,0.5617068812307907,low_H,有放流,0.22168
4.39,0.5612242521780813,low_H,有放流,0.22168
4.3950000000000005,0.5607420436252026,low_H,有放流,0.22168
4.4,0.5602602551949425,low_H,有放流,0.22168
4.405,0.55977888651044,low_H,有放流,0.22168
4.41,0.5592979371951863,low_H,有放流,0.22168
4.415,0.558817406873024,low_H,有放流,0.22168
4.42,0.5583372951681473,low_H,有放流,0.22168
4.425,0.5578576017051028,low_H,有放流,0.22168
4.43,0.5573783261087879,low_H,有放流,0.22168
4.4350000000000005,0.5568994680044522,low_H,有放流,0.22168
4.44,0.5564210270176971,low_H,有放流,0.22168
4.445,0.5559430027744753,low_H,有放流,0.22168
4.45,0.5554653949010915,low_H,有放流,0.22168
4.455,0.5549882030242019,low_H,有放流,0.22168
4.46,0.5545114267708146,low_H,有放流,0.22168
4.465,0.5540350657682893,low_H,有放流,0.22168
4.47,0.5535591196443375,low_H,有放流,0.22168
4.4750000000000005,0.553083588027022,low_H,有放流,0.22168
4.48,0.5526084705447579,low_H,有放流,0.22168
4.485,0.5521337668263117,low_H,有放流,0.22168
4.49,0.5516594765008015,low_H,有放流,0.22168
4.495,0.5511855991976973,low_H,有放流,0.22168
4.5,0.5507121345468207,low_H,有放流,0.22168
4.505,0.5502390821783449,low_H,有放流,0.22168
4.51,0.549766441722795,low_H,有放流,0.22168
4.515,0.5492942128110477,low_H,有放流,0.22168
4.5200000000000005,0.5488223950743315,low_H,有放流,0.22168
4.525,0.5483509881442263,low_H,有放流,0.22168
4.53,0.5478799916526642,low_H,有放流,0.22168
4.535,0.5474094052319286,low_H,有放流,0.22168
4.54,0.5469392285146546,low_H,有放流,0.22168
4.545,0.5464694611338293,low_H,有放流,0.22168
4.55,0.5460001027227912,low_H,有放流,0.22168
4.555,0.5455311529152306,low_H,有放流,0.22168
4.5600000000000005,0.5450626113451895,low_H,有放流,0.22168
4.565,0.5445944776470617,low_H,有放流,0.22168
4.57,0.5441267514555927,low_H,有放流,0.22168
4.575,0.5436594324058796,low_H,有放流,0.22168
4.58,0.5431925201333709,low_H,有放流,0.22168
4.585,0.5427260142738676,low_H,有放流,0.22168
4.59,0.5422599144635215,low_H,有放流,0.22168
4.595,0.5417942203388368,low_H,有放流,0.22168
4.6000000000000005,0.541328931536669,low_H,有放流,0.22168
4.605,0.5408640476942255,low_H,有放流,0.22168
4.61,0.5403995684490652,low_H,有放流,0.22168
4.615,0.539935493439099,low_H,有放流,0.22168
4.62,0.5394718223025892,low_H,有放流,0.22168
4.625,0.5390085546781499,low_H,有放流,0.22168
4.63,0.538545690204747,low_H,有放流,0.22168
4.635,0.538083228521698,low_H,有放流,0.22168
4.64,0.5376211692686721,low_H,有放流,0.22168
4.6450000000000005,0.5371595120856902,low_H,有放流,0.22168
4.65,0.5366982566131251,low_H,有放流,0.22168
4.655,0.5362374024917009,low_H,有放流,0.22168
4.66,0.5357769493624939,low_H,有放流,0.22168
4.665,0.5353168968669315,low_H,有放流,0.22168
4.67,0.5348572446467934,low_H,有放流,0.22168
4.675,0.5343979923442106,low_H,有放流,0.22168
4.68,0.5339391396016661,low_H,有放流,0.22168
4.6850000000000005,0.533480686061994,low_H,有放流,0.22168
4.69,0.5330226313683809,low_H,有放流,0.22168
4.695,0.5325649751643647,low_H,有放流,0.22168
4.7,0.5321077170938351,low_H,有放流,0.22168
4.705,0.5316508568010332,low_H,有放流,0.22168
4.71,0.5311943939305521,low_H,有放流,0.22168
4.715,0.5307383281273367,low_H,有放流,0.22168
4.72,0.5302826590366831,low_H,有放流,0.22168
4.7250000000000005,0.5298273863042398,low_H,有放流,0.22168
4.73,0.5293725095760065,low_H,有放流,0.22168
4.735,0.5289180284983347,low_H,有放流,0.22168
4.74,0.5284639427179276,low_H,有放流,0.22168
4.745,0.5280102518818403,low_H,有放流,0.22168
4.75,0.5275569556374793,low_H,有放流,0.22168
4.755,0.527104053632603,low_H,有放流,0.22168
4.76,0.5266515455153213,low_H,有放流,0.22168
4.765,0.5261994309340962,low_H,有放流,0.22168
4.7700000000000005,0.5257477095377407,low_H,有放流,0.22168
4.775,0.5252963809754204,low_H,有放流,0.22168
4.78,0.524845444896652,low_H,有放流,0.22168
4.785,0.524394900951304,low_H,有放流,0.22168
4.79,0.5239447487895966,low_H,有放流,0.22168
4.795,0.5234949880621018,low_H,有放流,0.22168
4.8,0.5230456184197432,low_H,有放流,0.22168
4.805,0.5225966395137962,low_H,有放流,0.22168
4.8100000000000005,0.5221480509958878,low_H,有放流,0.22168
4.815,0.5216998525179967,low_H,有放流,0.22168
4.82,0.5212520437324535,low_H,有放流,0.22168
4.825,0.5208046242919402,low_H,有放流,0.22168
4.83,0.5203575938494907,low_H,有放流,0.22168
4.835,0.5199109520584905,low_H,有放流,0.22168
4.84,0.5194646985726769,low_H,有放流,0.22168
4.845,0.5190188330461387,low_H,有放流,0.22168
4.8500000000000005,0.5185733551333168,low_H,有放流,0.22168
4.855,0.5181282644890034,low_H,有放流,0.22168
4.86,0.5176835607683425,low_H,有放流,0.22168
4.865,0.51723924362683,low_H,有放流,0.22168
4.87,0.5167953127203133,low_H,有放流,0.22168
4.875,0.5163517677049915,low_H,有放流,0.22168
4.88,0.5159086082374154,low_H,有放流,0.22168
4.885,0.5154658339744876,low_H,有放流,0.22168
4.89,0.5150234445734625,low_H,有放流,0.22168
4.8950000000000005,0.5145814396919457,low_H,有放流,0.22168
4.9,0.5141398189878952,low_H,有放流,0.22168
4.905,0.51369858211962,low_H,有放流,0.22168
4.91,0.5132577287317256,low_H,有放流,0.22168
4.915,0.5128172584261499,low_H,有放流,0.22168
4.92,0.5123771708585132,low_H,有放流,0.22168
4.925,0.5119374656911398,low_H,有放流,0.22168
4.93,0.5114981425866223,low_H,有放流,0.22168
4.9350000000000005,0.5110592012078218,low_H,有放流,0.22168
4.94,0.5106206412178684,low_H,有放流,0.22168
4.945,0.5101824622801606,low_H,有放流,0.22168
4.95,0.5097446640583653,low_H,有放流,0.22168
4.955,0.509307246216418,low_H,有放流,0.22168
4.96,0.5088702084185229,low_H,有放流,0.22168
4.965,0.508433550329153,low_H,有放流,0.22168
4.97,0.5079972716130495,low_H,有放流,0.22168
4.9750000000000005,0.5075613719352222,low_H,有放流,0.22168
4.98,0.5071258509609499,low_H,有放流,0.22168
4.985,0.5066907083557793,low_H,有放流,0.22168
4.99,0.5062559437855265,low_H,有放流,0.22168
4.995,0.5058215569162755,low_H,有放流,0.22168
5.0,0.5053875474143792,low_H,有放流,0.22168
5.005,0.5049539149464589,low_H,有放流,0.22168
5.01,0.5045206591794048,low_H,有放流,0.22168
5.015,0.5040877797803753,low_H,有放流,0.22168
5.0200000000000005,0.5036552764167975,low_H,有放流,0.22168
5.025,0.5032231487563674,low_H,有放流,0.22168
5.03,0.5027913964670492,low_H,有放流,0.22168
5.035,0.5023600192170757,low_H,有放流,0.22168
5.04,0.5019290166749486,low_H,有放流,0.22168
5.045,0.5014983885094377,low_H,有放流,0.22168
5.05,0.5010681343895818,low_H,有放流,0.22168
5.055,0.5006382539846881,low_H,有放流,0.22168
5.0600000000000005,0.5002087469643323,low_H,有放流,0.22168
5.065,0.49977961299835894,low_H,有放流,0.22168
5.07,0.49935085175688093,low_H,有放流,0.22168
5.075,0.4989224629102798,low_H,有放流,0.22168
5.08,0.49849444612920574,low_H,有放流,0.22168
5.085,0.49806680108457735,low_H,有放流,0.22168
5.09,0.49763952744758205,low_H,有放流,0.22168
5.095,0.4972126248896756,low_H,有放流,0.22168
5.1000000000000005,0.4967860930825824,low_H,有放流,0.22168
5.105,0.49635993169829573,low_H,有放流,0.22168
5.11,0.4959341404090771,low_H,有放流,0.22168
5.115,0.49550871888745657,low_H,有放流,0.22168
5.12,0.495083666806233,low_H,有放流,0.22168
5.125,0.49465898383847384,low_H,有放流,0.22168
5.13,0.4942346696575149,low_H,有放流,0.22168
5.135,0.49381072393696074,low_H,有放流,0.22168
5.14,0.4933871463506845,low_H,有放流,0.22168
5.1450000000000005,0.4929639365728278,low_H,有放流,0.22168
5.15,0.4925410942778009,low_H,有放流,0.22168
5.155,0.49211861914028276,low_H,有放流,0.22168
5.16,0.4916965108352207,low_H,有放流,0.22168
5.165,0.4912747690378308,low_H,有放流,0.22168
5.17,0.4908533934235975,low_H,有放流,0.22168
5.175,0.4904323836682742,low_H,有放流,0.22168
5.18,0.4900117394478824,low_H,有放流,0.22168
5.1850000000000005,0.48959146043871254,low_H,有放流,0.22168
5.19,0.4891715463173236,low_H,有放流,0.22168
5.195,0.48875199676054304,low_H,有放流,0.22168
5.2,0.48833281144546686,low_H,有放流,0.22168
5.205,0.4879139900494598,low_H,有放流,0.22168
5.21,0.487495532250155,low_H,有放流,0.22168
5.215,0.48707743772545437,low_H,有放流,0.22168
5.22,0.48665970615352827,low_H,有放流,0.22168
5.2250000000000005,0.4862423372128156,low_H,有放流,0.22168
5.23,0.4858253305820241,low_H,有放流,0.22168
5.235,0.48540868594012976,low_H,有放流,0.22168
5.24,0.48499240296637736,low_H,有放流,0.22168
5.245,0.4845764813402802,low_H,有放流,0.22168
5.25,0.48416092074162015,low_H,有放流,0.22168
5.255,0.4837457208504477,low_H,有放流,0.22168
5.26,0.48333088134708185,low_H,有放流,0.22168
5.265,0.48291640191211027,low_H,有放流,0.22168
5.2700000000000005,0.4825022822263891,low_H,有放流,0.22168
5.275,0.4820885219710432,low_H,有放流,0.22168
5.28,0.48167512082746594,low_H,有放流,0.22168
5.285,0.4812620784773193,low_H,有放流,0.22168
5.29,0.4808493946025337,low_H,有放流,0.22168
5.295,0.4804370688853083,low_H,有放流,0.22168
5.3,0.48002510100811085,low_H,有放流,0.22168
5.305,0.47961349065367753,low_H,有放流,0.22168
5.3100000000000005,0.47920223750501323,low_H,有放流,0.22168
5.315,0.47879134124539147,low_H,有放流,0.22168
5.32,0.47838080155835416,low_H,有放流,0.22168
5.325,0.47797061812771197,low_H,有放流,0.22168
5.33,0.4775607906375441,low_H,有放流,0.22168
5.335,0.4771513187721982,low_H,有放流,0.22168
5.34,0.47674220221629066,low_H,有放流,0.22168
5.345,0.47633344065470645,low_H,有放流,0.22168
5.3500000000000005,0.475925033772599,low_H,有放流,0.22168
5.355,0.47551698125539044,low_H,有放流,0.22168
5.36,0.47510928278877146,low_H,有放流,0.22168
5.365,0.47470193805870126,low_H,有放流,0.22168
5.37,0.4742949467514077,low_H,有放流,0.22168
5.375,0.4738883085533872,low_H,有放流,0.22168
5.38,0.4734820231514047,low_H,有放流,0.22168
5.385,0.4730760902324938,low_H,有放流,0.22168
5.39,0.4726705094839566,low_H,有放流,0.22168
5.3950000000000005,0.4722652805933639,low_H,有放流,0.22168
5.4,0.47186040324855505,low_H,有放流,0.22168
5.405,0.4714558771376378,low_H,有放流,0.22168
5.41,0.47105170194898877,low_H,有放流,0.22168
5.415,0.470647877371253,low_H,有放流,0.22168
5.42,0.47024440309334403,low_H,有放流,0.22168
5.425,0.4698412788044442,low_H,有放流,0.22168
5.43,0.46943850419400424,low_H,有放流,0.22168
5.4350000000000005,0.46903607895174343,low_H,有放流,0.22168
5.44,0.4686340027676499,low_H,有放流,0.22168
5.445,0.4682322753319802,low_H,有放流,0.22168
5.45,0.4678308963352593,low_H,有放流,0.22168
5.455,0.4674298654682811,low_H,有放流,0.22168
5.46,0.4670291824221077,low_H,有放流,0.22168
5.465,0.4666288468880701,low_H,有放流,0.22168
5.47,0.4662288585577677,low_H,有放流,0.22168
5.4750000000000005,0.4658292171230684,low_H,有放流,0.22168
5.48,0.465429922276109,low_H,有放流,0.22168
5.485,0.4650309737092947,low_H,有放流,0.22168
5.49,0.4646323711152992,low_H,有放流,0.22168
5.495,0.4642341141870648,low_H,有放流,0.22168
5.5,0.4638362026178025,low_H,有放流,0.22168
5.505,0.4634386361009918,low_H,有放流,0.22168
5.51,0.4630414143303808,low_H,有放流,0.22168
5.515,0.4626445369999862,low_H,有放流,0.22168
5.5200000000000005,0.46224800380409314,low_H,有放流,0.22168
5.525,0.46185181443725565,low_H,有放流,0.22168
5.53,0.461455968594296,low_H,有放流,0.22168
5.535,0.46106046597030526,low_H,有放流,0.22168
5.54,0.46066530626064306,low_H,有放流,0.22168
5.545,0.46027048916093743,low_H,有放流,0.22168
5.55,0.4598760143670852,low_H,有放流,0.22168
5.555,0.4594818815752517,low_H,有放流,0.22168
5.5600000000000005,0.45908809048187077,low_H,有放流,0.22168
5.565,0.45869464078364497,low_H,有放流,0.22168
5.57,0.4583015321775453,low_H,有放流,0.22168
5.575,0.45790876436081157,low_H,有放流,0.22168
5.58,0.45751633703095185,low_H,有放流,0.22168
5.585,0.45712424988574296,low_H,有放流,0.22168
5.59,0.45673250262323034,low_H,有放流,0.22168
5.595,0.4563410949417279,low_H,有放流,0.22168
5.6000000000000005,0.4559500265398183,low_H,有放流,0.22168
5.605,0.4555592971163526,low_H,有放流,0.22168
5.61,0.45516890637045054,low_H,有放流,0.22168
5.615,0.4547788540015005,low_H,有放流,0.22168
5.62,0.4543891397091592,low_H,有放流,0.22168
5.625,0.45399976319335217,low_H,有放流,0.22168
5.63,0.45361072415427345,low_H,有放流,0.22168
5.635,0.4532220222923857,low_H,有放流,0.22168
5.64,0.45283365730842007,low_H,有放流,0.22168
5.6450000000000005,0.45244562890337625,low_H,有放流,0.22168
5.65,0.45205793677852285,low_H,有放流,0.22168
5.655,0.45167058063539667,low_H,有放流,0.22168
5.66,0.4512835601758032,low_H,有放流,0.22168
5.665,0.45089687510181664,low_H,有放流,0.22168
5.67,0.4505105251157796,low_H,有放流,0.22168
5.675,0.45012450992030345,low_H,有放流,0.22168
5.68,0.4497388292182679,low_H,有放流,0.22168
5.6850000000000005,0.44935348271282144,low_H,有放流,0.22168
5.69,0.44896847010738117,low_H,有放流,0.22168
5.695,0.4485837911056326,low_H,有放流,0.22168
5.7,0.4481994454115299,low_H,有放流,0.22168
5.705,0.44781543272929586,low_H,有放流,0.22168
5.71,0.44743175276342184,low_H,有放流,0.22168
5.715,0.4470484052186677,low_H,有放流,0.22168
5.72,0.44666538980006193,low_H,有放流,0.22168
5.7250000000000005,0.44628270621290156,low_H,有放流,0.22168
5.73,0.4459003541627524,low_H,有放流,0.22168
5.735,0.44551833335544866,low_H,有放流,0.22168
5.74,0.44513664349709314,low_H,有放流,0.22168
5.745,0.4447552842940572,low_H,有放流,0.22168
5.75,0.4443742554529808,low_H,有放流,0.22168
5.755,0.4439935566807726,low_H,有放流,0.22168
5.76,0.4436131876846097,low_H,有放流,0.22168
5.765,0.4432331481719379,low_H,有放流,0.22168
5.7700000000000005,0.44285343785047127,low_H,有放流,0.22168
5.775,0.44247405642819304,low_H,有放流,0.22168
5.78,0.4420950036133544,low_H,有放流,0.22168
5.785,0.44171627911447564,low_H,有放流,0.22168
5.79,0.4413378826403452,low_H,有放流,0.22168
5.795,0.44095981390002037,low_H,有放流,0.22168
5.8,0.44058207260282695,low_H,有放流,0.22168
5.805,0.44020465845835927,low_H,有放流,0.22168
5.8100000000000005,0.4398275711764803,low_H,有放流,0.22168
5.815,0.4394508104673216,low_H,有放流,0.22168
5.82,0.43907437604128335,low_H,有放流,0.22168
5.825,0.4386982676090342,low_H,有放流,0.22168
5.83,0.4383224848815114,low_H,有放流,0.22168
5.835,0.4379470275699208,low_H,有放流,0.22168
5.84,0.43757189538573693,low_H,有放流,0.22168
5.845,0.4371970880407027,low_H,有放流,0.22168
5.8500000000000005,0.43682260524682975,low_H,有放流,0.22168
5.855,0.4364484467163983,low_H,有放流,0.22168
5.86,0.4360746121619572,low_H,有放流,0.22168
5.865,0.43570110129632367,low_H,有放流,0.22168
5.87,0.4353279138325836,low_H,有放流,0.22168
5.875,0.4349550494840917,low_H,有放流,0.22168
5.88,0.4345825079644709,low_H,有放流,0.22168
5.885,0.4342102889876129,low_H,有放流,0.22168
5.89,0.43383839226767795,low_H,有放流,0.22168
5.8950000000000005,0.4334668175190948,low_H,有放流,0.22168
5.9,0.43309556445656106,low_H,有放流,0.22168
5.905,0.43272463279504264,low_H,有放流,0.22168
5.91,0.4323540222497741,low_H,有放流,0.22168
5.915,0.43198373253625866,low_H,有放流,0.22168
5.92,0.4316137633702679,low_H,有放流,0.22168
5.925,0.43124411446784233,low_H,有放流,0.22168
5.93,0.43087478554529074,low_H,有放流,0.22168
5.9350000000000005,0.43050577631919057,low_H,有放流,0.22168
5.94,0.430137086506388,low_H,有放流,0.22168
5.945,0.4297687158239976,low_H,有放流,0.22168
5.95,0.4294006639894027,low_H,有放流,0.22168
5.955,0.429032930720255,low_H,有放流,0.22168
5.96,0.42866551573447487,low_H,有放流,0.22168
5.965,0.42829841875025143,low_H,有放流,0.22168
5.97,0.427931639486042,low_H,有放流,0.22168
5.9750000000000005,0.42756517766057284,low_H,有放流,0.22168
5.98,0.42719903299283873,low_H,有放流,0.22168
5.985,0.4268332052021029,low_H,有放流,0.22168
5.99,0.4264676940078972,low_H,有放流,0.22168
5.995,0.42610249913002207,low_H,有放流,0.22168
6.0,0.42573762028854656,low_H,有放流,0.22168
6.005,0.42537305720380836,low_H,有放流,0.22168
6.01,0.4250088095964135,low_H,有放流,0.22168
6.015000000000001,0.4246448771872369,low_H,有放流,0.22168
6.0200000000000005,0.4242812596974219,low_H,有放流,0.22168
6.025,0.4239179568483805,low_H,有放流,0.22168
6.03,0.42355496836179307,low_H,有放流,0.22168
6.035,0.4231922939596089,low_H,有放流,0.22168
6.04,0.42282993336404545,low_H,有放流,0.22168
6.045,0.42246788629758913,low_H,有放流,0.22168
6.05,0.42210615248299477,low_H,有放流,0.22168
6.055,0.42174473164328574,low_H,有放流,0.22168
6.0600000000000005,0.42138362350175407,low_H,有放流,0.22168
6.065,0.42102282778196043,low_H,有放流,0.22168
6.07,0.42066234420773396,low_H,有放流,0.22168
6.075,0.42030217250317237,low_H,有放流,0.22168
6.08,0.41994231239264196,low_H,有放流,0.22168
6.085,0.4195827636007777,low_H,有放流,0.22168
6.09,0.41922352585248307,low_H,有放流,0.22168
6.095,0.4188645988729301,low_H,有放流,0.22168
6.1000000000000005,0.41850598238755954,low_H,有放流,0.22168
6.105,0.41814767612208054,low_H,有放流,0.22168
6.11,0.41778967980247095,low_H,有放流,0.22168
6.115,0.41743199315497725,low_H,有放流,0.22168
6.12,0.4170746159061143,low_H,有放流,0.22168
6.125,0.4167175477826657,low_H,有放流,0.22168
6.13,0.41636078851168357,low_H,有放流,0.22168
6.135,0.41600433782048873,low_H,有放流,0.22168
6.140000000000001,0.4156481954366703,low_H,有放流,0.22168
6.1450000000000005,0.4152923610880863,low_H,有放流,0.22168
6.15,0.4149368345028633,low_H,有放流,0.22168
6.155,0.41458161540939614,low_H,有放流,0.22168
6.16,0.4142267035363485,low_H,有放流,0.22168
6.165,0.4138720986126527,low_H,有放流,0.22168
6.17,0.4135178003675094,low_H,有放流,0.22168
6.175,0.41316380853038803,low_H,有放流,0.22168
6.18,0.4128101228310265,low_H,有放流,0.22168
6.1850000000000005,0.41245674299943136,low_H,有放流,0.22168
6.19,0.4121036687658778,low_H,有放流,0.22168
6.195,0.4117508998609094,low_H,有放流,0.22168
6.2,0.41139843601533854,low_H,有放流,0.22168
6.205,0.411046276960246,low_H,有放流,0.22168
6.21,0.4106944224269813,low_H,有放流,0.22168
6.215,0.4103428721471623,low_H,有放流,0.22168
6.22,0.4099916258526758,low_H,有放流,0.22168
6.2250000000000005,0.4096406832756768,low_H,有放流,0.22168
6.23,0.4092900441485892,low_H,有放流,0.22168
6.235,0.40893970820410536,low_H,有放流,0.22168
6.24,0.4085896751751861,low_H,有放流,0.22168
6.245,0.40823994478392045,low_H,有放流,0.22168
6.25,0.4078905167215313,low_H,有放流,0.22168
6.255,0.4075413907195464,low_H,有放流,0.22168
6.26,0.407192566514077,low_H,有放流,0.22168
6.265000000000001,0.4068440438414407,low_H,有放流,0.22168
6.2700000000000005,0.4064958224381619,low_H,有放流,0.22168
6.275,0.4061479020409714,low_H,有放流,0.22168
6.28,0.40580028238680654,low_H,有放流,0.22168
6.285,0.4054529632128112,low_H,有放流,0.22168
6.29,0.4051059442563359,low_H,有放流,0.22168
6.295,0.4047592252549375,low_H,有放流,0.22168
6.3,0.4044128059463797,low_H,有放流,0.22168
6.305,0.4040666860686324,low_H,有放流,0.22168
6.3100000000000005,0.4037208653598723,low_H,有放流,0.22168
6.315,0.4033753435584826,low_H,有放流,0.22168
6.32,0.40303012040305297,low_H,有放流,0.22168
6.325,0.40268519563237964,low_H,有放流,0.22168
6.33,0.4023405689854654,low_H,有放流,0.22168
6.335,0.40199624020151964,low_H,有放流,0.22168
6.34,0.40165220901995813,low_H,有放流,0.22168
6.345,0.40130847518040336,low_H,有放流,0.22168
6.3500000000000005,0.4009650384226842,low_H,有放流,0.22168
6.355,0.4006218984868363,low_H,有放流,0.22168
6.36,0.4002790551131017,low_H,有放流,0.22168
6.365,0.3999365080419288,low_H,有放流,0.22168
6.37,0.3995942570139729,low_H,有放流,0.22168
6.375,0.39925230177009563,low_H,有放流,0.22168
6.38,0.39891064205136517,low_H,有放流,0.22168
6.385,0.3985692775990563,low_H,有放流,0.22168
6.390000000000001,0.3982282081546503,low_H,有放流,0.22168
6.3950000000000005,0.3978874334598351,low_H,有放流,0.22168
6.4,0.397546953256505,low_H,有放流,0.22168
6.405,0.39720676728676096,low_H,有放流,0.22168
6.41,0.3968668752929105,low_H,有放流,0.22168
6.415,0.39652727701746754,low_H,有放流,0.22168
6.42,0.3961879722031527,low_H,有放流,0.22168
6.425,0.39584896059289304,low_H,有放流,0.22168
6.43,0.39551024192982226,low_H,有放流,0.22168
6.4350000000000005,0.39517181595728046,low_H,有放流,0.22168
6.44,0.39483368241881445,low_H,有放流,0.22168
6.445,0.3944958410581775,low_H,有放流,0.22168
6.45,0.39415829161932936,low_H,有放流,0.22168
6.455,0.39382103384643646,low_H,有放流,0.22168
6.46,0.39348406748387166,low_H,有放流,0.22168
6.465,0.3931473922762144,low_H,有放流,0.22168
6.47,0.39281100796825075,low_H,有放流,0.22168
6.4750000000000005,0.392474914304973,low_H,有放流,0.22168
6.48,0.3921391110315805,low_H,有放流,0.22168
6.485,0.39180359789347874,low_H,有放流,0.22168
6.49,0.39146837463627987,low_H,有放流,0.22168
6.495,0.3911334410058026,low_H,有放流,0.22168
6.5,0.3907987967480722,low_H,有放流,0.22168
6.505,0.3904644416093204,low_H,有放流,0.22168
6.51,0.3901303753359856,low_H,有放流,0.22168
6.515000000000001,0.38979659767471253,low_H,有放流,0.22168
6.5200000000000005,0.3894631083723528,low_H,有放流,0.22168
6.525,0.38912990717596424,low_H,有放流,0.22168
6.53,0.3887969938328114,low_H,有放流,0.22168
6.535,0.3884643680903653,low_H,有放流,0.22168
6.54,0.3881320296963035,low_H,有放流,0.22168
6.545,0.38779997839851016,low_H,有放流,0.22168
6.55,0.3874682139450759,low_H,有放流,0.22168
6.555,0.387136736084298,low_H,有放流,0.22168
6.5600000000000005,0.38680554456468014,low_H,有放流,0.22168
6.565,0.3864746391349327,low_H,有放流,0.22168
6.57,0.3861440195439725,low_H,有放流,0.22168
6.575,0.3858136855409229,low_H,有放流,0.22168
6.58,0.38548363687511383,low_H,有放流,0.22168
6.585,0.38515387329608175,low_H,有放流,0.22168
6.59,0.3848243945535697,low_H,有放流,0.22168
6.595,0.3844952003975272,low_H,有放流,0.22168
6.6000000000000005,0.3841662905781103,low_H,有放流,0.22168
6.605,0.3838376648456818,low_H,有放流,0.22168
6.61,0.38350932295081075,low_H,有放流,0.22168
6.615,0.38318126464427293,low_H,有放流,0.22168
6.62,0.3828534896770506,low_H,有放流,0.22168
6.625,0.38252599780033253,low_H,有放流,0.22168
6.63,0.38219878876551416,low_H,有放流,0.22168
6.635,0.3818718623241973,low_H,有放流,0.22168
6.640000000000001,0.3815452182281903,low_H,有放流,0.22168
6.6450000000000005,0.3812188562295084,low_H,有放流,0.22168
6.65,0.380892776080373,low_H,有放流,0.22168
6.655,0.38056697753321206,low_H,有放流,0.22168
6.66,0.38024146034066036,low_H,有放流,0.22168
6.665,0.37991622425555893,low_H,有放流,0.22168
6.67,0.3795912690309555,low_H,有放流,0.22168
6.675,0.3792665944201044,low_H,有放流,0.22168
6.68,0.3789422001764663,low_H,有放流,0.22168
6.6850000000000005,0.37861808605370845,low_H,有放流,0.22168
6.69,0.3782942518057049,low_H,有放流,0.22168
6.695,0.377970697186536,low_H,有放流,0.22168
6.7,0.37764742195048867,low_H,有放流,0.22168
6.705,0.37732442585205644,low_H,有放流,0.22168
6.71,0.3770017086459393,low_H,有放流,0.22168
6.715,0.3766792700870438,low_H,有放流,0.22168
6.72,0.3763571099304832,low_H,有放流,0.22168
6.7250000000000005,0.376035227931577,low_H,有放流,0.22168
6.73,0.37571362384585155,low_H,有放流,0.22168
6.735,0.37539229742903957,low_H,有放流,0.22168
6.74,0.3750712484370803,low_H,有放流,0.22168
6.745,0.3747504766261196,low_H,有放流,0.22168
6.75,0.37442998175250986,low_H,有放流,0.22168
6.755,0.37410976357281,low_H,有放流,0.22168
6.76,0.37378982184378545,low_H,有放流,0.22168
6.765000000000001,0.3734701563224082,low_H,有放流,0.22168
6.7700000000000005,0.37315076676585696,low_H,有放流,0.22168
6.775,0.37283165293151665,low_H,有放流,0.22168
6.78,0.372512814576979,low_H,有放流,0.22168
6.785,0.37219425146004215,low_H,有放流,0.22168
6.79,0.37187596333871087,low_H,有放流,0.22168
6.795,0.3715579499711963,low_H,有放流,0.22168
6.8,0.3712402111159164,low_H,有放流,0.22168
6.805,0.3709227465314954,low_H,有放流,0.22168
6.8100000000000005,0.3706055559767642,low_H,有放流,0.22168
6.815,0.3702886392107604,low_H,有放流,0.22168
6.82,0.36997199599272773,low_H,有放流,0.22168
6.825,0.36965562608211694,low_H,有放流,0.22168
6.83,0.36933952923858493,low_H,有放流,0.22168
6.835,0.3690237052219954,low_H,有放流,0.22168
6.84,0.36870815379241845,low_H,有放流,0.22168
6.845,0.3683928747101308,low_H,有放流,0.22168
6.8500000000000005,0.3680778677356156,low_H,有放流,0.22168
6.855,0.3677631326295628,low_H,有放流,0.22168
6.86,0.36744866915286856,low_H,有放流,0.22168
6.865,0.3671344770666358,low_H,有放流,0.22168
6.87,0.366820556132174,low_H,有放流,0.22168
6.875,0.36650690611099895,low_H,有放流,0.22168
6.88,0.3661935267648333,low_H,有放流,0.22168
6.885,0.365880417855606,low_H,有放流,0.22168
6.890000000000001,0.3655675791454525,low_H,有放流,0.22168
6.8950000000000005,0.3652550103967152,low_H,有放流,0.22168
6.9,0.36494271137194256,low_H,有放流,0.22168
6.905,0.3646306818338899,low_H,有放流,0.22168
6.91,0.36431892154551887,low_H,有放流,0.22168
6.915,0.3640074302699978,low_H,有放流,0.22168
6.92,0.36369620777070155,low_H,有放流,0.22168
6.925,0.36338525381121145,low_H,有放流,0.22168
6.93,0.3630745681553154,low_H,有放流,0.22168
6.9350000000000005,0.3627641505670079,low_H,有放流,0.22168
6.94,0.36245400081049,low_H,有放流,0.22168
6.945,0.3621441186501692,low_H,有放流,0.22168
6.95,0.3618345038506596,low_H,有放流,0.22168
6.955,0.36152515617678177,low_H,有放流,0.22168
6.96,0.361216075393563,low_H,有放流,0.22168
6.965,0.3609072612662369,low_H,有放流,0.22168
6.97,0.3605987135602438,low_H,有放流,0.22168
6.9750000000000005,0.3602904320412304,low_H,有放流,0.22168
6.98,0.3599824164750502,low_H,有放流,0.22168
6.985,0.359674666627763,low_H,有放流,0.22168
6.99,0.35936718226563524,low_H,有放流,0.22168
6.995,0.35905996315513994,low_H,有放流,0.22168
7.0,0.35875300906295654,low_H,有放流,0.22168
7.005,0.35844631975597113,low_H,有放流,0.22168
7.01,0.35813989500127635,low_H,有放流,0.22168
7.015000000000001,0.35783373456617124,low_H,有放流,0.22168
7.0200000000000005,0.3575278382181616,low_H,有放流,0.22168
7.025,0.3572222057249596,low_H,有放流,0.22168
7.03,0.3569168368544841,low_H,有放流,0.22168
7.035,0.35661173137486035,low_H,有放流,0.22168
7.04,0.35630688905442015,low_H,有放流,0.22168
7.045,0.356002309661702,low_H,有放流,0.22168
7.05,0.3556979929654508,low_H,有放流,0.22168
7.055,0.35539393873461805,low_H,有放流,0.22168
7.0600000000000005,0.35509014673836176,low_H,有放流,0.22168
7.065,0.3547866167460465,low_H,有放流,0.22168
7.07,0.35448334852724345,low_H,有放流,0.22168
7.075,0.3541803418517302,low_H,有放流,0.22168
7.08,0.35387759648949096,low_H,有放流,0.22168
7.085,0.3535751122107165,low_H,有放流,0.22168
7.09,0.3532728887858041,low_H,有放流,0.22168
7.095,0.3529709259853576,low_H,有放流,0.22168
7.1000000000000005,0.35266922358018726,low_H,有放流,0.22168
7.105,0.3523677813413102,low_H,有放流,0.22168
7.11,0.3520665990399497,low_H,有放流,0.22168
7.115,0.35176567644753587,low_H,有放流,0.22168
7.12,0.3514650133357052,low_H,有放流,0.22168
7.125,0.3511646094763008,low_H,有放流,0.22168
7.13,0.3508644646413722,low_H,有放流,0.22168
7.135,0.35056457860317575,low_H,有放流,0.22168
7.140000000000001,0.350264951134174,low_H,有放流,0.22168
7.1450000000000005,0.3499655820070363,low_H,有放流,0.22168
7.15,0.34966647099463843,low_H,有放流,0.22168
7.155,0.3493676178700627,low_H,有放流,0.22168
7.16,0.3490690224065981,low_H,有放流,0.22168
7.165,0.3487706843777399,low_H,有放流,0.22168
7.17,0.34847260355719023,low_H,有放流,0.22168
7.175,0.34817477971885746,low_H,有放流,0.22168
7.18,0.3478772126368567,low_H,有放流,0.22168
7.1850000000000005,0.3475799020855096,low_H,有放流,0.22168
7.19,0.34728284783934427,low_H,有放流,0.22168
7.195,0.3469860496730953,low_H,有放流,0.22168
7.2,0.3466895073617041,low_H,有放流,0.22168
7.205,0.3463932206803183,low_H,有放流,0.22168
7.21,0.3460971894042923,low_H,有放流,0.22168
7.215,0.34580141330918684,low_H,有放流,0.22168
7.22,0.34550589217076944,low_H,有放流,0.22168
7.2250000000000005,0.3452106257650139,low_H,有放流,0.22168
7.23,0.3449156138681009,low_H,有放流,0.22168
7.235,0.34462085625641725,low_H,有放流,0.22168
7.24,0.3443263527065567,low_H,有放流,0.22168
7.245,0.3440321029953193,low_H,有放流,0.22168
7.25,0.3437381068997117,low_H,有放流,0.22168
7.255,0.343444364196947,low_H,有放流,0.22168
7.26,0.34315087466444516,low_H,有放流,0.22168
7.265000000000001,0.34285763807983216,low_H,有放流,0.22168
7.2700000000000005,0.3425646542209412,low_H,有放流,0.22168
7.275,0.3422719228658113,low_H,有放流,0.22168
7.28,0.3419794437926886,low_H,有放流,0.22168
7.285,0.3416872167800254,low_H,有放流,0.22168
7.29,0.3413952416064808,low_H,有放流,0.22168
7.295,0.3411035180509204,low_H,有放流,0.22168
7.3,0.3408120458924161,low_H,有放流,0.22168
7.305,0.3405208249102466,low_H,有放流,0.22168
7.3100000000000005,0.340229854883897,low_H,有放流,0.22168
7.315,0.3399391355930592,low_H,有放流,0.22168
7.32,0.3396486668176314,low_H,有放流,0.22168
7.325,0.3393584483377183,low_H,有放流,0.22168
7.33,0.3390684799336312,low_H,有放流,0.22168
7.335,0.33877876138588814,low_H,有放流,0.22168
7.34,0.3384892924752135,low_H,有放流,0.22168
7.345,0.3382000729825381,low_H,有放流,0.22168
7.3500000000000005,0.3379111026889996,low_H,有放流,0.22168
7.355,0.337622381375942,low_H,有放流,0.22168
7.36,0.337333908824916,low_H,有放流,0.22168
7.365,0.33704568481767855,low_H,有放流,0.22168
7.37,0.33675770913619346,low_H,有放流,0.22168
7.375,0.3364699815626309,low_H,有放流,0.22168
7.38,0.3361825018793677,low_H,有放流,0.22168
7.385,0.3358952698689871,low_H,有放流,0.22168
7.390000000000001,0.33560828531427894,low_H,有放流,0.22168
7.3950000000000005,0.3353215479982397,low_H,有放流,0.22168
7.4,0.33503505770407227,low_H,有放流,0.22168
7.405,0.3347488142151861,low_H,有放流,0.22168
7.41,0.3344628173151972,low_H,有放流,0.22168
7.415,0.33417706678792825,low_H,有放流,0.22168
7.42,0.33389156241740825,low_H,有放流,0.22168
7.425,0.33360630398787294,low_H,有放流,0.22168
7.43,0.3333212912837644,low_H,有放流,0.22168
7.4350000000000005,0.3330365240897314,low_H,有放流,0.22168
7.44,0.3327520021906293,low_H,有放流,0.22168
7.445,0.3324677253715198,low_H,有放流,0.22168
7.45,0.3321836934176714,low_H,有放流,0.22168
7.455,0.3318999061145589,low_H,有放流,0.22168
7.46,0.3316163632478638,low_H,有放流,0.22168
7.465,0.33133306460347406,low_H,有放流,0.22168
7.47,0.33105000996748424,low_H,有放流,0.22168
7.4750000000000005,0.33076719912619534,low_H,有放流,0.22168
7.48,0.33048463186611515,low_H,有放流,0.22168
7.485,0.3302023079739577,low_H,有放流,0.22168
7.49,0.32992022723664377,low_H,有放流,0.22168
7.495,0.32963838944130053,low_H,有放流,0.22168
7.5,0.3293567943752619,low_H,有放流,0.22168
7.505,0.32907544182606807,low_H,有放流,0.22168
7.51,0.328794331581466,low_H,有放流,0.22168
7.515000000000001,0.32851346342940896,low_H,有放流,0.22168
7.5200000000000005,0.3282328371580572,low_H,有放流,0.22168
7.525,0.327952452555777,low_H,有放流,0.22168
7.53,0.32767230941114145,low_H,有放流,0.22168
7.535,0.3273924075129302,low_H,有放流,0.22168
7.54,0.32711274665012935,low_H,有放流,0.22168
7.545,0.3268333266119316,low_H,有放流,0.22168
7.55,0.3265541471877361,low_H,有放流,0.22168
7.555,0.3262752081671487,low_H,有放流,0.22168
7.5600000000000005,0.3259965093399816,low_H,有放流,0.22168
7.565,0.3257180504962538,low_H,有放流,0.22168
7.57,0.32543983142619054,low_H,有放流,0.22168
7.575,0.32516185192022384,low_H,有放流,0.22168
7.58,0.3248841117689921,low_H,有放流,0.22168
7.585,0.32460661076079633,low_H,有放流,0.22168
7.59,0.3243293486550608,low_H,有放流,0.22168
7.595,0.32405232523491345,low_H,有放流,0.22168
7.6000000000000005,0.3237755402934842,low_H,有放流,0.22168
7.605,0.32349899362406276,low_H,有放流,0.22168
7.61,0.3232226850200985,low_H,有放流,0.22168
7.615,0.32294661427520055,low_H,有放流,0.22168
7.62,0.32267078118313797,low_H,有放流,0.22168
7.625,0.32239518553783936,low_H,有放流,0.22168
7.63,0.3221198271333932,low_H,有放流,0.22168
7.635,0.3218447057640478,low_H,有放流,0.22168
7.640000000000001,0.321569821224211,low_H,有放流,0.22168
7.6450000000000005,0.3212951733084508,low_H,有放流,0.22168
7.65,0.3210207618114945,low_H,有放流,0.22168
7.655,0.32074658652822957,low_H,有放流,0.22168
7.66,0.3204726472537029,low_H,有放流,0.22168
7.665,0.3201989437831214,low_H,有放流,0.22168
7.67,0.31992547591185166,low_H,有放流,0.22168
7.675,0.3196522434354199,low_H,有放流,0.22168
7.68,0.3193792461495124,low_H,有放流,0.22168
7.6850000000000005,0.31910648384997486,low_H,有放流,0.22168
7.69,0.31883395633281303,low_H,有放流,0.22168
7.695,0.3185616633941923,low_H,有放流,0.22168
7.7,0.3182896048304378,low_H,有放流,0.22168
7.705,0.3180177804380344,low_H,有放流,0.22168
7.71,0.31774619001362686,low_H,有放流,0.22168
7.715,0.31747483335401966,low_H,有放流,0.22168
7.72,0.31720371025617694,low_H,有放流,0.22168
7.7250000000000005,0.31693282051722266,low_H,有放流,0.22168
7.73,0.31666216393444063,low_H,有放流,0.22168
7.735,0.3163917403052744,low_H,有放流,0.22168
7.74,0.3161215494273271,low_H,有放流,0.22168
7.745,0.31585159109836186,low_H,有放流,0.22168
7.75,0.3155818651163015,low_H,有放流,0.22168
7.755,0.31531237127922845,low_H,有放流,0.22168
7.76,0.31504310938538516,low_H,有放流,0.22168
7.765000000000001,0.3147740792331736,low_H,有放流,0.22168
7.7700000000000005,0.31450528062115574,low_H,有放流,0.22168
7.775,0.31423671334805314,low_H,有放流,0.22168
7.78,0.31396837721274723,low_H,有放流,0.22168
7.785,0.3137002720142791,low_H,有放流,0.22168
7.79,0.3134323975518496,low_H,有放流,0.22168
7.795,0.3131647536248195,low_H,有放流,0.22168
7.8,0.31289734003270914,low_H,有放流,0.22168
7.805000000000001,0.31263015657519877,low_H,有放流,0.22168
7.8100000000000005,0.3123632030521284,low_H,有放流,0.22168
7.815,0.31209647926349765,low_H,有放流,0.22168
7.82,0.31182998500946607,low_H,有放流,0.22168
7.825,0.31156372009035294,low_H,有放流,0.22168
7.83,0.3112976843066372,low_H,有放流,0.22168
7.835,0.3110318774589576,low_H,有放流,0.22168
7.84,0.31076629934811284,low_H,有放流,0.22168
7.845,0.31050094977506104,low_H,有放流,0.22168
7.8500000000000005,0.3102358285409203,low_H,有放流,0.22168
7.855,0.3099709354469686,low_H,有放流,0.22168
7.86,0.3097062702946434,low_H,有放流,0.22168
7.865,0.3094418328855421,low_H,有放流,0.22168
7.87,0.3091776230214218,low_H,有放流,0.22168
7.875,0.30891364050419945,low_H,有放流,0.22168
7.88,0.3086498851359516,low_H,有放流,0.22168
7.885,0.30838635671891473,low_H,有放流,0.22168
7.890000000000001,0.308123055055485,low_H,有放流,0.22168
7.8950000000000005,0.30785997994821834,low_H,有放流,0.22168
7.9,0.3075971311998305,low_H,有放流,0.22168
7.905,0.30733450861319694,low_H,有放流,0.22168
7.91,0.3070721119913528,low_H,有放流,0.22168
7.915,0.30680994113749316,low_H,有放流,0.22168
7.92,0.3065479958549728,low_H,有放流,0.22168
7.925,0.3062862759473062,low_H,有放流,0.22168
7.930000000000001,0.30602478121816756,low_H,有放流,0.22168
7.9350000000000005,0.3057635114713911,low_H,有放流,0.22168
7.94,0.30550246651097046,low_H,有放流,0.22168
7.945,0.3052416461410594,low_H,有放流,0.22168
7.95,0.30498105016597116,low_H,有放流,0.22168
7.955,0.3047206783901788,low_H,有放流,0.22168
7.96,0.30446053061831524,low_H,有放流,0.22168
7.965,0.3042006066551731,low_H,有放流,0.22168
7.97,0.30394090630570486,low_H,有放流,0.22168
7.9750000000000005,0.3036814293750225,low_H,有放流,0.22168
7.98,0.3034221756683981,low_H,有放流,0.22168
7.985,0.30316314499126323,low_H,有放流,0.22168
7.99,0.30290433714920945,low_H,有放流,0.22168
7.995,0.30264575194798793,low_H,有放流,0.22168
8.0,0.3023873891935096,low_H,有放流,0.22168
8.005,0.3021292486918452,low_H,有放流,0.22168
8.01,0.30187133024922536,low_H,有放流,0.22168
8.015,0.30161363367204014,low_H,有放流,0.22168
8.02,0.3013561587668398,low_H,有放流,0.22168
8.025,0.3010989053403339,low_H,有放流,0.22168
8.03,0.30084187319939226,low_H,有放流,0.22168
8.035,0.3005850621510439,low_H,有放流,0.22168
8.040000000000001,0.3003284720024781,low_H,有放流,0.22168
8.045,0.3000721025610437,low_H,有放流,0.22168
8.05,0.2998159536342493,low_H,有放流,0.22168
8.055,0.29956002502976325,low_H,有放流,0.22168
8.06,0.2993043165554136,low_H,有放流,0.22168
8.065,0.29904882801918853,low_H,有放流,0.22168
8.07,0.2987935592292354,low_H,有放流,0.22168
8.075,0.29853850999386183,low_H,有放流,0.22168
8.08,0.29828368012153483,low_H,有放流,0.22168
8.085,0.29802906942088153,low_H,有放流,0.22168
8.09,0.29777467770068866,low_H,有放流,0.22168
8.095,0.29752050476990255,low_H,有放流,0.22168
8.1,0.2972665504376297,low_H,有放流,0.22168
8.105,0.29701281451313577,low_H,有放流,0.22168
8.11,0.29675929680584684,low_H,有放流,0.22168
8.115,0.29650599712534825,low_H,有放流,0.22168
8.120000000000001,0.29625291528138537,low_H,有放流,0.22168
8.125,0.2960000510838634,low_H,有放流,0.22168
8.13,0.29574740434284696,low_H,有放流,0.22168
8.135,0.2954949748685608,low_H,有放流,0.22168
8.14,0.29524276247138914,low_H,有放流,0.22168
8.145,0.29499076696187626,low_H,有放流,0.22168
8.15,0.29473898815072586,low_H,有放流,0.22168
8.155,0.2944874258488018,low_H,有放流,0.22168
8.16,0.29423607986712724,low_H,有放流,0.22168
8.165000000000001,0.2939849500168855,low_H,有放流,0.22168
8.17,0.2937340361094196,low_H,有放流,0.22168
8.175,0.2934833379562321,low_H,有放流,0.22168
8.18,0.2932328553689856,low_H,有放流,0.22168
8.185,0.29298258815950207,low_H,有放流,0.22168
8.19,0.29273253613976385,low_H,有放流,0.22168
8.195,0.2924826991219124,low_H,有放流,0.22168
8.2,0.2922330769182494,low_H,有放流,0.22168
8.205,0.2919836693412361,low_H,有放流,0.22168
8.21,0.29173447620349346,low_H,有放流,0.22168
8.215,0.29148549731780254,low_H,有放流,0.22168
8.22,0.29123673249710363,low_H,有放流,0.22168
8.225,0.29098818155449724,low_H,有放流,0.22168
8.23,0.2907398443032434,low_H,有放流,0.22168
8.235,0.290491720556762,low_H,有放流,0.22168
8.24,0.2902438101286326,low_H,有放流,0.22168
8.245000000000001,0.2899961128325947,low_H,有放流,0.22168
8.25,0.28974862848254745,low_H,有放流,0.22168
8.255,0.28950135689254963,low_H,有放流,0.22168
8.26,0.2892542978768201,low_H,有放流,0.22168
8.265,0.2890074512497372,low_H,有放流,0.22168
8.27,0.2887608168258392,low_H,有放流,0.22168
8.275,0.28851439441982396,low_H,有放流,0.22168
8.28,0.2882681838465494,low_H,有放流,0.22168
8.285,0.2880221849210329,low_H,有放流,0.22168
8.290000000000001,0.2877763974584516,low_H,有放流,0.22168
8.295,0.28753082127414287,low_H,有放流,0.22168
8.3,0.2872854561836032,low_H,有放流,0.22168
8.305,0.2870403020024893,low_H,有放流,0.22168
8.31,0.2867953585466174,low_H,有放流,0.22168
8.315,0.2865506256319637,low_H,有放流,0.22168
8.32,0.28630610307466386,low_H,有放流,0.22168
8.325,0.2860617906910137,low_H,有放流,0.22168
8.33,0.2858176882974684,low_H,有放流,0.22168
8.335,0.2855737957106432,low_H,有放流,0.22168
8.34,0.285330112747313,low_H,有放流,0.22168
8.345,0.28508663922441246,low_H,有放流,0.22168
8.35,0.28484337495903606,low_H,有放流,0.22168
8.355,0.2846003197684378,low_H,有放流,0.22168
8.36,0.28435747347003193,low_H,有放流,0.22168
8.365,0.28411483588139186,low_H,有放流,0.22168
8.370000000000001,0.2838724068202512,low_H,有放流,0.22168
8.375,0.2836301861045034,low_H,有放流,0.22168
8.38,0.28338817355220114,low_H,有放流,0.22168
8.385,0.28314636898155743,low_H,有放流,0.22168
8.39,0.28290477221094457,low_H,有放流,0.22168
8.395,0.28266338305889516,low_H,有放流,0.22168
8.4,0.282422201344101,low_H,有放流,0.22168
8.405,0.2821812268854141,low_H,有放流,0.22168
8.41,0.2819404595018459,low_H,有放流,0.22168
8.415000000000001,0.2816998990125678,low_H,有放流,0.22168
8.42,0.2814595452369111,low_H,有放流,0.22168
8.425,0.28121939799436635,low_H,有放流,0.22168
8.43,0.2809794571045845,low_H,有放流,0.22168
8.435,0.28073972238737577,low_H,有放流,0.22168
8.44,0.2805001936627105,low_H,有放流,0.22168
8.445,0.28026087075071837,low_H,有放流,0.22168
8.45,0.28002175347168934,low_H,有放流,0.22168
8.455,0.2797828416460727,low_H,有放流,0.22168
8.46,0.27954413509447773,low_H,有放流,0.22168
8.465,0.2793056336376735,low_H,有放流,0.22168
8.47,0.2790673370965887,low_H,有放流,0.22168
8.475,0.27882924529231184,low_H,有放流,0.22168
8.48,0.27859135804609114,low_H,有放流,0.22168
8.485,0.2783536751793348,low_H,有放流,0.22168
8.49,0.27811619651361047,low_H,有放流,0.22168
8.495000000000001,0.2778789218706458,low_H,有放流,0.22168
8.5,0.27764185107232814,low_H,有放流,0.22168
8.505,0.2774049839407045,low_H,有放流,0.22168
8.51,0.27716832029798194,low_H,有放流,0.22168
8.515,0.2769318599665268,low_H,有放流,0.22168
8.52,0.2766956027688658,low_H,有放流,0.22168
8.525,0.2764595485276848,low_H,有放流,0.22168
8.53,0.2762236970658299,low_H,有放流,0.22168
8.535,0.2759880482063066,low_H,有放流,0.22168
8.540000000000001,0.2757526017722805,low_H,有放流,0.22168
8.545,0.27551735758707685,low_H,有放流,0.22168
8.55,0.2752823154741805,low_H,有放流,0.22168
8.555,0.2750474752572363,low_H,有放流,0.22168
8.56,0.27481283676004853,low_H,有放流,0.22168
8.565,0.2745783998065817,low_H,有放流,0.22168
8.57,0.2743441642209597,low_H,有放流,0.22168
8.575000000000001,0.2741101298274663,low_H,有放流,0.22168
8.58,0.27387629645054523,low_H,有放流,0.22168
8.585,0.2736426639147996,low_H,有放流,0.22168
8.59,0.2734092320449926,low_H,有放流,0.22168
8.595,0.273176000666047,low_H,有放流,0.22168
8.6,0.2729429696030456,low_H,有放流,0.22168
8.605,0.27271013868123045,low_H,有放流,0.22168
8.61,0.272477507726004,low_H,有放流,0.22168
8.615,0.27224507656292796,low_H,有放流,0.22168
8.620000000000001,0.272012845017724,low_H,有放流,0.22168
8.625,0.27178081291627365,low_H,有放流,0.22168
8.63,0.271548980084618,low_H,有放流,0.22168
8.635,0.27131734634895804,low_H,有放流,0.22168
8.64,0.2710859115356545,low_H,有放流,0.22168
8.645,0.2708546754712279,low_H,有放流,0.22168
8.65,0.2706236379823583,low_H,有放流,0.22168
8.655,0.27039279889588597,low_H,有放流,0.22168
8.66,0.27016215803881044,low_H,有放流,0.22168
8.665000000000001,0.2699317152382914,low_H,有放流,0.22168
8.67,0.2697014703216481,low_H,有放流,0.22168
8.675,0.2694714231163596,low_H,有放流,0.22168
8.68,0.2692415734500648,low_H,有放流,0.22168
8.685,0.26901192115056205,low_H,有放流,0.22168
8.69,0.26878246604581,low_H,有放流,0.22168
8.695,0.2685532079639266,low_H,有放流,0.22168
8.700000000000001,0.2683241467331897,low_H,有放流,0.22168
8.705,0.26809528218203715,low_H,有放流,0.22168
8.71,0.2678666141390661,low_H,有放流,0.22168
8.715,0.2676381424330339,low_H,有放流,0.22168
8.72,0.2674098668928574,low_H,有放流,0.22168
8.725,0.26718178734761333,low_H,有放流,0.22168
8.73,0.2669539036265381,low_H,有放流,0.22168
8.735,0.26672621555902803,low_H,有放流,0.22168
8.74,0.26649872297463895,low_H,有放流,0.22168
8.745000000000001,0.26627142570308676,low_H,有放流,0.22168
8.75,0.26604432357424695,low_H,有放流,0.22168
8.755,0.26581741641815476,low_H,有放流,0.22168
8.76,0.2655907040650053,low_H,有放流,0.22168
8.765,0.26536418634515324,low_H,有放流,0.22168
8.77,0.26513786308911336,low_H,有放流,0.22168
8.775,0.26491173412755975,low_H,有放流,0.22168
8.78,0.2646857992913267,low_H,有放流,0.22168
8.785,0.2644600584114079,low_H,有放流,0.22168
8.790000000000001,0.2642345113189571,low_H,有放流,0.22168
8.795,0.2640091578452877,low_H,有放流,0.22168
8.8,0.26378399782187284,low_H,有放流,0.22168
8.805,0.2635590310803454,low_H,有放流,0.22168
8.81,0.263334257452498,low_H,有放流,0.22168
8.815,0.26310967677028324,low_H,有放流,0.22168
8.82,0.26288528886581314,low_H,有放流,0.22168
8.825000000000001,0.26266109357135975,low_H,有放流,0.22168
8.83,0.2624370907193549,low_H,有放流,0.22168
8.835,0.2622132801423899,low_H,有放流,0.22168
8.84,0.26198966167321625,low_H,有放流,0.22168
8.845,0.26176623514474473,low_H,有放流,0.22168
8.85,0.26154300039004635,low_H,有放流,0.22168
8.855,0.26131995724235146,low_H,有放流,0.22168
8.86,0.2610971055350505,low_H,有放流,0.22168
8.865,0.26087444510169344,low_H,有放流,0.22168
8.870000000000001,0.2606519757759902,low_H,有放流,0.22168
8.875,0.26042969739181043,low_H,有放流,0.22168
8.88,0.26020760978318336,low_H,有放流,0.22168
8.885,0.25998571278429833,low_H,有放流,0.22168
8.89,0.259764006229504,low_H,有放流,0.22168
8.895,0.25954248995330925,low_H,有放流,0.22168
8.9,0.2593211637903823,low_H,有放流,0.22168
8.905,0.2591000275755515,low_H,有放流,0.22168
8.91,0.2588790811438047,low_H,有放流,0.22168
8.915000000000001,0.2586583243302896,low_H,有放流,0.22168
8.92,0.25843775697031385,low_H,有放流,0.22168
8.925,0.2582173788993445,low_H,有放流,0.22168
8.93,0.2579971899530086,low_H,有放流,0.22168
8.935,0.2577771899632399,low_H,有放流,0.22168
8.94,0.257557378762728,low_H,有放流,0.22168
8.945,0.2573377561883119,low_H,有放流,0.22168
8.950000000000001,0.2571183220769595,low_H,有放流,0.22168
8.955,0.2568990762657679,low_H,有放流,0.22168
8.96,0.25668001859196266,low_H,有放流,0.22168
8.965,0.2564611488928985,low_H,有放流,0.22168
8.97,0.25624246700605885,low_H,有放流,0.22168
8.975,0.2560239727690562,low_H,有放流,0.22168
8.98,0.2558056660196316,low_H,有放流,0.22168
8.985,0.2555875465956555,low_H,有放流,0.22168
8.99,0.2553696143351268,low_H,有放流,0.22168
8.995000000000001,0.2551518690761733,low_H,有放流,0.22168
9.0,0.254934310657052,low_H,有放流,0.22168
9.005,0.2547169389161485,low_H,有放流,0.22168
9.01,0.25449975369197736,low_H,有放流,0.22168
9.015,0.2542827548231819,low_H,有放流,0.22168
9.02,0.2540659421485347,low_H,有放流,0.22168
9.025,0.25384931550693673,low_H,有放流,0.22168
9.03,0.2536328747374182,low_H,有放流,0.22168
9.035,0.253416619679138,low_H,有放流,0.22168
9.040000000000001,0.253200550171384,low_H,有放流,0.22168
9.045,0.25298466605357306,low_H,有放流,0.22168
9.05,0.2527689671652506,low_H,有放流,0.22168
9.055,0.25255345334609125,low_H,有放流,0.22168
9.06,0.25233812443589826,low_H,有放流,0.22168
9.065,0.25212298027460406,low_H,有放流,0.22168
9.07,0.2519080207022696,low_H,有放流,0.22168
9.075000000000001,0.251693245559085,low_H,有放流,0.22168
9.08,0.2514786546853692,low_H,有放流,0.22168
9.085,0.25126424792156987,low_H,有放流,0.22168
9.09,0.2510500251082638,low_H,有放流,0.22168
9.095,0.2508359860861564,low_H,有放流,0.22168
9.1,0.25062213069608225,low_H,有放流,0.22168
9.105,0.25040845877900453,low_H,有放流,0.22168
9.11,0.2501949701760155,low_H,有放流,0.22168
9.115,0.24998166472833616,low_H,有放流,0.22168
9.120000000000001,0.2497685422773165,low_H,有放流,0.22168
9.125,0.24955560266443547,low_H,有放流,0.22168
9.13,0.24934284573130058,low_H,有放流,0.22168
9.135,0.2491302713196486,low_H,有放流,0.22168
9.14,0.24891787927134487,low_H,有放流,0.22168
9.145,0.2487056694283839,low_H,有放流,0.22168
9.15,0.24849364163288876,low_H,有放流,0.22168
9.155,0.24828179572711173,low_H,有放流,0.22168
9.16,0.2480701315534337,low_H,有放流,0.22168
9.165000000000001,0.24785864895436457,low_H,有放流,0.22168
9.17,0.24764734777254324,low_H,有放流,0.22168
9.175,0.24743622785073718,low_H,有放流,0.22168
9.18,0.24722528903184307,low_H,有放流,0.22168
9.185,0.2470145311588862,low_H,有放流,0.22168
9.19,0.24680395407502095,low_H,有放流,0.22168
9.195,0.2465935576235304,low_H,有放流,0.22168
9.200000000000001,0.2463833416478267,low_H,有放流,0.22168
9.205,0.2461733059914508,low_H,有放流,0.22168
9.21,0.2459634504980724,low_H,有放流,0.22168
9.215,0.24575377501149034,low_H,有放流,0.22168
9.22,0.24554427937563209,low_H,有放流,0.22168
9.225,0.24533496343455424,low_H,有放流,0.22168
9.23,0.24512582703244196,low_H,有放流,0.22168
9.235,0.24491687001360968,low_H,有放流,0.22168
9.24,0.2447080922225003,low_H,有放流,0.22168
9.245000000000001,0.2444994935036859,low_H,有放流,0.22168
9.25,0.24429107370186748,low_H,有放流,0.22168
9.255,0.24408283266187458,low_H,有放流,0.22168
9.26,0.24387477022866602,low_H,有放流,0.22168
9.265,0.24366688624732913,low_H,有放流,0.22168
9.27,0.2434591805630805,low_H,有放流,0.22168
9.275,0.24325165302126522,low_H,有放流,0.22168
9.28,0.24304430346735764,low_H,有放流,0.22168
9.285,0.24283713174696062,low_H,有放流,0.22168
9.290000000000001,0.24263013770580616,low_H,有放流,0.22168
9.295,0.24242332118975515,low_H,有放流,0.22168
9.3,0.24221668204479713,low_H,有放流,0.22168
9.305,0.2420102201170508,low_H,有放流,0.22168
9.31,0.2418039352527635,low_H,有放流,0.22168
9.315,0.24159782729831167,low_H,有放流,0.22168
9.32,0.24139189610020037,low_H,有放流,0.22168
9.325000000000001,0.2411861415050638,low_H,有放流,0.22168
9.33,0.24098056335966495,low_H,有放流,0.22168
9.335,0.24077516151089562,low_H,有放流,0.22168
9.34,0.2405699358057766,low_H,有放流,0.22168
9.345,0.24036488609145742,low_H,有放流,0.22168
9.35,0.24016001221521674,low_H,有放流,0.22168
9.355,0.23995531402446174,low_H,有放流,0.22168
9.36,0.2397507913667289,low_H,有放流,0.22168
9.365,0.23954644408968315,low_H,有放流,0.22168
9.370000000000001,0.2393422720411186,low_H,有放流,0.22168
9.375,0.2391382750689583,low_H,有放流,0.22168
9.38,0.2389344530212538,low_H,有放流,0.22168
9.385,0.23873080574618596,low_H,有放流,0.22168
9.39,0.23852733309206423,low_H,有放流,0.22168
9.395,0.23832403490732712,low_H,有放流,0.22168
9.4,0.23812091104054184,low_H,有放流,0.22168
9.405,0.23791796134040472,low_H,有放流,0.22168
9.41,0.23771518565574068,low_H,有放流,0.22168
9.415000000000001,0.23751258383550378,low_H,有放流,0.22168
9.42,0.23731015572877692,low_H,有放流,0.22168
9.425,0.23710790118477168,low_H,有放流,0.22168
9.43,0.2369058200528288,low_H,有放流,0.22168
9.435,0.23670391218241765,low_H,有放流,0.22168
9.44,0.23650217742313673,low_H,有放流,0.22168
9.445,0.2363006156247131,low_H,有放流,0.22168
9.450000000000001,0.23609922663700303,low_H,有放流,0.22168
9.455,0.23589801030999155,low_H,有放流,0.22168
9.46,0.23569696649379246,low_H,有放流,0.22168
9.465,0.23549609503864863,low_H,有放流,0.22168
9.47,0.2352953957949316,low_H,有放流,0.22168
9.475,0.23509486861314205,low_H,有放流,0.22168
9.48,0.23489451334390923,low_H,有放流,0.22168
9.485,0.23469432983799163,low_H,有放流,0.22168
9.49,0.23449431794627626,low_H,有放流,0.22168
9.495000000000001,0.23429447751977928,low_H,有放流,0.22168
9.5,0.23409480840964564,low_H,有放流,0.22168
9.505,0.23389531046714912,low_H,有放流,0.22168
9.51,0.23369598354369248,low_H,有放流,0.22168
9.515,0.23349682749080725,low_H,有放流,0.22168
9.52,0.23329784216015398,low_H,有放流,0.22168
9.525,0.2330990274035219,low_H,有放流,0.22168
9.53,0.23290038307282937,low_H,有放流,0.22168
9.535,0.23270190902012342,low_H,有放流,0.22168
9.540000000000001,0.23250360509758006,low_H,有放流,0.22168
9.545,0.23230547115750427,low_H,有放流,0.22168
9.55,0.23210750705232966,low_H,有放流,0.22168
9.555,0.231909712634619,low_H,有放流,0.22168
9.56,0.23171208775706367,low_H,有放流,0.22168
9.565,0.23151463227248426,low_H,有放流,0.22168
9.57,0.23131734603382986,low_H,有放流,0.22168
9.575000000000001,0.23112022889417877,low_H,有放流,0.22168
9.58,0.23092328070673804,low_H,有放流,0.22168
9.585,0.23072650132484349,low_H,有放流,0.22168
9.59,0.23052989060196008,low_H,有放流,0.22168
9.595,0.23033344839168135,low_H,有放流,0.22168
9.6,0.23013717454773003,low_H,有放流,0.22168
9.605,0.2299410689239574,low_H,有放流,0.22168
9.61,0.229745131374344,low_H,有放流,0.22168
9.615,0.22954936175299887,low_H,有放流,0.22168
9.620000000000001,0.22935375991416018,low_H,有放流,0.22168
9.625,0.22915832571219497,low_H,有放流,0.22168
9.63,0.228963059001599,low_H,有放流,0.22168
9.635,0.22876795963699714,low_H,有放流,0.22168
9.64,0.22857302747314287,low_H,有放流,0.22168
9.645,0.22837826236491882,low_H,有放流,0.22168
9.65,0.22818366416733626,low_H,有放流,0.22168
9.655,0.22798923273553565,low_H,有放流,0.22168
9.66,0.2277949679247859,low_H,有放流,0.22168
9.665000000000001,0.2276008695904852,low_H,有放流,0.22168
9.67,0.2274069375881605,low_H,有放流,0.22168
9.675,0.22721317177346745,low_H,有放流,0.22168
9.68,0.2270195720021909,low_H,有放流,0.22168
9.685,0.22682613813024421,low_H,有放流,0.22168
9.69,0.22663287001367002,low_H,有放流,0.22168
9.695,0.2264397675086395,low_H,有放流,0.22168
9.700000000000001,0.22624683047145291,low_H,有放流,0.22168
9.705,0.22605405875853943,low_H,有放流,0.22168
9.71,0.22586145222645687,low_H,有放流,0.22168
9.715,0.22566901073189222,low_H,有放流,0.22168
9.72,0.22547673413166106,low_H,有放流,0.22168
9.725,0.22528462228270812,low_H,有放流,0.22168
9.73,0.22509267504210684,low_H,有放流,0.22168
9.735,0.22490089226705967,low_H,有放流,0.22168
9.74,0.22470927381489772,low_H,有放流,0.22168
9.745000000000001,0.2245178195430812,low_H,有放流,0.22168
9.75,0.22432652930919925,low_H,有放流,0.22168
9.755,0.22413540297096957,low_H,有放流,0.22168
9.76,0.22394444038623912,low_H,有放流,0.22168
9.765,0.2237536414129834,low_H,有放流,0.22168
9.77,0.2235630059093071,low_H,有放流,0.22168
9.775,0.2233725337334435,low_H,有放流,0.22168
9.78,0.2231822247437551,low_H,有放流,0.22168
9.785,0.2229920787987329,low_H,有放流,0.22168
9.790000000000001,0.22280209575699703,low_H,有放流,0.22168
9.795,0.22261227547729653,low_H,有放流,0.22168
9.8,0.2224226178185091,low_H,有放流,0.22168
9.805,0.2222331226396416,low_H,有放流,0.22168
9.81,0.22204378979982947,low_H,有放流,0.22168
9.815,0.22185461915833735,low_H,有放流,0.22168
9.82,0.22166561057455844,low_H,有放流,0.22168
9.825000000000001,0.22147676390801507,low_H,有放流,0.22168
9.83,0.2212880790183584,low_H,有放流,0.22168
9.835,0.22109955576536833,low_H,有放流,0.22168
9.84,0.22091119400895387,low_H,有放流,0.22168
9.845,0.22072299360915265,low_H,有放流,0.22168
9.85,0.22053495442613144,low_H,有放流,0.22168
9.855,0.2203470763201857,low_H,有放流,0.22168
9.86,0.22015935915173987,low_H,有放流,0.22168
9.865,0.21997180278134718,low_H,有放流,0.22168
9.870000000000001,0.21978440706968985,low_H,有放流,0.22168
9.875,0.21959717187757902,low_H,有放流,0.22168
9.88,0.2194100970659545,low_H,有放流,0.22168
9.885,0.2192231824958852,low_H,有放流,0.22168
9.89,0.21903642802856874,low_H,有放流,0.22168
9.895,0.2188498335253318,low_H,有放流,0.22168
9.9,0.2186633988476297,low_H,有放流,0.22168
9.905,0.21847712385704698,low_H,有放流,0.22168
9.91,0.21829100841529664,low_H,有放流,0.22168
9.915000000000001,0.21810505238422095,low_H,有放流,0.22168
9.92,0.2179192556257909,low_H,有放流,0.22168
9.925,0.21773361800210625,low_H,有放流,0.22168
9.93,0.21754813937539588,low_H,有放流,0.22168
9.935,0.21736281960801732,low_H,有放流,0.22168
9.94,0.21717765856245716,low_H,有放流,0.22168
9.945,0.21699265610133073,low_H,有放流,0.22168
9.950000000000001,0.2168078120873823,low_H,有放流,0.22168
9.955,0.2166231263834852,low_H,有放流,0.22168
9.96,0.21643859885264125,low_H,有放流,0.22168
9.965,0.21625422935798153,low_H,有放流,0.22168
9.97,0.21607001776276571,low_H,有放流,0.22168
9.975,0.21588596393038262,low_H,有放流,0.22168
9.98,0.2157020677243497,low_H,有放流,0.22168
9.985,0.21551832900831347,low_H,有放流,0.22168
9.99,0.21533474764604923,low_H,有放流,0.22168
9.995000000000001,0.21515132350146118,low_H,有放流,0.22168
10.0,0.21496805643858252,low_H,有放流,0.22168
0.0,1.2,medium_H,无放流,0.47651199999999994
0.005,1.1975784557756264,medium_H,无放流,0.47651199999999994
0.01,1.1951618600687808,medium_H,无放流,0.47651199999999994
0.015,1.192750202517271,medium_H,无放流,0.47651199999999994
0.02,1.1903434727815272,medium_H,无放流,0.47651199999999994
0.025,1.1879416605446027,medium_H,无放流,0.47651199999999994
0.03,1.1855447555121728,medium_H,无放流,0.47651199999999994
0.035,1.1831527473252592,medium_H,无放流,0.47651199999999994
0.04,1.1807656256566592,medium_H,无放流,0.47651199999999994
0.045,1.1783833803052255,medium_H,无放流,0.47651199999999994
0.05,1.176006001090476,medium_H,无放流,0.47651199999999994
0.055,1.1736334778525428,medium_H,无放流,0.47651199999999994
0.06,1.171265800452172,medium_H,无放流,0.47651199999999994
0.065,1.1689029587707236,medium_H,无放流,0.47651199999999994
0.07,1.1665449427101713,medium_H,无放流,0.47651199999999994
0.075,1.1641917421931032,medium_H,无放流,0.47651199999999994
0.08,1.1618433471627208,medium_H,无放流,0.47651199999999994
0.085,1.15949974758284,medium_H,无放流,0.47651199999999994
0.09,1.1571609334378903,medium_H,无放流,0.47651199999999994
0.095,1.1548268947329157,medium_H,无放流,0.47651199999999994
0.1,1.1524976214935734,medium_H,无放流,0.47651199999999994
0.105,1.1501731037661351,medium_H,无放流,0.47651199999999994
0.11,1.1478533316174862,medium_H,无放流,0.47651199999999994
0.115,1.145538295135126,medium_H,无放流,0.47651199999999994
0.12,1.143227984427168,medium_H,无放流,0.47651199999999994
0.125,1.1409223896223395,medium_H,无放流,0.47651199999999994
0.13,1.1386215008699816,medium_H,无放流,0.47651199999999994
0.135,1.1363253083400497,medium_H,无放流,0.47651199999999994
0.14,1.134033802223113,medium_H,无放流,0.47651199999999994
0.145,1.131746972730354,medium_H,无放流,0.47651199999999994
0.15,1.1294648100935702,medium_H,无放流,0.47651199999999994
0.155,1.1271873045651726,medium_H,无放流,0.47651199999999994
0.16,1.1249144464181857,medium_H,无放流,0.47651199999999994
0.165,1.1226462259462489,medium_H,无放流,0.47651199999999994
0.17,1.1203826334636147,medium_H,无放流,0.47651199999999994
0.17500000000000002,1.1181236593051498,medium_H,无放流,0.47651199999999994
0.18,1.115869293826335,medium_H,无放流,0.47651199999999994
0.185,1.113619527403265,medium_H,无放流,0.47651199999999994
0.19,1.1113743504326483,medium_H,无放流,0.47651199999999994
0.195,1.1091337533318073,medium_H,无放流,0.47651199999999994
0.2,1.1068977265386788,medium_H,无放流,0.47651199999999994
0.20500000000000002,1.104666260511813,medium_H,无放流,0.47651199999999994
0.21,1.1024393457303743,medium_H,无放流,0.47651199999999994
0.215,1.1002169726941409,medium_H,无放流,0.47651199999999994
0.22,1.0979991319235052,medium_H,无放流,0.47651199999999994
0.225,1.0957858139594734,medium_H,无放流,0.47651199999999994
0.23,1.0935770093636654,medium_H,无放流,0.47651199999999994
0.23500000000000001,1.0913727087183158,medium_H,无放流,0.47651199999999994
0.24,1.0891729026262722,medium_H,无放流,0.47651199999999994
0.245,1.0869775817109968,medium_H,无放流,0.47651199999999994
0.25,1.0847867366165653,medium_H,无放流,0.47651199999999994
0.255,1.082600358007668,medium_H,无放流,0.47651199999999994
0.26,1.0804184365696081,medium_H,无放流,0.47651199999999994
0.265,1.078240963008304,medium_H,无放流,0.47651199999999994
0.27,1.076067928050287,medium_H,无放流,0.47651199999999994
0.275,1.073899322442703,medium_H,无放流,0.47651199999999994
0.28,1.0717351369533112,medium_H,无放流,0.47651199999999994
0.28500000000000003,1.0695753623704856,medium_H,无放流,0.47651199999999994
0.29,1.0674199895032135,medium_H,无放流,0.47651199999999994
0.295,1.0652690091810963,medium_H,无放流,0.47651199999999994
0.3,1.0631224122543494,medium_H,无放流,0.47651199999999994
0.305,1.0609801895938022,medium_H,无放流,0.47651199999999994
0.31,1.058842332090898,medium_H,无放流,0.47651199999999994
0.315,1.0567088306576937,medium_H,无放流,0.47651199999999994
0.32,1.054579676226861,medium_H,无放流,0.47651199999999994
0.325,1.0524548597516845,medium_H,无放流,0.47651199999999994
0.33,1.0503343722060636,medium_H,无放流,0.47651199999999994
0.335,1.048218204255405,medium_H,无放流,0.47651199999999994
0.34,1.0461063461386697,medium_H,无放流,0.47651199999999994
0.34500000000000003,1.0439987889319193,medium_H,无放流,0.47651199999999994
0.35000000000000003,1.0418955237670853,medium_H,无放流,0.47651199999999994
0.355,1.0397965417925414,medium_H,无放流,0.47651199999999994
0.36,1.0377018341731032,medium_H,无放流,0.47651199999999994
0.365,1.0356113920900276,medium_H,无放流,0.47651199999999994
0.37,1.0335252067410137,medium_H,无放流,0.47651199999999994
0.375,1.031443269340202,medium_H,无放流,0.47651199999999994
0.38,1.0293655711181753,medium_H,无放流,0.47651199999999994
0.385,1.0272921033219575,medium_H,无放流,0.47651199999999994
0.39,1.025222857215015,medium_H,无放流,0.47651199999999994
0.395,1.0231578240772554,medium_H,无放流,0.47651199999999994
0.4,1.0210969952050284,medium_H,无放流,0.47651199999999994
0.405,1.0190403619111252,medium_H,无放流,0.47651199999999994
0.41000000000000003,1.016987915524779,medium_H,无放流,0.47651199999999994
0.41500000000000004,1.0149396473916648,medium_H,无放流,0.47651199999999994
0.42,1.0128955488738993,medium_H,无放流,0.47651199999999994
0.425,1.0108556113500407,medium_H,无放流,0.47651199999999994
0.43,1.0088198262150896,medium_H,无放流,0.47651199999999994
0.435,1.0067881848804876,medium_H,无放流,0.47651199999999994
0.44,1.0047606787741188,medium_H,无放流,0.47651199999999994
0.445,1.0027372993403085,medium_H,无放流,0.47651199999999994
0.45,1.0007180380398242,medium_H,无放流,0.47651199999999994
0.455,0.9987028863498748,medium_H,无放流,0.47651199999999994
0.46,0.9966918357641115,medium_H,无放流,0.47651199999999994
0.465,0.9946848777926266,medium_H,无放流,0.47651199999999994
0.47000000000000003,0.9926820039619548,medium_H,无放流,0.47651199999999994
0.47500000000000003,0.9906832058150721,medium_H,无放流,0.47651199999999994
0.48,0.9886884749113966,medium_H,无放流,0.47651199999999994
0.485,0.9866978028267879,medium_H,无放流,0.47651199999999994
0.49,0.9847111811535476,medium_H,无放流,0.47651199999999994
0.495,0.982728601500419,medium_H,无放流,0.47651199999999994
0.5,0.9807500554925871,medium_H,无放流,0.47651199999999994
0.505,0.9787755347716788,medium_H,无放流,0.47651199999999994
0.51,0.9768050309957627,medium_H,无放流,0.47651199999999994
0.515,0.9748385358393491,medium_H,无放流,0.47651199999999994
0.52,0.9728760409933902,medium_H,无放流,0.47651199999999994
0.525,0.97091753816528,medium_H,无放流,0.47651199999999994
0.53,0.9689630190788542,medium_H,无放流,0.47651199999999994
0.535,0.9670124754743902,medium_H,无放流,0.47651199999999994
0.54,0.9650658991086072,medium_H,无放流,0.47651199999999994
0.545,0.9631232817546664,medium_H,无放流,0.47651199999999994
0.55,0.9611846152021706,medium_H,无放流,0.47651199999999994
0.555,0.9592498912571641,medium_H,无放流,0.47651199999999994
0.56,0.9573191017421335,medium_H,无放流,0.47651199999999994
0.5650000000000001,0.955392238496007,medium_H,无放流,0.47651199999999994
0.5700000000000001,0.9534692933741542,medium_H,无放流,0.47651199999999994
0.5750000000000001,0.951550258248387,medium_H,无放流,0.47651199999999994
0.58,0.9496351250069588,medium_H,无放流,0.47651199999999994
0.585,0.9477238855545648,medium_H,无放流,0.47651199999999994
0.59,0.9458165318123419,medium_H,无放流,0.47651199999999994
0.595,0.943913055717869,medium_H,无放流,0.47651199999999994
0.6,0.9420134492251665,medium_H,无放流,0.47651199999999994
0.605,0.9401177043046969,medium_H,无放流,0.47651199999999994
0.61,0.938225812943364,medium_H,无放流,0.47651199999999994
0.615,0.936337767144514,medium_H,无放流,0.47651199999999994
0.62,0.9344535589279344,medium_H,无放流,0.47651199999999994
0.625,0.9325731803298546,medium_H,无放流,0.47651199999999994
0.63,0.9306966234029457,medium_H,无放流,0.47651199999999994
0.635,0.9288238802163207,medium_H,无放流,0.47651199999999994
0.64,0.9269549428555344,medium_H,无放流,0.47651199999999994
0.645,0.9250898034225833,medium_H,无放流,0.47651199999999994
0.65,0.9232284540359056,medium_H,无放流,0.47651199999999994
0.655,0.9213708868303814,medium_H,无放流,0.47651199999999994
0.66,0.9195170939573325,medium_H,无放流,0.47651199999999994
0.665,0.9176670675845225,medium_H,无放流,0.47651199999999994
0.67,0.915820799896157,medium_H,无放流,0.47651199999999994
0.675,0.9139782830928826,medium_H,无放流,0.47651199999999994
0.68,0.9121395093917888,medium_H,无放流,0.47651199999999994
0.685,0.910304471026406,medium_H,无放流,0.47651199999999994
0.6900000000000001,0.9084731602467067,medium_H,无放流,0.47651199999999994
0.6950000000000001,0.9066455693191052,medium_H,无放流,0.47651199999999994
0.7000000000000001,0.9048216905264574,medium_H,无放流,0.47651199999999994
0.705,0.9030015161680613,medium_H,无放流,0.47651199999999994
0.71,0.9011850385596564,medium_H,无放流,0.47651199999999994
0.715,0.8993722500334238,medium_H,无放流,0.47651199999999994
0.72,0.8975631429379869,medium_H,无放流,0.47651199999999994
0.725,0.8957577096384104,medium_H,无放流,0.47651199999999994
0.73,0.893955942516201,medium_H,无放流,0.47651199999999994
0.735,0.8921578339693073,medium_H,无放流,0.47651199999999994
0.74,0.8903633764121193,medium_H,无放流,0.47651199999999994
0.745,0.8885725622754691,medium_H,无放流,0.47651199999999994
0.75,0.8867853840066304,medium_H,无放流,0.47651199999999994
0.755,0.8850018340693186,medium_H,无放流,0.47651199999999994
0.76,0.8832219049436913,medium_H,无放流,0.47651199999999994
0.765,0.8814455891263475,medium_H,无放流,0.47651199999999994
0.77,0.8796728791303279,medium_H,无放流,0.47651199999999994
0.775,0.8779037674851151,medium_H,无放流,0.47651199999999994
0.78,0.8761382467366339,medium_H,无放流,0.47651199999999994
0.785,0.8743763094472499,medium_H,无放流,0.47651199999999994
0.79,0.8726179481957713,medium_H,无放流,0.47651199999999994
0.795,0.870863155577448,medium_H,无放流,0.47651199999999994
0.8,0.8691119242039712,medium_H,无放流,0.47651199999999994
0.805,0.8673642467034743,medium_H,无放流,0.47651199999999994
0.81,0.8656201157205325,medium_H,无放流,0.47651199999999994
0.8150000000000001,0.8638795239161624,medium_H,无放流,0.47651199999999994
0.8200000000000001,0.8621424639678226,medium_H,无放流,0.47651199999999994
0.8250000000000001,0.8604089285694135,medium_H,无放流,0.47651199999999994
0.8300000000000001,0.8586789104312773,medium_H,无放流,0.47651199999999994
0.835,0.8569524022801979,medium_H,无放流,0.47651199999999994
0.84,0.8552293968594009,medium_H,无放流,0.47651199999999994
0.845,0.8535098869285538,medium_H,无放流,0.47651199999999994
0.85,0.8517938652637659,medium_H,无放流,0.47651199999999994
0.855,0.8500813246575881,medium_H,无放流,0.47651199999999994
0.86,0.8483722579190132,medium_H,无放流,0.47651199999999994
0.865,0.8466666578734758,medium_H,无放流,0.47651199999999994
0.87,0.8449645173628523,medium_H,无放流,0.47651199999999994
0.875,0.8432658292454607,medium_H,无放流,0.47651199999999994
0.88,0.8415705863960607,medium_H,无放流,0.47651199999999994
0.885,0.8398787817058543,medium_H,无放流,0.47651199999999994
0.89,0.8381904080824847,medium_H,无放流,0.47651199999999994
0.895,0.8365054584500373,medium_H,无放流,0.47651199999999994
0.9,0.8348239257490389,medium_H,无放流,0.47651199999999994
0.905,0.8331458029364581,medium_H,无放流,0.47651199999999994
0.91,0.8314710827769812,medium_H,无放流,0.47651199999999994
0.915,0.8297997578938549,medium_H,无放流,0.47651199999999994
0.92,0.8281318213369346,medium_H,无放流,0.47651199999999994
0.925,0.8264672661786839,medium_H,无放流,0.47651199999999994
0.93,0.8248060855042495,medium_H,无放流,0.47651199999999994
0.935,0.8231482724114623,medium_H,无放流,0.47651199999999994
0.9400000000000001,0.8214938200108366,medium_H,无放流,0.47651199999999994
0.9450000000000001,0.8198427214255706,medium_H,无放流,0.47651199999999994
0.9500000000000001,0.8181949697915464,medium_H,无放流,0.47651199999999994
0.9550000000000001,0.8165505582573295,medium_H,无放流,0.47651199999999994
0.96,0.8149094799841694,medium_H,无放流,0.47651199999999994
0.965,0.8132717281459992,medium_H,无放流,0.47651199999999994
0.97,0.811637295929436,medium_H,无放流,0.47651199999999994
0.975,0.8100061765337803,medium_H,无放流,0.47651199999999994
0.98,0.8083783631710164,medium_H,无放流,0.47651199999999994
0.985,0.8067538490658126,medium_H,无放流,0.47651199999999994
0.99,0.8051326274555206,medium_H,无放流,0.47651199999999994
0.995,0.8035146915901763,medium_H,无放流,0.47651199999999994
1.0,0.8019000347324988,medium_H,无放流,0.47651199999999994
1.0050000000000001,0.8002886501578913,medium_H,无放流,0.47651199999999994
1.01,0.7986805311544406,medium_H,无放流,0.47651199999999994
1.0150000000000001,0.7970756710229173,medium_H,无放流,0.47651199999999994
1.02,0.7954740630767759,medium_H,无放流,0.47651199999999994
1.025,0.7938757006421543,medium_H,无放流,0.47651199999999994
1.03,0.7922805770578742,medium_H,无放流,0.47651199999999994
1.035,0.7906886856754415,medium_H,无放流,0.47651199999999994
1.04,0.7891000198590452,medium_H,无放流,0.47651199999999994
1.045,0.7875145729855585,medium_H,无放流,0.47651199999999994
1.05,0.785932338444538,medium_H,无放流,0.47651199999999994
1.055,0.7843533096382245,medium_H,无放流,0.47651199999999994
1.06,0.7827774799815419,medium_H,无放流,0.47651199999999994
1.065,0.7812048429020986,medium_H,无放流,0.47651199999999994
1.07,0.7796353918401862,medium_H,无放流,0.47651199999999994
1.075,0.77806912024878,medium_H,无放流,0.47651199999999994
1.08,0.7765060215935395,medium_H,无放流,0.47651199999999994
1.085,0.7749460893528077,medium_H,无放流,0.47651199999999994
1.09,0.7733893170176112,medium_H,无放流,0.47651199999999994
1.095,0.7718356980916603,medium_H,无放流,0.47651199999999994
1.1,0.7702852260913495,medium_H,无放流,0.47651199999999994
1.105,0.7687378945457567,medium_H,无放流,0.47651199999999994
1.11,0.7671936969966434,medium_H,无放流,0.47651199999999994
1.115,0.7656526269984554,medium_H,无放流,0.47651199999999994
1.12,0.7641146781183213,medium_H,无放流,0.47651199999999994
1.125,0.7625798439360546,medium_H,无放流,0.47651199999999994
1.1300000000000001,0.7610481180441516,medium_H,无放流,0.47651199999999994
1.135,0.759519494047793,medium_H,无放流,0.47651199999999994
1.1400000000000001,0.7579939655648426,medium_H,无放流,0.47651199999999994
1.145,0.7564715262258485,medium_H,无放流,0.47651199999999994
1.1500000000000001,0.7549521696740422,medium_H,无放流,0.47651199999999994
1.155,0.7534358895653394,medium_H,无放流,0.47651199999999994
1.16,0.7519226795683388,medium_H,无放流,0.47651199999999994
1.165,0.7504125333643233,medium_H,无放流,0.47651199999999994
1.17,0.7489054446472598,medium_H,无放流,0.47651199999999994
1.175,0.7474014071237984,medium_H,无放流,0.47651199999999994
1.18,0.7459004145132734,medium_H,无放流,0.47651199999999994
1.185,0.7444024605477023,medium_H,无放流,0.47651199999999994
1.19,0.742907538971787,medium_H,无放流,0.47651199999999994
1.195,0.7414156435429126,medium_H,无放流,0.47651199999999994
1.2,0.7399267680311481,medium_H,无放流,0.47651199999999994
1.205,0.7384409062192465,medium_H,无放流,0.47651199999999994
1.21,0.7369580519026443,medium_H,无放流,0.47651199999999994
1.215,0.7354781988894616,medium_H,无放流,0.47651199999999994
1.22,0.7340013410005027,medium_H,无放流,0.47651199999999994
1.225,0.7325274720692551,medium_H,无放流,0.47651199999999994
1.23,0.7310565859418905,medium_H,无放流,0.47651199999999994
1.235,0.729588676477264,medium_H,无放流,0.47651199999999994
1.24,0.7281237375469147,medium_H,无放流,0.47651199999999994
1.245,0.7266617630350652,medium_H,无放流,0.47651199999999994
1.25,0.7252027468386223,medium_H,无放流,0.47651199999999994
1.2550000000000001,0.7237466828671758,medium_H,无放流,0.47651199999999994
1.26,0.722293565043,medium_H,无放流,0.47651199999999994
1.2650000000000001,0.7208433873010524,medium_H,无放流,0.47651199999999994
1.27,0.7193961435889744,medium_H,无放流,0.47651199999999994
1.2750000000000001,0.7179518278670913,medium_H,无放流,0.47651199999999994
1.28,0.7165104341084122,medium_H,无放流,0.47651199999999994
1.285,0.7150719562986295,medium_H,无放流,0.47651199999999994
1.29,0.7136363884361197,medium_H,无放流,0.47651199999999994
1.295,0.7122037245319429,medium_H,无放流,0.47651199999999994
1.3,0.7107739586098432,medium_H,无放流,0.47651199999999994
1.305,0.709347084706248,medium_H,无放流,0.47651199999999994
1.31,0.7079230968702688,medium_H,无放流,0.47651199999999994
1.315,0.7065019891637008,medium_H,无放流,0.47651199999999994
1.32,0.7050837556610227,medium_H,无放流,0.47651199999999994
1.325,0.7036683904493972,medium_H,无放流,0.47651199999999994
1.33,0.7022558876286706,medium_H,无放流,0.47651199999999994
1.335,0.7008462413113732,medium_H,无放流,0.47651199999999994
1.34,0.6994394456227186,medium_H,无放流,0.47651199999999994
1.345,0.6980354947006046,medium_H,无放流,0.47651199999999994
1.35,0.6966343826956122,medium_H,无放流,0.47651199999999994
1.355,0.6952361037710068,medium_H,无放流,0.47651199999999994
1.36,0.6938406521027369,medium_H,无放流,0.47651199999999994
1.365,0.6924480218794354,medium_H,无放流,0.47651199999999994
1.37,0.6910582073024183,medium_H,无放流,0.47651199999999994
1.375,0.6896712025856858,medium_H,无放流,0.47651199999999994
1.3800000000000001,0.6882870019559215,medium_H,无放流,0.47651199999999994
1.385,0.6869055996524932,medium_H,无放流,0.47651199999999994
1.3900000000000001,0.6855269899274519,medium_H,无放流,0.47651199999999994
1.395,0.6841511670455327,medium_H,无放流,0.47651199999999994
1.4000000000000001,0.6827781252841544,medium_H,无放流,0.47651199999999994
1.405,0.6814078589334194,medium_H,无放流,0.47651199999999994
1.41,0.680040362296114,medium_H,无放流,0.47651199999999994
1.415,0.6786756296877081,medium_H,无放流,0.47651199999999994
1.42,0.6773136554363555,medium_H,无放流,0.47651199999999994
1.425,0.6759544338828936,medium_H,无放流,0.47651199999999994
1.43,0.6745979593808435,medium_H,无放流,0.47651199999999994
1.435,0.6732442262964103,medium_H,无放流,0.47651199999999994
1.44,0.6718932290084828,medium_H,无放流,0.47651199999999994
1.445,0.6705449619086331,medium_H,无放流,0.47651199999999994
1.45,0.6691994194011177,medium_H,无放流,0.47651199999999994
1.455,0.6678565959028762,medium_H,无放流,0.47651199999999994
1.46,0.6665164858435324,medium_H,无放流,0.47651199999999994
1.465,0.6651790836653937,medium_H,无放流,0.47651199999999994
1.47,0.6638443838234513,medium_H,无放流,0.47651199999999994
1.475,0.66251238078538,medium_H,无放流,0.47651199999999994
1.48,0.6611830689537124,medium_H,无放流,0.47651199999999994
1.485,0.6598564424819476,medium_H,无放流,0.47651199999999994
1.49,0.6585324958732034,medium_H,无放流,0.47651199999999994
1.495,0.657211223686441,medium_H,无放流,0.47651199999999994
1.5,0.6558926204904647,medium_H,无放流,0.47651199999999994
1.5050000000000001,0.6545766808639208,medium_H,无放流,0.47651199999999994
1.51,0.6532633993952984,medium_H,无放流,0.47651199999999994
1.5150000000000001,0.6519527706829288,medium_H,无放流,0.47651199999999994
1.52,0.6506447893349858,medium_H,无放流,0.47651199999999994
1.5250000000000001,0.6493394499694859,medium_H,无放流,0.47651199999999994
1.53,0.648036747214288,medium_H,无放流,0.47651199999999994
1.5350000000000001,0.646736675707093,medium_H,无放流,0.47651199999999994
1.54,0.6454392300954451,medium_H,无放流,0.47651199999999994
1.545,0.6441444050367303,medium_H,无放流,0.47651199999999994
1.55,0.6428521951981773,medium_H,无放流,0.47651199999999994
1.555,0.6415625952568572,medium_H,无放流,0.47651199999999994
1.56,0.6402755998996837,medium_H,无放流,0.47651199999999994
1.565,0.638991203823413,medium_H,无放流,0.47651199999999994
1.57,0.6377094017346434,medium_H,无放流,0.47651199999999994
1.575,0.6364301883498162,medium_H,无放流,0.47651199999999994
1.58,0.6351535583952147,medium_H,无放流,0.47651199999999994
1.585,0.633879506606965,medium_H,无放流,0.47651199999999994
1.59,0.6326080277310354,medium_H,无放流,0.47651199999999994
1.595,0.6313391165232369,medium_H,无放流,0.47651199999999994
1.6,0.6300727677492228,medium_H,无放流,0.47651199999999994
1.605,0.628808976184489,medium_H,无放流,0.47651199999999994
1.61,0.6275477366143738,medium_H,无放流,0.47651199999999994
1.615,0.6262890438340579,medium_H,无放流,0.47651199999999994
1.62,0.6250328926485645,medium_H,无放流,0.47651199999999994
1.625,0.6237792778727596,medium_H,无放流,0.47651199999999994
1.6300000000000001,0.622528194331351,medium_H,无放流,0.47651199999999994
1.635,0.6212796368588895,medium_H,无放流,0.47651199999999994
1.6400000000000001,0.6200336002997682,medium_H,无放流,0.47651199999999994
1.645,0.6187900795082227,medium_H,无放流,0.47651199999999994
1.6500000000000001,0.6175490693483311,medium_H,无放流,0.47651199999999994
1.655,0.6163105646940138,medium_H,无放流,0.47651199999999994
1.6600000000000001,0.6150745604290339,medium_H,无放流,0.47651199999999994
1.665,0.6138410514469967,medium_H,无放流,0.47651199999999994
1.67,0.6126100326513503,medium_H,无放流,0.47651199999999994
1.675,0.6113814989553849,medium_H,无放流,0.47651199999999994
1.68,0.6101554452822334,medium_H,无放流,0.47651199999999994
1.685,0.6089318665648711,medium_H,无放流,0.47651199999999994
1.69,0.6077107577461159,medium_H,无放流,0.47651199999999994
1.695,0.6064921137786281,medium_H,无放流,0.47651199999999994
1.7,0.6052759296249103,medium_H,无放流,0.47651199999999994
1.705,0.6040622002573076,medium_H,无放流,0.47651199999999994
1.71,0.6028509206580078,medium_H,无放流,0.47651199999999994
1.715,0.601642085819041,medium_H,无放流,0.47651199999999994
1.72,0.6004356907422799,medium_H,无放流,0.47651199999999994
1.725,0.5992317304394393,medium_H,无放流,0.47651199999999994
1.73,0.5980301999320771,medium_H,无放流,0.47651199999999994
1.735,0.5968310942515929,medium_H,无放流,0.47651199999999994
1.74,0.5956344084392294,medium_H,无放流,0.47651199999999994
1.745,0.5944401375460715,medium_H,无放流,0.47651199999999994
1.75,0.5932482766330467,medium_H,无放流,0.47651199999999994
1.7550000000000001,0.5920588207709246,medium_H,无放流,0.47651199999999994
1.76,0.5908717650403178,medium_H,无放流,0.47651199999999994
1.7650000000000001,0.5896871045316809,medium_H,无放流,0.47651199999999994
1.77,0.5885048343453114,medium_H,无放流,0.47651199999999994
1.7750000000000001,0.587324949591349,medium_H,无放流,0.47651199999999994
1.78,0.5861474453897757,medium_H,无放流,0.47651199999999994
1.7850000000000001,0.5849723168704163,medium_H,无放流,0.47651199999999994
1.79,0.583799559172938,medium_H,无放流,0.47651199999999994
1.795,0.5826291674468504,medium_H,无放流,0.47651199999999994
1.8,0.5814611368515055,medium_H,无放流,0.47651199999999994
1.805,0.580295462556098,medium_H,无放流,0.47651199999999994
1.81,0.5791321397396646,medium_H,无放流,0.47651199999999994
1.815,0.5779711635910851,medium_H,无放流,0.47651199999999994
1.82,0.5768125293090814,medium_H,无放流,0.47651199999999994
1.825,0.575656232102218,medium_H,无放流,0.47651199999999994
1.83,0.5745022671889014,medium_H,无放流,0.47651199999999994
1.835,0.5733506297973814,medium_H,无放流,0.47651199999999994
1.84,0.5722013151657495,medium_H,无放流,0.47651199999999994
1.845,0.5710543185419402,medium_H,无放流,0.47651199999999994
1.85,0.5699096351837302,medium_H,无放流,0.47651199999999994
1.855,0.5687672603587387,medium_H,无放流,0.47651199999999994
1.86,0.5676271893444275,medium_H,无放流,0.47651199999999994
1.865,0.5664894174281006,medium_H,无放流,0.47651199999999994
1.87,0.5653539399069047,medium_H,无放流,0.47651199999999994
1.875,0.564220752087829,medium_H,无放流,0.47651199999999994
1.8800000000000001,0.5630898492877048,medium_H,无放流,0.47651199999999994
1.885,0.5619612268332064,medium_H,无放流,0.47651199999999994
1.8900000000000001,0.5608348800608502,medium_H,无放流,0.47651199999999994
1.895,0.5597108043169953,medium_H,无放流,0.47651199999999994
1.9000000000000001,0.5585889949578428,medium_H,无放流,0.47651199999999994
1.905,0.5574694473494369,medium_H,无放流,0.47651199999999994
1.9100000000000001,0.5563521568676639,medium_H,无放流,0.47651199999999994
1.915,0.5552371188982528,medium_H,无放流,0.47651199999999994
1.92,0.5541243288367746,medium_H,无放流,0.47651199999999994
1.925,0.5530137820886432,medium_H,无放流,0.47651199999999994
1.93,0.5519054740691149,medium_H,无放流,0.47651199999999994
1.935,0.5507994002032884,medium_H,无放流,0.47651199999999994
1.94,0.5496955559261049,medium_H,无放流,0.47651199999999994
1.945,0.548593936682348,medium_H,无放流,0.47651199999999994
1.95,0.5474945379266438,medium_H,无放流,0.47651199999999994
1.955,0.5463973551234609,medium_H,无放流,0.47651199999999994
1.96,0.5453023837471104,medium_H,无放流,0.47651199999999994
1.965,0.5442096192817457,medium_H,无放流,0.47651199999999994
1.97,0.543119057221363,medium_H,无放流,0.47651199999999994
1.975,0.5420306930698006,medium_H,无放流,0.47651199999999994
1.98,0.5409445223407394,medium_H,无放流,0.47651199999999994
1.985,0.5398605405577028,medium_H,无放流,0.47651199999999994
1.99,0.5387787432540568,medium_H,无放流,0.47651199999999994
1.995,0.5376991259730095,medium_H,无放流,0.47651199999999994
2.0,0.5366216842676119,medium_H,无放流,0.47651199999999994
2.005,0.5355464137007573,medium_H,无放流,0.47651199999999994
2.0100000000000002,0.5344733098451812,medium_H,无放流,0.47651199999999994
2.015,0.5334023682834619,medium_H,无放流,0.47651199999999994
2.02,0.5323335846080202,medium_H,无放流,0.47651199999999994
2.025,0.531266954421119,medium_H,无放流,0.47651199999999994
2.0300000000000002,0.530202473334864,medium_H,无放流,0.47651199999999994
2.035,0.5291401369712034,medium_H,无放流,0.47651199999999994
2.04,0.5280799409619276,medium_H,无放流,0.47651199999999994
2.045,0.5270218809486695,medium_H,无放流,0.47651199999999994
2.05,0.5259659525829049,medium_H,无放流,0.47651199999999994
2.055,0.5249121513774384,medium_H,无放流,0.47651199999999994
2.06,0.5238604728124014,medium_H,无放流,0.47651199999999994
2.065,0.5228109126008956,medium_H,无放流,0.47651199999999994
2.07,0.521763466465378,medium_H,无放流,0.47651199999999994
2.075,0.5207181301359752,medium_H,无放流,0.47651199999999994
2.08,0.5196748993504848,medium_H,无放流,0.47651199999999994
2.085,0.5186337698543737,medium_H,无放流,0.47651199999999994
2.09,0.5175947374007793,medium_H,无放流,0.47651199999999994
2.095,0.5165577977505089,medium_H,无放流,0.47651199999999994
2.1,0.5155229466720403,medium_H,无放流,0.47651199999999994
2.105,0.514490179941521,medium_H,无放流,0.47651199999999994
2.11,0.5134594933427689,medium_H,无放流,0.47651199999999994
2.115,0.5124308826672715,medium_H,无放流,0.47651199999999994
2.12,0.5114043437141873,medium_H,无放流,0.47651199999999994
2.125,0.5103798722903443,medium_H,无放流,0.47651199999999994
2.13,0.5093574642102405,medium_H,无放流,0.47651199999999994
2.1350000000000002,0.5083371152960443,medium_H,无放流,0.47651199999999994
2.14,0.5073188213775944,medium_H,无放流,0.47651199999999994
2.145,0.5063025782923992,medium_H,无放流,0.47651199999999994
2.15,0.5052883818856374,medium_H,无放流,0.47651199999999994
2.1550000000000002,0.5042762280101576,medium_H,无放流,0.47651199999999994
2.16,0.5032661125264791,medium_H,无放流,0.47651199999999994
2.165,0.5022580313027907,medium_H,无放流,0.47651199999999994
2.17,0.5012519802149514,medium_H,无放流,0.47651199999999994
2.1750000000000003,0.5002479551464907,medium_H,无放流,0.47651199999999994
2.18,0.49924595198860794,medium_H,无放流,0.47651199999999994
2.185,0.4982459666401725,medium_H,无放流,0.47651199999999994
2.19,0.49724799500772404,medium_H,无放流,0.47651199999999994
2.195,0.49625203300547216,medium_H,无放流,0.47651199999999994
2.2,0.49525807655529674,medium_H,无放流,0.47651199999999994
2.205,0.49426612158674776,medium_H,无放流,0.47651199999999994
2.21,0.4932761640370452,medium_H,无放流,0.47651199999999994
2.215,0.4922881998510793,medium_H,无放流,0.47651199999999994
2.22,0.4913022249814102,medium_H,无放流,0.47651199999999994
2.225,0.4903182353882684,medium_H,无放流,0.47651199999999994
2.23,0.48933622703955443,medium_H,无放流,0.47651199999999994
2.235,0.4883561959108388,medium_H,无放流,0.47651199999999994
2.24,0.48737813798536217,medium_H,无放流,0.47651199999999994
2.245,0.4864020492540356,medium_H,无放流,0.47651199999999994
2.25,0.4854279257154399,medium_H,无放流,0.47651199999999994
2.255,0.4844557633758262,medium_H,无放流,0.47651199999999994
2.2600000000000002,0.4834855582491156,medium_H,无放流,0.47651199999999994
2.265,0.4825173063568995,medium_H,无放流,0.47651199999999994
2.27,0.48155100372843923,medium_H,无放流,0.47651199999999994
2.275,0.48058664640066634,medium_H,无放流,0.47651199999999994
2.2800000000000002,0.47962423041818236,medium_H,无放流,0.47651199999999994
2.285,0.47866375183325927,medium_H,无放流,0.47651199999999994
2.29,0.47770520670583877,medium_H,无放流,0.47651199999999994
2.295,0.4767485911035329,medium_H,无放流,0.47651199999999994
2.3000000000000003,0.4757939011016236,medium_H,无放流,0.47651199999999994
2.305,0.47484113278306334,medium_H,无放流,0.47651199999999994
2.31,0.47389028223847424,medium_H,无放流,0.47651199999999994
2.315,0.47294134556614875,medium_H,无放流,0.47651199999999994
2.32,0.4719943188720495,medium_H,无放流,0.47651199999999994
2.325,0.471049198269809,medium_H,无放流,0.47651199999999994
2.33,0.47010597988073016,medium_H,无放流,0.47651199999999994
2.335,0.46916465983378586,medium_H,无放流,0.47651199999999994
2.34,0.4682252342656191,medium_H,无放流,0.47651199999999994
2.345,0.46728769932054276,medium_H,无放流,0.47651199999999994
2.35,0.4663520511505404,medium_H,无放流,0.47651199999999994
2.355,0.4654182859152652,medium_H,无放流,0.47651199999999994
2.36,0.4644863997820406,medium_H,无放流,0.47651199999999994
2.365,0.46355638892586015,medium_H,无放流,0.47651199999999994
2.37,0.46262824952938764,medium_H,无放流,0.47651199999999994
2.375,0.46170197778295674,medium_H,无放流,0.47651199999999994
2.38,0.46077756988457147,medium_H,无放流,0.47651199999999994
2.3850000000000002,0.4598550220399057,medium_H,无放流,0.47651199999999994
2.39,0.4589343304623037,medium_H,无放流,0.47651199999999994
2.395,0.4580154913727797,medium_H,无放流,0.47651199999999994
2.4,0.45709850100001803,medium_H,无放流,0.47651199999999994
2.4050000000000002,0.4561833555803731,medium_H,无放流,0.47651199999999994
2.41,0.45527005135786963,medium_H,无放流,0.47651199999999994
2.415,0.45435858458420225,medium_H,无放流,0.47651199999999994
2.42,0.45344895151873577,medium_H,无放流,0.47651199999999994
2.4250000000000003,0.4525411484285051,medium_H,无放流,0.47651199999999994
2.43,0.45163517158821537,medium_H,无放流,0.47651199999999994
2.435,0.4507310172802417,medium_H,无放流,0.47651199999999994
2.44,0.44982868179462926,medium_H,无放流,0.47651199999999994
2.445,0.44892816142909353,medium_H,无放流,0.47651199999999994
2.45,0.44802945248901993,medium_H,无放流,0.47651199999999994
2.455,0.4471325512874642,medium_H,无放流,0.47651199999999994
2.46,0.44623745414515203,medium_H,无放流,0.47651199999999994
2.465,0.44534415739047917,medium_H,无放流,0.47651199999999994
2.47,0.44445265735951156,medium_H,无放流,0.47651199999999994
2.475,0.44356295039598537,medium_H,无放流,0.47651199999999994
2.48,0.44267503285130677,medium_H,无放流,0.47651199999999994
2.485,0.441788901084552,medium_H,无放流,0.47651199999999994
2.49,0.4409045514624674,medium_H,无放流,0.47651199999999994
2.495,0.4400219803594696,medium_H,无放流,0.47651199999999994
2.5,0.43914118415764525,medium_H,无放流,0.47651199999999994
2.505,0.438262159246751,medium_H,无放流,0.47651199999999994
2.5100000000000002,0.4373849020242137,medium_H,无放流,0.47651199999999994
2.515,0.43650940889513046,medium_H,无放流,0.47651199999999994
2.52,0.43563567627226824,medium_H,无放流,0.47651199999999994
2.525,0.4347637005760643,medium_H,无放流,0.47651199999999994
2.5300000000000002,0.4338934782346258,medium_H,无放流,0.47651199999999994
2.535,0.4330250056837305,medium_H,无放流,0.47651199999999994
2.54,0.4321582793668256,medium_H,无放流,0.47651199999999994
2.545,0.431293295735029,medium_H,无放流,0.47651199999999994
2.5500000000000003,0.43043005124712824,medium_H,无放流,0.47651199999999994
2.555,0.4295685423695814,medium_H,无放流,0.47651199999999994
2.56,0.4287087655765164,medium_H,无放流,0.47651199999999994
2.565,0.42785071734973135,medium_H,无放流,0.47651199999999994
2.57,0.42699439417869445,medium_H,无放流,0.47651199999999994
2.575,0.42613979256054396,medium_H,无放流,0.47651199999999994
2.58,0.4252869090000885,medium_H,无放流,0.47651199999999994
2.585,0.42443574000980655,medium_H,无放流,0.47651199999999994
2.59,0.42358628210984683,medium_H,无放流,0.47651199999999994
2.595,0.422738531828028,medium_H,无放流,0.47651199999999994
2.6,0.42189248569983906,medium_H,无放流,0.47651199999999994
2.605,0.42104814026843906,medium_H,无放流,0.47651199999999994
2.61,0.42020549208465713,medium_H,无放流,0.47651199999999994
2.615,0.41936453770699234,medium_H,无放流,0.47651199999999994
2.62,0.4185252737016143,medium_H,无放流,0.47651199999999994
2.625,0.4176876966423623,medium_H,无放流,0.47651199999999994
2.63,0.41685180299060126,medium_H,无放流,0.47651199999999994
2.6350000000000002,0.41601758919541626,medium_H,无放流,0.47651199999999994
2.64,0.4151850518797705,medium_H,无放流,0.47651199999999994
2.645,0.4143541876733472,medium_H,无放流,0.47651199999999994
2.65,0.41352499321182756,medium_H,无放流,0.47651199999999994
2.6550000000000002,0.4126974651368908,medium_H,无放流,0.47651199999999994
2.66,0.4118716000962143,medium_H,无放流,0.47651199999999994
2.665,0.41104739474347307,medium_H,无放流,0.47651199999999994
2.67,0.4102248457383402,medium_H,无放流,0.47651199999999994
2.6750000000000003,0.4094039497464868,medium_H,无放流,0.47651199999999994
2.68,0.4085847034395821,medium_H,无放流,0.47651199999999994
2.685,0.4077671034952929,medium_H,无放流,0.47651199999999994
2.69,0.40695114659728426,medium_H,无放流,0.47651199999999994
2.695,0.40613682943521917,medium_H,无放流,0.47651199999999994
2.7,0.4053241487047584,medium_H,无放流,0.47651199999999994
2.705,0.404513101107561,medium_H,无放流,0.47651199999999994
2.71,0.4037036833512838,medium_H,无放流,0.47651199999999994
2.715,0.40289589214958155,medium_H,无放流,0.47651199999999994
2.72,0.4020897242221069,medium_H,无放流,0.47651199999999994
2.725,0.4012851762945108,medium_H,无放流,0.47651199999999994
2.73,0.40048224509844194,medium_H,无放流,0.47651199999999994
2.735,0.39968092737154687,medium_H,无放流,0.47651199999999994
2.74,0.3988812198574702,medium_H,无放流,0.47651199999999994
2.745,0.39808311930585466,medium_H,无放流,0.47651199999999994
2.75,0.39728662247234076,medium_H,无放流,0.47651199999999994
2.755,0.39649172611856703,medium_H,无放流,0.47651199999999994
2.7600000000000002,0.39569842701216984,medium_H,无放流,0.47651199999999994
2.765,0.39490672192678383,medium_H,无放流,0.47651199999999994
2.77,0.3941166076420413,medium_H,无放流,0.47651199999999994
2.775,0.39332808094357274,medium_H,无放流,0.47651199999999994
2.7800000000000002,0.3925411386230064,medium_H,无放流,0.47651199999999994
2.785,0.39175577747796864,medium_H,无放流,0.47651199999999994
2.79,0.39097199431208374,medium_H,无放流,0.47651199999999994
2.795,0.39018978593497394,medium_H,无放流,0.47651199999999994
2.8000000000000003,0.3894091491622594,medium_H,无放流,0.47651199999999994
2.805,0.3886300808155584,medium_H,无放流,0.47651199999999994
2.81,0.387852577722487,medium_H,无放流,0.47651199999999994
2.815,0.3870766367166593,medium_H,无放流,0.47651199999999994
2.82,0.38630225463768747,medium_H,无放流,0.47651199999999994
2.825,0.38552942833118137,medium_H,无放流,0.47651199999999994
2.83,0.3847581546487492,medium_H,无放流,0.47651199999999994
2.835,0.38398843044799674,medium_H,无放流,0.47651199999999994
2.84,0.383220252592528,medium_H,无放流,0.47651199999999994
2.845,0.3824536179519449,medium_H,无放流,0.47651199999999994
2.85,0.3816885234018472,medium_H,无放流,0.47651199999999994
2.855,0.38092496582383295,medium_H,无放流,0.47651199999999994
2.86,0.38016294210549767,medium_H,无放流,0.47651199999999994
2.865,0.3794024491404352,medium_H,无放流,0.47651199999999994
2.87,0.3786434838282373,medium_H,无放流,0.47651199999999994
2.875,0.37788604307449364,medium_H,无放流,0.47651199999999994
2.88,0.3771301237907919,medium_H,无放流,0.47651199999999994
2.8850000000000002,0.37637572289471755,medium_H,无放流,0.47651199999999994
2.89,0.3756228373098543,medium_H,无放流,0.47651199999999994
2.895,0.3748714639657837,medium_H,无放流,0.47651199999999994
2.9,0.3741215997980852,medium_H,无放流,0.47651199999999994
2.9050000000000002,0.3733732417483362,medium_H,无放流,0.47651199999999994
2.91,0.3726263867641123,medium_H,无放流,0.47651199999999994
2.915,0.3718810317989868,medium_H,无放流,0.47651199999999994
2.92,0.3711371738125311,medium_H,无放流,0.47651199999999994
2.9250000000000003,0.3703948097703144,medium_H,无放流,0.47651199999999994
2.93,0.3696539366439042,medium_H,无放流,0.47651199999999994
2.935,0.36891455141086565,medium_H,无放流,0.47651199999999994
2.94,0.368176651054762,medium_H,无放流,0.47651199999999994
2.945,0.36744023256515446,medium_H,无放流,0.47651199999999994
2.95,0.366705292937602,medium_H,无放流,0.47651199999999994
2.955,0.36597182917366206,medium_H,无放流,0.47651199999999994
2.96,0.36523983828088946,medium_H,无放流,0.47651199999999994
2.965,0.3645093172728374,medium_H,无放流,0.47651199999999994
2.97,0.36378026316905676,medium_H,无放流,0.47651199999999994
2.975,0.36305267299509664,medium_H,无放流,0.47651199999999994
2.98,0.36232654378250395,medium_H,无放流,0.47651199999999994
2.985,0.3616018725688236,medium_H,无放流,0.47651199999999994
2.99,0.3608786563975983,medium_H,无放流,0.47651199999999994
2.995,0.36015689231836917,medium_H,无放流,0.47651199999999994
3.0,0.35943657738667484,medium_H,无放流,0.47651199999999994
3.005,0.3587177086640521,medium_H,无放流,0.47651199999999994
3.0100000000000002,0.3580002832180357,medium_H,无放流,0.47651199999999994
3.015,0.3572842981221583,medium_H,无放流,0.47651199999999994
3.02,0.35656975045595063,medium_H,无放流,0.47651199999999994
3.025,0.3558566373049412,medium_H,无放流,0.47651199999999994
3.0300000000000002,0.3551449557606567,medium_H,无放流,0.47651199999999994
3.035,0.3544347029206217,medium_H,无放流,0.47651199999999994
3.04,0.3537258758883587,medium_H,无放流,0.47651199999999994
3.045,0.3530184717733881,medium_H,无放流,0.47651199999999994
3.0500000000000003,0.35231248769122836,medium_H,无放流,0.47651199999999994
3.055,0.3516079207633961,medium_H,无放流,0.47651199999999994
3.06,0.35090476811740545,medium_H,无放流,0.47651199999999994
3.065,0.35020302688676885,medium_H,无放流,0.47651199999999994
3.0700000000000003,0.3495026942109966,medium_H,无放流,0.47651199999999994
3.075,0.34880376723559703,medium_H,无放流,0.47651199999999994
3.08,0.3481062431120764,medium_H,无放流,0.47651199999999994
3.085,0.3474101189979387,medium_H,无放流,0.47651199999999994
3.09,0.3467153920566864,medium_H,无放流,0.47651199999999994
3.095,0.3460220594578193,medium_H,无放流,0.47651199999999994
3.1,0.3453301183768358,medium_H,无放流,0.47651199999999994
3.105,0.3446395659952318,medium_H,无放流,0.47651199999999994
3.11,0.3439503995005014,medium_H,无放流,0.47651199999999994
3.115,0.34326261608613645,medium_H,无放流,0.47651199999999994
3.12,0.3425762129516271,medium_H,无放流,0.47651199999999994
3.125,0.3418911873024612,medium_H,无放流,0.47651199999999994
3.13,0.34120753635012463,medium_H,无放流,0.47651199999999994
3.1350000000000002,0.34052525731210115,medium_H,无放流,0.47651199999999994
3.14,0.33984434741187275,medium_H,无放流,0.47651199999999994
3.145,0.33916480387891906,medium_H,无放流,0.47651199999999994
3.15,0.338486623948718,medium_H,无放流,0.47651199999999994
3.1550000000000002,0.337809804862745,medium_H,无放流,0.47651199999999994
3.16,0.33713434386847396,medium_H,无放流,0.47651199999999994
3.165,0.33646023821937654,medium_H,无放流,0.47651199999999994
3.17,0.3357874851749222,medium_H,无放流,0.47651199999999994
3.1750000000000003,0.3351160820005786,medium_H,无放流,0.47651199999999994
3.18,0.3344460259678112,medium_H,无放流,0.47651199999999994
3.185,0.33377731435408364,medium_H,无放流,0.47651199999999994
3.19,0.33310994444285724,medium_H,无放流,0.47651199999999994
3.1950000000000003,0.3324439135235915,medium_H,无放流,0.47651199999999994
3.2,0.3317792188917438,medium_H,无放流,0.47651199999999994
3.205,0.33111585779564057,medium_H,无放流,0.47651199999999994
3.21,0.33045382739958806,medium_H,无放流,0.47651199999999994
3.215,0.3297931250285716,medium_H,无放流,0.47651199999999994
3.22,0.32913374802238,medium_H,无放流,0.47651199999999994
3.225,0.32847569372550556,medium_H,无放流,0.47651199999999994
3.23,0.327818959487144,medium_H,无放流,0.47651199999999994
3.235,0.3271635426611948,medium_H,无放流,0.47651199999999994
3.24,0.3265094406062606,medium_H,无放流,0.47651199999999994
3.245,0.32585665068564795,medium_H,无放流,0.47651199999999994
3.25,0.3252051702673666,medium_H,无放流,0.47651199999999994
3.255,0.32455499672413013,medium_H,无放流,0.47651199999999994
3.2600000000000002,0.3239061274333553,medium_H,无放流,0.47651199999999994
3.265,0.32325855977716267,medium_H,无放流,0.47651199999999994
3.27,0.3226122911423762,medium_H,无放流,0.47651199999999994
3.275,0.3219673189205234,medium_H,无放流,0.47651199999999994
3.2800000000000002,0.3213236405078352,medium_H,无放流,0.47651199999999994
3.285,0.32068125330524627,medium_H,无放流,0.47651199999999994
3.29,0.32004015471839464,medium_H,无放流,0.47651199999999994
3.295,0.31940034215762186,medium_H,无放流,0.47651199999999994
3.3000000000000003,0.318761813037973,medium_H,无放流,0.47651199999999994
3.305,0.3181245647791968,medium_H,无放流,0.47651199999999994
3.31,0.31748859480574537,medium_H,无放流,0.47651199999999994
3.315,0.31685390054677437,medium_H,无放流,0.47651199999999994
3.3200000000000003,0.31622047943614295,medium_H,无放流,0.47651199999999994
3.325,0.3155883289124139,medium_H,无放流,0.47651199999999994
3.33,0.3149574464188535,medium_H,无放流,0.47651199999999994
3.335,0.31432782940343135,medium_H,无放流,0.47651199999999994
3.34,0.31369947531882086,medium_H,无放流,0.47651199999999994
3.345,0.31307238162239875,medium_H,无放流,0.47651199999999994
3.35,0.3124465457762454,medium_H,无放流,0.47651199999999994
3.355,0.31182196524714473,medium_H,无放流,0.47651199999999994
3.36,0.311198637506584,medium_H,无放流,0.47651199999999994
3.365,0.31057656003075407,medium_H,无放流,0.47651199999999994
3.37,0.30995573030054946,medium_H,无放流,0.47651199999999994
3.375,0.3093361458015681,medium_H,无放流,0.47651199999999994
3.38,0.30871780402411136,medium_H,无放流,0.47651199999999994
3.3850000000000002,0.3081007024631842,medium_H,无放流,0.47651199999999994
3.39,0.30748483861849524,medium_H,无放流,0.47651199999999994
3.395,0.30687020999445647,medium_H,无放流,0.47651199999999994
3.4,0.30625681410018335,medium_H,无放流,0.47651199999999994
3.4050000000000002,0.305644648449495,medium_H,无放流,0.47651199999999994
3.41,0.30503371056091405,medium_H,无放流,0.47651199999999994
3.415,0.30442399795766656,medium_H,无放流,0.47651199999999994
3.42,0.30381550816768216,medium_H,无放流,0.47651199999999994
3.4250000000000003,0.3032082387235939,medium_H,无放流,0.47651199999999994
3.43,0.3026021871627387,medium_H,无放流,0.47651199999999994
3.435,0.3019973510271565,medium_H,无放流,0.47651199999999994
3.44,0.30139372786359125,medium_H,无放流,0.47651199999999994
3.4450000000000003,0.30079131522348995,medium_H,无放流,0.47651199999999994
3.45,0.30019011066300355,medium_H,无放流,0.47651199999999994
3.455,0.2995901117429863,medium_H,无放流,0.47651199999999994
3.46,0.29899131602899587,medium_H,无放流,0.47651199999999994
3.465,0.2983937210912937,medium_H,无放流,0.47651199999999994
3.47,0.2977973245048446,medium_H,无放流,0.47651199999999994
3.475,0.297202123849317,medium_H,无放流,0.47651199999999994
3.48,0.2966081167090827,medium_H,无放流,0.47651199999999994
3.485,0.29601530067321724,medium_H,无放流,0.47651199999999994
3.49,0.29542367333549935,medium_H,无放流,0.47651199999999994
3.495,0.29483323229441166,medium_H,无放流,0.47651199999999994
3.5,0.2942439751531401,medium_H,无放流,0.47651199999999994
3.505,0.29365589951957416,medium_H,无放流,0.47651199999999994
3.5100000000000002,0.29306900300630684,medium_H,无放流,0.47651199999999994
3.515,0.29248328323063477,medium_H,无放流,0.47651199999999994
3.52,0.2918987378145579,medium_H,无放流,0.47651199999999994
3.525,0.2913153643847799,medium_H,无放流,0.47651199999999994
3.5300000000000002,0.29073316057270776,medium_H,无放流,0.47651199999999994
3.535,0.2901521240144523,medium_H,无放流,0.47651199999999994
3.54,0.2895722523508275,medium_H,无放流,0.47651199999999994
3.545,0.2889935432273511,medium_H,无放流,0.47651199999999994
3.5500000000000003,0.28841599429424425,medium_H,无放流,0.47651199999999994
3.555,0.28783960320643176,medium_H,无放流,0.47651199999999994
3.56,0.28726436762354185,medium_H,无放流,0.47651199999999994
3.565,0.28669028520990625,medium_H,无放流,0.47651199999999994
3.5700000000000003,0.28611735363456015,medium_H,无放流,0.47651199999999994
3.575,0.28554557057124247,medium_H,无放流,0.47651199999999994
3.58,0.28497493369839555,medium_H,无放流,0.47651199999999994
3.585,0.2844054406991652,medium_H,无放流,0.47651199999999994
3.59,0.2838370892614008,medium_H,无放流,0.47651199999999994
3.595,0.28326987707765505,medium_H,无放流,0.47651199999999994
3.6,0.2827038018451847,medium_H,无放流,0.47651199999999994
3.605,0.28213886126594945,medium_H,无放流,0.47651199999999994
3.61,0.2815750530466129,medium_H,无放流,0.47651199999999994
3.615,0.2810123748985418,medium_H,无放流,0.47651199999999994
3.62,0.2804508245378069,medium_H,无放流,0.47651199999999994
3.625,0.27989039968518215,medium_H,无放流,0.47651199999999994
3.63,0.279331098066145,medium_H,无放流,0.47651199999999994
3.6350000000000002,0.27877291741087656,medium_H,无放流,0.47651199999999994
3.64,0.2782158554542615,medium_H,无放流,0.47651199999999994
3.645,0.2776599099358878,medium_H,无放流,0.47651199999999994
3.65,0.27710507860004713,medium_H,无放流,0.47651199999999994
3.6550000000000002,0.27655135919573465,medium_H,无放流,0.47651199999999994
3.66,0.2759987494766491,medium_H,无放流,0.47651199999999994
3.665,0.2754472472011926,medium_H,无放流,0.47651199999999994
3.67,0.2748968501324709,medium_H,无放流,0.47651199999999994
3.6750000000000003,0.27434755603829314,medium_H,无放流,0.47651199999999994
3.68,0.2737993626911722,medium_H,无放流,0.47651199999999994
3.685,0.27325226786832435,medium_H,无放流,0.47651199999999994
3.69,0.27270626935166936,medium_H,无放流,0.47651199999999994
3.6950000000000003,0.2721613649278305,medium_H,无放流,0.47651199999999994
3.7,0.2716175523881347,medium_H,无放流,0.47651199999999994
3.705,0.27107482952861234,medium_H,无放流,0.47651199999999994
3.71,0.2705331941499972,medium_H,无放流,0.47651199999999994
3.715,0.2699926440577268,medium_H,无放流,0.47651199999999994
3.72,0.26945317706194205,medium_H,无放流,0.47651199999999994
3.725,0.2689147909774874,medium_H,无放流,0.47651199999999994
3.73,0.2683774836239108,medium_H,无放流,0.47651199999999994
3.735,0.2678412528254638,medium_H,无放流,0.47651199999999994
3.74,0.26730609641110126,medium_H,无放流,0.47651199999999994
3.745,0.26677201221448194,medium_H,无放流,0.47651199999999994
3.75,0.2662389980739678,medium_H,无放流,0.47651199999999994
3.755,0.26570705183262444,medium_H,无放流,0.47651199999999994
3.7600000000000002,0.2651761713382209,medium_H,无放流,0.47651199999999994
3.765,0.26464635444323,medium_H,无放流,0.47651199999999994
3.77,0.2641175990048277,medium_H,无放流,0.47651199999999994
3.775,0.26358990288489376,medium_H,无放流,0.47651199999999994
3.7800000000000002,0.26306326394401897,medium_H,无放流,0.47651199999999994
3.785,0.26253767993946864,medium_H,无放流,0.47651199999999994
3.79,0.26201314871694764,medium_H,无放流,0.47651199999999994
3.795,0.2614896681737705,medium_H,无放流,0.47651199999999994
3.8000000000000003,0.2609672362109484,medium_H,无放流,0.47651199999999994
3.805,0.2604458507331896,medium_H,无放流,0.47651199999999994
3.81,0.25992550964889877,medium_H,无放流,0.47651199999999994
3.815,0.2594062108701775,medium_H,无放流,0.47651199999999994
3.8200000000000003,0.25888795231282413,medium_H,无放流,0.47651199999999994
3.825,0.25837073189633375,medium_H,无放流,0.47651199999999994
3.83,0.2578545475438982,medium_H,无放流,0.47651199999999994
3.835,0.2573393971824061,medium_H,无放流,0.47651199999999994
3.84,0.2568252787424429,medium_H,无放流,0.47651199999999994
3.845,0.25631219015829054,medium_H,无放流,0.47651199999999994
3.85,0.25580012936792806,medium_H,无放流,0.47651199999999994
3.855,0.25528909431303115,medium_H,无放流,0.47651199999999994
3.86,0.25477908293897217,medium_H,无放流,0.47651199999999994
3.865,0.2542700931948202,medium_H,无放流,0.47651199999999994
3.87,0.25376212303334134,medium_H,无放流,0.47651199999999994
3.875,0.25325517041099815,medium_H,无放流,0.47651199999999994
3.88,0.25274923328795024,medium_H,无放流,0.47651199999999994
3.8850000000000002,0.25224430962805366,medium_H,无放流,0.47651199999999994
3.89,0.2517403973988615,medium_H,无放流,0.47651199999999994
3.895,0.2512374945716235,medium_H,无放流,0.47651199999999994
3.9,0.25073559912128607,medium_H,无放流,0.47651199999999994
3.9050000000000002,0.25023470902649253,medium_H,无放流,0.47651199999999994
3.91,0.24973482226958296,medium_H,无放流,0.47651199999999994
3.915,0.24923593683659406,medium_H,无放流,0.47651199999999994
3.92,0.24873805071725943,medium_H,无放流,0.47651199999999994
3.9250000000000003,0.24824116190500928,medium_H,无放流,0.47651199999999994
3.93,0.24774526839697078,medium_H,无放流,0.47651199999999994
3.935,0.24725036819396773,medium_H,无放流,0.47651199999999994
3.94,0.24675645930052068,medium_H,无放流,0.47651199999999994
3.9450000000000003,0.24626353972484694,medium_H,无放流,0.47651199999999994
3.95,0.24577160747886073,medium_H,无放流,0.47651199999999994
3.955,0.24528066057817288,medium_H,无放流,0.47651199999999994
3.96,0.24479069704209097,medium_H,无放流,0.47651199999999994
3.9650000000000003,0.24430171489361938,medium_H,无放流,0.47651199999999994
3.97,0.24381371215945935,medium_H,无放流,0.47651199999999994
3.975,0.24332668687000872,medium_H,无放流,0.47651199999999994
3.98,0.2428406370593622,medium_H,无放流,0.47651199999999994
3.985,0.24235556076531117,medium_H,无放流,0.47651199999999994
3.99,0.24187145602934385,medium_H,无放流,0.47651199999999994
3.995,0.2413883208966452,medium_H,无放流,0.47651199999999994
4.0,0.24090615341609695,medium_H,无放流,0.47651199999999994
4.005,0.24042495164027755,medium_H,无放流,0.47651199999999994
4.01,0.2399447136254622,medium_H,无放流,0.47651199999999994
4.015,0.23946543743162296,medium_H,无放流,0.47651199999999994
4.0200000000000005,0.23898712112242848,medium_H,无放流,0.47651199999999994
4.025,0.23850976276524444,medium_H,无放流,0.47651199999999994
4.03,0.23803336043113302,medium_H,无放流,0.47651199999999994
4.035,0.23755791219485328,medium_H,无放流,0.47651199999999994
4.04,0.237083416134861,medium_H,无放流,0.47651199999999994
4.045,0.23660987033330877,medium_H,无放流,0.47651199999999994
4.05,0.23613727287604586,medium_H,无放流,0.47651199999999994
4.055,0.23566562185261838,medium_H,无放流,0.47651199999999994
4.0600000000000005,0.2351949153562691,medium_H,无放流,0.47651199999999994
4.065,0.23472515148393777,medium_H,无放流,0.47651199999999994
4.07,0.23425632833626064,medium_H,无放流,0.47651199999999994
4.075,0.23378844401757093,medium_H,无放流,0.47651199999999994
4.08,0.2333214966358984,medium_H,无放流,0.47651199999999994
4.085,0.2328554843029698,medium_H,无放流,0.47651199999999994
4.09,0.23239040513420844,medium_H,无放流,0.47651199999999994
4.095,0.23192625724873459,medium_H,无放流,0.47651199999999994
4.1,0.23146303876936508,medium_H,无放流,0.47651199999999994
4.105,0.2310007478226136,medium_H,无放流,0.47651199999999994
4.11,0.23053938253869066,medium_H,无放流,0.47651199999999994
4.115,0.2300789410515035,medium_H,无放流,0.47651199999999994
4.12,0.229619421498656,medium_H,无放流,0.47651199999999994
4.125,0.2291608220214489,medium_H,无放流,0.47651199999999994
4.13,0.22870314076487977,medium_H,无放流,0.47651199999999994
4.135,0.2282463758776428,medium_H,无放流,0.47651199999999994
4.14,0.22779052551212894,medium_H,无放流,0.47651199999999994
4.1450000000000005,0.227335587824426,medium_H,无放流,0.47651199999999994
4.15,0.2268815609743186,medium_H,无放流,0.47651199999999994
4.155,0.22642844312528798,medium_H,无放流,0.47651199999999994
4.16,0.2259762324445122,medium_H,无放流,0.47651199999999994
4.165,0.22552492710286604,medium_H,无放流,0.47651199999999994
4.17,0.2250745252749211,medium_H,无放流,0.47651199999999994
4.175,0.22462502513894572,medium_H,无放流,0.47651199999999994
4.18,0.22417642487690498,medium_H,无放流,0.47651199999999994
4.1850000000000005,0.2237287226744607,medium_H,无放流,0.47651199999999994
4.19,0.22328191672097158,medium_H,无放流,0.47651199999999994
4.195,0.22283600520949298,medium_H,无放流,0.47651199999999994
4.2,0.222390986336777,medium_H,无放流,0.47651199999999994
4.205,0.2219468583032726,medium_H,无放流,0.47651199999999994
4.21,0.2215036193131254,medium_H,无放流,0.47651199999999994
4.215,0.2210612675741778,medium_H,无放流,0.47651199999999994
4.22,0.22061980129796901,medium_H,无放流,0.47651199999999994
4.225,0.22017921869973497,medium_H,无放流,0.47651199999999994
4.23,0.2197395179984083,medium_H,无放流,0.47651199999999994
4.235,0.21930069741661862,medium_H,无放流,0.47651199999999994
4.24,0.2188627551806921,medium_H,无放流,0.47651199999999994
4.245,0.21842568952065167,medium_H,无放流,0.47651199999999994
4.25,0.2179894986702171,medium_H,无放流,0.47651199999999994
4.255,0.21755418086680495,medium_H,无放流,0.47651199999999994
4.26,0.2171197343515284,medium_H,无放流,0.47651199999999994
4.265,0.21668615736919755,medium_H,无放流,0.47651199999999994
4.2700000000000005,0.21625344816831907,medium_H,无放流,0.47651199999999994
4.275,0.21582160500109668,medium_H,无放流,0.47651199999999994
4.28,0.21539062612343057,medium_H,无放流,0.47651199999999994
4.285,0.21496050979491788,medium_H,无放流,0.47651199999999994
4.29,0.2145312542788524,medium_H,无放流,0.47651199999999994
4.295,0.21410285784222471,medium_H,无放流,0.47651199999999994
4.3,0.21367531875572218,medium_H,无放流,0.47651199999999994
4.305,0.21324863529372895,medium_H,无放流,0.47651199999999994
4.3100000000000005,0.21282280573432574,medium_H,无放流,0.47651199999999994
4.315,0.21239782835929044,medium_H,无放流,0.47651199999999994
4.32,0.21197370145409727,medium_H,无放流,0.47651199999999994
4.325,0.21155042330791746,medium_H,无放流,0.47651199999999994
4.33,0.21112799221361886,medium_H,无放流,0.47651199999999994
4.335,0.2107064064677662,medium_H,无放流,0.47651199999999994
4.34,0.21028566437062088,medium_H,无放流,0.47651199999999994
4.345,0.20986576422614114,medium_H,无放流,0.47651199999999994
4.3500000000000005,0.20944670434198184,medium_H,无放流,0.47651199999999994
4.355,0.20902848302949484,medium_H,无放流,0.47651199999999994
4.36,0.20861109857510415,medium_H,无放流,0.47651199999999994
4.365,0.20819454920873126,medium_H,无放流,0.47651199999999994
4.37,0.20777883325860447,medium_H,无放流,0.47651199999999994
4.375,0.20736394906376251,medium_H,无放流,0.47651199999999994
4.38,0.20694989496615482,medium_H,无放流,0.47651199999999994
4.385,0.2065366693106416,medium_H,无放流,0.47651199999999994
4.39,0.2061242704449938,medium_H,无放流,0.47651199999999994
4.3950000000000005,0.2057126967198929,medium_H,无放流,0.47651199999999994
4.4,0.20530194648893152,medium_H,无放流,0.47651199999999994
4.405,0.20489201810861266,medium_H,无放流,0.47651199999999994
4.41,0.20448290993835017,medium_H,无放流,0.47651199999999994
4.415,0.2040746203404686,medium_H,无放流,0.47651199999999994
4.42,0.20366714768020328,medium_H,无放流,0.47651199999999994
4.425,0.20326049032570026,medium_H,无放流,0.47651199999999994
4.43,0.20285464664801625,medium_H,无放流,0.47651199999999994
4.4350000000000005,0.20244961502111872,medium_H,无放流,0.47651199999999994
4.44,0.20204539382188602,medium_H,无放流,0.47651199999999994
4.445,0.20164198143010706,medium_H,无放流,0.47651199999999994
4.45,0.20123937622848148,medium_H,无放流,0.47651199999999994
4.455,0.20083757660261978,medium_H,无放流,0.47651199999999994
4.46,0.20043658094104305,medium_H,无放流,0.47651199999999994
4.465,0.2000363876351832,medium_H,无放流,0.47651199999999994
4.47,0.19963699507938282,medium_H,无放流,0.47651199999999994
4.4750000000000005,0.1992384016708952,medium_H,无放流,0.47651199999999994
4.48,0.19884060580988458,medium_H,无放流,0.47651199999999994
4.485,0.19844360589942567,medium_H,无放流,0.47651199999999994
4.49,0.19804740034550403,medium_H,无放流,0.47651199999999994
4.495,0.19765198755701588,medium_H,无放流,0.47651199999999994
4.5,0.19725736594576826,medium_H,无放流,0.47651199999999994
4.505,0.19686353392647893,medium_H,无放流,0.47651199999999994
4.51,0.1964704899167763,medium_H,无放流,0.47651199999999994
4.515,0.19607823233719957,medium_H,无放流,0.47651199999999994
4.5200000000000005,0.1956867596111986,medium_H,无放流,0.47651199999999994
4.525,0.19529607016513423,medium_H,无放流,0.47651199999999994
4.53,0.1949061624282777,medium_H,无放流,0.47651199999999994
4.535,0.19451703483281121,medium_H,无放流,0.47651199999999994
4.54,0.19412868581382756,medium_H,无放流,0.47651199999999994
4.545,0.19374111380933032,medium_H,无放流,0.47651199999999994
4.55,0.19335431726023383,medium_H,无放流,0.47651199999999994
4.555,0.19296829461036313,medium_H,无放流,0.47651199999999994
4.5600000000000005,0.1925830443064539,medium_H,无放流,0.47651199999999994
4.565,0.1921985647981528,medium_H,无放流,0.47651199999999994
4.57,0.19181485453801703,medium_H,无放流,0.47651199999999994
4.575,0.1914319119815145,medium_H,无放流,0.47651199999999994
4.58,0.19104973558702393,medium_H,无放流,0.47651199999999994
4.585,0.19066832381583476,medium_H,无放流,0.47651199999999994
4.59,0.19028767513214712,medium_H,无放流,0.47651199999999994
4.595,0.18990778800307193,medium_H,无放流,0.47651199999999994
4.6000000000000005,0.18952866089863074,medium_H,无放流,0.47651199999999994
4.605,0.18915029229175603,medium_H,无放流,0.47651199999999994
4.61,0.18877268065829084,medium_H,无放流,0.47651199999999994
4.615,0.18839582447698894,medium_H,无放流,0.47651199999999994
4.62,0.1880197222295149,medium_H,无放流,0.47651199999999994
4.625,0.18764437240044402,medium_H,无放流,0.47651199999999994
4.63,0.18726977347726226,medium_H,无放流,0.47651199999999994
4.635,0.1868959239503664,medium_H,无放流,0.47651199999999994
4.64,0.18652282231306389,medium_H,无放流,0.47651199999999994
4.6450000000000005,0.18615046706157287,medium_H,无放流,0.47651199999999994
4.65,0.18577885669502242,medium_H,无放流,0.47651199999999994
4.655,0.18540798971545214,medium_H,无放流,0.47651199999999994
4.66,0.18503786462781238,medium_H,无放流,0.47651199999999994
4.665,0.1846684799399643,medium_H,无放流,0.47651199999999994
4.67,0.18429983416267975,medium_H,无放流,0.47651199999999994
4.675,0.18393192580964135,medium_H,无放流,0.47651199999999994
4.68,0.18356475339744235,medium_H,无放流,0.47651199999999994
4.6850000000000005,0.18319831544558682,medium_H,无放流,0.47651199999999994
4.69,0.18283261047648958,medium_H,无放流,0.47651199999999994
4.695,0.18246763701547614,medium_H,无放流,0.47651199999999994
4.7,0.18210339359078276,medium_H,无放流,0.47651199999999994
4.705,0.18173987873355635,medium_H,无放流,0.47651199999999994
4.71,0.18137709097785462,medium_H,无放流,0.47651199999999994
4.715,0.18101502886064608,medium_H,无放流,0.47651199999999994
4.72,0.18065369092180983,medium_H,无放流,0.47651199999999994
4.7250000000000005,0.18029307570413572,medium_H,无放流,0.47651199999999994
4.73,0.1799331817533245,medium_H,无放流,0.47651199999999994
4.735,0.17957400761798753,medium_H,无放流,0.47651199999999994
4.74,0.1792155518496468,medium_H,无放流,0.47651199999999994
4.745,0.1788578130027352,medium_H,无放流,0.47651199999999994
4.75,0.17850078963459629,medium_H,无放流,0.47651199999999994
4.755,0.1781444803054843,medium_H,无放流,0.47651199999999994
4.76,0.1777888835785643,medium_H,无放流,0.47651199999999994
4.765,0.177433998019912,medium_H,无放流,0.47651199999999994
4.7700000000000005,0.17707982219851384,medium_H,无放流,0.47651199999999994
4.775,0.17672635468626716,medium_H,无放流,0.47651199999999994
4.78,0.1763735940579798,medium_H,无放流,0.47651199999999994
4.785,0.17602153889137048,medium_H,无放流,0.47651199999999994
4.79,0.17567018776706858,medium_H,无放流,0.47651199999999994
4.795,0.1753195392686142,medium_H,无放流,0.47651199999999994
4.8,0.17496959198245826,medium_H,无放流,0.47651199999999994
4.805,0.17462034449796232,medium_H,无放流,0.47651199999999994
4.8100000000000005,0.17427179540739868,medium_H,无放流,0.47651199999999994
4.815,0.17392394330595048,medium_H,无放流,0.47651199999999994
4.82,0.17357678679171146,medium_H,无放流,0.47651199999999994
4.825,0.17323032446568615,medium_H,无放流,0.47651199999999994
4.83,0.1728845549317898,medium_H,无放流,0.47651199999999994
4.835,0.1725394767968484,medium_H,无放流,0.47651199999999994
4.84,0.17219508867059863,medium_H,无放流,0.47651199999999994
4.845,0.17185138916568798,medium_H,无放流,0.47651199999999994
4.8500000000000005,0.1715083768976745,medium_H,无放流,0.47651199999999994
4.855,0.1711660504850273,medium_H,无放流,0.47651199999999994
4.86,0.1708244085491259,medium_H,无放流,0.47651199999999994
4.865,0.1704834497142607,medium_H,无放流,0.47651199999999994
4.87,0.17014317260763273,medium_H,无放流,0.47651199999999994
4.875,0.16980357585935393,medium_H,无放流,0.47651199999999994
4.88,0.16946465810244676,medium_H,无放流,0.47651199999999994
4.885,0.1691264179728446,medium_H,无放流,0.47651199999999994
4.89,0.1687888541093914,medium_H,无放流,0.47651199999999994
4.8950000000000005,0.16845196515384192,medium_H,无放流,0.47651199999999994
4.9,0.1681157497508617,medium_H,无放流,0.47651199999999994
4.905,0.16778020654802694,medium_H,无放流,0.47651199999999994
4.91,0.16744533419582458,medium_H,无放流,0.47651199999999994
4.915,0.1671111313476523,medium_H,无放流,0.47651199999999994
4.92,0.16677759665981848,medium_H,无放流,0.47651199999999994
4.925,0.16644472879154232,medium_H,无放流,0.47651199999999994
4.93,0.16611252640495364,medium_H,无放流,0.47651199999999994
4.9350000000000005,0.165780988165093,medium_H,无放流,0.47651199999999994
4.94,0.165450112697406,medium_H,无放流,0.47651199999999994
4.945,0.16511989862043866,medium_H,无放流,0.47651199999999994
4.95,0.16479034461827569,medium_H,无放流,0.47651199999999994
4.955,0.1644614493776983,medium_H,无放流,0.47651199999999994
4.96,0.16413321158778282,medium_H,无放流,0.47651199999999994
4.965,0.1638056299399007,medium_H,无放流,0.47651199999999994
4.97,0.16347870312771848,medium_H,无放流,0.47651199999999994
4.9750000000000005,0.16315242984719777,medium_H,无放流,0.47651199999999994
4.98,0.16282680879659553,medium_H,无放流,0.47651199999999994
4.985,0.16250183867646353,medium_H,无放流,0.47651199999999994
4.99,0.16217751818964882,medium_H,无放流,0.47651199999999994
4.995,0.1618538460412935,medium_H,无放流,0.47651199999999994
5.0,0.1615308209388348,medium_H,无放流,0.47651199999999994
5.005,0.16120844159200512,medium_H,无放流,0.47651199999999994
5.01,0.1608867067128319,medium_H,无放流,0.47651199999999994
5.015,0.16056561501563768,medium_H,无放流,0.47651199999999994
5.0200000000000005,0.16024516521704016,medium_H,无放流,0.47651199999999994
5.025,0.15992535603595218,medium_H,无放流,0.47651199999999994
5.03,0.15960618619358166,medium_H,无放流,0.47651199999999994
5.035,0.15928765441343162,medium_H,无放流,0.47651199999999994
5.04,0.15896975942130018,medium_H,无放流,0.47651199999999994
5.045,0.1586524999452806,medium_H,无放流,0.47651199999999994
5.05,0.15833587471576127,medium_H,无放流,0.47651199999999994
5.055,0.15801988246542564,medium_H,无放流,0.47651199999999994
5.0600000000000005,0.1577045219292523,medium_H,无放流,0.47651199999999994
5.065,0.15738979184451501,medium_H,无放流,0.47651199999999994
5.07,0.1570756909507826,medium_H,无放流,0.47651199999999994
5.075,0.15676221798991896,medium_H,无放流,0.47651199999999994
5.08,0.15644937170608314,medium_H,无放流,0.47651199999999994
5.085,0.15613715084572932,medium_H,无放流,0.47651199999999994
5.09,0.15582555415760677,medium_H,无放流,0.47651199999999994
5.095,0.15551458039275987,medium_H,无放流,0.47651199999999994
5.1000000000000005,0.15520422830452807,medium_H,无放流,0.47651199999999994
5.105,0.1548944966485461,medium_H,无放流,0.47651199999999994
5.11,0.15458538418274362,medium_H,无放流,0.47651199999999994
5.115,0.15427688966734548,medium_H,无放流,0.47651199999999994
5.12,0.15396901186487164,medium_H,无放流,0.47651199999999994
5.125,0.15366174954013714,medium_H,无放流,0.47651199999999994
5.13,0.15335510146025222,medium_H,无放流,0.47651199999999994
5.135,0.1530490663946221,medium_H,无放流,0.47651199999999994
5.14,0.15274364311494723,medium_H,无放流,0.47651199999999994
5.1450000000000005,0.15243883039522307,medium_H,无放流,0.47651199999999994
5.15,0.15213462701174035,medium_H,无放流,0.47651199999999994
5.155,0.1518310317430848,medium_H,无放流,0.47651199999999994
5.16,0.15152804337013723,medium_H,无放流,0.47651199999999994
5.165,0.15122566067607363,medium_H,无放流,0.47651199999999994
5.17,0.1509238824463651,medium_H,无放流,0.47651199999999994
5.175,0.15062270746877782,medium_H,无放流,0.47651199999999994
5.18,0.15032213453337312,medium_H,无放流,0.47651199999999994
5.1850000000000005,0.15002216243250735,medium_H,无放流,0.47651199999999994
5.19,0.14972278996083216,medium_H,无放流,0.47651199999999994
5.195,0.1494240159152942,medium_H,无放流,0.47651199999999994
5.2,0.14912583909513516,medium_H,无放流,0.47651199999999994
5.205,0.14882825830189195,medium_H,无放流,0.47651199999999994
5.21,0.14853127233939656,medium_H,无放流,0.47651199999999994
5.215,0.14823488001377613,medium_H,无放流,0.47651199999999994
5.22,0.1479390801334528,medium_H,无放流,0.47651199999999994
5.2250000000000005,0.14764387150914393,medium_H,无放流,0.47651199999999994
5.23,0.14734925295386203,medium_H,无放流,0.47651199999999994
5.235,0.1470552232829146,medium_H,无放流,0.47651199999999994
5.24,0.14676178131390433,medium_H,无放流,0.47651199999999994
5.245,0.14646892586672897,medium_H,无放流,0.47651199999999994
5.25,0.14617665576358146,medium_H,无放流,0.47651199999999994
5.255,0.1458849698289498,medium_H,无放流,0.47651199999999994
5.26,0.1455938668896171,medium_H,无放流,0.47651199999999994
5.265,0.14530334577466159,medium_H,无放流,0.47651199999999994
5.2700000000000005,0.1450134053154566,medium_H,无放流,0.47651199999999994
5.275,0.14472404434567065,medium_H,无放流,0.47651199999999994
5.28,0.1444352617012673,medium_H,无放流,0.47651199999999994
5.285,0.14414705622050525,medium_H,无放流,0.47651199999999994
5.29,0.14385942674393826,medium_H,无放流,0.47651199999999994
5.295,0.1435723721144153,medium_H,无放流,0.47651199999999994
5.3,0.14328589117708032,medium_H,无放流,0.47651199999999994
5.305,0.14299998277937254,medium_H,无放流,0.47651199999999994
5.3100000000000005,0.14271464577102616,medium_H,无放流,0.47651199999999994
5.315,0.1424298790040706,medium_H,无放流,0.47651199999999994
5.32,0.14214568133283031,medium_H,无放流,0.47651199999999994
5.325,0.14186205161392493,medium_H,无放流,0.47651199999999994
5.33,0.14157898870626912,medium_H,无放流,0.47651199999999994
5.335,0.14129649147107268,medium_H,无放流,0.47651199999999994
5.34,0.1410145587718406,medium_H,无放流,0.47651199999999994
5.345,0.1407331894743729,medium_H,无放流,0.47651199999999994
5.3500000000000005,0.14045238244676472,medium_H,无放流,0.47651199999999994
5.355,0.14017213655940639,medium_H,无放流,0.47651199999999994
5.36,0.13989245068498327,medium_H,无放流,0.47651199999999994
5.365,0.13961332369847587,medium_H,无放流,0.47651199999999994
5.37,0.1393347544771598,medium_H,无放流,0.47651199999999994
5.375,0.13905674190060577,medium_H,无放流,0.47651199999999994
5.38,0.13877928485067964,medium_H,无放流,0.47651199999999994
5.385,0.13850238221154235,medium_H,无放流,0.47651199999999994
5.39,0.13822603286964996,medium_H,无放流,0.47651199999999994
5.3950000000000005,0.13795023571375364,medium_H,无放流,0.47651199999999994
5.4,0.13767498963489974,medium_H,无放流,0.47651199999999994
5.405,0.13740029352642963,medium_H,无放流,0.47651199999999994
5.41,0.13712614628397984,medium_H,无放流,0.47651199999999994
5.415,0.13685254680548198,medium_H,无放流,0.47651199999999994
5.42,0.13657949399116281,medium_H,无放流,0.47651199999999994
5.425,0.1363069867435442,medium_H,无放流,0.47651199999999994
5.43,0.1360350239674431,medium_H,无放流,0.47651199999999994
5.4350000000000005,0.13576360456997158,medium_H,无放流,0.47651199999999994
5.44,0.13549272746053692,medium_H,无放流,0.47651199999999994
5.445,0.13522239155084134,medium_H,无放流,0.47651199999999994
5.45,0.13495259575488233,medium_H,无放流,0.47651199999999994
5.455,0.1346833389889524,medium_H,无放流,0.47651199999999994
5.46,0.13441462017163922,medium_H,无放流,0.47651199999999994
5.465,0.1341464382238255,medium_H,无放流,0.47651199999999994
5.47,0.1338787920686892,medium_H,无放流,0.47651199999999994
5.4750000000000005,0.1336116806317032,medium_H,无放流,0.47651199999999994
5.48,0.13334510284063572,medium_H,无放流,0.47651199999999994
5.485,0.1330790576255499,medium_H,无放流,0.47651199999999994
5.49,0.13281354391880412,medium_H,无放流,0.47651199999999994
5.495,0.13254856065505183,medium_H,无放流,0.47651199999999994
5.5,0.13228410677124153,medium_H,无放流,0.47651199999999994
5.505,0.13202018120661693,medium_H,无放流,0.47651199999999994
5.51,0.1317567829027168,medium_H,无放流,0.47651199999999994
5.515,0.13149391080329131,medium_H,无放流,0.47651199999999994
5.5200000000000005,0.13123156381122386,medium_H,无放流,0.47651199999999994
5.525,0.1309697408447523,medium_H,无放流,0.47651199999999994
5.53,0.1307084408630408,medium_H,无放流,0.47651199999999994
5.535,0.13044766282706532,medium_H,无放流,0.47651199999999994
5.54,0.13018740569961362,medium_H,无放流,0.47651199999999994
5.545,0.12992766844528508,medium_H,无放流,0.47651199999999994
5.55,0.12966845003049093,medium_H,无放流,0.47651199999999994
5.555,0.1294097494234541,medium_H,无放流,0.47651199999999994
5.5600000000000005,0.12915156559420912,medium_H,无放流,0.47651199999999994
5.565,0.12889389751460256,medium_H,无放流,0.47651199999999994
5.57,0.12863674415829243,medium_H,无放流,0.47651199999999994
5.575,0.12838010450074866,medium_H,无放流,0.47651199999999994
5.58,0.1281239775192528,medium_H,无放流,0.47651199999999994
5.585,0.1278683621928982,medium_H,无放流,0.47651199999999994
5.59,0.12761325750258998,medium_H,无放流,0.47651199999999994
5.595,0.12735866243104488,medium_H,无放流,0.47651199999999994
5.6000000000000005,0.12710457596279143,medium_H,无放流,0.47651199999999994
5.605,0.12685099708417,medium_H,无放流,0.47651199999999994
5.61,0.1265979247833326,medium_H,无放流,0.47651199999999994
5.615,0.1263453580502429,medium_H,无放流,0.47651199999999994
5.62,0.1260932958766765,medium_H,无放流,0.47651199999999994
5.625,0.12584173725622055,medium_H,无放流,0.47651199999999994
5.63,0.12559068118427405,medium_H,无放流,0.47651199999999994
5.635,0.12534012665804767,medium_H,无放流,0.47651199999999994
5.64,0.12509007267656388,medium_H,无放流,0.47651199999999994
5.6450000000000005,0.12484051824065683,medium_H,无放流,0.47651199999999994
5.65,0.12459146235297246,medium_H,无放流,0.47651199999999994
5.655,0.12434290401796841,medium_H,无放流,0.47651199999999994
5.66,0.12409484224191407,medium_H,无放流,0.47651199999999994
5.665,0.12384727603289053,medium_H,无放流,0.47651199999999994
5.67,0.12360020440079068,medium_H,无放流,0.47651199999999994
5.675,0.1233536263573191,medium_H,无放流,0.47651199999999994
5.68,0.1231075409159921,medium_H,无放流,0.47651199999999994
5.6850000000000005,0.12286194709213774,medium_H,无放流,0.47651199999999994
5.69,0.1226168439028959,medium_H,无放流,0.47651199999999994
5.695,0.12237223036721806,medium_H,无放流,0.47651199999999994
5.7,0.1221281055058675,medium_H,无放流,0.47651199999999994
5.705,0.12188446834141925,medium_H,无放流,0.47651199999999994
5.71,0.12164131789826003,medium_H,无放流,0.47651199999999994
5.715,0.12139865320258836,medium_H,无放流,0.47651199999999994
5.72,0.12115647328241443,medium_H,无放流,0.47651199999999994
5.7250000000000005,0.12091477716756016,medium_H,无放流,0.47651199999999994
5.73,0.12067356388965936,medium_H,无放流,0.47651199999999994
5.735,0.12043283248215739,medium_H,无放流,0.47651199999999994
5.74,0.12019258198031142,medium_H,无放流,0.47651199999999994
5.745,0.11995281142119037,medium_H,无放流,0.47651199999999994
5.75,0.11971351984367487,medium_H,无放流,0.47651199999999994
5.755,0.1194747062884573,medium_H,无放流,0.47651199999999994
5.76,0.11923636979804177,medium_H,无放流,0.47651199999999994
5.765,0.11899850941674411,medium_H,无放流,0.47651199999999994
5.7700000000000005,0.11876112419069192,medium_H,无放流,0.47651199999999994
5.775,0.11852421316782455,medium_H,无放流,0.47651199999999994
5.78,0.11828777539789306,medium_H,无放流,0.47651199999999994
5.785,0.11805180993246021,medium_H,无放流,0.47651199999999994
5.79,0.11781631582490057,medium_H,无放流,0.47651199999999994
5.795,0.11758129213040037,medium_H,无放流,0.47651199999999994
5.8,0.11734673790595765,medium_H,无放流,0.47651199999999994
5.805,0.11711265221038213,medium_H,无放流,0.47651199999999994
5.8100000000000005,0.11687903410429526,medium_H,无放流,0.47651199999999994
5.815,0.11664588265013032,medium_H,无放流,0.47651199999999994
5.82,0.11641319691213224,medium_H,无放流,0.47651199999999994
5.825,0.11618097595635771,medium_H,无放流,0.47651199999999994
5.83,0.11594921885067512,medium_H,无放流,0.47651199999999994
5.835,0.11571792466476467,medium_H,无放流,0.47651199999999994
5.84,0.11548709247011825,medium_H,无放流,0.47651199999999994
5.845,0.11525672134003948,medium_H,无放流,0.47651199999999994
5.8500000000000005,0.1150268103496437,medium_H,无放流,0.47651199999999994
5.855,0.11479735857585809,medium_H,无放流,0.47651199999999994
5.86,0.11456836509742145,medium_H,无放流,0.47651199999999994
5.865,0.11433982899488437,medium_H,无放流,0.47651199999999994
5.87,0.11411174935060917,medium_H,无放流,0.47651199999999994
5.875,0.1138841252487699,medium_H,无放流,0.47651199999999994
5.88,0.11365695577535233,medium_H,无放流,0.47651199999999994
5.885,0.11343024001815401,medium_H,无放流,0.47651199999999994
5.89,0.11320397706678419,medium_H,无放流,0.47651199999999994
5.8950000000000005,0.11297816601266382,medium_H,无放流,0.47651199999999994
5.9,0.11275280594902574,medium_H,无放流,0.47651199999999994
5.905,0.11252789597091437,medium_H,无放流,0.47651199999999994
5.91,0.11230343517518591,medium_H,无放流,0.47651199999999994
5.915,0.11207942266050833,medium_H,无放流,0.47651199999999994
5.92,0.11185585752736127,medium_H,无放流,0.47651199999999994
5.925,0.11163273887803618,medium_H,无放流,0.47651199999999994
5.93,0.11141006581663619,medium_H,无放流,0.47651199999999994
5.9350000000000005,0.11118783744907618,medium_H,无放流,0.47651199999999994
5.94,0.11096605288308282,medium_H,无放流,0.47651199999999994
5.945,0.11074471122819449,medium_H,无放流,0.47651199999999994
5.95,0.11052381159576122,medium_H,无放流,0.47651199999999994
5.955,0.1103033530989449,medium_H,无放流,0.47651199999999994
5.96,0.11008333485271908,medium_H,无放流,0.47651199999999994
5.965,0.10986375597386906,medium_H,无放流,0.47651199999999994
5.97,0.10964461558099192,medium_H,无放流,0.47651199999999994
5.9750000000000005,0.10942591279449637,medium_H,无放流,0.47651199999999994
5.98,0.10920764673660302,medium_H,无放流,0.47651199999999994
5.985,0.10898981653134408,medium_H,无放流,0.47651199999999994
5.99,0.10877242130456355,medium_H,无放流,0.47651199999999994
5.995,0.10855546018391717,medium_H,无放流,0.47651199999999994
6.0,0.10833893229887237,medium_H,无放流,0.47651199999999994
6.005,0.10812283678070837,medium_H,无放流,0.47651199999999994
6.01,0.10790717276251613,medium_H,无放流,0.47651199999999994
6.015000000000001,0.10769193937919824,medium_H,无放流,0.47651199999999994
6.0200000000000005,0.10747713576746923,medium_H,无放流,0.47651199999999994
6.025,0.10726276106585518,medium_H,无放流,0.47651199999999994
6.03,0.10704881441469398,medium_H,无放流,0.47651199999999994
6.035,0.10683529495613527,medium_H,无放流,0.47651199999999994
6.04,0.10662220183414038,medium_H,无放流,0.47651199999999994
6.045,0.10640953419448242,medium_H,无放流,0.47651199999999994
6.05,0.1061972911847462,medium_H,无放流,0.47651199999999994
6.055,0.10598547195432831,medium_H,无放流,0.47651199999999994
6.0600000000000005,0.10577407565443701,medium_H,无放流,0.47651199999999994
6.065,0.1055631014380924,medium_H,无放流,0.47651199999999994
6.07,0.10535254846012623,medium_H,无放流,0.47651199999999994
6.075,0.105142415877182,medium_H,无放流,0.47651199999999994
6.08,0.10493270284771497,medium_H,无放流,0.47651199999999994
6.085,0.10472340853199211,medium_H,无放流,0.47651199999999994
6.09,0.10451453209209217,medium_H,无放流,0.47651199999999994
6.095,0.10430607269174476,medium_H,无放流,0.47651199999999994
6.1000000000000005,0.10409802946127578,medium_H,无放流,0.47651199999999994
6.105,0.10389040154612797,medium_H,无放流,0.47651199999999994
6.11,0.1036831881223246,medium_H,无放流,0.47651199999999994
6.115,0.1034763883673204,medium_H,无放流,0.47651199999999994
6.12,0.10327000146000148,medium_H,无放流,0.47651199999999994
6.125,0.10306402658068539,medium_H,无放流,0.47651199999999994
6.13,0.1028584629111211,medium_H,无放流,0.47651199999999994
6.135,0.10265330963448899,medium_H,无放流,0.47651199999999994
6.140000000000001,0.1024485659354008,medium_H,无放流,0.47651199999999994
6.1450000000000005,0.10224423099989983,medium_H,无放流,0.47651199999999994
6.15,0.10204030401546067,medium_H,无放流,0.47651199999999994
6.155,0.10183678417098936,medium_H,无放流,0.47651199999999994
6.16,0.10163367065682334,medium_H,无放流,0.47651199999999994
6.165,0.10143096266473149,medium_H,无放流,0.47651199999999994
6.17,0.10122865938791412,medium_H,无放流,0.47651199999999994
6.175,0.10102676002100291,medium_H,无放流,0.47651199999999994
6.18,0.100825263760061,medium_H,无放流,0.47651199999999994
6.1850000000000005,0.10062416980258289,medium_H,无放流,0.47651199999999994
6.19,0.10042347734749459,medium_H,无放流,0.47651199999999994
6.195,0.10022318559515345,medium_H,无放流,0.47651199999999994
6.2,0.10002329374734824,medium_H,无放流,0.47651199999999994
6.205,0.09982380100729916,medium_H,无放流,0.47651199999999994
6.21,0.09962470657965786,medium_H,无放流,0.47651199999999994
6.215,0.09942600967050733,medium_H,无放流,0.47651199999999994
6.22,0.09922770948736204,medium_H,无放流,0.47651199999999994
6.2250000000000005,0.09902980523916782,medium_H,无放流,0.47651199999999994
6.23,0.09883229613630203,medium_H,无放流,0.47651199999999994
6.235,0.09863518139057331,medium_H,无放流,0.47651199999999994
6.24,0.09843846021522179,medium_H,无放流,0.47651199999999994
6.245,0.09824213182491899,medium_H,无放流,0.47651199999999994
6.25,0.09804619543576786,medium_H,无放流,0.47651199999999994
6.255,0.09785065026530275,medium_H,无放流,0.47651199999999994
6.26,0.09765549553248945,medium_H,无放流,0.47651199999999994
6.265000000000001,0.09746073045772512,medium_H,无放流,0.47651199999999994
6.2700000000000005,0.09726635426283842,medium_H,无放流,0.47651199999999994
6.275,0.09707236617108936,medium_H,无放流,0.47651199999999994
6.28,0.09687876540716936,medium_H,无放流,0.47651199999999994
6.285,0.09668555119720129,medium_H,无放流,0.47651199999999994
6.29,0.09649272276873944,medium_H,无放流,0.47651199999999994
6.295,0.09630027935076946,medium_H,无放流,0.47651199999999994
6.3,0.09610822017370847,medium_H,无放流,0.47651199999999994
6.305,0.095916544469405,medium_H,无放流,0.47651199999999994
6.3100000000000005,0.09572525147113894,medium_H,无放流,0.47651199999999994
6.315,0.09553434041362172,medium_H,无放流,0.47651199999999994
6.32,0.09534381053299607,medium_H,无放流,0.47651199999999994
6.325,0.09515366106683616,medium_H,无放流,0.47651199999999994
6.33,0.09496389125414761,medium_H,无放流,0.47651199999999994
6.335,0.09477450033536744,medium_H,无放流,0.47651199999999994
6.34,0.09458548755236407,medium_H,无放流,0.47651199999999994
6.345,0.09439685214843734,medium_H,无放流,0.47651199999999994
6.3500000000000005,0.0942085933683185,medium_H,无放流,0.47651199999999994
6.355,0.09402071045817026,medium_H,无放流,0.47651199999999994
6.36,0.09383320266558673,medium_H,无放流,0.47651199999999994
6.365,0.0936460692395934,medium_H,无放流,0.47651199999999994
6.37,0.09345930943064719,medium_H,无放流,0.47651199999999994
6.375,0.09327292249063646,medium_H,无放流,0.47651199999999994
6.38,0.09308690767288094,medium_H,无放流,0.47651199999999994
6.385,0.09290126423213185,medium_H,无放流,0.47651199999999994
6.390000000000001,0.09271599142457171,medium_H,无放流,0.47651199999999994
6.3950000000000005,0.09253108850781462,medium_H,无放流,0.47651199999999994
6.4,0.09234655474090595,medium_H,无放流,0.47651199999999994
6.405,0.09216238938432254,medium_H,无放流,0.47651199999999994
6.41,0.09197859169997266,medium_H,无放流,0.47651199999999994
6.415,0.09179516095119598,medium_H,无放流,0.47651199999999994
6.42,0.09161209640276358,medium_H,无放流,0.47651199999999994
6.425,0.09142939732087796,medium_H,无放流,0.47651199999999994
6.43,0.09124706297317305,medium_H,无放流,0.47651199999999994
6.4350000000000005,0.09106509262871412,medium_H,无放流,0.47651199999999994
6.44,0.09088348555799804,medium_H,无放流,0.47651199999999994
6.445,0.09070224103295291,medium_H,无放流,0.47651199999999994
6.45,0.0905213583269383,medium_H,无放流,0.47651199999999994
6.455,0.09034083671474524,medium_H,无放流,0.47651199999999994
6.46,0.09016067547259614,medium_H,无放流,0.47651199999999994
6.465,0.08998087387814482,medium_H,无放流,0.47651199999999994
6.47,0.08980143121047653,medium_H,无放流,0.47651199999999994
6.4750000000000005,0.08962234675010788,medium_H,无放流,0.47651199999999994
6.48,0.08944361977898706,medium_H,无放流,0.47651199999999994
6.485,0.08926524958049349,medium_H,无放流,0.47651199999999994
6.49,0.0890872354394381,medium_H,无放流,0.47651199999999994
6.495,0.08890957664206321,medium_H,无放流,0.47651199999999994
6.5,0.08873227247604257,medium_H,无放流,0.47651199999999994
6.505,0.08855532223048132,medium_H,无放流,0.47651199999999994
6.51,0.08837872519591605,medium_H,无放流,0.47651199999999994
6.515000000000001,0.08820248066431473,medium_H,无放流,0.47651199999999994
6.5200000000000005,0.0880265879290768,medium_H,无放流,0.47651199999999994
6.525,0.08785104628503307,medium_H,无放流,0.47651199999999994
6.53,0.08767585502844577,medium_H,无放流,0.47651199999999994
6.535,0.08750101345700856,medium_H,无放流,0.47651199999999994
6.54,0.08732652086984652,medium_H,无放流,0.47651199999999994
6.545,0.08715237656751611,medium_H,无放流,0.47651199999999994
6.55,0.08697857985200524,medium_H,无放流,0.47651199999999994
6.555,0.08680513002673325,medium_H,无放流,0.47651199999999994
6.5600000000000005,0.08663202639655081,medium_H,无放流,0.47651199999999994
6.565,0.08645926826774016,medium_H,无放流,0.47651199999999994
6.57,0.08628685494801482,medium_H,无放流,0.47651199999999994
6.575,0.08611478574651976,medium_H,无放流,0.47651199999999994
6.58,0.0859430599738314,medium_H,无放流,0.47651199999999994
6.585,0.08577167694195756,medium_H,无放流,0.47651199999999994
6.59,0.08560063596433742,medium_H,无放流,0.47651199999999994
6.595,0.08542993635584169,medium_H,无放流,0.47651199999999994
6.6000000000000005,0.08525957743277238,medium_H,无放流,0.47651199999999994
6.605,0.08508955851286298,medium_H,无放流,0.47651199999999994
6.61,0.08491987891527843,medium_H,无放流,0.47651199999999994
6.615,0.08475053796061498,medium_H,无放流,0.47651199999999994
6.62,0.08458153497090037,medium_H,无放流,0.47651199999999994
6.625,0.08441286926959378,medium_H,无放流,0.47651199999999994
6.63,0.08424454018158571,medium_H,无放流,0.47651199999999994
6.635,0.08407654703319815,medium_H,无放流,0.47651199999999994
6.640000000000001,0.08390888915218449,medium_H,无放流,0.47651199999999994
6.6450000000000005,0.08374156586772956,medium_H,无放流,0.47651199999999994
6.65,0.08357457651044956,medium_H,无放流,0.47651199999999994
6.655,0.08340792041239213,medium_H,无放流,0.47651199999999994
6.66,0.08324159690703632,medium_H,无放流,0.47651199999999994
6.665,0.08307560532929262,medium_H,无放流,0.47651199999999994
6.67,0.08290994501550288,medium_H,无放流,0.47651199999999994
6.675,0.0827446153034404,medium_H,无放流,0.47651199999999994
6.68,0.08257961550769216,medium_H,无放流,0.47651199999999994
6.6850000000000005,0.08241494494773742,medium_H,无放流,0.47651199999999994
6.69,0.08225060297098483,medium_H,无放流,0.47651199999999994
6.695,0.0820865889259748,medium_H,无放流,0.47651199999999994
6.7,0.08192290216237942,medium_H,无放流,0.47651199999999994
6.705,0.08175954203100251,medium_H,无放流,0.47651199999999994
6.71,0.08159650788377953,medium_H,无放流,0.47651199999999994
6.715,0.08143379907377767,medium_H,无放流,0.47651199999999994
6.72,0.08127141495519574,medium_H,无放流,0.47651199999999994
6.7250000000000005,0.0811093548833643,medium_H,无放流,0.47651199999999994
6.73,0.08094761821474564,medium_H,无放流,0.47651199999999994
6.735,0.0807862043069336,medium_H,无放流,0.47651199999999994
6.74,0.08062511251865381,medium_H,无放流,0.47651199999999994
6.745,0.08046434220976356,medium_H,无放流,0.47651199999999994
6.75,0.08030389274125183,medium_H,无放流,0.47651199999999994
6.755,0.08014376347523924,medium_H,无放流,0.47651199999999994
6.76,0.0799839537749782,medium_H,无放流,0.47651199999999994
6.765000000000001,0.07982446300485267,medium_H,无放流,0.47651199999999994
6.7700000000000005,0.07966529053037846,medium_H,无放流,0.47651199999999994
6.775,0.07950643571820293,medium_H,无放流,0.47651199999999994
6.78,0.07934789793610517,medium_H,无放流,0.47651199999999994
6.785,0.07918967655299598,medium_H,无放流,0.47651199999999994
6.79,0.07903177093891782,medium_H,无放流,0.47651199999999994
6.795,0.07887418046504484,medium_H,无放流,0.47651199999999994
6.8,0.07871690450368289,medium_H,无放流,0.47651199999999994
6.805,0.07855994242826948,medium_H,无放流,0.47651199999999994
6.8100000000000005,0.07840329361337384,medium_H,无放流,0.47651199999999994
6.815,0.07824695743469688,medium_H,无放流,0.47651199999999994
6.82,0.07809093326907118,medium_H,无放流,0.47651199999999994
6.825,0.07793522049446103,medium_H,无放流,0.47651199999999994
6.83,0.07777981848996236,medium_H,无放流,0.47651199999999994
6.835,0.07762472663580285,medium_H,无放流,0.47651199999999994
6.84,0.07746994431334181,medium_H,无放流,0.47651199999999994
6.845,0.07731547090507027,medium_H,无放流,0.47651199999999994
6.8500000000000005,0.07716130579461092,medium_H,无放流,0.47651199999999994
6.855,0.0770074483667182,medium_H,无放流,0.47651199999999994
6.86,0.07685389800727817,medium_H,无放流,0.47651199999999994
6.865,0.07670065410330859,medium_H,无放流,0.47651199999999994
6.87,0.07654771604295893,medium_H,无放流,0.47651199999999994
6.875,0.07639508321551032,medium_H,无放流,0.47651199999999994
6.88,0.0762427550113756,medium_H,无放流,0.47651199999999994
6.885,0.07609073082209927,medium_H,无放流,0.47651199999999994
6.890000000000001,0.07593901004035751,medium_H,无放流,0.47651199999999994
6.8950000000000005,0.07578759205995828,medium_H,无放流,0.47651199999999994
6.9,0.0756364762758411,medium_H,无放流,0.47651199999999994
6.905,0.07548566208407724,medium_H,无放流,0.47651199999999994
6.91,0.07533514888186965,medium_H,无放流,0.47651199999999994
6.915,0.07518493606755298,medium_H,无放流,0.47651199999999994
6.92,0.07503502304059353,medium_H,无放流,0.47651199999999994
6.925,0.07488540920158934,medium_H,无放流,0.47651199999999994
6.93,0.07473609395227007,medium_H,无放流,0.47651199999999994
6.9350000000000005,0.07458707669549709,medium_H,无放流,0.47651199999999994
6.94,0.07443835683526354,medium_H,无放流,0.47651199999999994
6.945,0.07428993377669411,medium_H,无放流,0.47651199999999994
6.95,0.07414180692604527,medium_H,无放流,0.47651199999999994
6.955,0.07399397569070514,medium_H,无放流,0.47651199999999994
6.96,0.07384643947919355,medium_H,无放流,0.47651199999999994
6.965,0.07369919770116197,medium_H,无放流,0.47651199999999994
6.97,0.07355224976739362,medium_H,无放流,0.47651199999999994
6.9750000000000005,0.07340559508980334,medium_H,无放流,0.47651199999999994
6.98,0.07325923308143772,medium_H,无放流,0.47651199999999994
6.985,0.07311316315647502,medium_H,无放流,0.47651199999999994
6.99,0.07296738473022517,medium_H,无放流,0.47651199999999994
6.995,0.07282189721912977,medium_H,无放流,0.47651199999999994
7.0,0.07267670004076214,medium_H,无放流,0.47651199999999994
7.005,0.07253179261382728,medium_H,无放流,0.47651199999999994
7.01,0.07238717435816187,medium_H,无放流,0.47651199999999994
7.015000000000001,0.07224284469473426,medium_H,无放流,0.47651199999999994
7.0200000000000005,0.07209880304564453,medium_H,无放流,0.47651199999999994
7.025,0.07195504883412443,medium_H,无放流,0.47651199999999994
7.03,0.07181158148453737,medium_H,无放流,0.47651199999999994
7.035,0.07166840042237847,medium_H,无放流,0.47651199999999994
7.04,0.07152550507427453,medium_H,无放流,0.47651199999999994
7.045,0.07138289486798405,medium_H,无放流,0.47651199999999994
7.05,0.07124056923239719,medium_H,无放流,0.47651199999999994
7.055,0.07109852759753582,medium_H,无放流,0.47651199999999994
7.0600000000000005,0.07095676939455346,medium_H,无放流,0.47651199999999994
7.065,0.0708152940557354,medium_H,无放流,0.47651199999999994
7.07,0.07067410101449854,medium_H,无放流,0.47651199999999994
7.075,0.07053318970539148,medium_H,无放流,0.47651199999999994
7.08,0.07039255956409453,medium_H,无放流,0.47651199999999994
7.085,0.07025221002741966,medium_H,无放流,0.47651199999999994
7.09,0.07011214053331054,medium_H,无放流,0.47651199999999994
7.095,0.06997235052084252,medium_H,无放流,0.47651199999999994
7.1000000000000005,0.06983283943022264,medium_H,无放流,0.47651199999999994
7.105,0.06969360670278965,medium_H,无放流,0.47651199999999994
7.11,0.06955465178101397,medium_H,无放流,0.47651199999999994
7.115,0.06941597410849769,medium_H,无放流,0.47651199999999994
7.12,0.06927757312997458,medium_H,无放流,0.47651199999999994
7.125,0.06913944829131013,medium_H,无放流,0.47651199999999994
7.13,0.06900159903950152,medium_H,无放流,0.47651199999999994
7.135,0.06886402482267759,medium_H,无放流,0.47651199999999994
7.140000000000001,0.06872672509009883,medium_H,无放流,0.47651199999999994
7.1450000000000005,0.06858969929215755,medium_H,无放流,0.47651199999999994
7.15,0.06845294688037759,medium_H,无放流,0.47651199999999994
7.155,0.06831646730741459,medium_H,无放流,0.47651199999999994
7.16,0.06818026002705578,medium_H,无放流,0.47651199999999994
7.165,0.06804432449422018,medium_H,无放流,0.47651199999999994
7.17,0.06790866016495842,medium_H,无放流,0.47651199999999994
7.175,0.06777326649645285,medium_H,无放流,0.47651199999999994
7.18,0.0676381429470175,medium_H,无放流,0.47651199999999994
7.1850000000000005,0.06750328897609806,medium_H,无放流,0.47651199999999994
7.19,0.06736870404427196,medium_H,无放流,0.47651199999999994
7.195,0.0672343876132483,medium_H,无放流,0.47651199999999994
7.2,0.06710033914586785,medium_H,无放流,0.47651199999999994
7.205,0.06696655810610307,medium_H,无放流,0.47651199999999994
7.21,0.06683304395905809,medium_H,无放流,0.47651199999999994
7.215,0.06669979617096876,medium_H,无放流,0.47651199999999994
7.22,0.0665668142092026,medium_H,无放流,0.47651199999999994
7.2250000000000005,0.0664340975422588,medium_H,无放流,0.47651199999999994
7.23,0.0663016456397683,medium_H,无放流,0.47651199999999994
7.235,0.06616945797249367,medium_H,无放流,0.47651199999999994
7.24,0.06603753401232916,medium_H,无放流,0.47651199999999994
7.245,0.06590587323230074,medium_H,无放流,0.47651199999999994
7.25,0.06577447510656606,medium_H,无放流,0.47651199999999994
7.255,0.06564333911041442,medium_H,无放流,0.47651199999999994
7.26,0.06551246470671923,medium_H,无放流,0.47651199999999994
7.265000000000001,0.06538185135031374,medium_H,无放流,0.47651199999999994
7.2700000000000005,0.06525149852357552,medium_H,无放流,0.47651199999999994
7.275,0.06512140571036579,medium_H,无放流,0.47651199999999994
7.28,0.06499157239544093,medium_H,无放流,0.47651199999999994
7.285,0.06486199806445252,medium_H,无放流,0.47651199999999994
7.29,0.06473268220394726,medium_H,无放流,0.47651199999999994
7.295,0.06460362430136704,medium_H,无放流,0.47651199999999994
7.3,0.06447482384504888,medium_H,无放流,0.47651199999999994
7.305,0.06434628032422499,medium_H,无放流,0.47651199999999994
7.3100000000000005,0.06421799322902269,medium_H,无放流,0.47651199999999994
7.315,0.06408996205046454,medium_H,无放流,0.47651199999999994
7.32,0.06396218628046818,medium_H,无放流,0.47651199999999994
7.325,0.06383466541184644,medium_H,无放流,0.47651199999999994
7.33,0.06370739893830733,medium_H,无放流,0.47651199999999994
7.335,0.06358038635445398,medium_H,无放流,0.47651199999999994
7.34,0.06345362715578469,medium_H,无放流,0.47651199999999994
7.345,0.06332712083869294,medium_H,无放流,0.47651199999999994
7.3500000000000005,0.06320086690046732,medium_H,无放流,0.47651199999999994
7.355,0.06307486483929166,medium_H,无放流,0.47651199999999994
7.36,0.06294911415424488,medium_H,无放流,0.47651199999999994
7.365,0.06282361434530108,medium_H,无放流,0.47651199999999994
7.37,0.06269836491332953,medium_H,无放流,0.47651199999999994
7.375,0.06257336536009463,medium_H,无放流,0.47651199999999994
7.38,0.062448615188255965,medium_H,无放流,0.47651199999999994
7.385,0.06232411390136827,medium_H,无放流,0.47651199999999994
7.390000000000001,0.062199861003881425,medium_H,无放流,0.47651199999999994
7.3950000000000005,0.062075856001140524,medium_H,无放流,0.47651199999999994
7.4,0.06195209839938575,medium_H,无放流,0.47651199999999994
7.405,0.06182858770575248,medium_H,无放流,0.47651199999999994
7.41,0.06170532342827125,medium_H,无放流,0.47651199999999994
7.415,0.061582305075867746,medium_H,无放流,0.47651199999999994
7.42,0.061459532158362806,medium_H,无放流,0.47651199999999994
7.425,0.061337004186472456,medium_H,无放流,0.47651199999999994
7.43,0.061214720671807846,medium_H,无放流,0.47651199999999994
7.4350000000000005,0.06109268112687529,medium_H,无放流,0.47651199999999994
7.44,0.06097088506507631,medium_H,无放流,0.47651199999999994
7.445,0.06084933200070752,medium_H,无放流,0.47651199999999994
7.45,0.06072802144896074,medium_H,无放流,0.47651199999999994
7.455,0.060606952925922906,medium_H,无放流,0.47651199999999994
7.46,0.060486125948576164,medium_H,无放流,0.47651199999999994
7.465,0.06036554003479777,medium_H,无放流,0.47651199999999994
7.47,0.06024519470336018,medium_H,无放流,0.47651199999999994
7.4750000000000005,0.06012508947393095,medium_H,无放流,0.47651199999999994
7.48,0.06000522386707289,medium_H,无放流,0.47651199999999994
7.485,0.05988559740424389,medium_H,无放流,0.47651199999999994
7.49,0.05976620960779702,medium_H,无放流,0.47651199999999994
7.495,0.059647060000980516,medium_H,无放流,0.47651199999999994
7.5,0.05952814810793776,medium_H,无放流,0.47651199999999994
7.505,0.05940947345370731,medium_H,无放流,0.47651199999999994
7.51,0.059291035564222876,medium_H,无放流,0.47651199999999994
7.515000000000001,0.0591728339663133,medium_H,无放流,0.47651199999999994
7.5200000000000005,0.05905486818770264,medium_H,无放流,0.47651199999999994
7.525,0.05893713775701008,medium_H,无放流,0.47651199999999994
7.53,0.05881964220374995,medium_H,无放流,0.47651199999999994
7.535,0.05870238105833176,medium_H,无放流,0.47651199999999994
7.54,0.058585353852060165,medium_H,无放流,0.47651199999999994
7.545,0.058468560117134985,medium_H,无放流,0.47651199999999994
7.55,0.058351999386651206,medium_H,无放流,0.47651199999999994
7.555,0.058235671194598965,medium_H,无放流,0.47651199999999994
7.5600000000000005,0.05811957507586353,medium_H,无放流,0.47651199999999994
7.565,0.058003710566225414,medium_H,无放流,0.47651199999999994
7.57,0.057888077202360194,medium_H,无放流,0.47651199999999994
7.575,0.05777267452183866,medium_H,无放流,0.47651199999999994
7.58,0.05765750206312673,medium_H,无放流,0.47651199999999994
7.585,0.057542559365585506,medium_H,无放流,0.47651199999999994
7.59,0.05742784596947124,medium_H,无放流,0.47651199999999994
7.595,0.05731336141593533,medium_H,无放流,0.47651199999999994
7.6000000000000005,0.05719910524702433,medium_H,无放流,0.47651199999999994
7.605,0.05708507700568001,medium_H,无放流,0.47651199999999994
7.61,0.056971276235739235,medium_H,无放流,0.47651199999999994
7.615,0.056857702481934044,medium_H,无放流,0.47651199999999994
7.62,0.05674435528989165,medium_H,无放流,0.47651199999999994
7.625,0.05663123420613441,medium_H,无放流,0.47651199999999994
7.63,0.056518338778079845,medium_H,无放流,0.47651199999999994
7.635,0.05640566855404064,medium_H,无放流,0.47651199999999994
7.640000000000001,0.05629322308322461,medium_H,无放流,0.47651199999999994
7.6450000000000005,0.0561810019157348,medium_H,无放流,0.47651199999999994
7.65,0.05606900460256934,medium_H,无放流,0.47651199999999994
7.655,0.05595723069562155,medium_H,无放流,0.47651199999999994
7.66,0.0558456797476799,medium_H,无放流,0.47651199999999994
7.665,0.05573435131242803,medium_H,无放流,0.47651199999999994
7.67,0.05562324494444473,medium_H,无放流,0.47651199999999994
7.675,0.055512360199203956,medium_H,无放流,0.47651199999999994
7.68,0.05540169663307481,medium_H,无放流,0.47651199999999994
7.6850000000000005,0.05529125380332155,medium_H,无放流,0.47651199999999994
7.69,0.05518103126810363,medium_H,无放流,0.47651199999999994
7.695,0.055071028586475626,medium_H,无放流,0.47651199999999994
7.7,0.054961245318387295,medium_H,无放流,0.47651199999999994
7.705,0.05485168102468353,medium_H,无放流,0.47651199999999994
7.71,0.0547423352671044,medium_H,无放流,0.47651199999999994
7.715,0.05463320760828512,medium_H,无放流,0.47651199999999994
7.72,0.054524297611756076,medium_H,无放流,0.47651199999999994
7.7250000000000005,0.05441560484194279,medium_H,无放流,0.47651199999999994
7.73,0.054307128864166006,medium_H,无放流,0.47651199999999994
7.735,0.05419886924464155,medium_H,无放流,0.47651199999999994
7.74,0.05409082555048045,medium_H,无放流,0.47651199999999994
7.745,0.05398299734968887,medium_H,无放流,0.47651199999999994
7.75,0.053875384211168165,medium_H,无放流,0.47651199999999994
7.755,0.053767985704714805,medium_H,无放流,0.47651199999999994
7.76,0.05366080140102046,medium_H,无放流,0.47651199999999994
7.765000000000001,0.053553830871671926,medium_H,无放流,0.47651199999999994
7.7700000000000005,0.05344707368915119,medium_H,无放流,0.47651199999999994
7.775,0.053340529426835384,medium_H,无放流,0.47651199999999994
7.78,0.053234197658996785,medium_H,无放流,0.47651199999999994
7.785,0.053128077960802836,medium_H,无放流,0.47651199999999994
7.79,0.05302216990831616,medium_H,无放流,0.47651199999999994
7.795,0.0529164730784945,medium_H,无放流,0.47651199999999994
7.8,0.0528109870491908,medium_H,无放流,0.47651199999999994
7.805000000000001,0.052705711399153116,medium_H,无放流,0.47651199999999994
7.8100000000000005,0.05260064570802473,medium_H,无放流,0.47651199999999994
7.815,0.052495789556344014,medium_H,无放流,0.47651199999999994
7.82,0.05239114252554454,medium_H,无放流,0.47651199999999994
7.825,0.05228670419795502,medium_H,无放流,0.47651199999999994
7.83,0.05218247415679933,medium_H,无放流,0.47651199999999994
7.835,0.0520784519861965,medium_H,无放流,0.47651199999999994
7.84,0.05197463726611801,medium_H,无放流,0.47651199999999994
7.845,0.05187102956051737,medium_H,无放流,0.47651199999999994
7.8500000000000005,0.05176762845658864,medium_H,无放流,0.47651199999999994
7.855,0.05166443354529473,medium_H,无放流,0.47651199999999994
7.86,0.0515614444183068,medium_H,无放流,0.47651199999999994
7.865,0.05145866066800433,medium_H,无放流,0.47651199999999994
7.87,0.05135608188747512,medium_H,无放流,0.47651199999999994
7.875,0.051253707670515264,medium_H,无放流,0.47651199999999994
7.88,0.051151537611629175,medium_H,无放流,0.47651199999999994
7.885,0.05104957130602958,medium_H,无放流,0.47651199999999994
7.890000000000001,0.050947808349637476,medium_H,无放流,0.47651199999999994
7.8950000000000005,0.050846248339082245,medium_H,无放流,0.47651199999999994
7.9,0.05074489087170152,medium_H,无放流,0.47651199999999994
7.905,0.05064373554554123,medium_H,无放流,0.47651199999999994
7.91,0.050542781959355666,medium_H,无放流,0.47651199999999994
7.915,0.05044202971260738,medium_H,无放流,0.47651199999999994
7.92,0.05034147840546726,medium_H,无放流,0.47651199999999994
7.925,0.05024112763881449,medium_H,无放流,0.47651199999999994
7.930000000000001,0.050140977014236546,medium_H,无放流,0.47651199999999994
7.9350000000000005,0.05004102613402927,medium_H,无放流,0.47651199999999994
7.94,0.04994127460119676,medium_H,无放流,0.47651199999999994
7.945,0.04984172201945143,medium_H,无放流,0.47651199999999994
7.95,0.04974236799321402,medium_H,无放流,0.47651199999999994
7.955,0.04964321212761356,medium_H,无放流,0.47651199999999994
7.96,0.0495442540284874,medium_H,无放流,0.47651199999999994
7.965,0.0494454933023812,medium_H,无放流,0.47651199999999994
7.97,0.049346929556548916,medium_H,无放流,0.47651199999999994
7.9750000000000005,0.04924856239895281,medium_H,无放流,0.47651199999999994
7.98,0.0491503914382635,medium_H,无放流,0.47651199999999994
7.985,0.04905241628385984,medium_H,无放流,0.47651199999999994
7.99,0.04895463654582905,medium_H,无放流,0.47651199999999994
7.995,0.04885705183496663,medium_H,无放流,0.47651199999999994
8.0,0.04875966176277639,medium_H,无放流,0.47651199999999994
8.005,0.04866246594147044,medium_H,无放流,0.47651199999999994
8.01,0.04856546398396927,medium_H,无放流,0.47651199999999994
8.015,0.04846865550390154,medium_H,无放流,0.47651199999999994
8.02,0.04837204011560437,medium_H,无放流,0.47651199999999994
8.025,0.04827561743412306,medium_H,无放流,0.47651199999999994
8.03,0.048179387075211334,medium_H,无放流,0.47651199999999994
8.035,0.0480833486553311,medium_H,无放流,0.47651199999999994
8.040000000000001,0.047987501791652676,medium_H,无放流,0.47651199999999994
8.045,0.04789184610205469,medium_H,无放流,0.47651199999999994
8.05,0.04779638120512398,medium_H,无放流,0.47651199999999994
8.055,0.04770110672015581,medium_H,无放流,0.47651199999999994
8.06,0.04760602226715364,medium_H,无放流,0.47651199999999994
8.065,0.04751112746682935,medium_H,无放流,0.47651199999999994
8.07,0.047416421940603026,medium_H,无放流,0.47651199999999994
8.075,0.04732190531060316,medium_H,无放流,0.47651199999999994
8.08,0.04722757719966645,medium_H,无放流,0.47651199999999994
8.085,0.04713343723133798,medium_H,无放流,0.47651199999999994
8.09,0.04703948502987115,medium_H,无放流,0.47651199999999994
8.095,0.04694572022022758,medium_H,无放流,0.47651199999999994
8.1,0.04685214242807732,medium_H,无放流,0.47651199999999994
8.105,0.046758751279798595,medium_H,无放流,0.47651199999999994
8.11,0.046665546402478074,medium_H,无放流,0.47651199999999994
8.115,0.0465725274239106,medium_H,无放流,0.47651199999999994
8.120000000000001,0.04647969397259943,medium_H,无放流,0.47651199999999994
8.125,0.04638704567775612,medium_H,无放流,0.47651199999999994
8.13,0.046294582169300436,medium_H,无放流,0.47651199999999994
8.135,0.0462023030778606,medium_H,无放流,0.47651199999999994
8.14,0.04611020803477299,medium_H,无放流,0.47651199999999994
8.145,0.046018296672082445,medium_H,无放流,0.47651199999999994
8.15,0.04592656862254196,medium_H,无放流,0.47651199999999994
8.155,0.04583502351961299,medium_H,无放流,0.47651199999999994
8.16,0.04574366099746514,medium_H,无放流,0.47651199999999994
8.165000000000001,0.04565248069097645,medium_H,无放流,0.47651199999999994
8.17,0.04556148223573326,medium_H,无放流,0.47651199999999994
8.175,0.04547066526803012,medium_H,无放流,0.47651199999999994
8.18,0.045380029424869996,medium_H,无放流,0.47651199999999994
8.185,0.04528957434396408,medium_H,无放流,0.47651199999999994
8.19,0.04519929966373196,medium_H,无放流,0.47651199999999994
8.195,0.045109205023301416,medium_H,无放流,0.47651199999999994
8.2,0.04501929006250868,medium_H,无放流,0.47651199999999994
8.205,0.044929554421898145,medium_H,无放流,0.47651199999999994
8.21,0.04483999774272262,medium_H,无放流,0.47651199999999994
8.215,0.04475061966694321,medium_H,无放流,0.47651199999999994
8.22,0.04466141983722924,medium_H,无放流,0.47651199999999994
8.225,0.044572397896958486,medium_H,无放流,0.47651199999999994
8.23,0.044483553490216876,medium_H,无放流,0.47651199999999994
8.235,0.0443948862617988,medium_H,无放流,0.47651199999999994
8.24,0.04430639585720681,medium_H,无放流,0.47651199999999994
8.245000000000001,0.04421808192265188,medium_H,无放流,0.47651199999999994
8.25,0.04412994410505327,medium_H,无放流,0.47651199999999994
8.255,0.04404198205203847,medium_H,无放流,0.47651199999999994
8.26,0.04395419541194341,medium_H,无放流,0.47651199999999994
8.265,0.04386658383381218,medium_H,无放流,0.47651199999999994
8.27,0.04377914696739733,medium_H,无放流,0.47651199999999994
8.275,0.04369188446315957,medium_H,无放流,0.47651199999999994
8.28,0.04360479597226805,medium_H,无放流,0.47651199999999994
8.285,0.04351788114660013,medium_H,无放流,0.47651199999999994
8.290000000000001,0.04343113963874153,medium_H,无放流,0.47651199999999994
8.295,0.04334457110198631,medium_H,无放流,0.47651199999999994
8.3,0.04325817519033673,medium_H,无放流,0.47651199999999994
8.305,0.04317195155850348,medium_H,无放流,0.47651199999999994
8.31,0.04308589986190545,medium_H,无放流,0.47651199999999994
8.315,0.04300001975666994,medium_H,无放流,0.47651199999999994
8.32,0.04291431089963247,medium_H,无放流,0.47651199999999994
8.325,0.04282877294833695,medium_H,无放流,0.47651199999999994
8.33,0.04274340556103551,medium_H,无放流,0.47651199999999994
8.335,0.04265820839668865,medium_H,无放流,0.47651199999999994
8.34,0.04257318111496521,medium_H,无放流,0.47651199999999994
8.345,0.042488323376242226,medium_H,无放流,0.47651199999999994
8.35,0.04240363484160517,medium_H,无放流,0.47651199999999994
8.355,0.0423191151728477,medium_H,无放流,0.47651199999999994
8.36,0.0422347640324719,medium_H,无放流,0.47651199999999994
8.365,0.042150581083688056,medium_H,无放流,0.47651199999999994
8.370000000000001,0.042066565990414834,medium_H,无放流,0.47651199999999994
8.375,0.04198271841727923,medium_H,无放流,0.47651199999999994
8.38,0.04189903802961643,medium_H,无放流,0.47651199999999994
8.385,0.04181552449347007,medium_H,无放流,0.47651199999999994
8.39,0.04173217747559198,medium_H,无放流,0.47651199999999994
8.395,0.04164899664344239,medium_H,无放流,0.47651199999999994
8.4,0.041565981665189745,medium_H,无放流,0.47651199999999994
8.405,0.04148313220971092,medium_H,无放流,0.47651199999999994
8.41,0.04140044794659095,medium_H,无放流,0.47651199999999994
8.415000000000001,0.041317928546123296,medium_H,无放流,0.47651199999999994
8.42,0.04123557367880225,medium_H,无放流,0.47651199999999994
8.425,0.04115338300037471,medium_H,无放流,0.47651199999999994
8.43,0.04107135617768966,medium_H,无放流,0.47651199999999994
8.435,0.04098949288652064,medium_H,无放流,0.47651199999999994
8.44,0.04090779280320188,medium_H,无放流,0.47651199999999994
8.445,0.040826255604628076,medium_H,无放流,0.47651199999999994
8.45,0.04074488096825463,medium_H,无放流,0.47651199999999994
8.455,0.04066366857209738,medium_H,无放流,0.47651199999999994
8.46,0.04058261809473286,medium_H,无放流,0.47651199999999994
8.465,0.04050172921529815,medium_H,无放流,0.47651199999999994
8.47,0.040421001613490826,medium_H,无放流,0.47651199999999994
8.475,0.040340434969569176,medium_H,无放流,0.47651199999999994
8.48,0.04026002896435194,medium_H,无放流,0.47651199999999994
8.485,0.04017978327921855,medium_H,无放流,0.47651199999999994
8.49,0.040099697596108895,medium_H,无放流,0.47651199999999994
8.495000000000001,0.04001977159752353,medium_H,无放流,0.47651199999999994
8.5,0.0399400049665236,medium_H,无放流,0.47651199999999994
8.505,0.03986039738673072,medium_H,无放流,0.47651199999999994
8.51,0.03978094854232722,medium_H,无放流,0.47651199999999994
8.515,0.03970165811805588,medium_H,无放流,0.47651199999999994
8.52,0.03962252579922016,medium_H,无放流,0.47651199999999994
8.525,0.03954355127168401,medium_H,无放流,0.47651199999999994
8.53,0.03946473422187206,medium_H,无放流,0.47651199999999994
8.535,0.03938607433676938,medium_H,无放流,0.47651199999999994
8.540000000000001,0.039307571303921755,medium_H,无放流,0.47651199999999994
8.545,0.039229224811435495,medium_H,无放流,0.47651199999999994
8.55,0.03915103454797743,medium_H,无放流,0.47651199999999994
8.555,0.03907300020277507,medium_H,无放流,0.47651199999999994
8.56,0.0389951214656164,medium_H,无放流,0.47651199999999994
8.565,0.03891739802685009,medium_H,无放流,0.47651199999999994
8.57,0.03883982957738527,medium_H,无放流,0.47651199999999994
8.575000000000001,0.03876241580869174,medium_H,无放流,0.47651199999999994
8.58,0.03868515641279987,medium_H,无放流,0.47651199999999994
8.585,0.03860805108230053,medium_H,无放流,0.47651199999999994
8.59,0.03853109951034527,medium_H,无放流,0.47651199999999994
8.595,0.03845430139064612,medium_H,无放流,0.47651199999999994
8.6,0.03837765641747578,medium_H,无放流,0.47651199999999994
8.605,0.03830116428566744,medium_H,无放流,0.47651199999999994
8.61,0.03822482469061495,medium_H,无放流,0.47651199999999994
8.615,0.03814863732827266,medium_H,无放流,0.47651199999999994
8.620000000000001,0.038072601895155544,medium_H,无放流,0.47651199999999994
8.625,0.03799671808833919,medium_H,无放流,0.47651199999999994
8.63,0.037920985605459645,medium_H,无放流,0.47651199999999994
8.635,0.03784540414471367,medium_H,无放流,0.47651199999999994
8.64,0.03776997340485848,medium_H,无放流,0.47651199999999994
8.645,0.03769469308521199,medium_H,无放流,0.47651199999999994
8.65,0.03761956288565257,medium_H,无放流,0.47651199999999994
8.655,0.037544582506619274,medium_H,无放流,0.47651199999999994
8.66,0.03746975164911164,medium_H,无放流,0.47651199999999994
8.665000000000001,0.03739507001468986,medium_H,无放流,0.47651199999999994
8.67,0.037320537305474695,medium_H,无放流,0.47651199999999994
8.675,0.037246153224147406,medium_H,无放流,0.47651199999999994
8.68,0.03717191747394994,medium_H,无放流,0.47651199999999994
8.685,0.03709782975868472,medium_H,无放流,0.47651199999999994
8.69,0.03702388978271484,medium_H,无放流,0.47651199999999994
8.695,0.03695009725096388,medium_H,无放流,0.47651199999999994
8.700000000000001,0.03687645186891607,medium_H,无放流,0.47651199999999994
8.705,0.03680295334261621,medium_H,无放流,0.47651199999999994
8.71,0.03672960137866962,medium_H,无放流,0.47651199999999994
8.715,0.03665639568424227,medium_H,无放流,0.47651199999999994
8.72,0.03658333596706064,medium_H,无放流,0.47651199999999994
8.725,0.03651042193541185,medium_H,无放流,0.47651199999999994
8.73,0.036437653298143545,medium_H,无放流,0.47651199999999994
8.735,0.036365029764664,medium_H,无放流,0.47651199999999994
8.74,0.036292551044941994,medium_H,无放流,0.47651199999999994
8.745000000000001,0.03622021684950695,medium_H,无放流,0.47651199999999994
8.75,0.036148026889448875,medium_H,无放流,0.47651199999999994
8.755,0.03607598087641828,medium_H,无放流,0.47651199999999994
8.76,0.03600407852262633,medium_H,无放流,0.47651199999999994
8.765,0.0359323195408447,medium_H,无放流,0.47651199999999994
8.77,0.035860703644405724,medium_H,无放流,0.47651199999999994
8.775,0.03578923054720221,medium_H,无放流,0.47651199999999994
8.78,0.03571789996368766,medium_H,无放流,0.47651199999999994
8.785,0.035646711608876044,medium_H,无放流,0.47651199999999994
8.790000000000001,0.03557566519834198,medium_H,无放流,0.47651199999999994
8.795,0.03550476044822067,medium_H,无放流,0.47651199999999994
8.8,0.035433997075207814,medium_H,无放流,0.47651199999999994
8.805,0.035363374796559786,medium_H,无放流,0.47651199999999994
8.81,0.03529289333009346,medium_H,无放流,0.47651199999999994
8.815,0.035222552394186354,medium_H,无放流,0.47651199999999994
8.82,0.03515235170777649,medium_H,无放流,0.47651199999999994
8.825000000000001,0.03508229099036252,medium_H,无放流,0.47651199999999994
8.83,0.0350123699620037,medium_H,无放流,0.47651199999999994
8.835,0.034942588343319765,medium_H,无放流,0.47651199999999994
8.84,0.034872945855491146,medium_H,无放流,0.47651199999999994
8.845,0.03480344222025873,medium_H,无放流,0.47651199999999994
8.85,0.034734077159924104,medium_H,无放流,0.47651199999999994
8.855,0.03466485039734932,medium_H,无放流,0.47651199999999994
8.86,0.0345957616559571,medium_H,无放流,0.47651199999999994
8.865,0.03452681065973066,medium_H,无放流,0.47651199999999994
8.870000000000001,0.034457997133213854,medium_H,无放流,0.47651199999999994
8.875,0.034389320801511136,medium_H,无放流,0.47651199999999994
8.88,0.034320781390287436,medium_H,无放流,0.47651199999999994
8.885,0.03425237862576838,medium_H,无放流,0.47651199999999994
8.89,0.034184112234740056,medium_H,无放流,0.47651199999999994
8.895,0.034115981944549234,medium_H,无放流,0.47651199999999994
8.9,0.03404798748310318,medium_H,无放流,0.47651199999999994
8.905,0.033980128578869805,medium_H,无放流,0.47651199999999994
8.91,0.03391240496087753,medium_H,无放流,0.47651199999999994
8.915000000000001,0.033844816358715404,medium_H,无放流,0.47651199999999994
8.92,0.03377736250253306,medium_H,无放流,0.47651199999999994
8.925,0.03371004312304065,medium_H,无放流,0.47651199999999994
8.93,0.03364285795150897,medium_H,无放流,0.47651199999999994
8.935,0.03357580671976933,medium_H,无放流,0.47651199999999994
8.94,0.03350888916021369,medium_H,无放流,0.47651199999999994
8.945,0.0334421050057945,medium_H,无放流,0.47651199999999994
8.950000000000001,0.03337545399002485,medium_H,无放流,0.47651199999999994
8.955,0.033308935846978444,medium_H,无放流,0.47651199999999994
8.96,0.03324255031128944,medium_H,无放流,0.47651199999999994
8.965,0.0331762971181527,medium_H,无放流,0.47651199999999994
8.97,0.03311017600332357,medium_H,无放流,0.47651199999999994
8.975,0.03304418670311804,medium_H,无放流,0.47651199999999994
8.98,0.03297832895441262,medium_H,无放流,0.47651199999999994
8.985,0.03291260249464446,medium_H,无放流,0.47651199999999994
8.99,0.03284700706181122,medium_H,无放流,0.47651199999999994
8.995000000000001,0.032781542394471196,medium_H,无放流,0.47651199999999994
9.0,0.03271620823174325,medium_H,无放流,0.47651199999999994
9.005,0.032651004308231604,medium_H,无放流,0.47651199999999994
9.01,0.03258593035153288,medium_H,无放流,0.47651199999999994
9.015,0.032520986103808894,medium_H,无放流,0.47651199999999994
9.02,0.03245617130846367,medium_H,无放流,0.47651199999999994
9.025,0.03239148570934486,medium_H,无放流,0.47651199999999994
9.03,0.03232692905074387,medium_H,无放流,0.47651199999999994
9.035,0.03226250107739575,medium_H,无放流,0.47651199999999994
9.040000000000001,0.0321982015344793,medium_H,无放流,0.47651199999999994
9.045,0.03213403016761699,medium_H,无放流,0.47651199999999994
9.05,0.03206998672287498,medium_H,无放流,0.47651199999999994
9.055,0.032006070946763145,medium_H,无放流,0.47651199999999994
9.06,0.031942282586235035,medium_H,无放流,0.47651199999999994
9.065,0.03187862138868794,medium_H,无放流,0.47651199999999994
9.07,0.03181508710196277,medium_H,无放流,0.47651199999999994
9.075000000000001,0.031751679474344215,medium_H,无放流,0.47651199999999994
9.08,0.031688398254560636,medium_H,无放流,0.47651199999999994
9.085,0.03162524319178405,medium_H,无放流,0.47651199999999994
9.09,0.03156221403563025,medium_H,无放流,0.47651199999999994
9.095,0.03149931053615863,medium_H,无放流,0.47651199999999994
9.1,0.031436532443872366,medium_H,无放流,0.47651199999999994
9.105,0.03137387950971827,medium_H,无放流,0.47651199999999994
9.11,0.0313113514850869,medium_H,无放流,0.47651199999999994
9.115,0.031248948121812472,medium_H,无放流,0.47651199999999994
9.120000000000001,0.03118666917217292,medium_H,无放流,0.47651199999999994
9.125,0.0311245143888899,medium_H,无放流,0.47651199999999994
9.13,0.031062483525128682,medium_H,无放流,0.47651199999999994
9.135,0.031000576334498344,medium_H,无放流,0.47651199999999994
9.14,0.030938792571051556,medium_H,无放流,0.47651199999999994
9.145,0.030877131989284778,medium_H,无放流,0.47651199999999994
9.15,0.030815594344138077,medium_H,无放流,0.47651199999999994
9.155,0.030754179390995312,medium_H,无放流,0.47651199999999994
9.16,0.03069288688568394,medium_H,无放流,0.47651199999999994
9.165000000000001,0.030631716584475194,medium_H,无放流,0.47651199999999994
9.17,0.03057066824408399,medium_H,无放流,0.47651199999999994
9.175,0.030509741621668893,medium_H,无放流,0.47651199999999994
9.18,0.030448936474832235,medium_H,无放流,0.47651199999999994
9.185,0.03038825256161997,medium_H,无放流,0.47651199999999994
9.19,0.030327689640521828,medium_H,无放流,0.47651199999999994
9.195,0.03026724747047116,medium_H,无放流,0.47651199999999994
9.200000000000001,0.030206925810845064,medium_H,无放流,0.47651199999999994
9.205,0.03014672442146435,medium_H,无放流,0.47651199999999994
9.21,0.03008664306259345,medium_H,无放流,0.47651199999999994
9.215,0.030026681494940588,medium_H,无放流,0.47651199999999994
9.22,0.02996683947965759,medium_H,无放流,0.47651199999999994
9.225,0.029907116778340074,medium_H,无放流,0.47651199999999994
9.23,0.02984751315302726,medium_H,无放流,0.47651199999999994
9.235,0.02978802836620216,medium_H,无放流,0.47651199999999994
9.24,0.02972866218079139,medium_H,无放流,0.47651199999999994
9.245000000000001,0.02966941436016534,medium_H,无放流,0.47651199999999994
9.25,0.029610284668138073,medium_H,无放流,0.47651199999999994
9.255,0.029551272868967315,medium_H,无放流,0.47651199999999994
9.26,0.029492378727354548,medium_H,无放流,0.47651199999999994
9.265,0.029433602008444883,medium_H,无放流,0.47651199999999994
9.27,0.02937494247782721,medium_H,无放流,0.47651199999999994
9.275,0.029316399901534024,medium_H,无放流,0.47651199999999994
9.28,0.02925797404604161,medium_H,无放流,0.47651199999999994
9.285,0.029199664678269864,medium_H,无放流,0.47651199999999994
9.290000000000001,0.029141471565582437,medium_H,无放流,0.47651199999999994
9.295,0.029083394475786686,medium_H,无放流,0.47651199999999994
9.3,0.029025433177133596,medium_H,无放流,0.47651199999999994
9.305,0.02896758743831793,medium_H,无放流,0.47651199999999994
9.31,0.028909857028478075,medium_H,无放流,0.47651199999999994
9.315,0.028852241717196192,medium_H,无放流,0.47651199999999994
9.32,0.02879474127449805,medium_H,无放流,0.47651199999999994
9.325000000000001,0.028737355470853196,medium_H,无放流,0.47651199999999994
9.33,0.02868008407717485,medium_H,无放流,0.47651199999999994
9.335,0.02862292686481989,medium_H,无放流,0.47651199999999994
9.34,0.028565883605588954,medium_H,无放流,0.47651199999999994
9.345,0.028508954071726305,medium_H,无放流,0.47651199999999994
9.35,0.02845213803591999,medium_H,无放流,0.47651199999999994
9.355,0.028395435271301665,medium_H,无放流,0.47651199999999994
9.36,0.02833884555144676,medium_H,无放流,0.47651199999999994
9.365,0.028282368650374333,medium_H,无放流,0.47651199999999994
9.370000000000001,0.028226004342547184,medium_H,无放流,0.47651199999999994
9.375,0.02816975240287183,medium_H,无放流,0.47651199999999994
9.38,0.028113612606698406,medium_H,无放流,0.47651199999999994
9.385,0.028057584729820836,medium_H,无放流,0.47651199999999994
9.39,0.028001668548476657,medium_H,无放流,0.47651199999999994
9.395,0.027945863839347183,medium_H,无放流,0.47651199999999994
9.4,0.02789017037955735,medium_H,无放流,0.47651199999999994
9.405,0.027834587946675864,medium_H,无放流,0.47651199999999994
9.41,0.027779116318715047,medium_H,无放流,0.47651199999999994
9.415000000000001,0.02772375527413099,medium_H,无放流,0.47651199999999994
9.42,0.027668504591823476,medium_H,无放流,0.47651199999999994
9.425,0.027613364051135913,medium_H,无放流,0.47651199999999994
9.43,0.0275583334318555,medium_H,无放流,0.47651199999999994
9.435,0.027503412514213052,medium_H,无放流,0.47651199999999994
9.44,0.027448601078883157,medium_H,无放流,0.47651199999999994
9.445,0.027393898906984022,medium_H,无放流,0.47651199999999994
9.450000000000001,0.027339305780077615,medium_H,无放流,0.47651199999999994
9.455,0.027284821480169585,medium_H,无放流,0.47651199999999994
9.46,0.02723044578970924,medium_H,无放流,0.47651199999999994
9.465,0.027176178491589657,medium_H,无放流,0.47651199999999994
9.47,0.027122019369147522,medium_H,无放流,0.47651199999999994
9.475,0.027067968206163306,medium_H,无放流,0.47651199999999994
9.48,0.0270140247868611,medium_H,无放流,0.47651199999999994
9.485,0.026960188895908763,medium_H,无放流,0.47651199999999994
9.49,0.02690646031841778,medium_H,无放流,0.47651199999999994
9.495000000000001,0.02685283883994339,medium_H,无放流,0.47651199999999994
9.5,0.026799324246484527,medium_H,无放流,0.47651199999999994
9.505,0.02674591632448376,medium_H,无放流,0.47651199999999994
9.51,0.026692614860827444,medium_H,无放流,0.47651199999999994
9.515,0.026639419642845545,medium_H,无放流,0.47651199999999994
9.52,0.02658633045831181,medium_H,无放流,0.47651199999999994
9.525,0.026533347095443596,medium_H,无放流,0.47651199999999994
9.53,0.026480469342902043,medium_H,无放流,0.47651199999999994
9.535,0.02642769698979191,medium_H,无放流,0.47651199999999994
9.540000000000001,0.026375029825661703,medium_H,无放流,0.47651199999999994
9.545,0.026322467640503642,medium_H,无放流,0.47651199999999994
9.55,0.026270010224753566,medium_H,无放流,0.47651199999999994
9.555,0.026217657369291103,medium_H,无放流,0.47651199999999994
9.56,0.0261654088654395,medium_H,无放流,0.47651199999999994
9.565,0.02611326450496576,medium_H,无放流,0.47651199999999994
9.57,0.02606122408008054,medium_H,无放流,0.47651199999999994
9.575000000000001,0.026009287383438218,medium_H,无放流,0.47651199999999994
9.58,0.02595745420813689,medium_H,无放流,0.47651199999999994
9.585,0.025905724347727165,medium_H,无放流,0.47651199999999994
9.59,0.02585409759729852,medium_H,无放流,0.47651199999999994
9.595,0.025802573752601664,medium_H,无放流,0.47651199999999994
9.6,0.025751152609245598,medium_H,无放流,0.47651199999999994
9.605,0.02569983396320829,medium_H,无放流,0.47651199999999994
9.61,0.025648617610836838,medium_H,无放流,0.47651199999999994
9.615,0.02559750334884731,medium_H,无放流,0.47651199999999994
9.620000000000001,0.02554649097432488,medium_H,无放流,0.47651199999999994
9.625,0.02549558028472377,medium_H,无放流,0.47651199999999994
9.63,0.025444771077867197,medium_H,无放流,0.47651199999999994
9.635,0.025394063151947494,medium_H,无放流,0.47651199999999994
9.64,0.02534345630552598,medium_H,无放流,0.47651199999999994
9.645,0.02529295033753308,medium_H,无放流,0.47651199999999994
9.65,0.025242545047268212,medium_H,无放流,0.47651199999999994
9.655,0.0251922402343999,medium_H,无放流,0.47651199999999994
9.66,0.025142035698965653,medium_H,无放流,0.47651199999999994
9.665000000000001,0.02509193124137208,medium_H,无放流,0.47651199999999994
9.67,0.025041926662394836,medium_H,无放流,0.47651199999999994
9.675,0.02499202176317858,medium_H,无放流,0.47651199999999994
9.68,0.024942216345237078,medium_H,无放流,0.47651199999999994
9.685,0.02489251021045308,medium_H,无放流,0.47651199999999994
9.69,0.02484290316107846,medium_H,无放流,0.47651199999999994
9.695,0.024793394999734056,medium_H,无放流,0.47651199999999994
9.700000000000001,0.02474398552940982,medium_H,无放流,0.47651199999999994
9.705,0.02469467455346475,medium_H,无放流,0.47651199999999994
9.71,0.024645461875626835,medium_H,无放流,0.47651199999999994
9.715,0.02459634729999319,medium_H,无放流,0.47651199999999994
9.72,0.024547330631029898,medium_H,无放流,0.47651199999999994
9.725,0.02449841167357217,medium_H,无放流,0.47651199999999994
9.73,0.024449590232824194,medium_H,无放流,0.47651199999999994
9.735,0.02440086611435927,medium_H,无放流,0.47651199999999994
9.74,0.024352239124119684,medium_H,无放流,0.47651199999999994
9.745000000000001,0.024303709068416817,medium_H,无放流,0.47651199999999994
9.75,0.0242552757539311,medium_H,无放流,0.47651199999999994
9.755,0.02420693898771197,medium_H,无放流,0.47651199999999994
9.76,0.02415869857717796,medium_H,无放流,0.47651199999999994
9.765,0.024110554330116607,medium_H,无放流,0.47651199999999994
9.77,0.024062506054684546,medium_H,无放流,0.47651199999999994
9.775,0.024014553559407407,medium_H,无放流,0.47651199999999994
9.78,0.023966696653179922,medium_H,无放流,0.47651199999999994
9.785,0.02391893514526582,medium_H,无放流,0.47651199999999994
9.790000000000001,0.02387126884529791,medium_H,无放流,0.47651199999999994
9.795,0.023823697563278064,medium_H,无放流,0.47651199999999994
9.8,0.023776221109577153,medium_H,无放流,0.47651199999999994
9.805,0.023728839294935147,medium_H,无放流,0.47651199999999994
9.81,0.02368155193046102,medium_H,无放流,0.47651199999999994
9.815,0.02363435882763284,medium_H,无放流,0.47651199999999994
9.82,0.023587259798297674,medium_H,无放流,0.47651199999999994
9.825000000000001,0.023540254654671675,medium_H,无放流,0.47651199999999994
9.83,0.023493343209340052,medium_H,无放流,0.47651199999999994
9.835,0.02344652527525701,medium_H,无放流,0.47651199999999994
9.84,0.02339980066574587,medium_H,无放流,0.47651199999999994
9.845,0.023353169194498934,medium_H,无放流,0.47651199999999994
9.85,0.023306630675577616,medium_H,无放流,0.47651199999999994
9.855,0.023260184923412315,medium_H,无放流,0.47651199999999994
9.86,0.02321383175280255,medium_H,无放流,0.47651199999999994
9.865,0.02316757097891681,medium_H,无放流,0.47651199999999994
9.870000000000001,0.023121402417292693,medium_H,无放流,0.47651199999999994
9.875,0.02307532588383684,medium_H,无放流,0.47651199999999994
9.88,0.023029341194824894,medium_H,无放流,0.47651199999999994
9.885,0.02298344816690161,medium_H,无放流,0.47651199999999994
9.89,0.022937646617080726,medium_H,无放流,0.47651199999999994
9.895,0.022891936362745093,medium_H,无放流,0.47651199999999994
9.9,0.022846317221646546,medium_H,无放流,0.47651199999999994
9.905,0.02280078901190604,medium_H,无放流,0.47651199999999994
9.91,0.0227553515520135,medium_H,无放流,0.47651199999999994
9.915000000000001,0.022710004660827964,medium_H,无放流,0.47651199999999994
9.92,0.0226647481575775,medium_H,无放流,0.47651199999999994
9.925,0.022619581861859195,medium_H,无放流,0.47651199999999994
9.93,0.022574505593639237,medium_H,无放流,0.47651199999999994
9.935,0.0225295191732528,medium_H,无放流,0.47651199999999994
9.94,0.02248462242140417,medium_H,无放流,0.47651199999999994
9.945,0.022439815159166623,medium_H,无放流,0.47651199999999994
9.950000000000001,0.022395097207982526,medium_H,无放流,0.47651199999999994
9.955,0.022350468389663296,medium_H,无放流,0.47651199999999994
9.96,0.02230592852638935,medium_H,无放流,0.47651199999999994
9.965,0.02226147744071022,medium_H,无放流,0.47651199999999994
9.97,0.02221711495554442,medium_H,无放流,0.47651199999999994
9.975,0.022172840894179573,medium_H,无放流,0.47651199999999994
9.98,0.022128655080272296,medium_H,无放流,0.47651199999999994
9.985,0.022084557337848306,medium_H,无放流,0.47651199999999994
9.99,0.02204054749130232,medium_H,无放流,0.47651199999999994
9.995000000000001,0.021996625365398134,medium_H,无放流,0.47651199999999994
10.0,0.021952790785268607,medium_H,无放流,0.47651199999999994
0.0,1.2,medium_H,有放流,0.47651199999999994
0.005,1.1975784557756264,medium_H,有放流,0.47651199999999994
0.01,1.1951618600687808,medium_H,有放流,0.47651199999999994
0.015,1.192750202517271,medium_H,有放流,0.47651199999999994
0.02,1.1903434727815272,medium_H,有放流,0.47651199999999994
0.025,1.1879416605446027,medium_H,有放流,0.47651199999999994
0.03,1.1855447555121728,medium_H,有放流,0.47651199999999994
0.035,1.1831527473252592,medium_H,有放流,0.47651199999999994
0.04,1.1807656256566592,medium_H,有放流,0.47651199999999994
0.045,1.1783833803052255,medium_H,有放流,0.47651199999999994
0.05,1.176006001090476,medium_H,有放流,0.47651199999999994
0.055,1.1736334778525428,medium_H,有放流,0.47651199999999994
0.06,1.171265800452172,medium_H,有放流,0.47651199999999994
0.065,1.1689029587707236,medium_H,有放流,0.47651199999999994
0.07,1.1665449427101713,medium_H,有放流,0.47651199999999994
0.075,1.1641917421931032,medium_H,有放流,0.47651199999999994
0.08,1.1618433471627208,medium_H,有放流,0.47651199999999994
0.085,1.15949974758284,medium_H,有放流,0.47651199999999994
0.09,1.1571609334378903,medium_H,有放流,0.47651199999999994
0.095,1.1548268947329157,medium_H,有放流,0.47651199999999994
0.1,1.1524976214935734,medium_H,有放流,0.47651199999999994
0.105,1.1501731037661351,medium_H,有放流,0.47651199999999994
0.11,1.1478533316174862,medium_H,有放流,0.47651199999999994
0.115,1.145538295135126,medium_H,有放流,0.47651199999999994
0.12,1.143227984427168,medium_H,有放流,0.47651199999999994
0.125,1.1409223896223395,medium_H,有放流,0.47651199999999994
0.13,1.1386215008699816,medium_H,有放流,0.47651199999999994
0.135,1.1363253083400497,medium_H,有放流,0.47651199999999994
0.14,1.134033802223113,medium_H,有放流,0.47651199999999994
0.145,1.131746972730354,medium_H,有放流,0.47651199999999994
0.15,1.1294648100935702,medium_H,有放流,0.47651199999999994
0.155,1.1271873045651726,medium_H,有放流,0.47651199999999994
0.16,1.1249144464181857,medium_H,有放流,0.47651199999999994
0.165,1.1226462259462489,medium_H,有放流,0.47651199999999994
0.17,1.1203826334636147,medium_H,有放流,0.47651199999999994
0.17500000000000002,1.1181236593051498,medium_H,有放流,0.47651199999999994
0.18,1.115869293826335,medium_H,有放流,0.47651199999999994
0.185,1.113619527403265,medium_H,有放流,0.47651199999999994
0.19,1.1113743504326483,medium_H,有放流,0.47651199999999994
0.195,1.1091337533318073,medium_H,有放流,0.47651199999999994
0.2,1.1068977265386788,medium_H,有放流,0.47651199999999994
0.20500000000000002,1.104666260511813,medium_H,有放流,0.47651199999999994
0.21,1.1024393457303743,medium_H,有放流,0.47651199999999994
0.215,1.1002169726941409,medium_H,有放流,0.47651199999999994
0.22,1.0979991319235052,medium_H,有放流,0.47651199999999994
0.225,1.0957858139594734,medium_H,有放流,0.47651199999999994
0.23,1.0935770093636654,medium_H,有放流,0.47651199999999994
0.23500000000000001,1.0913727087183158,medium_H,有放流,0.47651199999999994
0.24,1.0891729026262722,medium_H,有放流,0.47651199999999994
0.245,1.0869775817109968,medium_H,有放流,0.47651199999999994
0.25,1.0847867366165653,medium_H,有放流,0.47651199999999994
0.255,1.082600358007668,medium_H,有放流,0.47651199999999994
0.26,1.0804184365696081,medium_H,有放流,0.47651199999999994
0.265,1.078240963008304,medium_H,有放流,0.47651199999999994
0.27,1.076067928050287,medium_H,有放流,0.47651199999999994
0.275,1.073899322442703,medium_H,有放流,0.47651199999999994
0.28,1.0717351369533112,medium_H,有放流,0.47651199999999994
0.28500000000000003,1.0695753623704856,medium_H,有放流,0.47651199999999994
0.29,1.0674199895032135,medium_H,有放流,0.47651199999999994
0.295,1.0652690091810963,medium_H,有放流,0.47651199999999994
0.3,1.0631224122543494,medium_H,有放流,0.47651199999999994
0.305,1.0609801895938022,medium_H,有放流,0.47651199999999994
0.31,1.058842332090898,medium_H,有放流,0.47651199999999994
0.315,1.0567088306576937,medium_H,有放流,0.47651199999999994
0.32,1.054579676226861,medium_H,有放流,0.47651199999999994
0.325,1.0524548597516845,medium_H,有放流,0.47651199999999994
0.33,1.0503343722060636,medium_H,有放流,0.47651199999999994
0.335,1.048218204255405,medium_H,有放流,0.47651199999999994
0.34,1.0461063461386697,medium_H,有放流,0.47651199999999994
0.34500000000000003,1.0439987889319193,medium_H,有放流,0.47651199999999994
0.35000000000000003,1.0418955237670853,medium_H,有放流,0.47651199999999994
0.355,1.0397965417925414,medium_H,有放流,0.47651199999999994
0.36,1.0377018341731032,medium_H,有放流,0.47651199999999994
0.365,1.0356113920900276,medium_H,有放流,0.47651199999999994
0.37,1.0335252067410137,medium_H,有放流,0.47651199999999994
0.375,1.031443269340202,medium_H,有放流,0.47651199999999994
0.38,1.0293655711181753,medium_H,有放流,0.47651199999999994
0.385,1.0272921033219575,medium_H,有放流,0.47651199999999994
0.39,1.025222857215015,medium_H,有放流,0.47651199999999994
0.395,1.0231578240772554,medium_H,有放流,0.47651199999999994
0.4,1.0210969952050284,medium_H,有放流,0.47651199999999994
0.405,1.0190403619111252,medium_H,有放流,0.47651199999999994
0.41000000000000003,1.016987915524779,medium_H,有放流,0.47651199999999994
0.41500000000000004,1.0149396473916648,medium_H,有放流,0.47651199999999994
0.42,1.0128955488738993,medium_H,有放流,0.47651199999999994
0.425,1.0108556113500407,medium_H,有放流,0.47651199999999994
0.43,1.0088198262150896,medium_H,有放流,0.47651199999999994
0.435,1.0067881848804876,medium_H,有放流,0.47651199999999994
0.44,1.0047606787741188,medium_H,有放流,0.47651199999999994
0.445,1.0027372993403085,medium_H,有放流,0.47651199999999994
0.45,1.0007180380398242,medium_H,有放流,0.47651199999999994
0.455,0.9987028863498748,medium_H,有放流,0.47651199999999994
0.46,0.9966918357641115,medium_H,有放流,0.47651199999999994
0.465,0.9946848777926266,medium_H,有放流,0.47651199999999994
0.47000000000000003,0.9926820039619548,medium_H,有放流,0.47651199999999994
0.47500000000000003,0.9906832058150721,medium_H,有放流,0.47651199999999994
0.48,0.9886884749113966,medium_H,有放流,0.47651199999999994
0.485,0.9866978028267879,medium_H,有放流,0.47651199999999994
0.49,0.9847111811535476,medium_H,有放流,0.47651199999999994
0.495,0.982728601500419,medium_H,有放流,0.47651199999999994
0.5,0.9807500554925871,medium_H,有放流,0.47651199999999994
0.505,0.9787755347716788,medium_H,有放流,0.47651199999999994
0.51,0.9768050309957627,medium_H,有放流,0.47651199999999994
0.515,0.9748385358393491,medium_H,有放流,0.47651199999999994
0.52,0.9728760409933902,medium_H,有放流,0.47651199999999994
0.525,0.97091753816528,medium_H,有放流,0.47651199999999994
0.53,0.9689630190788542,medium_H,有放流,0.47651199999999994
0.535,0.9670124754743902,medium_H,有放流,0.47651199999999994
0.54,0.9650658991086072,medium_H,有放流,0.47651199999999994
0.545,0.9631232817546664,medium_H,有放流,0.47651199999999994
0.55,0.9611846152021706,medium_H,有放流,0.47651199999999994
0.555,0.9592498912571641,medium_H,有放流,0.47651199999999994
0.56,0.9573191017421335,medium_H,有放流,0.47651199999999994
0.5650000000000001,0.955392238496007,medium_H,有放流,0.47651199999999994
0.5700000000000001,0.9534692933741542,medium_H,有放流,0.47651199999999994
0.5750000000000001,0.951550258248387,medium_H,有放流,0.47651199999999994
0.58,0.9496351250069588,medium_H,有放流,0.47651199999999994
0.585,0.9477238855545648,medium_H,有放流,0.47651199999999994
0.59,0.9458165318123419,medium_H,有放流,0.47651199999999994
0.595,0.943913055717869,medium_H,有放流,0.47651199999999994
0.6,0.9420134492251665,medium_H,有放流,0.47651199999999994
0.605,0.9401177043046969,medium_H,有放流,0.47651199999999994
0.61,0.938225812943364,medium_H,有放流,0.47651199999999994
0.615,0.936337767144514,medium_H,有放流,0.47651199999999994
0.62,0.9344535589279344,medium_H,有放流,0.47651199999999994
0.625,0.9325731803298546,medium_H,有放流,0.47651199999999994
0.63,0.9306966234029457,medium_H,有放流,0.47651199999999994
0.635,0.9288238802163207,medium_H,有放流,0.47651199999999994
0.64,0.9269549428555344,medium_H,有放流,0.47651199999999994
0.645,0.9250898034225833,medium_H,有放流,0.47651199999999994
0.65,0.9232284540359056,medium_H,有放流,0.47651199999999994
0.655,0.9213708868303814,medium_H,有放流,0.47651199999999994
0.66,0.9195170939573325,medium_H,有放流,0.47651199999999994
0.665,0.9176670675845225,medium_H,有放流,0.47651199999999994
0.67,0.915820799896157,medium_H,有放流,0.47651199999999994
0.675,0.9139782830928826,medium_H,有放流,0.47651199999999994
0.68,0.9121395093917888,medium_H,有放流,0.47651199999999994
0.685,0.910304471026406,medium_H,有放流,0.47651199999999994
0.6900000000000001,0.9084731602467067,medium_H,有放流,0.47651199999999994
0.6950000000000001,0.9066455693191052,medium_H,有放流,0.47651199999999994
0.7000000000000001,0.9048216905264574,medium_H,有放流,0.47651199999999994
0.705,0.9030015161680613,medium_H,有放流,0.47651199999999994
0.71,0.9011850385596564,medium_H,有放流,0.47651199999999994
0.715,0.8993722500334238,medium_H,有放流,0.47651199999999994
0.72,0.8975631429379869,medium_H,有放流,0.47651199999999994
0.725,0.8957577096384104,medium_H,有放流,0.47651199999999994
0.73,0.893955942516201,medium_H,有放流,0.47651199999999994
0.735,0.8921578339693073,medium_H,有放流,0.47651199999999994
0.74,0.8903633764121193,medium_H,有放流,0.47651199999999994
0.745,0.8885725622754691,medium_H,有放流,0.47651199999999994
0.75,0.8867853840066304,medium_H,有放流,0.47651199999999994
0.755,0.8850018340693186,medium_H,有放流,0.47651199999999994
0.76,0.8832219049436913,medium_H,有放流,0.47651199999999994
0.765,0.8814455891263475,medium_H,有放流,0.47651199999999994
0.77,0.8796728791303279,medium_H,有放流,0.47651199999999994
0.775,0.8779037674851151,medium_H,有放流,0.47651199999999994
0.78,0.8761382467366339,medium_H,有放流,0.47651199999999994
0.785,0.8743763094472499,medium_H,有放流,0.47651199999999994
0.79,0.8726179481957713,medium_H,有放流,0.47651199999999994
0.795,0.870863155577448,medium_H,有放流,0.47651199999999994
0.8,0.8691119242039712,medium_H,有放流,0.47651199999999994
0.805,0.8673642467034743,medium_H,有放流,0.47651199999999994
0.81,0.8656201157205325,medium_H,有放流,0.47651199999999994
0.8150000000000001,0.8638795239161624,medium_H,有放流,0.47651199999999994
0.8200000000000001,0.8621424639678226,medium_H,有放流,0.47651199999999994
0.8250000000000001,0.8604089285694135,medium_H,有放流,0.47651199999999994
0.8300000000000001,0.8586789104312773,medium_H,有放流,0.47651199999999994
0.835,0.8569524022801979,medium_H,有放流,0.47651199999999994
0.84,0.8552293968594009,medium_H,有放流,0.47651199999999994
0.845,0.8535098869285538,medium_H,有放流,0.47651199999999994
0.85,0.8517938652637659,medium_H,有放流,0.47651199999999994
0.855,0.8500813246575881,medium_H,有放流,0.47651199999999994
0.86,0.8483722579190132,medium_H,有放流,0.47651199999999994
0.865,0.8466666578734758,medium_H,有放流,0.47651199999999994
0.87,0.8449645173628523,medium_H,有放流,0.47651199999999994
0.875,0.8432658292454607,medium_H,有放流,0.47651199999999994
0.88,0.8415705863960607,medium_H,有放流,0.47651199999999994
0.885,0.8398787817058543,medium_H,有放流,0.47651199999999994
0.89,0.8381904080824847,medium_H,有放流,0.47651199999999994
0.895,0.8365054584500373,medium_H,有放流,0.47651199999999994
0.9,0.8348239257490389,medium_H,有放流,0.47651199999999994
0.905,0.8331458029364581,medium_H,有放流,0.47651199999999994
0.91,0.8314710830822305,medium_H,有放流,0.47651199999999994
0.915,0.8297997593536556,medium_H,有放流,0.47651199999999994
0.92,0.8281318247488914,medium_H,有放流,0.47651199999999994
0.925,0.8264672722764577,medium_H,有放流,0.47651199999999994
0.93,0.8248060949597431,medium_H,有放流,0.47651199999999994
0.935,0.823148285837005,medium_H,有放流,0.47651199999999994
0.9400000000000001,0.8215778050932214,medium_H,有放流,0.47651199999999994
0.9450000000000001,0.8948651391038002,medium_H,有放流,0.47651199999999994
0.9500000000000001,0.9679889651453951,medium_H,有放流,0.47651199999999994
0.9550000000000001,1.0409640779962548,medium_H,有放流,0.47651199999999994
0.96,1.1137905523348404,medium_H,有放流,0.47651199999999994
0.965,1.1864684640705367,medium_H,有放流,0.47651199999999994
0.97,1.2589978903436423,medium_H,有放流,0.47651199999999994
0.975,1.3313789095253745,medium_H,有放流,0.47651199999999994
0.98,1.4036116012178694,medium_H,有放流,0.47651199999999994
0.985,1.475696046227349,medium_H,有放流,0.47651199999999994
0.99,1.5476323265639158,medium_H,有放流,0.47651199999999994
0.995,1.6194205254815965,medium_H,有放流,0.47651199999999994
1.0,1.6910607274082372,medium_H,有放流,0.47651199999999994
1.0050000000000001,1.7625530179438589,medium_H,有放流,0.47651199999999994
1.01,1.8338974838606494,medium_H,有放流,0.47651199999999994
1.0150000000000001,1.9050942131029804,medium_H,有放流,0.47651199999999994
1.02,1.9761432947873847,medium_H,有放流,0.47651199999999994
1.025,2.0470448192025765,medium_H,有放流,0.47651199999999994
1.03,2.1177988778094448,medium_H,有放流,0.47651199999999994
1.035,2.1884055632410404,medium_H,有放流,0.47651199999999994
1.04,2.258864969294038,medium_H,有放流,0.47651199999999994
1.045,2.3291771908332017,medium_H,有放流,0.47651199999999994
1.05,2.3993423238679523,medium_H,有放流,0.47651199999999994
1.055,2.469360465547486,medium_H,有放流,0.47651199999999994
1.06,2.5392165050657773,medium_H,有放流,0.47651199999999994
1.065,2.534109473940027,medium_H,有放流,0.47651199999999994
1.07,2.5289235356867135,medium_H,有放流,0.47651199999999994
1.075,2.52374849037807,medium_H,有放流,0.47651199999999994
1.08,2.5185843139700927,medium_H,有放流,0.47651199999999994
1.085,2.51343098249737,medium_H,有放流,0.47651199999999994
1.09,2.5082884720580396,medium_H,有放流,0.47651199999999994
1.095,2.503156758805822,medium_H,有放流,0.47651199999999994
1.1,2.4980358189500222,medium_H,有放流,0.47651199999999994
1.105,2.4929256287555304,medium_H,有放流,0.47651199999999994
1.11,2.487826164542819,medium_H,有放流,0.47651199999999994
1.115,2.4827374026879467,medium_H,有放流,0.47651199999999994
1.12,2.477659319622554,medium_H,有放流,0.47651199999999994
1.125,2.472591891833867,medium_H,有放流,0.47651199999999994
1.1300000000000001,2.467535095864696,medium_H,有放流,0.47651199999999994
1.135,2.4624889083134347,medium_H,有放流,0.47651199999999994
1.1400000000000001,2.45745330583406,medium_H,有放流,0.47651199999999994
1.145,2.452428265136135,medium_H,有放流,0.47651199999999994
1.1500000000000001,2.4474137629848056,medium_H,有放流,0.47651199999999994
1.155,2.4424097762008024,medium_H,有放流,0.47651199999999994
1.16,2.4374162816604388,medium_H,有放流,0.47651199999999994
1.165,2.4324332562956137,medium_H,有放流,0.47651199999999994
1.17,2.4274606770938094,medium_H,有放流,0.47651199999999994
1.175,2.4224985210980927,medium_H,有放流,0.47651199999999994
1.18,2.417546765407114,medium_H,有放流,0.47651199999999994
1.185,2.412605387175108,medium_H,有放流,0.47651199999999994
1.19,2.407674363611894,medium_H,有放流,0.47651199999999994
1.195,2.402753671745276,medium_H,有放流,0.47651199999999994
1.2,2.3978432865770842,medium_H,有放流,0.47651199999999994
1.205,2.3929431850906586,medium_H,有放流,0.47651199999999994
1.21,2.3880533449531947,medium_H,有放流,0.47651199999999994
1.215,2.383173743876754,medium_H,有放流,0.47651199999999994
1.22,2.3783043596182676,medium_H,有放流,0.47651199999999994
1.225,2.3734451699795316,medium_H,有放流,0.47651199999999994
1.23,2.3685961528072115,medium_H,有放流,0.47651199999999994
1.235,2.363757285992838,medium_H,有放流,0.47651199999999994
1.24,2.358928547472811,medium_H,有放流,0.47651199999999994
1.245,2.3541099152283964,medium_H,有放流,0.47651199999999994
1.25,2.3493013672857277,medium_H,有放流,0.47651199999999994
1.2550000000000001,2.344502881715806,medium_H,有放流,0.47651199999999994
1.26,2.3397144366345,medium_H,有放流,0.47651199999999994
1.2650000000000001,2.334936010202544,medium_H,有放流,0.47651199999999994
1.27,2.330167580625542,medium_H,有放流,0.47651199999999994
1.2750000000000001,2.3254091261539633,medium_H,有放流,0.47651199999999994
1.28,2.320660625083146,medium_H,有放流,0.47651199999999994
1.285,2.315922055753294,medium_H,有放流,0.47651199999999994
1.29,2.3111933965494793,medium_H,有放流,0.47651199999999994
1.295,2.3064746259016418,medium_H,有放流,0.47651199999999994
1.3,2.3017657222845873,medium_H,有放流,0.47651199999999994
1.305,2.2970666642179904,medium_H,有放流,0.47651199999999994
1.31,2.2923774302663915,medium_H,有放流,0.47651199999999994
1.315,2.2876979990392,medium_H,有放流,0.47651199999999994
1.32,2.2830283491906904,medium_H,有放流,0.47651199999999994
1.325,2.2783684594200064,medium_H,有放流,0.47651199999999994
1.33,2.273718308471158,medium_H,有放流,0.47651199999999994
1.335,2.269077875133023,medium_H,有放流,0.47651199999999994
1.34,2.2644471382393467,medium_H,有放流,0.47651199999999994
1.345,2.2598260766687406,medium_H,有放流,0.47651199999999994
1.35,2.255214669344684,medium_H,有放流,0.47651199999999994
1.355,2.2506128952355247,medium_H,有放流,0.47651199999999994
1.36,2.246020733354476,medium_H,有放流,0.47651199999999994
1.365,2.241438162759619,medium_H,有放流,0.47651199999999994
1.37,2.2368651625539027,medium_H,有放流,0.47651199999999994
1.375,2.2323017118851434,medium_H,有放流,0.47651199999999994
1.3800000000000001,2.227747789946024,medium_H,有放流,0.47651199999999994
1.385,2.223203375974095,medium_H,有放流,0.47651199999999994
1.3900000000000001,2.2186684492517736,medium_H,有放流,0.47651199999999994
1.395,2.214142989106346,medium_H,有放流,0.47651199999999994
1.4000000000000001,2.2096269749099635,medium_H,有放流,0.47651199999999994
1.405,2.205120386079647,medium_H,有放流,0.47651199999999994
1.41,2.2006232020772827,medium_H,有放流,0.47651199999999994
1.415,2.196135402409625,medium_H,有放流,0.47651199999999994
1.42,2.1916569666282952,medium_H,有放流,0.47651199999999994
1.425,2.1871878743297826,medium_H,有放流,0.47651199999999994
1.43,2.1827281051554435,medium_H,有放流,0.47651199999999994
1.435,2.1782776387915006,medium_H,有放流,0.47651199999999994
1.44,2.173836454969045,medium_H,有放流,0.47651199999999994
1.445,2.1694045334640353,medium_H,有放流,0.47651199999999994
1.45,2.164981854097296,medium_H,有放流,0.47651199999999994
1.455,2.1605683967345195,medium_H,有放流,0.47651199999999994
1.46,2.156164141286267,medium_H,有放流,0.47651199999999994
1.465,2.1517690677079644,medium_H,有放流,0.47651199999999994
1.47,2.147383155999907,medium_H,有放流,0.47651199999999994
1.475,2.143006386207256,medium_H,有放流,0.47651199999999994
1.48,2.138638738420041,medium_H,有放流,0.47651199999999994
1.485,2.134280192773158,medium_H,有放流,0.47651199999999994
1.49,2.1299307294463707,medium_H,有放流,0.47651199999999994
1.495,2.1255903286643103,medium_H,有放流,0.47651199999999994
1.5,2.121258970696475,medium_H,有放流,0.47651199999999994
1.5050000000000001,2.1169366358572295,medium_H,有放流,0.47651199999999994
1.51,2.112623304505808,medium_H,有放流,0.47651199999999994
1.5150000000000001,2.1083189570463094,medium_H,有放流,0.47651199999999994
1.52,2.104023573927702,medium_H,有放流,0.47651199999999994
1.5250000000000001,2.09973713564382,medium_H,有放流,0.47651199999999994
1.53,2.0954596227333657,medium_H,有放流,0.47651199999999994
1.5350000000000001,2.0911910157799083,medium_H,有放流,0.47651199999999994
1.54,2.086931295411884,medium_H,有放流,0.47651199999999994
1.545,2.0826804423025975,medium_H,有放流,0.47651199999999994
1.55,2.0784384371702194,medium_H,有放流,0.47651199999999994
1.555,2.074205260777788,medium_H,有放流,0.47651199999999994
1.56,2.069980893933209,medium_H,有放流,0.47651199999999994
1.565,2.065765317489256,medium_H,有放流,0.47651199999999994
1.57,2.061558512343569,medium_H,有放流,0.47651199999999994
1.575,2.057360459438656,medium_H,有放流,0.47651199999999994
1.58,2.053171139761891,medium_H,有放流,0.47651199999999994
1.585,2.0489905343455175,medium_H,有放流,0.47651199999999994
1.59,2.044818624266644,medium_H,有放流,0.47651199999999994
1.595,2.0406553906472475,medium_H,有放流,0.47651199999999994
1.6,2.0365008146541723,medium_H,有放流,0.47651199999999994
1.605,2.0323548774991296,medium_H,有放流,0.47651199999999994
1.61,2.0282175604386983,medium_H,有放流,0.47651199999999994
1.615,2.024088844774324,medium_H,有放流,0.47651199999999994
1.62,2.0199687118523206,medium_H,有放流,0.47651199999999994
1.625,2.0158571430638683,medium_H,有放流,0.47651199999999994
1.6300000000000001,2.0117541198450146,medium_H,有放流,0.47651199999999994
1.635,2.007659623676675,medium_H,有放流,0.47651199999999994
1.6400000000000001,2.003573636084632,medium_H,有放流,0.47651199999999994
1.645,1.9994961386395351,medium_H,有放流,0.47651199999999994
1.6500000000000001,1.9954271129569012,medium_H,有放流,0.47651199999999994
1.655,1.9913665406971153,medium_H,有放流,0.47651199999999994
1.6600000000000001,1.987314403565428,medium_H,有放流,0.47651199999999994
1.665,1.983270683311959,medium_H,有放流,0.47651199999999994
1.67,1.9792353617316945,medium_H,有放流,0.47651199999999994
1.675,1.975208420664487,medium_H,有放流,0.47651199999999994
1.68,1.9711898419950584,medium_H,有放流,0.47651199999999994
1.685,1.9671796076529962,medium_H,有放流,0.47651199999999994
1.69,1.963177699612756,medium_H,有放流,0.47651199999999994
1.695,1.9591840998936598,medium_H,有放流,0.47651199999999994
1.7,1.9551987905598986,medium_H,有放流,0.47651199999999994
1.705,1.9512217537205288,medium_H,有放流,0.47651199999999994
1.71,1.9472529715294753,medium_H,有放流,0.47651199999999994
1.715,1.9432924261855298,medium_H,有放流,0.47651199999999994
1.72,1.9393400999323513,medium_H,有放流,0.47651199999999994
1.725,1.9353959750584666,medium_H,有放流,0.47651199999999994
1.73,1.931460033897269,medium_H,有放流,0.47651199999999994
1.735,1.9275322588270196,medium_H,有放流,0.47651199999999994
1.74,1.9236126322708467,medium_H,有放流,0.47651199999999994
1.745,1.9197011366967458,medium_H,有放流,0.47651199999999994
1.75,1.91579775461758,medium_H,有放流,0.47651199999999994
1.7550000000000001,1.9119024685910788,medium_H,有放流,0.47651199999999994
1.76,1.9080152610969154,medium_H,有放流,0.47651199999999994
1.7650000000000001,1.9041361134716477,medium_H,有放流,0.47651199999999994
1.77,1.900265008150822,medium_H,有放流,0.47651199999999994
1.7750000000000001,1.8964019279850537,medium_H,有放流,0.47651199999999994
1.78,1.892546855858545,medium_H,有放流,0.47651199999999994
1.7850000000000001,1.888699774689085,medium_H,有放流,0.47651199999999994
1.79,1.88486066742805,medium_H,有放流,0.47651199999999994
1.795,1.8810295170604026,medium_H,有放流,0.47651199999999994
1.8,1.877206306604692,medium_H,有放流,0.47651199999999994
1.805,1.8733910191130552,medium_H,有放流,0.47651199999999994
1.81,1.869583637671215,medium_H,有放流,0.47651199999999994
1.815,1.8657841453984818,medium_H,有放流,0.47651199999999994
1.82,1.8619925254477525,medium_H,有放流,0.47651199999999994
1.825,1.8582087610055107,medium_H,有放流,0.47651199999999994
1.83,1.8544328352918267,medium_H,有放流,0.47651199999999994
1.835,1.8506647315603584,medium_H,有放流,0.47651199999999994
1.84,1.8469044330983495,medium_H,有放流,0.47651199999999994
1.845,1.8431519232266314,medium_H,有放流,0.47651199999999994
1.85,1.8394071852996214,medium_H,有放流,0.47651199999999994
1.855,1.8356702027053247,medium_H,有放流,0.47651199999999994
1.86,1.8319409588653324,medium_H,有放流,0.47651199999999994
1.865,1.828219437234823,medium_H,有放流,0.47651199999999994
1.87,1.8245056213025617,medium_H,有放流,0.47651199999999994
1.875,1.8207994945909003,medium_H,有放流,0.47651199999999994
1.8800000000000001,1.8171010406557775,medium_H,有放流,0.47651199999999994
1.885,1.813410243086719,medium_H,有放流,0.47651199999999994
1.8900000000000001,1.809727085506837,medium_H,有放流,0.47651199999999994
1.895,1.806051551572831,medium_H,有放流,0.47651199999999994
1.9000000000000001,1.8023836249749872,medium_H,有放流,0.47651199999999994
1.905,1.798723289437178,medium_H,有放流,0.47651199999999994
1.9100000000000001,1.7950705287168633,medium_H,有放流,0.47651199999999994
1.915,1.79142532660509,medium_H,有放流,0.47651199999999994
1.92,1.787787666926491,medium_H,有放流,0.47651199999999994
1.925,1.7841575335392863,medium_H,有放流,0.47651199999999994
1.93,1.7805349103352834,medium_H,有放流,0.47651199999999994
1.935,1.7769197812398758,medium_H,有放流,0.47651199999999994
1.94,1.7733121302120443,medium_H,有放流,0.47651199999999994
1.945,1.7697119412443563,medium_H,有放流,0.47651199999999994
1.95,1.7661191983629658,medium_H,有放流,0.47651199999999994
1.955,1.7625338856276145,medium_H,有放流,0.47651199999999994
1.96,1.75895598713163,medium_H,有放流,0.47651199999999994
1.965,1.7553854870019268,medium_H,有放流,0.47651199999999994
1.97,1.751822369399007,medium_H,有放流,0.47651199999999994
1.975,1.7482666185169584,medium_H,有放流,0.47651199999999994
1.98,1.7447182185834569,medium_H,有放流,0.47651199999999994
1.985,1.741177153859764,medium_H,有放流,0.47651199999999994
1.99,1.7376434086407286,medium_H,有放流,0.47651199999999994
1.995,1.7341169672547867,medium_H,有放流,0.47651199999999994
2.0,1.7305978140639606,medium_H,有放流,0.47651199999999994
2.005,1.7270859334638597,medium_H,有放流,0.47651199999999994
2.0100000000000002,1.7235813098836799,medium_H,有放流,0.47651199999999994
2.015,1.7200839277862048,medium_H,有放流,0.47651199999999994
2.02,1.7165937716678037,medium_H,有放流,0.47651199999999994
2.025,1.7131108260584331,medium_H,有放流,0.47651199999999994
2.0300000000000002,1.7096350755216365,medium_H,有放流,0.47651199999999994
2.035,1.7061665046545447,medium_H,有放流,0.47651199999999994
2.04,1.7027050980878744,medium_H,有放流,0.47651199999999994
2.045,1.6992508404859294,medium_H,有放流,0.47651199999999994
2.05,1.6958037165466007,medium_H,有放流,0.47651199999999994
2.055,1.6923637110013654,medium_H,有放流,0.47651199999999994
2.06,1.6889308086152885,medium_H,有放流,0.47651199999999994
2.065,1.6855049941870208,medium_H,有放流,0.47651199999999994
2.07,1.6820862525488005,medium_H,有放流,0.47651199999999994
2.075,1.6786745685664521,medium_H,有放流,0.47651199999999994
2.08,1.6752699271393878,medium_H,有放流,0.47651199999999994
2.085,1.671872313200606,medium_H,有放流,0.47651199999999994
2.09,1.6684817117166917,medium_H,有放流,0.47651199999999994
2.095,1.6650981076878169,medium_H,有放流,0.47651199999999994
2.1,1.6617214861477412,medium_H,有放流,0.47651199999999994
2.105,1.65835183216381,medium_H,有放流,0.47651199999999994
2.11,1.654989130836956,medium_H,有放流,0.47651199999999994
2.115,1.651633367301698,medium_H,有放流,0.47651199999999994
2.12,1.6482845267261435,medium_H,有放流,0.47651199999999994
2.125,1.6449425943119846,medium_H,有放流,0.47651199999999994
2.13,1.6416075552945018,medium_H,有放流,0.47651199999999994
2.1350000000000002,1.638279394942561,medium_H,有放流,0.47651199999999994
2.14,1.6349580985586165,medium_H,有放流,0.47651199999999994
2.145,1.6316436514787085,medium_H,有放流,0.47651199999999994
2.15,1.6283360390724642,medium_H,有放流,0.47651199999999994
2.1550000000000002,1.625035246743097,medium_H,有放流,0.47651199999999994
2.16,1.6217412599274088,medium_H,有放流,0.47651199999999994
2.165,1.6184540640957865,medium_H,有放流,0.47651199999999994
2.17,1.615173644752205,medium_H,有放流,0.47651199999999994
2.1750000000000003,1.6118999874342248,medium_H,有放流,0.47651199999999994
2.18,1.6086330777129951,medium_H,有放流,0.47651199999999994
2.185,1.6053729011932503,medium_H,有放流,0.47651199999999994
2.19,1.6021194435133124,medium_H,有放流,0.47651199999999994
2.195,1.5988726903450896,medium_H,有放流,0.47651199999999994
2.2,1.5956326273940773,medium_H,有放流,0.47651199999999994
2.205,1.592399240399358,medium_H,有放流,0.47651199999999994
2.21,1.589172515133601,medium_H,有放流,0.47651199999999994
2.215,1.5859524374030618,medium_H,有放流,0.47651199999999994
2.22,1.5827389930475828,medium_H,有放流,0.47651199999999994
2.225,1.5795321679405945,medium_H,有放流,0.47651199999999994
2.23,1.5763319479891125,medium_H,有放流,0.47651199999999994
2.235,1.57313831913374,medium_H,有放流,0.47651199999999994
2.24,1.569951267348667,medium_H,有放流,0.47651199999999994
2.245,1.566770778641671,medium_H,有放流,0.47651199999999994
2.25,1.5635968390541148,medium_H,有放流,0.47651199999999994
2.255,1.560429434660949,medium_H,有放流,0.47651199999999994
2.2600000000000002,1.5572685515707112,medium_H,有放流,0.47651199999999994
2.265,1.5541141759255255,medium_H,有放流,0.47651199999999994
2.27,1.5509662939011024,medium_H,有放流,0.47651199999999994
2.275,1.5478248917067403,medium_H,有放流,0.47651199999999994
2.2800000000000002,1.5446899555853228,medium_H,有放流,0.47651199999999994
2.285,1.5415614718133224,medium_H,有放流,0.47651199999999994
2.29,1.5384394267007968,medium_H,有放流,0.47651199999999994
2.295,1.5353238065913912,medium_H,有放流,0.47651199999999994
2.3000000000000003,1.532214597862337,medium_H,有放流,0.47651199999999994
2.305,1.5291117869244535,medium_H,有放流,0.47651199999999994
2.31,1.5260153602221458,medium_H,有放流,0.47651199999999994
2.315,1.5229253042334063,medium_H,有放流,0.47651199999999994
2.32,1.5198416053078019,medium_H,有放流,0.47651199999999994
2.325,1.516764248992721,medium_H,有放流,0.47651199999999994
2.33,1.5136932217781003,medium_H,有放流,0.47651199999999994
2.335,1.5106285103678132,medium_H,有放流,0.47651199999999994
2.34,1.5075701014911684,medium_H,有放流,0.47651199999999994
2.345,1.504517981902909,medium_H,有放流,0.47651199999999994
2.35,1.5014721383832141,medium_H,有放流,0.47651199999999994
2.355,1.498432557737696,medium_H,有放流,0.47651199999999994
2.36,1.4953992267974026,medium_H,有放流,0.47651199999999994
2.365,1.492372132418816,medium_H,有放流,0.47651199999999994
2.37,1.489351261483854,medium_H,有放流,0.47651199999999994
2.375,1.4863366008998686,medium_H,有放流,0.47651199999999994
2.38,1.483328137599646,medium_H,有放流,0.47651199999999994
2.3850000000000002,1.4803258585414083,medium_H,有放流,0.47651199999999994
2.39,1.4773297507088115,medium_H,有放流,0.47651199999999994
2.395,1.4743398011109468,medium_H,有放流,0.47651199999999994
2.4,1.4713559967823397,medium_H,有放流,0.47651199999999994
2.4050000000000002,1.468378324782951,medium_H,有放流,0.47651199999999994
2.41,1.4654067721981758,medium_H,有放流,0.47651199999999994
2.415,1.4624413261388447,medium_H,有放流,0.47651199999999994
2.42,1.459481973741222,medium_H,有放流,0.47651199999999994
2.4250000000000003,1.456528702167007,medium_H,有放流,0.47651199999999994
2.43,1.4535814986033346,medium_H,有放流,0.47651199999999994
2.435,1.450640350262774,medium_H,有放流,0.47651199999999994
2.44,1.4477052443833287,medium_H,有放流,0.47651199999999994
2.445,1.4447761682284377,medium_H,有放流,0.47651199999999994
2.45,1.4418531090869735,medium_H,有放流,0.47651199999999994
2.455,1.4389360542732452,medium_H,有放流,0.47651199999999994
2.46,1.4360249911269953,medium_H,有放流,0.47651199999999994
2.465,1.4331199070134015,medium_H,有放流,0.47651199999999994
2.47,1.430220789323076,medium_H,有放流,0.47651199999999994
2.475,1.4273276254720666,medium_H,有放流,0.47651199999999994
2.48,1.4244404029018545,medium_H,有放流,0.47651199999999994
2.485,1.4215591090793567,medium_H,有放流,0.47651199999999994
2.49,1.4186837314969243,medium_H,有放流,0.47651199999999994
2.495,1.4158142576723443,medium_H,有放流,0.47651199999999994
2.5,1.412950675148837,medium_H,有放流,0.47651199999999994
2.505,1.4100929714950583,medium_H,有放流,0.47651199999999994
2.5100000000000002,1.4072411343050983,medium_H,有放流,0.47651199999999994
2.515,1.404395151198483,medium_H,有放流,0.47651199999999994
2.52,1.401555009820172,medium_H,有放流,0.47651199999999994
2.525,1.39872069784056,medium_H,有放流,0.47651199999999994
2.5300000000000002,1.3958922029554761,medium_H,有放流,0.47651199999999994
2.535,1.3930695128861854,medium_H,有放流,0.47651199999999994
2.54,1.3902526153793866,medium_H,有放流,0.47651199999999994
2.545,1.3874414982072134,medium_H,有放流,0.47651199999999994
2.5500000000000003,1.384636149167234,medium_H,有放流,0.47651199999999994
2.555,1.3818365560824526,medium_H,有放流,0.47651199999999994
2.56,1.3790427068013065,medium_H,有放流,0.47651199999999994
2.565,1.3762545891976687,medium_H,有放流,0.47651199999999994
2.57,1.3734721911708467,medium_H,有放流,0.47651199999999994
2.575,1.370695500645583,medium_H,有放流,0.47651199999999994
2.58,1.3679245055720548,medium_H,有放流,0.47651199999999994
2.585,1.3651591939258738,medium_H,有放流,0.47651199999999994
2.59,1.3623995537080864,medium_H,有放流,0.47651199999999994
2.595,1.3596455729451742,medium_H,有放流,0.47651199999999994
2.6,1.3568972396890533,medium_H,有放流,0.47651199999999994
2.605,1.3541545420170746,medium_H,有放流,0.47651199999999994
2.61,1.351417468032024,medium_H,有放流,0.47651199999999994
2.615,1.348686005862121,medium_H,有放流,0.47651199999999994
2.62,1.3459601436610218,medium_H,有放流,0.47651199999999994
2.625,1.3432398696078158,medium_H,有放流,0.47651199999999994
2.63,1.3405251719070277,medium_H,有放流,0.47651199999999994
2.6350000000000002,1.337816038788617,medium_H,有放流,0.47651199999999994
2.64,1.335112458507978,medium_H,有放流,0.47651199999999994
2.645,1.3324144193459395,medium_H,有放流,0.47651199999999994
2.65,1.3297219096087654,medium_H,有放流,0.47651199999999994
2.6550000000000002,1.3270349176281535,medium_H,有放流,0.47651199999999994
2.66,1.324353431761238,medium_H,有放流,0.47651199999999994
2.665,1.3216774403905864,medium_H,有放流,0.47651199999999994
2.67,1.3190069319242015,medium_H,有放流,0.47651199999999994
2.6750000000000003,1.3163418947955203,medium_H,有放流,0.47651199999999994
2.68,1.313682317463416,medium_H,有放流,0.47651199999999994
2.685,1.311028188412195,medium_H,有放流,0.47651199999999994
2.69,1.3083794961515993,medium_H,有放流,0.47651199999999994
2.695,1.3057362292168053,medium_H,有放流,0.47651199999999994
2.7,1.303098376168424,medium_H,有放流,0.47651199999999994
2.705,1.3004659255925022,medium_H,有放流,0.47651199999999994
2.71,1.2978388661005202,medium_H,有放流,0.47651199999999994
2.715,1.2952171863293938,medium_H,有放流,0.47651199999999994
2.72,1.2926008749414728,medium_H,有放流,0.47651199999999994
2.725,1.2899899206245429,medium_H,有放流,0.47651199999999994
2.73,1.2873843120918238,medium_H,有放流,0.47651199999999994
2.735,1.28478403808197,medium_H,有放流,0.47651199999999994
2.74,1.2821890873590704,medium_H,有放流,0.47651199999999994
2.745,1.2795994487126503,medium_H,有放流,0.47651199999999994
2.75,1.2770151109576675,medium_H,有放流,0.47651199999999994
2.755,1.2744360629345162,medium_H,有放流,0.47651199999999994
2.7600000000000002,1.2718622935090242,medium_H,有放流,0.47651199999999994
2.765,1.2692937915724554,medium_H,有放流,0.47651199999999994
2.77,1.266730546041507,medium_H,有放流,0.47651199999999994
2.775,1.2641725458583124,medium_H,有放流,0.47651199999999994
2.7800000000000002,1.2616197799904383,medium_H,有放流,0.47651199999999994
2.785,1.2590722374308874,medium_H,有放流,0.47651199999999994
2.79,1.2565299071980964,medium_H,有放流,0.47651199999999994
2.795,1.2539927783359373,medium_H,有放流,0.47651199999999994
2.8000000000000003,1.2514608399137157,medium_H,有放流,0.47651199999999994
2.805,1.248934081026174,medium_H,有放流,0.47651199999999994
2.81,1.2464124907934875,medium_H,有放流,0.47651199999999994
2.815,1.2438960583612668,medium_H,有放流,0.47651199999999994
2.82,1.241384772900558,medium_H,有放流,0.47651199999999994
2.825,1.2388786236078406,medium_H,有放流,0.47651199999999994
2.83,1.2363775997050301,medium_H,有放流,0.47651199999999994
2.835,1.2338816904394765,medium_H,有放流,0.47651199999999994
2.84,1.2313908850839637,medium_H,有放流,0.47651199999999994
2.845,1.228905172936711,medium_H,有放流,0.47651199999999994
2.85,1.2264245433213732,medium_H,有放流,0.47651199999999994
2.855,1.2239489855870382,medium_H,有放流,0.47651199999999994
2.86,1.2214784891082304,medium_H,有放流,0.47651199999999994
2.865,1.2190130432849073,medium_H,有放流,0.47651199999999994
2.87,1.2165526375424625,medium_H,有放流,0.47651199999999994
2.875,1.2140972613317236,medium_H,有放流,0.47651199999999994
2.88,1.2116469041289535,medium_H,有放流,0.47651199999999994
2.8850000000000002,1.2092015555275248,medium_H,有放流,0.47651199999999994
2.89,1.2067612052904546,medium_H,有放流,0.47651199999999994
2.895,1.2043258429601726,medium_H,有放流,0.47651199999999994
2.9,1.2018954580880574,medium_H,有放流,0.47651199999999994
2.9050000000000002,1.1994700402483935,medium_H,有放流,0.47651199999999994
2.91,1.197049579038334,medium_H,有放流,0.47651199999999994
2.915,1.1946340640778792,medium_H,有放流,0.47651199999999994
2.92,1.192223485009765,medium_H,有放流,0.47651199999999994
2.9250000000000003,1.1898178314993748,medium_H,有放流,0.47651199999999994
2.93,1.1874170932347399,medium_H,有放流,0.47651199999999994
2.935,1.1850212599265082,medium_H,有放流,0.47651199999999994
2.94,1.1826675934555222,medium_H,有放流,0.47651199999999994
2.945,1.2676947185710836,medium_H,有放流,0.47651199999999994
2.95,1.3525451182883388,medium_H,有放流,0.47651199999999994
2.955,1.4372215607277172,medium_H,有放流,0.47651199999999994
2.96,1.521724095868991,medium_H,有放流,0.47651199999999994
2.965,1.6060527754775515,medium_H,有放流,0.47651199999999994
2.97,1.6902076531028396,medium_H,有放流,0.47651199999999994
2.975,1.7741887840746815,medium_H,有放流,0.47651199999999994
2.98,1.8579962254694926,medium_H,有放流,0.47651199999999994
2.985,1.9416300361092413,medium_H,有放流,0.47651199999999994
2.99,2.0250902765614627,medium_H,有放流,0.47651199999999994
2.995,2.108377009139229,medium_H,有放流,0.47651199999999994
3.0,2.1914902979007693,medium_H,有放流,0.47651199999999994
3.005,2.2744302086070207,medium_H,有放流,0.47651199999999994
3.0100000000000002,2.357196808736048,medium_H,有放流,0.47651199999999994
3.015,2.4397901674724913,medium_H,有放流,0.47651199999999994
3.02,2.522210355682565,medium_H,有放流,0.47651199999999994
3.025,2.6044574459140257,medium_H,有放流,0.47651199999999994
3.0300000000000002,2.686531512396191,medium_H,有放流,0.47651199999999994
3.035,2.768432631039905,medium_H,有放流,0.47651199999999994
3.04,2.850160879432358,medium_H,有放流,0.47651199999999994
3.045,2.9317163367882166,medium_H,有放流,0.47651199999999994
3.0500000000000003,3.013099083968386,medium_H,有放流,0.47651199999999994
3.055,3.0943092034738715,medium_H,有放流,0.47651199999999994
3.06,3.1752327585596274,medium_H,有放流,0.47651199999999994
3.065,3.168680951587923,medium_H,有放流,0.47651199999999994
3.0700000000000003,3.162153438390382,medium_H,有放流,0.47651199999999994
3.075,3.155639812857826,medium_H,有放流,0.47651199999999994
3.08,3.1491400436305503,medium_H,有放流,0.47651199999999994
3.085,3.142654099426294,medium_H,有放流,0.47651199999999994
3.09,3.1361819490402043,medium_H,有放流,0.47651199999999994
3.095,3.1297235613448358,medium_H,有放流,0.47651199999999994
3.1,3.1232789052901553,medium_H,有放流,0.47651199999999994
3.105,3.1168479499035353,medium_H,有放流,0.47651199999999994
3.11,3.1104306642897597,medium_H,有放流,0.47651199999999994
3.115,3.104027017631019,medium_H,有放流,0.47651199999999994
3.12,3.0976369784090987,medium_H,有放流,0.47651199999999994
3.125,3.0912605137036557,medium_H,有放流,0.47651199999999994
3.13,3.0848975930433964,medium_H,有放流,0.47651199999999994
3.1350000000000002,3.078548186195293,medium_H,有放流,0.47651199999999994
3.14,3.072212262990493,medium_H,有放流,0.47651199999999994
3.145,3.065889793324315,medium_H,有放流,0.47651199999999994
3.15,3.0595807471562533,medium_H,有放流,0.47651199999999994
3.1550000000000002,3.053285094509974,medium_H,有放流,0.47651199999999994
3.16,3.047002805473318,medium_H,有放流,0.47651199999999994
3.165,3.0407338501982983,medium_H,有放流,0.47651199999999994
3.17,3.0344781989011027,medium_H,有放流,0.47651199999999994
3.1750000000000003,3.028235821862091,medium_H,有放流,0.47651199999999994
3.18,3.022006689425798,medium_H,有放流,0.47651199999999994
3.185,3.0157907720009307,medium_H,有放流,0.47651199999999994
3.19,3.00958804006037,medium_H,有放流,0.47651199999999994
3.1950000000000003,3.0033984641411697,medium_H,有放流,0.47651199999999994
3.2,2.9972220148445583,medium_H,有放流,0.47651199999999994
3.205,2.991058662835937,medium_H,有放流,0.47651199999999994
3.21,2.9849083788448807,medium_H,有放流,0.47651199999999994
3.215,2.978771133665137,medium_H,有放流,0.47651199999999994
3.22,2.9726468981546263,medium_H,有放流,0.47651199999999994
3.225,2.9665356432354457,medium_H,有放流,0.47651199999999994
3.23,2.9604373398938626,medium_H,有放流,0.47651199999999994
3.235,2.954351959180319,medium_H,有放流,0.47651199999999994
3.24,2.94827947220943,medium_H,有放流,0.47651199999999994
3.245,2.9422198501599848,medium_H,有放流,0.47651199999999994
3.25,2.9361730642749455,medium_H,有放流,0.47651199999999994
3.255,2.930139085861448,medium_H,有放流,0.47651199999999994
3.2600000000000002,2.9241178862907997,medium_H,有放流,0.47651199999999994
3.265,2.9181094369984852,medium_H,有放流,0.47651199999999994
3.27,2.9121137094841596,medium_H,有放流,0.47651199999999994
3.275,2.906130675311653,medium_H,有放流,0.47651199999999994
3.2800000000000002,2.9001603061089662,medium_H,有放流,0.47651199999999994
3.285,2.894202573568278,medium_H,有放流,0.47651199999999994
3.29,2.8882574494459377,medium_H,有放流,0.47651199999999994
3.295,2.8823249055624673,medium_H,有放流,0.47651199999999994
3.3000000000000003,2.8764049138025634,medium_H,有放流,0.47651199999999994
3.305,2.8704974461150976,medium_H,有放流,0.47651199999999994
3.31,2.8646024745131125,medium_H,有放流,0.47651199999999994
3.315,2.858719971073825,medium_H,有放流,0.47651199999999994
3.3200000000000003,2.852849907938625,medium_H,有放流,0.47651199999999994
3.325,2.8469922573130777,medium_H,有放流,0.47651199999999994
3.33,2.84114699146692,medium_H,有放流,0.47651199999999994
3.335,2.835314082734062,medium_H,有放流,0.47651199999999994
3.34,2.8294935035125883,medium_H,有放流,0.47651199999999994
3.345,2.8236852262647556,medium_H,有放流,0.47651199999999994
3.35,2.8178892235169966,medium_H,有放流,0.47651199999999994
3.355,2.812105467859915,medium_H,有放流,0.47651199999999994
3.36,2.8063339319482887,medium_H,有放流,0.47651199999999994
3.365,2.8005745885010684,medium_H,有放流,0.47651199999999994
3.37,2.7948274103013806,medium_H,有放流,0.47651199999999994
3.375,2.7890923701965225,medium_H,有放流,0.47651199999999994
3.38,2.783369441097966,medium_H,有放流,0.47651199999999994
3.3850000000000002,2.777658595981356,medium_H,有放流,0.47651199999999994
3.39,2.7719598078865118,medium_H,有放流,0.47651199999999994
3.395,2.766273049917425,medium_H,有放流,0.47651199999999994
3.4,2.760598295242261,medium_H,有放流,0.47651199999999994
3.4050000000000002,2.754935517093359,medium_H,有放流,0.47651199999999994
3.41,2.749284688767231,medium_H,有放流,0.47651199999999994
3.415,2.743645783624564,medium_H,有放流,0.47651199999999994
3.42,2.7380187750902154,medium_H,有放流,0.47651199999999994
3.4250000000000003,2.732403636653219,medium_H,有放流,0.47651199999999994
3.43,2.7268003418667814,medium_H,有放流,0.47651199999999994
3.435,2.7212088643482817,medium_H,有放流,0.47651199999999994
3.44,2.715629177779273,medium_H,有放流,0.47651199999999994
3.4450000000000003,2.710061255905481,medium_H,有放流,0.47651199999999994
3.45,2.704505072536807,medium_H,有放流,0.47651199999999994
3.455,2.6989606015473235,medium_H,有放流,0.47651199999999994
3.46,2.693427816875278,medium_H,有放流,0.47651199999999994
3.465,2.68790669252309,medium_H,有放流,0.47651199999999994
3.47,2.682397202557353,medium_H,有放流,0.47651199999999994
3.475,2.6768993211088357,medium_H,有放流,0.47651199999999994
3.48,2.671413022372477,medium_H,有放流,0.47651199999999994
3.485,2.665938280607392,medium_H,有放流,0.47651199999999994
3.49,2.6604750701368673,medium_H,有放流,0.47651199999999994
3.495,2.655023365348365,medium_H,有放流,0.47651199999999994
3.5,2.6495831406935184,medium_H,有放流,0.47651199999999994
3.505,2.644154370688136,medium_H,有放流,0.47651199999999994
3.5100000000000002,2.6387370299121984,medium_H,有放流,0.47651199999999994
3.515,2.633331093009861,medium_H,有放流,0.47651199999999994
3.52,2.6279365346894514,medium_H,有放流,0.47651199999999994
3.525,2.6225533297234715,medium_H,有放流,0.47651199999999994
3.5300000000000002,2.617181452948596,medium_H,有放流,0.47651199999999994
3.535,2.6118208792656743,medium_H,有放流,0.47651199999999994
3.54,2.6064715836397268,medium_H,有放流,0.47651199999999994
3.545,2.6011335410999505,medium_H,有放流,0.47651199999999994
3.5500000000000003,2.5958067267397125,medium_H,有放流,0.47651199999999994
3.555,2.590491115716556,medium_H,有放流,0.47651199999999994
3.56,2.5851866832521972,medium_H,有放流,0.47651199999999994
3.565,2.5798934046325246,medium_H,有放流,0.47651199999999994
3.5700000000000003,2.5746112552076004,medium_H,有放流,0.47651199999999994
3.575,2.5693402103916614,medium_H,有放流,0.47651199999999994
3.58,2.564080245663116,medium_H,有放流,0.47651199999999994
3.585,2.5588313365645488,medium_H,有放流,0.47651199999999994
3.59,2.553593458702715,medium_H,有放流,0.47651199999999994
3.595,2.5483665877485437,medium_H,有放流,0.47651199999999994
3.6,2.5431506994371396,medium_H,有放流,0.47651199999999994
3.605,2.537945769567779,medium_H,有放流,0.47651199999999994
3.61,2.5327517740039114,medium_H,有放流,0.47651199999999994
3.615,2.5275686886731608,medium_H,有放流,0.47651199999999994
3.62,2.522396489567324,medium_H,有放流,0.47651199999999994
3.625,2.5172351527423724,medium_H,有放流,0.47651199999999994
3.63,2.512084653263025,medium_H,有放流,0.47651199999999994
3.6350000000000002,2.506944965541986,medium_H,有放流,0.47651199999999994
3.64,2.5018160659582223,medium_H,有放流,0.47651199999999994
3.645,2.4966979309753676,medium_H,有放流,0.47651199999999994
3.65,2.4915905371048352,medium_H,有放流,0.47651199999999994
3.6550000000000002,2.4864938609058136,medium_H,有放流,0.47651199999999994
3.66,2.48140787898527,medium_H,有放流,0.47651199999999994
3.665,2.476332567997948,medium_H,有放流,0.47651199999999994
3.67,2.4712679046463686,medium_H,有放流,0.47651199999999994
3.6750000000000003,2.4662138656808295,medium_H,有放流,0.47651199999999994
3.68,2.461170427899407,medium_H,有放流,0.47651199999999994
3.685,2.4561375681479536,medium_H,有放流,0.47651199999999994
3.69,2.4511152633200997,medium_H,有放流,0.47651199999999994
3.6950000000000003,2.446103490357251,medium_H,有放流,0.47651199999999994
3.7,2.441102226248594,medium_H,有放流,0.47651199999999994
3.705,2.4361114480310895,medium_H,有放流,0.47651199999999994
3.71,2.431131132789476,medium_H,有放流,0.47651199999999994
3.715,2.42616125765627,medium_H,有放流,0.47651199999999994
3.72,2.421201799811765,medium_H,有放流,0.47651199999999994
3.725,2.4162527364840316,medium_H,有放流,0.47651199999999994
3.73,2.411314044948918,medium_H,有放流,0.47651199999999994
3.735,2.406385702530049,medium_H,有放流,0.47651199999999994
3.74,2.401467686598826,medium_H,有放流,0.47651199999999994
3.745,2.3965599745744304,medium_H,有放流,0.47651199999999994
3.75,2.3916625439238177,medium_H,有放流,0.47651199999999994
3.755,2.386775372161723,medium_H,有放流,0.47651199999999994
3.7600000000000002,2.3818984368506557,medium_H,有放流,0.47651199999999994
3.765,2.377031715600906,medium_H,有放流,0.47651199999999994
3.77,2.3721751860705402,medium_H,有放流,0.47651199999999994
3.775,2.3673288259653997,medium_H,有放流,0.47651199999999994
3.7800000000000002,2.362492613039105,medium_H,有放流,0.47651199999999994
3.785,2.3576665250930544,medium_H,有放流,0.47651199999999994
3.79,2.352850539976422,medium_H,有放流,0.47651199999999994
3.795,2.34804463558616,medium_H,有放流,0.47651199999999994
3.8000000000000003,2.343248789866997,medium_H,有放流,0.47651199999999994
3.805,2.3384629808114403,medium_H,有放流,0.47651199999999994
3.81,2.3336871864597732,medium_H,有放流,0.47651199999999994
3.815,2.3289213849000565,medium_H,有放流,0.47651199999999994
3.8200000000000003,2.324165554268128,medium_H,有放流,0.47651199999999994
3.825,2.3194196727476037,medium_H,有放流,0.47651199999999994
3.83,2.3146837185698756,medium_H,有放流,0.47651199999999994
3.835,2.3099576700141142,medium_H,有放流,0.47651199999999994
3.84,2.3052415054072664,medium_H,有放流,0.47651199999999994
3.845,2.3005352031240554,medium_H,有放流,0.47651199999999994
3.85,2.295838741586984,medium_H,有放流,0.47651199999999994
3.855,2.2911520992663306,medium_H,有放流,0.47651199999999994
3.86,2.2864752546801514,medium_H,有放流,0.47651199999999994
3.865,2.2818081863942794,medium_H,有放流,0.47651199999999994
3.87,2.277150873022325,medium_H,有放流,0.47651199999999994
3.875,2.272503293225676,medium_H,有放流,0.47651199999999994
3.88,2.267865425713498,medium_H,有放流,0.47651199999999994
3.8850000000000002,2.2632372492427315,medium_H,有放流,0.47651199999999994
3.89,2.2586187426180975,medium_H,有放流,0.47651199999999994
3.895,2.2540098846920924,medium_H,有放流,0.47651199999999994
3.9,2.24941065436499,medium_H,有放流,0.47651199999999994
3.9050000000000002,2.2448210305848404,medium_H,有放流,0.47651199999999994
3.91,2.2402409923474735,medium_H,有放流,0.47651199999999994
3.915,2.2356705186964945,medium_H,有放流,0.47651199999999994
3.92,2.231109588723286,medium_H,有放流,0.47651199999999994
3.9250000000000003,2.2265581815670075,medium_H,有放流,0.47651199999999994
3.93,2.2220162764145974,medium_H,有放流,0.47651199999999994
3.935,2.2174838525007696,medium_H,有放流,0.47651199999999994
3.94,2.2129608891080164,medium_H,有放流,0.47651199999999994
3.9450000000000003,2.208447365566606,medium_H,有放流,0.47651199999999994
3.95,2.2039432612545853,medium_H,有放流,0.47651199999999994
3.955,2.199448555597778,medium_H,有放流,0.47651199999999994
3.96,2.194963228069784,medium_H,有放流,0.47651199999999994
3.9650000000000003,2.1904872581919816,medium_H,有放流,0.47651199999999994
3.97,2.1860206255335264,medium_H,有放流,0.47651199999999994
3.975,2.1815633097113505,medium_H,有放流,0.47651199999999994
3.98,2.177115290390164,medium_H,有放流,0.47651199999999994
3.985,2.172676547282453,medium_H,有放流,0.47651199999999994
3.99,2.168247060148482,medium_H,有放流,0.47651199999999994
3.995,2.1638268087962924,medium_H,有放流,0.47651199999999994
4.0,2.1594157730817036,medium_H,有放流,0.47651199999999994
4.005,2.15501393290831,medium_H,有放流,0.47651199999999994
4.01,2.150621268227486,medium_H,有放流,0.47651199999999994
4.015,2.146237759038381,medium_H,有放流,0.47651199999999994
4.0200000000000005,2.1418633853879223,medium_H,有放流,0.47651199999999994
4.025,2.137498127370816,medium_H,有放流,0.47651199999999994
4.03,2.1331419651295436,medium_H,有放流,0.47651199999999994
4.035,2.1287948788543645,medium_H,有放流,0.47651199999999994
4.04,2.124456848783314,medium_H,有放流,0.47651199999999994
4.045,2.120127855202208,medium_H,有放流,0.47651199999999994
4.05,2.1158078784446355,medium_H,有放流,0.47651199999999994
4.055,2.111496898891965,medium_H,有放流,0.47651199999999994
4.0600000000000005,2.1071948969733425,medium_H,有放流,0.47651199999999994
4.065,2.102901853165691,medium_H,有放流,0.47651199999999994
4.07,2.09861774799371,medium_H,有放流,0.47651199999999994
4.075,2.094342562029877,medium_H,有放流,0.47651199999999994
4.08,2.090076275894446,medium_H,有放流,0.47651199999999994
4.085,2.0858188702554483,medium_H,有放流,0.47651199999999994
4.09,2.081570325828693,medium_H,有放流,0.47651199999999994
4.095,2.077330623377767,medium_H,有放流,0.47651199999999994
4.1,2.0730997437140326,medium_H,有放流,0.47651199999999994
4.105,2.0688776676966305,medium_H,有放流,0.47651199999999994
4.11,2.064664376232479,medium_H,有放流,0.47651199999999994
4.115,2.060459850276273,medium_H,有放流,0.47651199999999994
4.12,2.056264070830485,medium_H,有放流,0.47651199999999994
4.125,2.0520770189453645,medium_H,有放流,0.47651199999999994
4.13,2.0478986757189377,medium_H,有放流,0.47651199999999994
4.135,2.0437290222970086,medium_H,有放流,0.47651199999999994
4.14,2.039568039873159,medium_H,有放流,0.47651199999999994
4.1450000000000005,2.0354157096887464,medium_H,有放流,0.47651199999999994
4.15,2.0312720130329076,medium_H,有放流,0.47651199999999994
4.155,2.027136931242555,medium_H,有放流,0.47651199999999994
4.16,2.023010445702379,medium_H,有放流,0.47651199999999994
4.165,2.0188925378448475,medium_H,有放流,0.47651199999999994
4.17,2.014783189150204,medium_H,有放流,0.47651199999999994
4.175,2.010682381146471,medium_H,有放流,0.47651199999999994
4.18,2.006590095409447,medium_H,有放流,0.47651199999999994
4.1850000000000005,2.0025063125728377,medium_H,有放流,0.47651199999999994
4.19,1.9984310133874164,medium_H,有放流,0.47651199999999994
4.195,1.994364179696958,medium_H,有放流,0.47651199999999994
4.2,1.9903057933809987,medium_H,有放流,0.47651199999999994
4.205,1.9862558363548106,medium_H,有放流,0.47651199999999994
4.21,1.9822142905694025,medium_H,有放流,0.47651199999999994
4.215,1.9781811380115188,medium_H,有放流,0.47651199999999994
4.22,1.974156360703641,medium_H,有放流,0.47651199999999994
4.225,1.9701399407039866,medium_H,有放流,0.47651199999999994
4.23,1.9661318601065085,medium_H,有放流,0.47651199999999994
4.235,1.9621321010408983,medium_H,有放流,0.47651199999999994
4.24,1.9581406456725816,medium_H,有放流,0.47651199999999994
4.245,1.9541574762027212,medium_H,有放流,0.47651199999999994
4.25,1.9501825748682162,medium_H,有放流,0.47651199999999994
4.255,1.9462159239417018,medium_H,有放流,0.47651199999999994
4.26,1.9422575057315496,medium_H,有放流,0.47651199999999994
4.265,1.9383073025818678,medium_H,有放流,0.47651199999999994
4.2700000000000005,1.9343652968724996,medium_H,有放流,0.47651199999999994
4.275,1.9304314710190273,medium_H,有放流,0.47651199999999994
4.28,1.926505807472767,medium_H,有放流,0.47651199999999994
4.285,1.9225882887207717,medium_H,有放流,0.47651199999999994
4.29,1.9186788972858313,medium_H,有放流,0.47651199999999994
4.295,1.914777615726471,medium_H,有放流,0.47651199999999994
4.3,1.9108844266369538,medium_H,有放流,0.47651199999999994
4.305,1.9069993126472773,medium_H,有放流,0.47651199999999994
4.3100000000000005,1.903122256423176,medium_H,有放流,0.47651199999999994
4.315,1.8992532406661222,medium_H,有放流,0.47651199999999994
4.32,1.8953922481133225,medium_H,有放流,0.47651199999999994
4.325,1.891539261537721,medium_H,有放流,0.47651199999999994
4.33,1.887694263747997,medium_H,有放流,0.47651199999999994
4.335,1.8838572375885674,medium_H,有放流,0.47651199999999994
4.34,1.8800281659395843,medium_H,有放流,0.47651199999999994
4.345,1.876207031716937,medium_H,有放流,0.47651199999999994
4.3500000000000005,1.8723938178722501,medium_H,有放流,0.47651199999999994
4.355,1.8685885073928863,medium_H,有放流,0.47651199999999994
4.36,1.8647910833019425,medium_H,有放流,0.47651199999999994
4.365,1.8610015286582535,medium_H,有放流,0.47651199999999994
4.37,1.8572198265563893,medium_H,有放流,0.47651199999999994
4.375,1.8534459601266566,medium_H,有放流,0.47651199999999994
4.38,1.8496799125350991,medium_H,有放流,0.47651199999999994
4.385,1.8459216669834955,medium_H,有放流,0.47651199999999994
4.39,1.8421712067093619,medium_H,有放流,0.47651199999999994
4.3950000000000005,1.8384285149859494,medium_H,有放流,0.47651199999999994
4.4,1.8346935751222477,medium_H,有放流,0.47651199999999994
4.405,1.8309663704629813,medium_H,有放流,0.47651199999999994
4.41,1.8272468843886103,medium_H,有放流,0.47651199999999994
4.415,1.8235351003153326,medium_H,有放流,0.47651199999999994
4.42,1.8198310016950814,medium_H,有放流,0.47651199999999994
4.425,1.8161345720155269,medium_H,有放流,0.47651199999999994
4.43,1.812445794800075,medium_H,有放流,0.47651199999999994
4.4350000000000005,1.8087646536078679,medium_H,有放流,0.47651199999999994
4.44,1.8050911320337852,medium_H,有放流,0.47651199999999994
4.445,1.8014252137084417,medium_H,有放流,0.47651199999999994
4.45,1.797766882298189,medium_H,有放流,0.47651199999999994
4.455,1.7941161215051142,medium_H,有放流,0.47651199999999994
4.46,1.790472915067042,medium_H,有放流,0.47651199999999994
4.465,1.7868372467575326,medium_H,有放流,0.47651199999999994
4.47,1.7832091003858825,medium_H,有放流,0.47651199999999994
4.4750000000000005,1.7795884597971243,medium_H,有放流,0.47651199999999994
4.48,1.7759753088720283,medium_H,有放流,0.47651199999999994
4.485,1.7723696315270994,medium_H,有放流,0.47651199999999994
4.49,1.7687714117145799,medium_H,有放流,0.47651199999999994
4.495,1.7651806334224478,medium_H,有放流,0.47651199999999994
4.5,1.7615972806744176,medium_H,有放流,0.47651199999999994
4.505,1.75802133752994,medium_H,有放流,0.47651199999999994
4.51,1.7544527880842025,medium_H,有放流,0.47651199999999994
4.515,1.7508916164681283,medium_H,有放流,0.47651199999999994
4.5200000000000005,1.747337806848377,medium_H,有放流,0.47651199999999994
4.525,1.743791343427345,medium_H,有放流,0.47651199999999994
4.53,1.740252210443165,medium_H,有放流,0.47651199999999994
4.535,1.7367203921697052,medium_H,有放流,0.47651199999999994
4.54,1.7331958729165708,medium_H,有放流,0.47651199999999994
4.545,1.7296786370291033,medium_H,有放流,0.47651199999999994
4.55,1.7261686688883797,medium_H,有放流,0.47651199999999994
4.555,1.7226659529112147,medium_H,有放流,0.47651199999999994
4.5600000000000005,1.7191704735501574,medium_H,有放流,0.47651199999999994
4.565,1.715682215293496,medium_H,有放流,0.47651199999999994
4.57,1.7122011626652522,medium_H,有放流,0.47651199999999994
4.575,1.7087273002251857,medium_H,有放流,0.47651199999999994
4.58,1.7052606125687921,medium_H,有放流,0.47651199999999994
4.585,1.7018010843273026,medium_H,有放流,0.47651199999999994
4.59,1.6983487001676858,medium_H,有放流,0.47651199999999994
4.595,1.6949034447926459,medium_H,有放流,0.47651199999999994
4.6000000000000005,1.6914653029406228,medium_H,有放流,0.47651199999999994
4.605,1.6880342593857955,medium_H,有放流,0.47651199999999994
4.61,1.6846102989380762,medium_H,有放流,0.47651199999999994
4.615,1.6811934064431147,medium_H,有放流,0.47651199999999994
4.62,1.6777835667822967,medium_H,有放流,0.47651199999999994
4.625,1.674380764872745,medium_H,有放流,0.47651199999999994
4.63,1.6709849856673178,medium_H,有放流,0.47651199999999994
4.635,1.66759621415461,medium_H,有放流,0.47651199999999994
4.64,1.6642144353589532,medium_H,有放流,0.47651199999999994
4.6450000000000005,1.660839634340414,medium_H,有放流,0.47651199999999994
4.65,1.6574717961947973,medium_H,有放流,0.47651199999999994
4.655,1.6541109060536432,medium_H,有放流,0.47651199999999994
4.66,1.6507569490842275,medium_H,有放流,0.47651199999999994
4.665,1.6474099104895634,medium_H,有放流,0.47651199999999994
4.67,1.6440697755084,medium_H,有放流,0.47651199999999994
4.675,1.6407365294152223,medium_H,有放流,0.47651199999999994
4.68,1.6374101575202524,medium_H,有放流,0.47651199999999994
4.6850000000000005,1.6340906451694477,medium_H,有放流,0.47651199999999994
4.69,1.6307779777445033,medium_H,有放流,0.47651199999999994
4.695,1.6274721406628496,medium_H,有放流,0.47651199999999994
4.7,1.6241731193776534,medium_H,有放流,0.47651199999999994
4.705,1.620880899377818,medium_H,有放流,0.47651199999999994
4.71,1.617595466187983,medium_H,有放流,0.47651199999999994
4.715,1.6143168053685242,medium_H,有放流,0.47651199999999994
4.72,1.6110449025155538,medium_H,有放流,0.47651199999999994
4.7250000000000005,1.6077797432609198,medium_H,有放流,0.47651199999999994
4.73,1.6045213132722078,medium_H,有放流,0.47651199999999994
4.735,1.6012695982527387,medium_H,有放流,0.47651199999999994
4.74,1.598024583885396,medium_H,有放流,0.47651199999999994
4.745,1.5947862549360656,medium_H,有放流,0.47651199999999994
4.75,1.5915545969215266,medium_H,有放流,0.47651199999999994
4.755,1.5883295957858334,medium_H,有放流,0.47651199999999994
4.76,1.585111237500048,medium_H,有放流,0.47651199999999994
4.765,1.5818995080622387,medium_H,有放流,0.47651199999999994
4.7700000000000005,1.5786943934974809,medium_H,有放流,0.47651199999999994
4.775,1.5754958798578587,medium_H,有放流,0.47651199999999994
4.78,1.572303953222461,medium_H,有放流,0.47651199999999994
4.785,1.5691185996973855,medium_H,有放流,0.47651199999999994
4.79,1.5659398054157359,medium_H,有放流,0.47651199999999994
4.795,1.5627675565376233,medium_H,有放流,0.47651199999999994
4.8,1.559601839250166,medium_H,有放流,0.47651199999999994
4.805,1.5564426397674898,medium_H,有放流,0.47651199999999994
4.8100000000000005,1.553289944330726,medium_H,有放流,0.47651199999999994
4.815,1.5501437392080155,medium_H,有放流,0.47651199999999994
4.82,1.5470040106945042,medium_H,有放流,0.47651199999999994
4.825,1.543870745112346,medium_H,有放流,0.47651199999999994
4.83,1.5407439288107012,medium_H,有放流,0.47651199999999994
4.835,1.537623548165738,medium_H,有放流,0.47651199999999994
4.84,1.5345095895806313,medium_H,有放流,0.47651199999999994
4.845,1.531402039485563,medium_H,有放流,0.47651199999999994
4.8500000000000005,1.5283008843377217,medium_H,有放流,0.47651199999999994
4.855,1.5252061106213044,medium_H,有放流,0.47651199999999994
4.86,1.5221177048475139,medium_H,有放流,0.47651199999999994
4.865,1.5190356535545606,medium_H,有放流,0.47651199999999994
4.87,1.5159599433076618,medium_H,有放流,0.47651199999999994
4.875,1.5128905606990422,medium_H,有放流,0.47651199999999994
4.88,1.5098274923479331,medium_H,有放流,0.47651199999999994
4.885,1.506770724900573,medium_H,有放流,0.47651199999999994
4.89,1.503720245030208,medium_H,有放流,0.47651199999999994
4.8950000000000005,1.5006760394370902,medium_H,有放流,0.47651199999999994
4.9,1.4976380948484804,medium_H,有放流,0.47651199999999994
4.905,1.4946063980186453,medium_H,有放流,0.47651199999999994
4.91,1.4915809357288587,medium_H,有放流,0.47651199999999994
4.915,1.4885616947874019,medium_H,有放流,0.47651199999999994
4.92,1.4855486620295628,medium_H,有放流,0.47651199999999994
4.925,1.482541824317637,medium_H,有放流,0.47651199999999994
4.93,1.4795411685409265,medium_H,有放流,0.47651199999999994
4.9350000000000005,1.4765466816157407,medium_H,有放流,0.47651199999999994
4.94,1.4735583504853966,medium_H,有放流,0.47651199999999994
4.945,1.4705761621202178,medium_H,有放流,0.47651199999999994
4.95,1.4676001035175346,medium_H,有放流,0.47651199999999994
4.955,1.464630161701685,medium_H,有放流,0.47651199999999994
4.96,1.461666323724014,medium_H,有放流,0.47651199999999994
4.965,1.458708576662873,medium_H,有放流,0.47651199999999994
4.97,1.4557569076236212,medium_H,有放流,0.47651199999999994
4.9750000000000005,1.4528113037386245,medium_H,有放流,0.47651199999999994
4.98,1.4498717521672568,medium_H,有放流,0.47651199999999994
4.985,1.4469382400958977,medium_H,有放流,0.47651199999999994
4.99,1.4440107547379348,medium_H,有放流,0.47651199999999994
4.995,1.4410892833337625,medium_H,有放流,0.47651199999999994
5.0,1.4381738131507822,medium_H,有放流,0.47651199999999994
5.005,1.4352643314834022,medium_H,有放流,0.47651199999999994
5.01,1.4323608256530387,medium_H,有放流,0.47651199999999994
5.015,1.429463283008114,medium_H,有放流,0.47651199999999994
5.0200000000000005,1.4265716909240576,medium_H,有放流,0.47651199999999994
5.025,1.423686036803307,medium_H,有放流,0.47651199999999994
5.03,1.4208063080753064,medium_H,有放流,0.47651199999999994
5.035,1.4179324921965062,medium_H,有放流,0.47651199999999994
5.04,1.415064576650365,medium_H,有放流,0.47651199999999994
5.045,1.4122025489473478,medium_H,有放流,0.47651199999999994
5.05,1.4093463966249267,medium_H,有放流,0.47651199999999994
5.055,1.4064961072475812,medium_H,有放流,0.47651199999999994
5.0600000000000005,1.4036516684067974,medium_H,有放流,0.47651199999999994
5.065,1.40081306772107,medium_H,有放流,0.47651199999999994
5.07,1.3979802928358984,medium_H,有放流,0.47651199999999994
5.075,1.3951533314237912,medium_H,有放流,0.47651199999999994
5.08,1.3923321711842624,medium_H,有放流,0.47651199999999994
5.085,1.3895167998438342,medium_H,有放流,0.47651199999999994
5.09,1.3867072051560356,medium_H,有放流,0.47651199999999994
5.095,1.3839033749014025,medium_H,有放流,0.47651199999999994
5.1000000000000005,1.3811052968874775,medium_H,有放流,0.47651199999999994
5.105,1.378312958948812,medium_H,有放流,0.47651199999999994
5.11,1.3755263489469625,medium_H,有放流,0.47651199999999994
5.115,1.3727454547704931,medium_H,有放流,0.47651199999999994
5.12,1.3699702643349758,medium_H,有放流,0.47651199999999994
5.125,1.3672007655829888,medium_H,有放流,0.47651199999999994
5.13,1.3644369464841177,medium_H,有放流,0.47651199999999994
5.135,1.3616787950349551,medium_H,有放流,0.47651199999999994
5.14,1.358926299259101,medium_H,有放流,0.47651199999999994
5.1450000000000005,1.3561794472071613,medium_H,有放流,0.47651199999999994
5.15,1.3534382269567513,medium_H,有放流,0.47651199999999994
5.155,1.350702626612491,medium_H,有放流,0.47651199999999994
5.16,1.3479726343060092,medium_H,有放流,0.47651199999999994
5.165,1.3452482381959405,medium_H,有放流,0.47651199999999994
5.17,1.342529426467927,medium_H,有放流,0.47651199999999994
5.175,1.3398161873346186,medium_H,有放流,0.47651199999999994
5.18,1.3371085090356711,medium_H,有放流,0.47651199999999994
5.1850000000000005,1.334406379837748,medium_H,有放流,0.47651199999999994
5.19,1.3317097880345203,medium_H,有放流,0.47651199999999994
5.195,1.3290187219466656,medium_H,有放流,0.47651199999999994
5.2,1.3263331699218683,medium_H,有放流,0.47651199999999994
5.205,1.3236531203348203,medium_H,有放流,0.47651199999999994
5.21,1.3209785615872205,medium_H,有放流,0.47651199999999994
5.215,1.3183094821077748,medium_H,有放流,0.47651199999999994
5.22,1.315645870352196,medium_H,有放流,0.47651199999999994
5.2250000000000005,1.3129877148032043,medium_H,有放流,0.47651199999999994
5.23,1.3103350039705273,medium_H,有放流,0.47651199999999994
5.235,1.307687726390899,medium_H,有放流,0.47651199999999994
5.24,1.305045870628061,medium_H,有放流,0.47651199999999994
5.245,1.3024094252727614,medium_H,有放流,0.47651199999999994
5.25,1.2997783789427557,medium_H,有放流,0.47651199999999994
5.255,1.2971527202828068,medium_H,有放流,0.47651199999999994
5.26,1.2945324379646843,medium_H,有放流,0.47651199999999994
5.265,1.2919175206871647,medium_H,有放流,0.47651199999999994
5.2700000000000005,1.2893079571760313,medium_H,有放流,0.47651199999999994
5.275,1.2867037361840765,medium_H,有放流,0.47651199999999994
5.28,1.2841048464910974,medium_H,有放流,0.47651199999999994
5.285,1.281511276903899,medium_H,有放流,0.47651199999999994
5.29,1.278923016256294,medium_H,有放流,0.47651199999999994
5.295,1.276340053409101,medium_H,有放流,0.47651199999999994
5.3,1.2737623772501465,medium_H,有放流,0.47651199999999994
5.305,1.271189976443515,medium_H,有放流,0.47651199999999994
5.3100000000000005,1.2686228391946763,medium_H,有放流,0.47651199999999994
5.315,1.2660609544979835,medium_H,有放流,0.47651199999999994
5.32,1.2635043114251596,medium_H,有放流,0.47651199999999994
5.325,1.2609528990685157,medium_H,有放流,0.47651199999999994
5.33,1.2584067065409514,medium_H,有放流,0.47651199999999994
5.335,1.2558657229759536,medium_H,有放流,0.47651199999999994
5.34,1.2533299375275968,medium_H,有放流,0.47651199999999994
5.345,1.2507993393705439,medium_H,有放流,0.47651199999999994
5.3500000000000005,1.248273917700045,medium_H,有放流,0.47651199999999994
5.355,1.2457536617319398,medium_H,有放流,0.47651199999999994
5.36,1.2432385607026535,medium_H,有放流,0.47651199999999994
5.365,1.2407286038692005,medium_H,有放流,0.47651199999999994
5.37,1.238223780509183,medium_H,有放流,0.47651199999999994
5.375,1.2357240799207903,medium_H,有放流,0.47651199999999994
5.38,1.2332294914228004,medium_H,有放流,0.47651199999999994
5.385,1.2307400043545789,medium_H,有放流,0.47651199999999994
5.39,1.228255608076079,medium_H,有放流,0.47651199999999994
5.3950000000000005,1.2257762919678414,medium_H,有放流,0.47651199999999994
5.4,1.2233020454309962,medium_H,有放流,0.47651199999999994
5.405,1.22083285788726,medium_H,有放流,0.47651199999999994
5.41,1.2183687187789374,medium_H,有放流,0.47651199999999994
5.415,1.215909617568921,medium_H,有放流,0.47651199999999994
5.42,1.2134555437406915,medium_H,有放流,0.47651199999999994
5.425,1.211006486798317,medium_H,有放流,0.47651199999999994
5.43,1.208562436266454,medium_H,有放流,0.47651199999999994
5.4350000000000005,1.2061233816903456,medium_H,有放流,0.47651199999999994
5.44,1.203689312635825,medium_H,有放流,0.47651199999999994
5.445,1.2012602186893113,medium_H,有放流,0.47651199999999994
5.45,1.1988360894578123,medium_H,有放流,0.47651199999999994
5.455,1.196416914568923,medium_H,有放流,0.47651199999999994
5.46,1.194002683670827,medium_H,有放流,0.47651199999999994
5.465,1.1915933864322956,medium_H,有放流,0.47651199999999994
5.47,1.1891890125426876,medium_H,有放流,0.47651199999999994
5.4750000000000005,1.1867895517119493,medium_H,有放流,0.47651199999999994
5.48,1.1843949936706166,medium_H,有放流,0.47651199999999994
5.485,1.1820053281698113,medium_H,有放流,0.47651199999999994
5.49,1.179620544981244,medium_H,有放流,0.47651199999999994
5.495,1.1772406338972128,medium_H,有放流,0.47651199999999994
5.5,1.1748655847306038,medium_H,有放流,0.47651199999999994
5.505,1.1724953873148911,medium_H,有放流,0.47651199999999994
5.51,1.1701300315041365,medium_H,有放流,0.47651199999999994
5.515,1.1677695071729897,medium_H,有放流,0.47651199999999994
5.5200000000000005,1.1654138042166875,medium_H,有放流,0.47651199999999994
5.525,1.1630629125510563,medium_H,有放流,0.47651199999999994
5.53,1.160716822112509,medium_H,有放流,0.47651199999999994
5.535,1.1583755228580466,medium_H,有放流,0.47651199999999994
5.54,1.1560390047652578,medium_H,有放流,0.47651199999999994
5.545,1.1537072578323198,medium_H,有放流,0.47651199999999994
5.55,1.1513802720779966,medium_H,有放流,0.47651199999999994
5.555,1.1490580375416413,medium_H,有放流,0.47651199999999994
5.5600000000000005,1.1467405442831935,medium_H,有放流,0.47651199999999994
5.565,1.1444277823831823,medium_H,有放流,0.47651199999999994
5.57,1.1421197419427231,medium_H,有放流,0.47651199999999994
5.575,1.1398164130835202,medium_H,有放流,0.47651199999999994
5.58,1.137517785947865,medium_H,有放流,0.47651199999999994
5.585,1.135223850698637,medium_H,有放流,0.47651199999999994
5.59,1.132934597519304,medium_H,有放流,0.47651199999999994
5.595,1.1306500166139208,medium_H,有放流,0.47651199999999994
5.6000000000000005,1.1283700982071305,medium_H,有放流,0.47651199999999994
5.605,1.1260948325441649,medium_H,有放流,0.47651199999999994
5.61,1.1238242098908422,medium_H,有放流,0.47651199999999994
5.615,1.1215582205335692,medium_H,有放流,0.47651199999999994
5.62,1.1192968547793405,medium_H,有放流,0.47651199999999994
5.625,1.1170401029557384,medium_H,有放流,0.47651199999999994
5.63,1.1147879554109332,medium_H,有放流,0.47651199999999994
5.635,1.1125404025136831,medium_H,有放流,0.47651199999999994
5.64,1.1102974346533339,medium_H,有放流,0.47651199999999994
5.6450000000000005,1.108059042239819,medium_H,有放流,0.47651199999999994
5.65,1.105825215703661,medium_H,有放流,0.47651199999999994
5.655,1.1035959454959687,medium_H,有放流,0.47651199999999994
5.66,1.1013712220884397,medium_H,有放流,0.47651199999999994
5.665,1.0991510359733592,medium_H,有放流,0.47651199999999994
5.67,1.0969353776636002,medium_H,有放流,0.47651199999999994
5.675,1.0947242376926236,medium_H,有放流,0.47651199999999994
5.68,1.092517606614478,medium_H,有放流,0.47651199999999994
5.6850000000000005,1.0903154750038,medium_H,有放流,0.47651199999999994
5.69,1.0881178334558144,medium_H,有放流,0.47651199999999994
5.695,1.0859246725863334,medium_H,有放流,0.47651199999999994
5.7,1.0837359830317572,medium_H,有放流,0.47651199999999994
5.705,1.0815517554490737,medium_H,有放流,0.47651199999999994
5.71,1.0793719805158588,medium_H,有放流,0.47651199999999994
5.715,1.0771966489302762,medium_H,有放流,0.47651199999999994
5.72,1.0750257514110775,medium_H,有放流,0.47651199999999994
5.7250000000000005,1.0728592786976017,medium_H,有放流,0.47651199999999994
5.73,1.0706972215497768,medium_H,有放流,0.47651199999999994
5.735,1.0685395707481178,medium_H,有放流,0.47651199999999994
5.74,1.0663863170937273,medium_H,有放流,0.47651199999999994
5.745,1.0642374514082962,medium_H,有放流,0.47651199999999994
5.75,1.0620929645341035,medium_H,有放流,0.47651199999999994
5.755,1.0599528473340154,medium_H,有放流,0.47651199999999994
5.76,1.0578170906914863,medium_H,有放流,0.47651199999999994
5.765,1.0556856855105587,medium_H,有放流,0.47651199999999994
5.7700000000000005,1.0535586227158622,medium_H,有放流,0.47651199999999994
5.775,1.0514358932526153,medium_H,有放流,0.47651199999999994
5.78,1.0493174880866234,medium_H,有放流,0.47651199999999994
5.785,1.0472033982042805,medium_H,有放流,0.47651199999999994
5.79,1.0450936146125678,medium_H,有放流,0.47651199999999994
5.795,1.0429881283390547,medium_H,有放流,0.47651199999999994
5.8,1.0408869304318986,medium_H,有放流,0.47651199999999994
5.805,1.038790011959844,medium_H,有放流,0.47651199999999994
5.8100000000000005,1.036697364012224,medium_H,有放流,0.47651199999999994
5.815,1.0346089776989598,medium_H,有放流,0.47651199999999994
5.82,1.0325248441505597,medium_H,有放流,0.47651199999999994
5.825,1.0304449545181202,medium_H,有放流,0.47651199999999994
5.83,1.0283692999733254,medium_H,有放流,0.47651199999999994
5.835,1.0262978717084477,medium_H,有放流,0.47651199999999994
5.84,1.024230660936347,medium_H,有放流,0.47651199999999994
5.845,1.0221676588904711,medium_H,有放流,0.47651199999999994
5.8500000000000005,1.0201088568248555,medium_H,有放流,0.47651199999999994
5.855,1.0180542460141244,medium_H,有放流,0.47651199999999994
5.86,1.0160038177534887,medium_H,有放流,0.47651199999999994
5.865,1.013957563358748,medium_H,有放流,0.47651199999999994
5.87,1.011915474108055,medium_H,有放流,0.47651199999999994
5.875,1.0098775407823772,medium_H,有放流,0.47651199999999994
5.88,1.0078437546646688,medium_H,有放流,0.47651199999999994
5.885,1.0058141072153974,medium_H,有放流,0.47651199999999994
5.89,1.0037885899108414,medium_H,有放流,0.47651199999999994
5.8950000000000005,1.0017671942430875,medium_H,有放流,0.47651199999999994
5.9,0.9997499117200335,medium_H,有放流,0.47651199999999994
5.905,0.9977367338653859,medium_H,有放流,0.47651199999999994
5.91,0.9957276522186609,medium_H,有放流,0.47651199999999994
5.915,0.9937226583351844,medium_H,有放流,0.47651199999999994
5.92,0.9917217437860918,medium_H,有放流,0.47651199999999994
5.925,0.9897249001583281,medium_H,有放流,0.47651199999999994
5.93,0.9877321190546483,medium_H,有放流,0.47651199999999994
5.9350000000000005,0.9857433920936159,medium_H,有放流,0.47651199999999994
5.94,0.9837587109096059,medium_H,有放流,0.47651199999999994
5.945,0.9817780671528011,medium_H,有放流,0.47651199999999994
5.95,0.9798014524891947,medium_H,有放流,0.47651199999999994
5.955,0.9778288586005893,medium_H,有放流,0.47651199999999994
5.96,0.9758602771845973,medium_H,有放流,0.47651199999999994
5.965,0.9738956999546406,medium_H,有放流,0.47651199999999994
5.97,0.9719351186399505,medium_H,有放流,0.47651199999999994
5.9750000000000005,0.9699785249855679,medium_H,有放流,0.47651199999999994
5.98,0.9680259107523441,medium_H,有放流,0.47651199999999994
5.985,0.966077267716939,medium_H,有放流,0.47651199999999994
5.99,0.9641325876718226,medium_H,有放流,0.47651199999999994
5.995,0.9621918624252743,medium_H,有放流,0.47651199999999994
6.0,0.9602550838013832,medium_H,有放流,0.47651199999999994
6.005,0.958322243640048,medium_H,有放流,0.47651199999999994
6.01,0.956393333796977,medium_H,有放流,0.47651199999999994
6.015000000000001,0.9544683461436877,medium_H,有放流,0.47651199999999994
6.0200000000000005,0.9525472725675083,medium_H,有放流,0.47651199999999994
6.025,0.9506301049715755,medium_H,有放流,0.47651199999999994
6.03,0.9487168352748361,medium_H,有放流,0.47651199999999994
6.035,0.9468074554120463,medium_H,有放流,0.47651199999999994
6.04,0.9449019573337719,medium_H,有放流,0.47651199999999994
6.045,0.9430003330063886,medium_H,有放流,0.47651199999999994
6.05,0.9411025744120814,medium_H,有放流,0.47651199999999994
6.055,0.939208673548845,medium_H,有放流,0.47651199999999994
6.0600000000000005,0.9373186224304834,medium_H,有放流,0.47651199999999994
6.065,0.9354324130866111,medium_H,有放流,0.47651199999999994
6.07,0.9335500375626512,medium_H,有放流,0.47651199999999994
6.075,0.9316714879198369,medium_H,有放流,0.47651199999999994
6.08,0.929796756235211,medium_H,有放流,0.47651199999999994
6.085,0.9279258346016256,medium_H,有放流,0.47651199999999994
6.09,0.9260587151277426,medium_H,有放流,0.47651199999999994
6.095,0.9241953899380337,medium_H,有放流,0.47651199999999994
6.1000000000000005,0.9223358511727795,medium_H,有放流,0.47651199999999994
6.105,0.9204800909880715,medium_H,有放流,0.47651199999999994
6.11,0.9186281015558094,medium_H,有放流,0.47651199999999994
6.115,0.9167798750637034,medium_H,有放流,0.47651199999999994
6.12,0.9149354037152729,medium_H,有放流,0.47651199999999994
6.125,0.913094679729847,medium_H,有放流,0.47651199999999994
6.13,0.9112576953425644,medium_H,有放流,0.47651199999999994
6.135,0.9094244428043734,medium_H,有放流,0.47651199999999994
6.140000000000001,0.9075949143820317,medium_H,有放流,0.47651199999999994
6.1450000000000005,0.9057691023581071,medium_H,有放流,0.47651199999999994
6.15,0.903946999030977,medium_H,有放流,0.47651199999999994
6.155,0.9021285967148275,medium_H,有放流,0.47651199999999994
6.16,0.9003138877396553,medium_H,有放流,0.47651199999999994
6.165,0.898502864451266,medium_H,有放流,0.47651199999999994
6.17,0.8966955192112754,medium_H,有放流,0.47651199999999994
6.175,0.8948918443971084,medium_H,有放流,0.47651199999999994
6.18,0.8930918324020001,medium_H,有放流,0.47651199999999994
6.1850000000000005,0.8912954756349939,medium_H,有放流,0.47651199999999994
6.19,0.8895027665209448,medium_H,有放流,0.47651199999999994
6.195,0.8877136975005159,medium_H,有放流,0.47651199999999994
6.2,0.8859282610301802,medium_H,有放流,0.47651199999999994
6.205,0.8841464495822206,medium_H,有放流,0.47651199999999994
6.21,0.8823682556447292,medium_H,有放流,0.47651199999999994
6.215,0.8805936717216082,medium_H,有放流,0.47651199999999994
6.22,0.8788226903325689,medium_H,有放流,0.47651199999999994
6.2250000000000005,0.8770553040131321,medium_H,有放流,0.47651199999999994
6.23,0.8752915053146293,medium_H,有放流,0.47651199999999994
6.235,0.8735312868042004,medium_H,有放流,0.47651199999999994
6.24,0.8717746410647953,medium_H,有放流,0.47651199999999994
6.245,0.8700215606951738,medium_H,有放流,0.47651199999999994
6.25,0.8682720383099045,medium_H,有放流,0.47651199999999994
6.255,0.8665260665393667,medium_H,有放流,0.47651199999999994
6.26,0.8647836380297483,medium_H,有放流,0.47651199999999994
6.265000000000001,0.8630447454430472,medium_H,有放流,0.47651199999999994
6.2700000000000005,0.8613093814570714,medium_H,有放流,0.47651199999999994
6.275,0.8595775387654377,medium_H,有放流,0.47651199999999994
6.28,0.8578492100775729,medium_H,有放流,0.47651199999999994
6.285,0.8561243881187133,medium_H,有放流,0.47651199999999994
6.29,0.8544030656299049,medium_H,有放流,0.47651199999999994
6.295,0.8526852353680031,medium_H,有放流,0.47651199999999994
6.3,0.8509708901056732,medium_H,有放流,0.47651199999999994
6.305,0.8492600226313898,medium_H,有放流,0.47651199999999994
6.3100000000000005,0.847552625749437,medium_H,有放流,0.47651199999999994
6.315,0.8458486922799094,medium_H,有放流,0.47651199999999994
6.32,0.8441482150587101,medium_H,有放流,0.47651199999999994
6.325,0.8424511869375524,medium_H,有放流,0.47651199999999994
6.33,0.8407576007839588,medium_H,有放流,0.47651199999999994
6.335,0.8390674494812618,medium_H,有放流,0.47651199999999994
6.34,0.8373807259286034,medium_H,有放流,0.47651199999999994
6.345,0.8356974230409349,medium_H,有放流,0.47651199999999994
6.3500000000000005,0.8340175337490174,medium_H,有放流,0.47651199999999994
6.355,0.8323410509994222,medium_H,有放流,0.47651199999999994
6.36,0.8306679677545292,medium_H,有放流,0.47651199999999994
6.365,0.8289982769925285,medium_H,有放流,0.47651199999999994
6.37,0.8273319717074196,medium_H,有放流,0.47651199999999994
6.375,0.8256690449090116,medium_H,有放流,0.47651199999999994
6.38,0.8240094896229233,medium_H,有放流,0.47651199999999994
6.385,0.8223532988905831,medium_H,有放流,0.47651199999999994
6.390000000000001,0.8207004657692284,medium_H,有放流,0.47651199999999994
6.3950000000000005,0.8190509833319075,medium_H,有放流,0.47651199999999994
6.4,0.8174048446674774,medium_H,有放流,0.47651199999999994
6.405,0.8157620428806047,medium_H,有放流,0.47651199999999994
6.41,0.8141225710917658,medium_H,有放流,0.47651199999999994
6.415,0.8124864224372467,medium_H,有放流,0.47651199999999994
6.42,0.8108535900691428,medium_H,有放流,0.47651199999999994
6.425,0.8092240671553593,medium_H,有放流,0.47651199999999994
6.43,0.807597846879611,medium_H,有放流,0.47651199999999994
6.4350000000000005,0.8059749224414221,medium_H,有放流,0.47651199999999994
6.44,0.8043552870890864,medium_H,有放流,0.47651199999999994
6.445,0.8027389342461128,medium_H,有放流,0.47651199999999994
6.45,0.8011258571825977,medium_H,有放流,0.47651199999999994
6.455,0.7995160491500906,medium_H,有放流,0.47651199999999994
6.46,0.7979095034141372,medium_H,有放流,0.47651199999999994
6.465,0.7963062132542797,medium_H,有放流,0.47651199999999994
6.47,0.7947061719640566,medium_H,有放流,0.47651199999999994
6.4750000000000005,0.7931093728510026,medium_H,有放流,0.47651199999999994
6.48,0.7915158092366494,medium_H,有放流,0.47651199999999994
6.485,0.7899254744565247,medium_H,有放流,0.47651199999999994
6.49,0.7883383618601524,medium_H,有放流,0.47651199999999994
6.495,0.7867544648110529,medium_H,有放流,0.47651199999999994
6.5,0.7851737766867433,medium_H,有放流,0.47651199999999994
6.505,0.7835962908787366,medium_H,有放流,0.47651199999999994
6.51,0.7820220007925425,medium_H,有放流,0.47651199999999994
6.515000000000001,0.7804508998476667,medium_H,有放流,0.47651199999999994
6.5200000000000005,0.7788829814776123,medium_H,有放流,0.47651199999999994
6.525,0.7773182391298775,medium_H,有放流,0.47651199999999994
6.53,0.7757566662659579,medium_H,有放流,0.47651199999999994
6.535,0.7741982563613445,medium_H,有放流,0.47651199999999994
6.54,0.7726430029055257,medium_H,有放流,0.47651199999999994
6.545,0.7710908994019856,medium_H,有放流,0.47651199999999994
6.55,0.7695419393682049,medium_H,有放流,0.47651199999999994
6.555,0.7679961163345299,medium_H,有放流,0.47651199999999994
6.5600000000000005,0.766453423842864,medium_H,有放流,0.47651199999999994
6.565,0.7649138554530754,medium_H,有放流,0.47651199999999994
6.57,0.763377404738736,medium_H,有放流,0.47651199999999994
6.575,0.761844065286714,medium_H,有放流,0.47651199999999994
6.58,0.7603138306971736,medium_H,有放流,0.47651199999999994
6.585,0.7587866945835752,medium_H,有放流,0.47651199999999994
6.59,0.7572626505726753,medium_H,有放流,0.47651199999999994
6.595,0.7557416923045263,medium_H,有放流,0.47651199999999994
6.6000000000000005,0.7542238134324767,medium_H,有放流,0.47651199999999994
6.605,0.7527090076231716,medium_H,有放流,0.47651199999999994
6.61,0.7511972685565518,medium_H,有放流,0.47651199999999994
6.615,0.749688589925854,medium_H,有放流,0.47651199999999994
6.62,0.7481829654376112,medium_H,有放流,0.47651199999999994
6.625,0.7466803888116524,medium_H,有放流,0.47651199999999994
6.63,0.745180853781103,medium_H,有放流,0.47651199999999994
6.635,0.743684354092384,medium_H,有放流,0.47651199999999994
6.640000000000001,0.7421908835052125,medium_H,有放流,0.47651199999999994
6.6450000000000005,0.7407004357926025,medium_H,有放流,0.47651199999999994
6.65,0.7392130047408632,medium_H,有放流,0.47651199999999994
6.655,0.7377285841496002,medium_H,有放流,0.47651199999999994
6.66,0.7362471678317151,medium_H,有放流,0.47651199999999994
6.665,0.7347687496134058,medium_H,有放流,0.47651199999999994
6.67,0.7332933230901636,medium_H,有放流,0.47651199999999994
6.675,0.7318208815830772,medium_H,有放流,0.47651199999999994
6.68,0.730351418993731,medium_H,有放流,0.47651199999999994
6.6850000000000005,0.728884929257767,medium_H,有放流,0.47651199999999994
6.69,0.7274214063218272,medium_H,有放流,0.47651199999999994
6.695,0.7259608441435511,medium_H,有放流,0.47651199999999994
6.7,0.7245032366915772,medium_H,有放流,0.47651199999999994
6.705,0.7230485779455428,medium_H,有放流,0.47651199999999994
6.71,0.7215968618960834,medium_H,有放流,0.47651199999999994
6.715,0.7201480825448336,medium_H,有放流,0.47651199999999994
6.72,0.7187022339044267,medium_H,有放流,0.47651199999999994
6.7250000000000005,0.7172593099984936,medium_H,有放流,0.47651199999999994
6.73,0.7158193048616655,medium_H,有放流,0.47651199999999994
6.735,0.7143822125395709,medium_H,有放流,0.47651199999999994
6.74,0.7129480270888375,medium_H,有放流,0.47651199999999994
6.745,0.7115167425770916,medium_H,有放流,0.47651199999999994
6.75,0.7100883530829579,medium_H,有放流,0.47651199999999994
6.755,0.70866285269606,medium_H,有放流,0.47651199999999994
6.76,0.70724023551702,medium_H,有放流,0.47651199999999994
6.765000000000001,0.7058204956574584,medium_H,有放流,0.47651199999999994
6.7700000000000005,0.7044036272399951,medium_H,有放流,0.47651199999999994
6.775,0.7029896243982477,medium_H,有放流,0.47651199999999994
6.78,0.7015784812768333,medium_H,有放流,0.47651199999999994
6.785,0.7001701920313668,medium_H,有放流,0.47651199999999994
6.79,0.6987647508284623,medium_H,有放流,0.47651199999999994
6.795,0.6973621518457324,medium_H,有放流,0.47651199999999994
6.8,0.6959623892717882,medium_H,有放流,0.47651199999999994
6.805,0.6945654573062398,medium_H,有放流,0.47651199999999994
6.8100000000000005,0.693171350159695,medium_H,有放流,0.47651199999999994
6.815,0.6917800620537617,medium_H,有放流,0.47651199999999994
6.82,0.6903915872210454,medium_H,有放流,0.47651199999999994
6.825,0.6890059199051504,medium_H,有放流,0.47651199999999994
6.83,0.6876230543606797,medium_H,有放流,0.47651199999999994
6.835,0.686242984853235,medium_H,有放流,0.47651199999999994
6.84,0.6848657056594166,medium_H,有放流,0.47651199999999994
6.845,0.6834912110668234,medium_H,有放流,0.47651199999999994
6.8500000000000005,0.6821194953740527,medium_H,有放流,0.47651199999999994
6.855,0.6807505528907011,medium_H,有放流,0.47651199999999994
6.86,0.6793843779373633,medium_H,有放流,0.47651199999999994
6.865,0.6780209648456328,medium_H,有放流,0.47651199999999994
6.87,0.6766603079581015,medium_H,有放流,0.47651199999999994
6.875,0.6753024016283602,medium_H,有放流,0.47651199999999994
6.88,0.6739472402209984,medium_H,有放流,0.47651199999999994
6.885,0.6725948181116039,medium_H,有放流,0.47651199999999994
6.890000000000001,0.6712451296867633,medium_H,有放流,0.47651199999999994
6.8950000000000005,0.6698981693440622,medium_H,有放流,0.47651199999999994
6.9,0.6685539314920843,medium_H,有放流,0.47651199999999994
6.905,0.6672124105504121,medium_H,有放流,0.47651199999999994
6.91,0.6658736009496268,medium_H,有放流,0.47651199999999994
6.915,0.6645374971313083,medium_H,有放流,0.47651199999999994
6.92,0.6632040935480349,medium_H,有放流,0.47651199999999994
6.925,0.6618733846633837,medium_H,有放流,0.47651199999999994
6.93,0.6605453649519305,medium_H,有放流,0.47651199999999994
6.9350000000000005,0.6592200288992494,medium_H,有放流,0.47651199999999994
6.94,0.6578973710019137,medium_H,有放流,0.47651199999999994
6.945,0.6565773857674949,medium_H,有放流,0.47651199999999994
6.95,0.6552600677145632,medium_H,有放流,0.47651199999999994
6.955,0.6539454113726876,medium_H,有放流,0.47651199999999994
6.96,0.6526334112824355,medium_H,有放流,0.47651199999999994
6.965,0.6513240619953732,medium_H,有放流,0.47651199999999994
6.97,0.6500173580740652,medium_H,有放流,0.47651199999999994
6.9750000000000005,0.648713294092075,medium_H,有放流,0.47651199999999994
6.98,0.6474118646339649,medium_H,有放流,0.47651199999999994
6.985,0.6461130642952956,medium_H,有放流,0.47651199999999994
6.99,0.6448168876826262,medium_H,有放流,0.47651199999999994
6.995,0.6435233294135148,medium_H,有放流,0.47651199999999994
7.0,0.6422323841165178,medium_H,有放流,0.47651199999999994
7.005,0.6409440464311907,medium_H,有放流,0.47651199999999994
7.01,0.6396583110080872,medium_H,有放流,0.47651199999999994
7.015000000000001,0.6383751725087597,medium_H,有放流,0.47651199999999994
7.0200000000000005,0.6370946256057597,medium_H,有放流,0.47651199999999994
7.025,0.6358166649826367,medium_H,有放流,0.47651199999999994
7.03,0.6345412853339392,medium_H,有放流,0.47651199999999994
7.035,0.6332684813652142,medium_H,有放流,0.47651199999999994
7.04,0.6319982477930074,medium_H,有放流,0.47651199999999994
7.045,0.6307305793448631,medium_H,有放流,0.47651199999999994
7.05,0.6294654707593241,medium_H,有放流,0.47651199999999994
7.055,0.6282029167859323,medium_H,有放流,0.47651199999999994
7.0600000000000005,0.6269429121852275,medium_H,有放流,0.47651199999999994
7.065,0.6256854517287489,medium_H,有放流,0.47651199999999994
7.07,0.6244305301990339,medium_H,有放流,0.47651199999999994
7.075,0.6231781423896187,medium_H,有放流,0.47651199999999994
7.08,0.6219282831050378,medium_H,有放流,0.47651199999999994
7.085,0.6206809471608248,medium_H,有放流,0.47651199999999994
7.09,0.6194361293835117,medium_H,有放流,0.47651199999999994
7.095,0.618193824610629,medium_H,有放流,0.47651199999999994
7.1000000000000005,0.616954027690706,medium_H,有放流,0.47651199999999994
7.105,0.6157167334832708,medium_H,有放流,0.47651199999999994
7.11,0.61448193685885,medium_H,有放流,0.47651199999999994
7.115,0.6132496326989687,medium_H,有放流,0.47651199999999994
7.12,0.6120198158961507,medium_H,有放流,0.47651199999999994
7.125,0.6107924813539186,medium_H,有放流,0.47651199999999994
7.13,0.6095676239867933,medium_H,有放流,0.47651199999999994
7.135,0.6083452387202947,medium_H,有放流,0.47651199999999994
7.140000000000001,0.6071253204909408,medium_H,有放流,0.47651199999999994
7.1450000000000005,0.6059078642462492,medium_H,有放流,0.47651199999999994
7.15,0.6046928649447353,medium_H,有放流,0.47651199999999994
7.155,0.6034803175559132,medium_H,有放流,0.47651199999999994
7.16,0.602270217060296,medium_H,有放流,0.47651199999999994
7.165,0.6010625584493953,medium_H,有放流,0.47651199999999994
7.17,0.5998573367257211,medium_H,有放流,0.47651199999999994
7.175,0.5986545469027822,medium_H,有放流,0.47651199999999994
7.18,0.5974541840050862,medium_H,有放流,0.47651199999999994
7.1850000000000005,0.5962562430681388,medium_H,有放流,0.47651199999999994
7.19,0.5950607191384454,medium_H,有放流,0.47651199999999994
7.195,0.593867607273509,medium_H,有放流,0.47651199999999994
7.2,0.5926769025418316,medium_H,有放流,0.47651199999999994
7.205,0.5914886000229137,medium_H,有放流,0.47651199999999994
7.21,0.5903026948072547,medium_H,有放流,0.47651199999999994
7.215,0.5891191819963524,medium_H,有放流,0.47651199999999994
7.22,0.5879380567027035,medium_H,有放流,0.47651199999999994
7.2250000000000005,0.5867593140498027,medium_H,有放流,0.47651199999999994
7.23,0.5855829491721445,medium_H,有放流,0.47651199999999994
7.235,0.5844089572152209,medium_H,有放流,0.47651199999999994
7.24,0.5832373333355231,medium_H,有放流,0.47651199999999994
7.245,0.5820680727005407,medium_H,有放流,0.47651199999999994
7.25,0.5809011704574121,medium_H,有放流,0.47651199999999994
7.255,0.5797366215138965,medium_H,有放流,0.47651199999999994
7.26,0.5785744210340107,medium_H,有放流,0.47651199999999994
7.265000000000001,0.5774145642653242,medium_H,有放流,0.47651199999999994
7.2700000000000005,0.5762570464639548,medium_H,有放流,0.47651199999999994
7.275,0.5751018628945666,medium_H,有放流,0.47651199999999994
7.28,0.5739490088303707,medium_H,有放流,0.47651199999999994
7.285,0.5727984795531259,medium_H,有放流,0.47651199999999994
7.29,0.5716502703531376,medium_H,有放流,0.47651199999999994
7.295,0.570504376529259,medium_H,有放流,0.47651199999999994
7.3,0.5693607933888896,medium_H,有放流,0.47651199999999994
7.305,0.5682195162479766,medium_H,有放流,0.47651199999999994
7.3100000000000005,0.5670805404310141,medium_H,有放流,0.47651199999999994
7.315,0.5659438612710437,medium_H,有放流,0.47651199999999994
7.32,0.5648094741096535,medium_H,有放流,0.47651199999999994
7.325,0.5636773742969793,medium_H,有放流,0.47651199999999994
7.33,0.5625475571917037,medium_H,有放流,0.47651199999999994
7.335,0.5614200181610565,medium_H,有放流,0.47651199999999994
7.34,0.5602947525808146,medium_H,有放流,0.47651199999999994
7.345,0.5591717558353022,medium_H,有放流,0.47651199999999994
7.3500000000000005,0.5580510233173903,medium_H,有放流,0.47651199999999994
7.355,0.5569325504284977,medium_H,有放流,0.47651199999999994
7.36,0.5558163325785894,medium_H,有放流,0.47651199999999994
7.365,0.5547023651861782,medium_H,有放流,0.47651199999999994
7.37,0.5535906436783239,medium_H,有放流,0.47651199999999994
7.375,0.5524811634906333,medium_H,有放流,0.47651199999999994
7.38,0.5513739200672603,medium_H,有放流,0.47651199999999994
7.385,0.5502689088609061,medium_H,有放流,0.47651199999999994
7.390000000000001,0.5491661253328186,medium_H,有放流,0.47651199999999994
7.3950000000000005,0.5480655649527939,medium_H,有放流,0.47651199999999994
7.4,0.546967223199174,medium_H,有放流,0.47651199999999994
7.405,0.5458710955588486,medium_H,有放流,0.47651199999999994
7.41,0.5447771775272546,medium_H,有放流,0.47651199999999994
7.415,0.5436854646083759,medium_H,有放流,0.47651199999999994
7.42,0.5425959523147433,medium_H,有放流,0.47651199999999994
7.425,0.5415086361674352,medium_H,有放流,0.47651199999999994
7.43,0.5404235116960767,medium_H,有放流,0.47651199999999994
7.4350000000000005,0.5393405744388402,medium_H,有放流,0.47651199999999994
7.44,0.5382598199424454,medium_H,有放流,0.47651199999999994
7.445,0.537181243762159,medium_H,有放流,0.47651199999999994
7.45,0.5361048414617947,medium_H,有放流,0.47651199999999994
7.455,0.5350306086137134,medium_H,有放流,0.47651199999999994
7.46,0.5339585407988233,medium_H,有放流,0.47651199999999994
7.465,0.5328886336065795,medium_H,有放流,0.47651199999999994
7.47,0.5318208826349842,medium_H,有放流,0.47651199999999994
7.4750000000000005,0.5307552834905869,medium_H,有放流,0.47651199999999994
7.48,0.5296918317884843,medium_H,有放流,0.47651199999999994
7.485,0.5286305231523202,medium_H,有放流,0.47651199999999994
7.49,0.5275713532142853,medium_H,有放流,0.47651199999999994
7.495,0.5265143176151175,medium_H,有放流,0.47651199999999994
7.5,0.525459412004102,medium_H,有放流,0.47651199999999994
7.505,0.5244066320390709,medium_H,有放流,0.47651199999999994
7.51,0.5233559733864037,medium_H,有放流,0.47651199999999994
7.515000000000001,0.5223074317210267,medium_H,有放流,0.47651199999999994
7.5200000000000005,0.5212610027264137,medium_H,有放流,0.47651199999999994
7.525,0.5202166820945855,medium_H,有放流,0.47651199999999994
7.53,0.5191744655261099,medium_H,有放流,0.47651199999999994
7.535,0.5181343487301018,medium_H,有放流,0.47651199999999994
7.54,0.5170963274242234,medium_H,有放流,0.47651199999999994
7.545,0.516060397334684,medium_H,有放流,0.47651199999999994
7.55,0.51502655419624,medium_H,有放流,0.47651199999999994
7.555,0.5139947937521949,medium_H,有放流,0.47651199999999994
7.5600000000000005,0.5129651117543991,medium_H,有放流,0.47651199999999994
7.565,0.5119375039632508,medium_H,有放流,0.47651199999999994
7.57,0.5109119661476947,medium_H,有放流,0.47651199999999994
7.575,0.509888494085223,medium_H,有放流,0.47651199999999994
7.58,0.5088670835618746,medium_H,有放流,0.47651199999999994
7.585,0.507847730372236,medium_H,有放流,0.47651199999999994
7.59,0.5068304303194406,medium_H,有放流,0.47651199999999994
7.595,0.5058151792151688,medium_H,有放流,0.47651199999999994
7.6000000000000005,0.5048019728796483,medium_H,有放流,0.47651199999999994
7.605,0.5037908071416544,medium_H,有放流,0.47651199999999994
7.61,0.5027816778385085,medium_H,有放流,0.47651199999999994
7.615,0.5017745808160798,medium_H,有放流,0.47651199999999994
7.62,0.5007695119287846,medium_H,有放流,0.47651199999999994
7.625,0.4997664670395862,medium_H,有放流,0.47651199999999994
7.63,0.49876544201999506,medium_H,有放流,0.47651199999999994
7.635,0.4977664327500688,medium_H,有放流,0.47651199999999994
7.640000000000001,0.49676943511841193,medium_H,有放流,0.47651199999999994
7.6450000000000005,0.49577444502217666,medium_H,有放流,0.47651199999999994
7.65,0.49478145836706183,medium_H,有放流,0.47651199999999994
7.655,0.4937904710673135,medium_H,有放流,0.47651199999999994
7.66,0.4928014790457249,medium_H,有放流,0.47651199999999994
7.665,0.4918144782336365,medium_H,有放流,0.47651199999999994
7.67,0.49082946457093574,medium_H,有放流,0.47651199999999994
7.675,0.4898464340060572,medium_H,有放流,0.47651199999999994
7.68,0.48886538249598277,medium_H,有放流,0.47651199999999994
7.6850000000000005,0.487886306006241,medium_H,有放流,0.47651199999999994
7.69,0.4869092005109084,medium_H,有放流,0.47651199999999994
7.695,0.48593406199260786,medium_H,有放流,0.47651199999999994
7.7,0.4849608864425097,medium_H,有放流,0.47651199999999994
7.705,0.4839896698603313,medium_H,有放流,0.47651199999999994
7.71,0.48302040825433723,medium_H,有放流,0.47651199999999994
7.715,0.4820530976413391,medium_H,有放流,0.47651199999999994
7.72,0.48108773404669575,medium_H,有放流,0.47651199999999994
7.7250000000000005,0.4801243135043129,medium_H,有放流,0.47651199999999994
7.73,0.479162832056644,medium_H,有放流,0.47651199999999994
7.735,0.47820328575468907,medium_H,有放流,0.47651199999999994
7.74,0.4772456706579954,medium_H,有放流,0.47651199999999994
7.745,0.47628998283465734,medium_H,有放流,0.47651199999999994
7.75,0.47533621836131656,medium_H,有放流,0.47651199999999994
7.755,0.4743843733231618,medium_H,有放流,0.47651199999999994
7.76,0.4734344438139288,medium_H,有放流,0.47651199999999994
7.765000000000001,0.4724864259359004,medium_H,有放流,0.47651199999999994
7.7700000000000005,0.4715403157999071,medium_H,有放流,0.47651199999999994
7.775,0.47059610952532577,medium_H,有放流,0.47651199999999994
7.78,0.4696538032400809,medium_H,有放流,0.47651199999999994
7.785,0.46871339308064386,medium_H,有放流,0.47651199999999994
7.79,0.4677748751920334,medium_H,有放流,0.47651199999999994
7.795,0.46683824572781524,medium_H,有放流,0.47651199999999994
7.8,0.4659035008501021,medium_H,有放流,0.47651199999999994
7.805000000000001,0.46497063672955397,medium_H,有放流,0.47651199999999994
7.8100000000000005,0.46403964954537824,medium_H,有放流,0.47651199999999994
7.815,0.463110535485329,medium_H,有放流,0.47651199999999994
7.82,0.46218329074570763,medium_H,有放流,0.47651199999999994
7.825,0.46125791147717815,medium_H,有放流,0.47651199999999994
7.83,0.46033439367169626,medium_H,有放流,0.47651199999999994
7.835,0.4594127335534783,medium_H,有放流,0.47651199999999994
7.84,0.45849292738143704,medium_H,有放流,0.47651199999999994
7.845,0.4575749714211599,medium_H,有放流,0.47651199999999994
7.8500000000000005,0.4566588619449084,medium_H,有放流,0.47651199999999994
7.855,0.45574459523161903,medium_H,有放流,0.47651199999999994
7.86,0.4548321675669022,medium_H,有放流,0.47651199999999994
7.865,0.45392157524304294,medium_H,有放流,0.47651199999999994
7.87,0.45301281455900066,medium_H,有放流,0.47651199999999994
7.875,0.4521058818204091,medium_H,有放流,0.47651199999999994
7.88,0.45120077333957664,medium_H,有放流,0.47651199999999994
7.885,0.45029748543548587,medium_H,有放流,0.47651199999999994
7.890000000000001,0.44939601443379373,medium_H,有放流,0.47651199999999994
7.8950000000000005,0.44849635666683213,medium_H,有放流,0.47651199999999994
7.9,0.44759850847360677,medium_H,有放流,0.47651199999999994
7.905,0.446702466199798,medium_H,有放流,0.47651199999999994
7.91,0.4458082261977606,medium_H,有放流,0.47651199999999994
7.915,0.4449157848265238,medium_H,有放流,0.47651199999999994
7.92,0.4440251384517912,medium_H,有放流,0.47651199999999994
7.925,0.4431362834459408,medium_H,有放流,0.47651199999999994
7.930000000000001,0.44224921618802493,medium_H,有放流,0.47651199999999994
7.9350000000000005,0.4413639330637708,medium_H,有放流,0.47651199999999994
7.94,0.44048043046557955,medium_H,有放流,0.47651199999999994
7.945,0.43959870479252683,medium_H,有放流,0.47651199999999994
7.95,0.43871875245036285,medium_H,有放流,0.47651199999999994
7.955,0.4378405698515121,medium_H,有放流,0.47651199999999994
7.96,0.4369641534150736,medium_H,有放流,0.47651199999999994
7.965,0.43608949956682075,medium_H,有放流,0.47651199999999994
7.97,0.4352166047392013,medium_H,有放流,0.47651199999999994
7.9750000000000005,0.43434546537133745,medium_H,有放流,0.47651199999999994
7.98,0.4334760779090261,medium_H,有放流,0.47651199999999994
7.985,0.43260843880473815,medium_H,有放流,0.47651199999999994
7.99,0.43174254451761906,medium_H,有放流,0.47651199999999994
7.995,0.4308783915134889,medium_H,有放流,0.47651199999999994
8.0,0.4300159762648419,medium_H,有放流,0.47651199999999994
8.005,0.4291552952508466,medium_H,有放流,0.47651199999999994
8.01,0.4282963449573468,medium_H,有放流,0.47651199999999994
8.015,0.42743912187685934,medium_H,有放流,0.47651199999999994
8.02,0.42658362250857695,medium_H,有放流,0.47651199999999994
8.025,0.4257298433583654,medium_H,有放流,0.47651199999999994
8.03,0.42487778093876616,medium_H,有放流,0.47651199999999994
8.035,0.42402743176899393,medium_H,有放流,0.47651199999999994
8.040000000000001,0.42317879237493866,medium_H,有放流,0.47651199999999994
8.045,0.4223318592891649,medium_H,有放流,0.47651199999999994
8.05,0.4214866290509104,medium_H,有放流,0.47651199999999994
8.055,0.42064309820608886,medium_H,有放流,0.47651199999999994
8.06,0.419801263307287,medium_H,有放流,0.47651199999999994
8.065,0.41896112091376725,medium_H,有放流,0.47651199999999994
8.07,0.41812266759146516,medium_H,有放流,0.47651199999999994
8.075,0.41728589991299203,medium_H,有放流,0.47651199999999994
8.08,0.4164508144576324,medium_H,有放流,0.47651199999999994
8.085,0.4156174078113459,medium_H,有放流,0.47651199999999994
8.09,0.41478567656676674,medium_H,有放流,0.47651199999999994
8.095,0.41395561732320274,medium_H,有放流,0.47651199999999994
8.1,0.4131272266866372,medium_H,有放流,0.47651199999999994
8.105,0.41230050126972667,medium_H,有放流,0.47651199999999994
8.11,0.4114754376918033,medium_H,有放流,0.47651199999999994
8.115,0.41065203257887256,medium_H,有放流,0.47651199999999994
8.120000000000001,0.4098302825636151,medium_H,有放流,0.47651199999999994
8.125,0.4090101842853861,medium_H,有放流,0.47651199999999994
8.13,0.4081917343902142,medium_H,有放流,0.47651199999999994
8.135,0.4073749295308038,medium_H,有放流,0.47651199999999994
8.14,0.4065597663665322,medium_H,有放流,0.47651199999999994
8.145,0.4057462415634526,medium_H,有放流,0.47651199999999994
8.15,0.40493435179429144,medium_H,有放流,0.47651199999999994
8.155,0.4041240937384506,medium_H,有放流,0.47651199999999994
8.16,0.40331546408200525,medium_H,有放流,0.47651199999999994
8.165000000000001,0.40250845951770586,medium_H,有放流,0.47651199999999994
8.17,0.40170307674497746,medium_H,有放流,0.47651199999999994
8.175,0.4008993124699184,medium_H,有放流,0.47651199999999994
8.18,0.40009716340530277,medium_H,有放流,0.47651199999999994
8.185,0.39929662627057794,medium_H,有放流,0.47651199999999994
8.19,0.3984976977918666,medium_H,有放流,0.47651199999999994
8.195,0.3977003747019651,medium_H,有放流,0.47651199999999994
8.2,0.3969046537403451,medium_H,有放流,0.47651199999999994
8.205,0.3961105316531515,medium_H,有放流,0.47651199999999994
8.21,0.3953180051932047,medium_H,有放流,0.47651199999999994
8.215,0.3945270711199993,medium_H,有放流,0.47651199999999994
8.22,0.3937377261997036,medium_H,有放流,0.47651199999999994
8.225,0.39294996720516134,medium_H,有放流,0.47651199999999994
8.23,0.3921637909158897,medium_H,有放流,0.47651199999999994
8.235,0.3913791941180813,medium_H,有放流,0.47651199999999994
8.24,0.3905961736046021,medium_H,有放流,0.47651199999999994
8.245000000000001,0.3898147261749933,medium_H,有放流,0.47651199999999994
8.25,0.3890348486354705,medium_H,有放流,0.47651199999999994
8.255,0.3882565377989229,medium_H,有放流,0.47651199999999994
8.26,0.38747979048491527,medium_H,有放流,0.47651199999999994
8.265,0.3867046035196856,medium_H,有放流,0.47651199999999994
8.27,0.3859309737361476,medium_H,有放流,0.47651199999999994
8.275,0.385158897973888,medium_H,有放流,0.47651199999999994
8.28,0.3843883730791694,medium_H,有放流,0.47651199999999994
8.285,0.3836193959049274,medium_H,有放流,0.47651199999999994
8.290000000000001,0.382851963310773,medium_H,有放流,0.47651199999999994
8.295,0.3820860721629916,medium_H,有放流,0.47651199999999994
8.3,0.3813217193345423,medium_H,有放流,0.47651199999999994
8.305,0.38055890170505946,medium_H,有放流,0.47651199999999994
8.31,0.37979761616085106,medium_H,有放流,0.47651199999999994
8.315,0.37903785959490033,medium_H,有放流,0.47651199999999994
8.32,0.378279628906864,medium_H,有放流,0.47651199999999994
8.325,0.3775229210030743,medium_H,有放流,0.47651199999999994
8.33,0.37676773279653664,medium_H,有放流,0.47651199999999994
8.335,0.3760140612069319,medium_H,有放流,0.47651199999999994
8.34,0.3752619031606153,medium_H,有放流,0.47651199999999994
8.345,0.3745112555906155,medium_H,有放流,0.47651199999999994
8.35,0.3737621154366368,medium_H,有放流,0.47651199999999994
8.355,0.3730144796450569,medium_H,有放流,0.47651199999999994
8.36,0.3722683451689288,medium_H,有放流,0.47651199999999994
8.365,0.3715237089679792,medium_H,有放流,0.47651199999999994
8.370000000000001,0.3707805680086096,medium_H,有放流,0.47651199999999994
8.375,0.37003891926389615,medium_H,有放流,0.47651199999999994
8.38,0.3692987597135886,medium_H,有放流,0.47651199999999994
8.385,0.36856008634411225,medium_H,有放流,0.47651199999999994
8.39,0.36782289614856556,medium_H,有放流,0.47651199999999994
8.395,0.36708718612672264,medium_H,有放流,0.47651199999999994
8.4,0.3663529532591841,medium_H,有放流,0.47651199999999994
8.405,0.3656201943849924,medium_H,有放流,0.47651199999999994
8.41,0.3648889065112967,medium_H,有放流,0.47651199999999994
8.415000000000001,0.3641590866873834,medium_H,有放流,0.47651199999999994
8.42,0.36343073196776676,medium_H,有放流,0.47651199999999994
8.425,0.36270383941218826,medium_H,有放流,0.47651199999999994
8.43,0.3619784060856183,medium_H,有放流,0.47651199999999994
8.435,0.3612544290582545,medium_H,有放流,0.47651199999999994
8.44,0.36053190540552316,medium_H,有放流,0.47651199999999994
8.445,0.35981083220807775,medium_H,有放流,0.47651199999999994
8.45,0.35909120655180066,medium_H,有放流,0.47651199999999994
8.455,0.35837302552780126,medium_H,有放流,0.47651199999999994
8.46,0.35765628623241763,medium_H,有放流,0.47651199999999994
8.465,0.3569409857672159,medium_H,有放流,0.47651199999999994
8.47,0.35622712123898936,medium_H,有放流,0.47651199999999994
8.475,0.3555146897597603,medium_H,有放流,0.47651199999999994
8.48,0.35480368844677795,medium_H,有放流,0.47651199999999994
8.485,0.35409411442252064,medium_H,有放流,0.47651199999999994
8.49,0.35338596481469353,medium_H,有放流,0.47651199999999994
8.495000000000001,0.3526792367562306,medium_H,有放流,0.47651199999999994
8.5,0.3519739273852937,medium_H,有放流,0.47651199999999994
8.505,0.35127003384527217,medium_H,有放流,0.47651199999999994
8.51,0.350567553284784,medium_H,有放流,0.47651199999999994
8.515,0.34986648285767435,medium_H,有放流,0.47651199999999994
8.52,0.3491668197230174,medium_H,有放流,0.47651199999999994
8.525,0.3484685610451141,medium_H,有放流,0.47651199999999994
8.53,0.34777170399349455,medium_H,有放流,0.47651199999999994
8.535,0.34707624574291585,medium_H,有放流,0.47651199999999994
8.540000000000001,0.34638218347336375,medium_H,有放流,0.47651199999999994
8.545,0.3456895143700519,medium_H,有放流,0.47651199999999994
8.55,0.3449982356234214,medium_H,有放流,0.47651199999999994
8.555,0.3443083444291421,medium_H,有放流,0.47651199999999994
8.56,0.343619837988111,medium_H,有放流,0.47651199999999994
8.565,0.342932713506454,medium_H,有放流,0.47651199999999994
8.57,0.34224696819552397,medium_H,有放流,0.47651199999999994
8.575000000000001,0.3415625992719025,medium_H,有放流,0.47651199999999994
8.58,0.34087960395739925,medium_H,有放流,0.47651199999999994
8.585,0.34019797947905106,medium_H,有放流,0.47651199999999994
8.59,0.33951772306912364,medium_H,有放流,0.47651199999999994
8.595,0.33883883196510983,medium_H,有放流,0.47651199999999994
8.6,0.3381613034097314,medium_H,有放流,0.47651199999999994
8.605,0.3374851346509371,medium_H,有放流,0.47651199999999994
8.61,0.3368103229419046,medium_H,有放流,0.47651199999999994
8.615,0.33613686554103867,medium_H,有放流,0.47651199999999994
8.620000000000001,0.3354647597119727,medium_H,有放流,0.47651199999999994
8.625,0.3347940027235681,medium_H,有放流,0.47651199999999994
8.63,0.3341245918499135,medium_H,有放流,0.47651199999999994
8.635,0.3334565243703265,medium_H,有放流,0.47651199999999994
8.64,0.3327897975693518,medium_H,有放流,0.47651199999999994
8.645,0.33212440873676286,medium_H,有放流,0.47651199999999994
8.65,0.3314603551675603,medium_H,有放流,0.47651199999999994
8.655,0.33079763416197355,medium_H,有放流,0.47651199999999994
8.66,0.33013624302545924,medium_H,有放流,0.47651199999999994
8.665000000000001,0.3294761790687026,medium_H,有放流,0.47651199999999994
8.67,0.3288174396076167,medium_H,有放流,0.47651199999999994
8.675,0.3281600219633422,medium_H,有放流,0.47651199999999994
8.68,0.3275039234622484,medium_H,有放流,0.47651199999999994
8.685,0.3268491414359317,medium_H,有放流,0.47651199999999994
8.69,0.32619567322121756,medium_H,有放流,0.47651199999999994
8.695,0.32554351616015825,medium_H,有放流,0.47651199999999994
8.700000000000001,0.324892667600035,medium_H,有放流,0.47651199999999994
8.705,0.3242431248933567,medium_H,有放流,0.47651199999999994
8.71,0.3235948853978598,medium_H,有放流,0.47651199999999994
8.715,0.3229479464765095,medium_H,有放流,0.47651199999999994
8.72,0.32230230549749805,medium_H,有放流,0.47651199999999994
8.725,0.3216579598342468,medium_H,有放流,0.47651199999999994
8.73,0.32101490686540385,medium_H,有放流,0.47651199999999994
8.735,0.3203731439748464,medium_H,有放流,0.47651199999999994
8.74,0.3197326685516787,medium_H,有放流,0.47651199999999994
8.745000000000001,0.3190934779902336,medium_H,有放流,0.47651199999999994
8.75,0.318455569690072,medium_H,有放流,0.47651199999999994
8.755,0.31781894105598196,medium_H,有放流,0.47651199999999994
8.76,0.31718358949798064,medium_H,有放流,0.47651199999999994
8.765,0.3165495124313121,medium_H,有放流,0.47651199999999994
8.77,0.3159167072764494,medium_H,有放流,0.47651199999999994
8.775,0.31528517145909246,medium_H,有放流,0.47651199999999994
8.78,0.3146549024101704,medium_H,有放流,0.47651199999999994
8.785,0.31402589756583915,medium_H,有放流,0.47651199999999994
8.790000000000001,0.31339815436748353,medium_H,有放流,0.47651199999999994
8.795,0.31277167026171604,medium_H,有放流,0.47651199999999994
8.8,0.3121464427003767,medium_H,有放流,0.47651199999999994
8.805,0.3115224691405345,medium_H,有放流,0.47651199999999994
8.81,0.3108997470444852,medium_H,有放流,0.47651199999999994
8.815,0.3102782738797537,medium_H,有放流,0.47651199999999994
8.82,0.30965804711909184,medium_H,有放流,0.47651199999999994
8.825000000000001,0.3090390642404802,medium_H,有放流,0.47651199999999994
8.83,0.30842132272712725,medium_H,有放流,0.47651199999999994
8.835,0.3078048200674689,medium_H,有放流,0.47651199999999994
8.84,0.30718955375516976,medium_H,有放流,0.47651199999999994
8.845,0.30657552128912163,medium_H,有放流,0.47651199999999994
8.85,0.3059627201734452,medium_H,有放流,0.47651199999999994
8.855,0.30535114791748824,medium_H,有放流,0.47651199999999994
8.86,0.3047408020358273,medium_H,有放流,0.47651199999999994
8.865,0.3041316800482662,medium_H,有放流,0.47651199999999994
8.870000000000001,0.3035237794798371,medium_H,有放流,0.47651199999999994
8.875,0.3029170978608005,medium_H,有放流,0.47651199999999994
8.88,0.30231163272664396,medium_H,有放流,0.47651199999999994
8.885,0.30170738161808397,medium_H,有放流,0.47651199999999994
8.89,0.3011043420810642,medium_H,有放流,0.47651199999999994
8.895,0.300502511666757,medium_H,有放流,0.47651199999999994
8.9,0.2999018879315621,medium_H,有放流,0.47651199999999994
8.905,0.2993024684371078,medium_H,有放流,0.47651199999999994
8.91,0.29870425075024964,medium_H,有放流,0.47651199999999994
8.915000000000001,0.2981072324430718,medium_H,有放流,0.47651199999999994
8.92,0.29751141109288637,medium_H,有放流,0.47651199999999994
8.925,0.29691678428223284,medium_H,有放流,0.47651199999999994
8.93,0.2963233495988795,medium_H,有放流,0.47651199999999994
8.935,0.29573110463582186,medium_H,有放流,0.47651199999999994
8.94,0.29514004699128404,medium_H,有放流,0.47651199999999994
8.945,0.29455017426871755,medium_H,有放流,0.47651199999999994
8.950000000000001,0.29396148407680234,medium_H,有放流,0.47651199999999994
8.955,0.2933739740294463,medium_H,有放流,0.47651199999999994
8.96,0.292787641745785,medium_H,有放流,0.47651199999999994
8.965,0.2922024848501823,medium_H,有放流,0.47651199999999994
8.97,0.2916185009722297,medium_H,有放流,0.47651199999999994
8.975,0.2910356877455989,medium_H,有放流,0.47651199999999994
8.98,0.2904540426997959,medium_H,有放流,0.47651199999999994
8.985,0.2898735634209396,medium_H,有放流,0.47651199999999994
8.99,0.289294247578077,medium_H,有放流,0.47651199999999994
8.995000000000001,0.28871609284436067,medium_H,有放流,0.47651199999999994
9.0,0.2881390968970486,medium_H,有放流,0.47651199999999994
9.005,0.2875632574175032,medium_H,有放流,0.47651199999999994
9.01,0.2869885720911929,medium_H,有放流,0.47651199999999994
9.015,0.2864150386076905,medium_H,有放流,0.47651199999999994
9.02,0.28584265466067477,medium_H,有放流,0.47651199999999994
9.025,0.2852714179479289,medium_H,有放流,0.47651199999999994
9.03,0.28470132617134186,medium_H,有放流,0.47651199999999994
9.035,0.2841323770369073,medium_H,有放流,0.47651199999999994
9.040000000000001,0.2835645682547244,medium_H,有放流,0.47651199999999994
9.045,0.2829978975389977,medium_H,有放流,0.47651199999999994
9.05,0.28243236260803606,medium_H,有放流,0.47651199999999994
9.055,0.28186796118425456,medium_H,有放流,0.47651199999999994
9.06,0.28130469099417255,medium_H,有放流,0.47651199999999994
9.065,0.28074254976841534,medium_H,有放流,0.47651199999999994
9.07,0.2801815352417127,medium_H,有放流,0.47651199999999994
9.075000000000001,0.27962164515290006,medium_H,有放流,0.47651199999999994
9.08,0.2790628772449181,medium_H,有放流,0.47651199999999994
9.085,0.27850522926481197,medium_H,有放流,0.47651199999999994
9.09,0.277948698963733,medium_H,有放流,0.47651199999999994
9.095,0.2773932840969367,medium_H,有放流,0.47651199999999994
9.1,0.2768389824237846,medium_H,有放流,0.47651199999999994
9.105,0.27628579170774265,medium_H,有放流,0.47651199999999994
9.11,0.2757337097163828,medium_H,有放流,0.47651199999999994
9.115,0.2751827342213812,medium_H,有放流,0.47651199999999994
9.120000000000001,0.27463286299851997,medium_H,有放流,0.47651199999999994
9.125,0.27408409382768634,medium_H,有放流,0.47651199999999994
9.13,0.2735364244928721,medium_H,有放流,0.47651199999999994
9.135,0.27298985278217497,medium_H,有放流,0.47651199999999994
9.14,0.2724443764877971,medium_H,有放流,0.47651199999999994
9.145,0.2718999934060467,medium_H,有放流,0.47651199999999994
9.15,0.27135670133733614,medium_H,有放流,0.47651199999999994
9.155,0.2708144980861839,medium_H,有放流,0.47651199999999994
9.16,0.2702733814612129,medium_H,有放流,0.47651199999999994
9.165000000000001,0.26973334927515163,medium_H,有放流,0.47651199999999994
9.17,0.26919439934483397,medium_H,有放流,0.47651199999999994
9.175,0.2686565294911982,medium_H,有放流,0.47651199999999994
9.18,0.26811973753928875,medium_H,有放流,0.47651199999999994
9.185,0.2675840213182542,medium_H,有放流,0.47651199999999994
9.19,0.2670493786613493,medium_H,有放流,0.47651199999999994
9.195,0.2665158074059331,medium_H,有放流,0.47651199999999994
9.200000000000001,0.2659833053934704,medium_H,有放流,0.47651199999999994
9.205,0.2654518704695312,medium_H,有放流,0.47651199999999994
9.21,0.26492150048379015,medium_H,有放流,0.47651199999999994
9.215,0.26439219329002767,medium_H,有放流,0.47651199999999994
9.22,0.2638639467461288,medium_H,有放流,0.47651199999999994
9.225,0.2633367587140843,medium_H,有放流,0.47651199999999994
9.23,0.2628106270599896,medium_H,有放流,0.47651199999999994
9.235,0.26228554965404577,medium_H,有放流,0.47651199999999994
9.24,0.26176152437055855,medium_H,有放流,0.47651199999999994
9.245000000000001,0.26123854908793925,medium_H,有放流,0.47651199999999994
9.25,0.26071662168870446,medium_H,有放流,0.47651199999999994
9.255,0.2601957400594754,medium_H,有放流,0.47651199999999994
9.26,0.259675902090979,medium_H,有放流,0.47651199999999994
9.265,0.25915710567804695,medium_H,有放流,0.47651199999999994
9.27,0.2586393487196166,medium_H,有放流,0.47651199999999994
9.275,0.2581226291187297,medium_H,有放流,0.47651199999999994
9.28,0.2576069447825342,medium_H,有放流,0.47651199999999994
9.285,0.2570922936222822,medium_H,有放流,0.47651199999999994
9.290000000000001,0.2565786735533317,medium_H,有放流,0.47651199999999994
9.295,0.25606608249514573,medium_H,有放流,0.47651199999999994
9.3,0.2555545183712921,medium_H,有放流,0.47651199999999994
9.305,0.25504397910944443,medium_H,有放流,0.47651199999999994
9.31,0.2545344626413808,medium_H,有放流,0.47651199999999994
9.315,0.2540259669029852,medium_H,有放流,0.47651199999999994
9.32,0.25351848983424596,medium_H,有放流,0.47651199999999994
9.325000000000001,0.2530120293792574,medium_H,有放流,0.47651199999999994
9.33,0.25250658348621874,medium_H,有放流,0.47651199999999994
9.335,0.252002150107434,medium_H,有放流,0.47651199999999994
9.34,0.2514987271993129,medium_H,有放流,0.47651199999999994
9.345,0.2509963127223699,medium_H,有放流,0.47651199999999994
9.35,0.25049490464122504,medium_H,有放流,0.47651199999999994
9.355,0.24999450092460312,medium_H,有放流,0.47651199999999994
9.36,0.2494950995453346,medium_H,有放流,0.47651199999999994
9.365,0.24899669848035452,medium_H,有放流,0.47651199999999994
9.370000000000001,0.24849929571070356,medium_H,有放流,0.47651199999999994
9.375,0.24800288922152763,medium_H,有放流,0.47651199999999994
9.38,0.2475074770020772,medium_H,有放流,0.47651199999999994
9.385,0.24701305704570875,medium_H,有放流,0.47651199999999994
9.39,0.24651962734988309,medium_H,有放流,0.47651199999999994
9.395,0.246027185916167,medium_H,有放流,0.47651199999999994
9.4,0.24553573075023172,medium_H,有放流,0.47651199999999994
9.405,0.24504525986185433,medium_H,有放流,0.47651199999999994
9.41,0.2445557712649164,medium_H,有放流,0.47651199999999994
9.415000000000001,0.2440672629774052,medium_H,有放流,0.47651199999999994
9.42,0.24357973302141317,medium_H,有放流,0.47651199999999994
9.425,0.2430931794231374,medium_H,有放流,0.47651199999999994
9.43,0.2426076002128809,medium_H,有放流,0.47651199999999994
9.435,0.24212299342505106,medium_H,有放流,0.47651199999999994
9.44,0.24163935709816117,medium_H,有放流,0.47651199999999994
9.445,0.24115668927482908,medium_H,有放流,0.47651199999999994
9.450000000000001,0.24067498800177828,medium_H,有放流,0.47651199999999994
9.455,0.2401942513298374,medium_H,有放流,0.47651199999999994
9.46,0.23971447731393974,medium_H,有放流,0.47651199999999994
9.465,0.2392356640131245,medium_H,有放流,0.47651199999999994
9.47,0.23875780949053532,medium_H,有放流,0.47651199999999994
9.475,0.23828091181342176,medium_H,有放流,0.47651199999999994
9.48,0.2378049690531378,medium_H,有放流,0.47651199999999994
9.485,0.23732997928514332,medium_H,有放流,0.47651199999999994
9.49,0.23685594058900267,medium_H,有放流,0.47651199999999994
9.495000000000001,0.23638285104838588,medium_H,有放流,0.47651199999999994
9.5,0.23591070875106823,medium_H,有放流,0.47651199999999994
9.505,0.23543951178892958,medium_H,有放流,0.47651199999999994
9.51,0.2349692582579556,medium_H,有放流,0.47651199999999994
9.515,0.2344999462582366,medium_H,有放流,0.47651199999999994
9.52,0.23403157389396861,medium_H,有放流,0.47651199999999994
9.525,0.23356413927345226,medium_H,有放流,0.47651199999999994
9.53,0.23309764050909393,medium_H,有放流,0.47651199999999994
9.535,0.2326320757174046,medium_H,有放流,0.47651199999999994
9.540000000000001,0.23216744301900083,medium_H,有放流,0.47651199999999994
9.545,0.2317037405386044,medium_H,有放流,0.47651199999999994
9.55,0.2312409664050418,medium_H,有放流,0.47651199999999994
9.555,0.2307791187485711,medium_H,有放流,0.47651199999999994
9.56,0.23031819569768483,medium_H,有放流,0.47651199999999994
9.565,0.22985819539991262,medium_H,有放流,0.47651199999999994
9.57,0.2293991160078791,medium_H,有放流,0.47651199999999994
9.575000000000001,0.2289409556775693,medium_H,有放流,0.47651199999999994
9.58,0.228483712568328,medium_H,有放流,0.47651199999999994
9.585,0.22802738484285934,medium_H,有放流,0.47651199999999994
9.59,0.22757197066722792,medium_H,有放流,0.47651199999999994
9.595,0.2271174682108576,medium_H,有放流,0.47651199999999994
9.6,0.22666387564653254,medium_H,有放流,0.47651199999999994
9.605,0.22621119115039623,medium_H,有放流,0.47651199999999994
9.61,0.2257594129019525,medium_H,有放流,0.47651199999999994
9.615,0.22530853908406448,medium_H,有放流,0.47651199999999994
9.620000000000001,0.2248585678829555,medium_H,有放流,0.47651199999999994
9.625,0.22440949748820874,medium_H,有放流,0.47651199999999994
9.63,0.22396132609276675,medium_H,有放流,0.47651199999999994
9.635,0.2235140518929325,medium_H,有放流,0.47651199999999994
9.64,0.2230676730883682,medium_H,有放流,0.47651199999999994
9.645,0.22262218788209642,medium_H,有放流,0.47651199999999994
9.65,0.22217759448049898,medium_H,有放流,0.47651199999999994
9.655,0.22173389109331818,medium_H,有放流,0.47651199999999994
9.66,0.2212910759336554,medium_H,有放流,0.47651199999999994
9.665000000000001,0.22084914721797247,medium_H,有放流,0.47651199999999994
9.67,0.2204081031660909,medium_H,有放流,0.47651199999999994
9.675,0.21996794200119163,medium_H,有放流,0.47651199999999994
9.68,0.21952866194981602,medium_H,有放流,0.47651199999999994
9.685,0.2190902612418646,medium_H,有放流,0.47651199999999994
9.69,0.21865273811059835,medium_H,有放流,0.47651199999999994
9.695,0.2182160907926375,medium_H,有放流,0.47651199999999994
9.700000000000001,0.21778031752796256,medium_H,有放流,0.47651199999999994
9.705,0.2173454165599138,medium_H,有放流,0.47651199999999994
9.71,0.21691138613519084,medium_H,有放流,0.47651199999999994
9.715,0.21647822450385382,medium_H,有放流,0.47651199999999994
9.72,0.216045929919322,medium_H,有放流,0.47651199999999994
9.725,0.21561450063837517,medium_H,有放流,0.47651199999999994
9.73,0.21518393492115223,medium_H,有放流,0.47651199999999994
9.735,0.21475423103115257,medium_H,有放流,0.47651199999999994
9.74,0.21432538723523473,medium_H,有放流,0.47651199999999994
9.745000000000001,0.21389740180361763,medium_H,有放流,0.47651199999999994
9.75,0.2134702730098799,medium_H,有放流,0.47651199999999994
9.755,0.2130439991309596,medium_H,有放流,0.47651199999999994
9.76,0.21261857844715518,medium_H,有放流,0.47651199999999994
9.765,0.21219400924212434,medium_H,有放流,0.47651199999999994
9.77,0.2117702898028852,medium_H,有放流,0.47651199999999994
9.775,0.21134741841981505,medium_H,有放流,0.47651199999999994
9.78,0.21092539338665164,medium_H,有放流,0.47651199999999994
9.785,0.210504213000492,medium_H,有放流,0.47651199999999994
9.790000000000001,0.21008387556179325,medium_H,有放流,0.47651199999999994
9.795,0.20966437937437254,medium_H,有放流,0.47651199999999994
9.8,0.20924572274540626,medium_H,有放流,0.47651199999999994
9.805,0.20882790398543127,medium_H,有放流,0.47651199999999994
9.81,0.20841092140834358,medium_H,有放流,0.47651199999999994
9.815,0.20799477333139976,medium_H,有放流,0.47651199999999994
9.82,0.20757945807521544,medium_H,有放流,0.47651199999999994
9.825000000000001,0.20716497396376662,medium_H,有放流,0.47651199999999994
9.83,0.20675131932438912,medium_H,有放流,0.47651199999999994
9.835,0.20633849248777805,medium_H,有放流,0.47651199999999994
9.84,0.20592649178798905,medium_H,有放流,0.47651199999999994
9.845,0.20551531556243688,medium_H,有放流,0.47651199999999994
9.85,0.2051049621518968,medium_H,有放流,0.47651199999999994
9.855,0.20469542990050324,medium_H,有放流,0.47651199999999994
9.86,0.20428671715575103,medium_H,有放流,0.47651199999999994
9.865,0.2038788222684943,medium_H,有放流,0.47651199999999994
9.870000000000001,0.2034717435929474,medium_H,有放流,0.47651199999999994
9.875,0.20306547948668446,medium_H,有放流,0.47651199999999994
9.88,0.20266002831063906,medium_H,有放流,0.47651199999999994
9.885,0.20225538842910518,medium_H,有放流,0.47651199999999994
9.89,0.20185155820973594,medium_H,有放流,0.47651199999999994
9.895,0.201448536023545,medium_H,有放流,0.47651199999999994
9.9,0.20104632024490518,medium_H,有放流,0.47651199999999994
9.905,0.20064490925154968,medium_H,有放流,0.47651199999999994
9.91,0.200244301424571,medium_H,有放流,0.47651199999999994
9.915000000000001,0.1998444951484219,medium_H,有放流,0.47651199999999994
9.92,0.19944548881091484,medium_H,有放流,0.47651199999999994
9.925,0.19904728080322182,medium_H,有放流,0.47651199999999994
9.93,0.19864986951987515,medium_H,有放流,0.47651199999999994
9.935,0.19825325335876642,medium_H,有放流,0.47651199999999994
9.94,0.1978574307211476,medium_H,有放流,0.47651199999999994
9.945,0.19746240001162987,medium_H,有放流,0.47651199999999994
9.950000000000001,0.19706815963818472,medium_H,有放流,0.47651199999999994
9.955,0.19667470801214343,medium_H,有放流,0.47651199999999994
9.96,0.1962820435481967,medium_H,有放流,0.47651199999999994
9.965,0.19589016466439557,medium_H,有放流,0.47651199999999994
9.97,0.19549906978215037,medium_H,有放流,0.47651199999999994
9.975,0.19510875732623179,medium_H,有放流,0.47651199999999994
9.98,0.1947192257247698,medium_H,有放流,0.47651199999999994
9.985,0.19433047340925472,medium_H,有放流,0.47651199999999994
9.99,0.19394249881453618,medium_H,有放流,0.47651199999999994
9.995000000000001,0.19355530037882404,medium_H,有放流,0.47651199999999994
10.0,0.19316887654368792,medium_H,有放流,0.47651199999999994
0.0,1.2,high_H,无放流,0.7482800000000001
0.005,1.1961147839885944,high_H,无放流,0.7482800000000001
0.01,1.192242246161092,high_H,无放流,0.7482800000000001
0.015,1.1883823445060173,high_H,无放流,0.7482800000000001
0.02,1.1845350371545953,high_H,无放流,0.7482800000000001
0.025,1.18070028238075,high_H,无放流,0.7482800000000001
0.03,1.1768780384036435,high_H,无放流,0.7482800000000001
0.035,1.1730682627792701,high_H,无放流,0.7482800000000001
0.04,1.1692709142516304,high_H,无放流,0.7482800000000001
0.045,1.1654859518656575,high_H,无放流,0.7482800000000001
0.05,1.161713334791172,high_H,无放流,0.7482800000000001
0.055,1.157953022322883,high_H,无放流,0.7482800000000001
0.06,1.1542049738803881,high_H,无放流,0.7482800000000001
0.065,1.1504691490081722,high_H,无放流,0.7482800000000001
0.07,1.1467455073756083,high_H,无放流,0.7482800000000001
0.075,1.143034008776958,high_H,无放流,0.7482800000000001
0.08,1.1393346131313706,high_H,无放流,0.7482800000000001
0.085,1.1356472804828837,high_H,无放流,0.7482800000000001
0.09,1.1319719710004224,high_H,无放流,0.7482800000000001
0.095,1.1283086449778006,high_H,无放流,0.7482800000000001
0.1,1.12465726283372,high_H,无放流,0.7482800000000001
0.105,1.1210177851117697,high_H,无放流,0.7482800000000001
0.11,1.117390172480428,high_H,无放流,0.7482800000000001
0.115,1.1137743857330604,high_H,无放流,0.7482800000000001
0.12,1.110170385787921,high_H,无放流,0.7482800000000001
0.125,1.1065781336881515,high_H,无放流,0.7482800000000001
0.13,1.1029975906017822,high_H,无放流,0.7482800000000001
0.135,1.0994287178217306,high_H,无放流,0.7482800000000001
0.14,1.095871476765803,high_H,无放流,0.7482800000000001
0.145,1.092325828976694,high_H,无放流,0.7482800000000001
0.15,1.0887917361219852,high_H,无放流,0.7482800000000001
0.155,1.0852691599941473,high_H,无放流,0.7482800000000001
0.16,1.0817580625105385,high_H,无放流,0.7482800000000001
0.165,1.078258405713405,high_H,无放流,0.7482800000000001
0.17,1.0747701517698816,high_H,无放流,0.7482800000000001
0.17500000000000002,1.0712932629719907,high_H,无放流,0.7482800000000001
0.18,1.0678277017366427,high_H,无放流,0.7482800000000001
0.185,1.0643734306056365,high_H,无放流,0.7482800000000001
0.19,1.0609304122456586,high_H,无放流,0.7482800000000001
0.195,1.057498609448284,high_H,无放流,0.7482800000000001
0.2,1.0540779851299755,high_H,无放流,0.7482800000000001
0.20500000000000002,1.0506685023320836,high_H,无放流,0.7482800000000001
0.21,1.0472701242208478,high_H,无放流,0.7482800000000001
0.215,1.0438828140873946,high_H,无放流,0.7482800000000001
0.22,1.0405065353477392,high_H,无放流,0.7482800000000001
0.225,1.0371412515427851,high_H,无放流,0.7482800000000001
0.23,1.033786926338323,high_H,无放流,0.7482800000000001
0.23500000000000001,1.0304435235250324,high_H,无放流,0.7482800000000001
0.24,1.0271110070184808,high_H,无放流,0.7482800000000001
0.245,1.023789340859123,high_H,无放流,0.7482800000000001
0.25,1.0204784892123029,high_H,无放流,0.7482800000000001
0.255,1.0171784163682518,high_H,无放流,0.7482800000000001
0.26,1.0138890867420893,high_H,无放流,0.7482800000000001
0.265,1.0106104648738232,high_H,无放流,0.7482800000000001
0.27,1.0073425154283489,high_H,无放流,0.7482800000000001
0.275,1.0040852031954501,high_H,无放流,0.7482800000000001
0.28,1.0008384930897989,high_H,无放流,0.7482800000000001
0.28500000000000003,0.9976023501509548,high_H,无放流,0.7482800000000001
0.29,0.994376739543366,high_H,无放流,0.7482800000000001
0.295,0.9911616265563683,high_H,无放流,0.7482800000000001
0.3,0.9879569766041858,high_H,无放流,0.7482800000000001
0.305,0.9847627545732767,high_H,无放流,0.7482800000000001
0.31,0.9815789245622045,high_H,无放流,0.7482800000000001
0.315,0.9784054525343224,high_H,无放流,0.7482800000000001
0.32,0.975242304644386,high_H,无放流,0.7482800000000001
0.325,0.97208944714578,high_H,无放流,0.7482800000000001
0.33,0.9689468463905185,high_H,无放流,0.7482800000000001
0.335,0.9658144688292443,high_H,无放流,0.7482800000000001
0.34,0.9626922810112292,high_H,无放流,0.7482800000000001
0.34500000000000003,0.9595802495843742,high_H,无放流,0.7482800000000001
0.35000000000000003,0.9564783412952094,high_H,无放流,0.7482800000000001
0.355,0.9533865229888937,high_H,无放流,0.7482800000000001
0.36,0.9503047616092154,high_H,无放流,0.7482800000000001
0.365,0.9472330241985915,high_H,无放流,0.7482800000000001
0.37,0.9441712778980681,high_H,无放流,0.7482800000000001
0.375,0.9411194899473205,high_H,无放流,0.7482800000000001
0.38,0.938077627684653,high_H,无放流,0.7482800000000001
0.385,0.935045658546999,high_H,无放流,0.7482800000000001
0.39,0.9320235500699205,high_H,无放流,0.7482800000000001
0.395,0.9290112698876093,high_H,无放流,0.7482800000000001
0.4,0.9260087857328855,high_H,无放流,0.7482800000000001
0.405,0.9230160654371988,high_H,无放流,0.7482800000000001
0.41000000000000003,0.9200330769306276,high_H,无放流,0.7482800000000001
0.41500000000000004,0.9170597882418795,high_H,无放流,0.7482800000000001
0.42,0.914096167498291,high_H,无放流,0.7482800000000001
0.425,0.9111421829258279,high_H,无放流,0.7482800000000001
0.43,0.9081978028490848,high_H,无放流,0.7482800000000001
0.435,0.9052629956912854,high_H,无放流,0.7482800000000001
0.44,0.9023377299742826,high_H,无放流,0.7482800000000001
0.445,0.8994219743185581,high_H,无放流,0.7482800000000001
0.45,0.8965156974432228,high_H,无放流,0.7482800000000001
0.455,0.8936188681660164,high_H,无放流,0.7482800000000001
0.46,0.8907314554033081,high_H,无放流,0.7482800000000001
0.465,0.8878534281700958,high_H,无放流,0.7482800000000001
0.47000000000000003,0.8849847555800066,high_H,无放流,0.7482800000000001
0.47500000000000003,0.8821254068452964,high_H,无放流,0.7482800000000001
0.48,0.8792753512768504,high_H,无放流,0.7482800000000001
0.485,0.8764345582841828,high_H,无放流,0.7482800000000001
0.49,0.8736029973754367,high_H,无放流,0.7482800000000001
0.495,0.8707806381573843,high_H,无放流,0.7482800000000001
0.5,0.8679674503354269,high_H,无放流,0.7482800000000001
0.505,0.8651634037135949,high_H,无放流,0.7482800000000001
0.51,0.8623684681945477,high_H,无放流,0.7482800000000001
0.515,0.8595826137795737,high_H,无放流,0.7482800000000001
0.52,0.8568058105685901,high_H,无放流,0.7482800000000001
0.525,0.8540380287601437,high_H,无放流,0.7482800000000001
0.53,0.8512792386514099,high_H,无放流,0.7482800000000001
0.535,0.8485294106381932,high_H,无放流,0.7482800000000001
0.54,0.8457885152149273,high_H,无放流,0.7482800000000001
0.545,0.8430565229746748,high_H,无放流,0.7482800000000001
0.55,0.8403334046091276,high_H,无放流,0.7482800000000001
0.555,0.8376191309086062,high_H,无放流,0.7482800000000001
0.56,0.8349136727620605,high_H,无放流,0.7482800000000001
0.5650000000000001,0.8322170011570694,high_H,无放流,0.7482800000000001
0.5700000000000001,0.8295290871798406,high_H,无放流,0.7482800000000001
0.5750000000000001,0.8268499020152111,high_H,无放流,0.7482800000000001
0.58,0.824179416946647,high_H,无放流,0.7482800000000001
0.585,0.821517603356243,high_H,无放流,0.7482800000000001
0.59,0.8188644327247233,high_H,无放流,0.7482800000000001
0.595,0.816219876631441,high_H,无放流,0.7482800000000001
0.6,0.8135839067543782,high_H,无放流,0.7482800000000001
0.605,0.8109564948701461,high_H,无放流,0.7482800000000001
0.61,0.8083376128539849,high_H,无放流,0.7482800000000001
0.615,0.8057272326797638,high_H,无放流,0.7482800000000001
0.62,0.803125326419981,high_H,无放流,0.7482800000000001
0.625,0.8005318662457641,high_H,无放流,0.7482800000000001
0.63,0.7979468244268694,high_H,无放流,0.7482800000000001
0.635,0.795370173331682,high_H,无放流,0.7482800000000001
0.64,0.792801885427217,high_H,无放流,0.7482800000000001
0.645,0.7902419332791173,high_H,无放流,0.7482800000000001
0.65,0.7876902895516557,high_H,无放流,0.7482800000000001
0.655,0.7851469270077338,high_H,无放流,0.7482800000000001
0.66,0.7826118184594372,high_H,无放流,0.7482800000000001
0.665,0.7800849359563924,high_H,无放流,0.7482800000000001
0.67,0.777566252374686,high_H,无放流,0.7482800000000001
0.675,0.7750557410636426,high_H,无放流,0.7482800000000001
0.68,0.772553375449526,high_H,无放流,0.7482800000000001
0.685,0.7700591290355393,high_H,无放流,0.7482800000000001
0.6900000000000001,0.7675729754018251,high_H,无放流,0.7482800000000001
0.6950000000000001,0.7650948882054655,high_H,无放流,0.7482800000000001
0.7000000000000001,0.7626248411804817,high_H,无放流,0.7482800000000001
0.705,0.7601628081378347,high_H,无放流,0.7482800000000001
0.71,0.7577087629654243,high_H,无放流,0.7482800000000001
0.715,0.7552626796280906,high_H,无放流,0.7482800000000001
0.72,0.7528245321676121,high_H,无放流,0.7482800000000001
0.725,0.7503942947027075,high_H,无放流,0.7482800000000001
0.73,0.7479719414290344,high_H,无放流,0.7482800000000001
0.735,0.74555744661919,high_H,无放流,0.7482800000000001
0.74,0.7431507846227109,high_H,无放流,0.7482800000000001
0.745,0.740751929866073,high_H,无放流,0.7482800000000001
0.75,0.7383608568526917,high_H,无放流,0.7482800000000001
0.755,0.7359775401629217,high_H,无放流,0.7482800000000001
0.76,0.7336019544540573,high_H,无放流,0.7482800000000001
0.765,0.7312340744603318,high_H,无放流,0.7482800000000001
0.77,0.7288738749929184,high_H,无放流,0.7482800000000001
0.775,0.7265213309399293,high_H,无放流,0.7482800000000001
0.78,0.7241764172664162,high_H,无放流,0.7482800000000001
0.785,0.7218391090143703,high_H,无放流,0.7482800000000001
0.79,0.7195093813027222,high_H,无放流,0.7482800000000001
0.795,0.7171872093273417,high_H,无放流,0.7482800000000001
0.8,0.7148725683610383,high_H,无放流,0.7482800000000001
0.805,0.7125654337535605,high_H,无放流,0.7482800000000001
0.81,0.7102657809315966,high_H,无放流,0.7482800000000001
0.8150000000000001,0.7079735853987741,high_H,无放流,0.7482800000000001
0.8200000000000001,0.7056888227356598,high_H,无放流,0.7482800000000001
0.8250000000000001,0.7034114685997601,high_H,无放流,0.7482800000000001
0.8300000000000001,0.7011414987255207,high_H,无放流,0.7482800000000001
0.835,0.6988788889243268,high_H,无放流,0.7482800000000001
0.84,0.6966236150845028,high_H,无放流,0.7482800000000001
0.845,0.6943756531713124,high_H,无放流,0.7482800000000001
0.85,0.6921349792269593,high_H,无放流,0.7482800000000001
0.855,0.6899015693705861,high_H,无放流,0.7482800000000001
0.86,0.6876753997982746,high_H,无放流,0.7482800000000001
0.865,0.6854564467830466,high_H,无放流,0.7482800000000001
0.87,0.6832446866748629,high_H,无放流,0.7482800000000001
0.875,0.6810400959006239,high_H,无放流,0.7482800000000001
0.88,0.678842650964169,high_H,无放流,0.7482800000000001
0.885,0.6766523284462774,high_H,无放流,0.7482800000000001
0.89,0.6744691050046677,high_H,无放流,0.7482800000000001
0.895,0.6722929573739977,high_H,无放流,0.7482800000000001
0.9,0.6701238623658646,high_H,无放流,0.7482800000000001
0.905,0.6679617968688052,high_H,无放流,0.7482800000000001
0.91,0.6658067378482955,high_H,无放流,0.7482800000000001
0.915,0.6636586623467509,high_H,无放流,0.7482800000000001
0.92,0.6615175474835263,high_H,无放流,0.7482800000000001
0.925,0.659383370454916,high_H,无放流,0.7482800000000001
0.93,0.6572561085341536,high_H,无放流,0.7482800000000001
0.935,0.6551357390714123,high_H,无放流,0.7482800000000001
0.9400000000000001,0.6530222394938043,high_H,无放流,0.7482800000000001
0.9450000000000001,0.6509155873053816,high_H,无放流,0.7482800000000001
0.9500000000000001,0.6488157600871355,high_H,无放流,0.7482800000000001
0.9550000000000001,0.6467227354969964,high_H,无放流,0.7482800000000001
0.96,0.6446364912698348,high_H,无放流,0.7482800000000001
0.965,0.6425570052174596,high_H,无放流,0.7482800000000001
0.97,0.6404842552286198,high_H,无放流,0.7482800000000001
0.975,0.6384182192690039,high_H,无放流,0.7482800000000001
0.98,0.6363588753812393,high_H,无放流,0.7482800000000001
0.985,0.6343062016848928,high_H,无放流,0.7482800000000001
0.99,0.6322601763764714,high_H,无放流,0.7482800000000001
0.995,0.6302207777294204,high_H,无放流,0.7482800000000001
1.0,0.6281879840941251,high_H,无放流,0.7482800000000001
1.0050000000000001,0.6261617738979104,high_H,无放流,0.7482800000000001
1.01,0.62414212564504,high_H,无放流,0.7482800000000001
1.0150000000000001,0.6221290179167174,high_H,无放流,0.7482800000000001
1.02,0.620122428896903,high_H,无放流,0.7482800000000001
1.025,0.6181223368585875,high_H,无放流,0.7482800000000001
1.03,0.6161287207709043,high_H,无放流,0.7482800000000001
1.035,0.6141415596644767,high_H,无放流,0.7482800000000001
1.04,0.6121608326301582,high_H,无放流,0.7482800000000001
1.045,0.610186518819034,high_H,无放流,0.7482800000000001
1.05,0.6082185974424197,high_H,无放流,0.7482800000000001
1.055,0.6062570477718622,high_H,无放流,0.7482800000000001
1.06,0.6043018491391392,high_H,无放流,0.7482800000000001
1.065,0.6023529809362597,high_H,无放流,0.7482800000000001
1.07,0.600410422615463,high_H,无放流,0.7482800000000001
1.075,0.5984741536892202,high_H,无放流,0.7482800000000001
1.08,0.5965441537302326,high_H,无放流,0.7482800000000001
1.085,0.5946204023714331,high_H,无放流,0.7482800000000001
1.09,0.5927028793059852,high_H,无放流,0.7482800000000001
1.095,0.5907915642872835,high_H,无放流,0.7482800000000001
1.1,0.5888864371289535,high_H,无放流,0.7482800000000001
1.105,0.5869874777048518,high_H,无放流,0.7482800000000001
1.11,0.5850946659490658,high_H,无放流,0.7482800000000001
1.115,0.583207981855914,high_H,无放流,0.7482800000000001
1.12,0.5813274054799459,high_H,无放流,0.7482800000000001
1.125,0.5794529169359418,high_H,无放流,0.7482800000000001
1.1300000000000001,0.5775844963989132,high_H,无放流,0.7482800000000001
1.135,0.5757221241041024,high_H,无放流,0.7482800000000001
1.1400000000000001,0.5738657803469825,high_H,无放流,0.7482800000000001
1.145,0.5720154454832582,high_H,无放流,0.7482800000000001
1.1500000000000001,0.5701710999288645,high_H,无放流,0.7482800000000001
1.155,0.5683327241599677,high_H,无放流,0.7482800000000001
1.16,0.566500298712965,high_H,无放流,0.7482800000000001
1.165,0.5646738041844845,high_H,无放流,0.7482800000000001
1.17,0.5628532212313856,high_H,无放流,0.7482800000000001
1.175,0.5610385305707581,high_H,无放流,0.7482800000000001
1.18,0.5592297129799234,high_H,无放流,0.7482800000000001
1.185,0.5574267492964333,high_H,无放流,0.7482800000000001
1.19,0.5556296204180712,high_H,无放流,0.7482800000000001
1.195,0.5538383073028507,high_H,无放流,0.7482800000000001
1.2,0.5520527909690169,high_H,无放流,0.7482800000000001
1.205,0.5502730524950459,high_H,无放流,0.7482800000000001
1.21,0.5484990730196446,high_H,无放流,0.7482800000000001
1.215,0.5467308337417508,high_H,无放流,0.7482800000000001
1.22,0.5449683159205334,high_H,无放流,0.7482800000000001
1.225,0.5432115008753923,high_H,无放流,0.7482800000000001
1.23,0.5414603699859581,high_H,无放流,0.7482800000000001
1.235,0.5397149046920929,high_H,无放流,0.7482800000000001
1.24,0.5379750864938894,high_H,无放流,0.7482800000000001
1.245,0.5362408969516711,high_H,无放流,0.7482800000000001
1.25,0.5345123176859929,high_H,无放流,0.7482800000000001
1.2550000000000001,0.5327893303776403,high_H,无放流,0.7482800000000001
1.26,0.5310719167676302,high_H,无放流,0.7482800000000001
1.2650000000000001,0.52936005865721,high_H,无放流,0.7482800000000001
1.27,0.5276537379078585,high_H,无放流,0.7482800000000001
1.2750000000000001,0.5259529364412849,high_H,无放流,0.7482800000000001
1.28,0.5242576362394301,high_H,无放流,0.7482800000000001
1.285,0.5225678193444655,high_H,无放流,0.7482800000000001
1.29,0.5208834678587935,high_H,无放流,0.7482800000000001
1.295,0.5192045639450475,high_H,无放流,0.7482800000000001
1.3,0.5175310898260921,high_H,无放流,0.7482800000000001
1.305,0.5158630277850225,high_H,无放流,0.7482800000000001
1.31,0.5142003601651651,high_H,无放流,0.7482800000000001
1.315,0.5125430693700774,high_H,无放流,0.7482800000000001
1.32,0.5108911378635476,high_H,无放流,0.7482800000000001
1.325,0.5092445481695949,high_H,无放流,0.7482800000000001
1.33,0.5076032828724696,high_H,无放流,0.7482800000000001
1.335,0.505967324616653,high_H,无放流,0.7482800000000001
1.34,0.5043366561068572,high_H,无放流,0.7482800000000001
1.345,0.5027112601080254,high_H,无放流,0.7482800000000001
1.35,0.5010911194453317,high_H,无放流,0.7482800000000001
1.355,0.4994762170041813,high_H,无放流,0.7482800000000001
1.36,0.4978665357302101,high_H,无放流,0.7482800000000001
1.365,0.4962620586292854,high_H,无放流,0.7482800000000001
1.37,0.49466276876750503,high_H,无放流,0.7482800000000001
1.375,0.4930686491722276,high_H,无放流,0.7482800000000001
1.3800000000000001,0.4914796824582556,high_H,无放流,0.7482800000000001
1.385,0.4898958518893329,high_H,无放流,0.7482800000000001
1.3900000000000001,0.48831714089161726,high_H,无放流,0.7482800000000001
1.395,0.48674353293854056,high_H,无放流,0.7482800000000001
1.4000000000000001,0.4851750115508085,high_H,无放流,0.7482800000000001
1.405,0.4836115602964008,high_H,无放流,0.7482800000000001
1.41,0.4820531627905711,high_H,无放流,0.7482800000000001
1.415,0.4804998026958468,high_H,无放流,0.7482800000000001
1.42,0.4789514637220296,high_H,无放流,0.7482800000000001
1.425,0.4774081296261948,high_H,无放流,0.7482800000000001
1.43,0.4758697842126919,high_H,无放流,0.7482800000000001
1.435,0.47433641133314397,high_H,无放流,0.7482800000000001
1.44,0.47280799488644853,high_H,无放流,0.7482800000000001
1.445,0.47128451881877653,high_H,无放流,0.7482800000000001
1.45,0.4697659671235733,high_H,无放流,0.7482800000000001
1.455,0.4682523238415578,high_H,无放流,0.7482800000000001
1.46,0.466743573060723,high_H,无放流,0.7482800000000001
1.465,0.4652396989163359,high_H,无放流,0.7482800000000001
1.47,0.4637406855909373,high_H,无放流,0.7482800000000001
1.475,0.462246517314342,high_H,无放流,0.7482800000000001
1.48,0.46075717836363894,high_H,无放流,0.7482800000000001
1.485,0.45927265306319054,high_H,无放流,0.7482800000000001
1.49,0.45779292578463365,high_H,无放流,0.7482800000000001
1.495,0.4563179809468787,high_H,无放流,0.7482800000000001
1.5,0.4548478030161102,high_H,无放流,0.7482800000000001
1.5050000000000001,0.4533823765057866,high_H,无放流,0.7482800000000001
1.51,0.45192168597664034,high_H,无放流,0.7482800000000001
1.5150000000000001,0.4504657160366776,high_H,无放流,0.7482800000000001
1.52,0.44901445134117884,high_H,无放流,0.7482800000000001
1.5250000000000001,0.44756787659269803,high_H,无放流,0.7482800000000001
1.53,0.4461259765410634,high_H,无放流,0.7482800000000001
1.5350000000000001,0.444688735983377,high_H,无放流,0.7482800000000001
1.54,0.44325613976401484,high_H,无放流,0.7482800000000001
1.545,0.4418281727746269,high_H,无放流,0.7482800000000001
1.55,0.44040481995413694,high_H,无放流,0.7482800000000001
1.555,0.43898606628874287,high_H,无放流,0.7482800000000001
1.56,0.4375718968119164,high_H,无放流,0.7482800000000001
1.565,0.4361622966044033,high_H,无放流,0.7482800000000001
1.57,0.43475725079422306,high_H,无放流,0.7482800000000001
1.575,0.43335674455666945,high_H,无放流,0.7482800000000001
1.58,0.43196076311430975,high_H,无放流,0.7482800000000001
1.585,0.43056929173698555,high_H,无放流,0.7482800000000001
1.59,0.42918231574181215,high_H,无放流,0.7482800000000001
1.595,0.42779982049317894,high_H,无放流,0.7482800000000001
1.6,0.4264217914027491,high_H,无放流,0.7482800000000001
1.605,0.4250482139294599,high_H,无放流,0.7482800000000001
1.61,0.4236790735795224,high_H,无放流,0.7482800000000001
1.615,0.42231435590642175,high_H,无放流,0.7482800000000001
1.62,0.4209540465109169,high_H,无放流,0.7482800000000001
1.625,0.4195981310410408,high_H,无放流,0.7482800000000001
1.6300000000000001,0.4182465951921004,high_H,无放流,0.7482800000000001
1.635,0.4168994247066764,high_H,无放流,0.7482800000000001
1.6400000000000001,0.4155566053746236,high_H,无放流,0.7482800000000001
1.645,0.4142181230330707,high_H,无放流,0.7482800000000001
1.6500000000000001,0.4128839635664204,high_H,无放流,0.7482800000000001
1.655,0.41155411290634925,high_H,无放流,0.7482800000000001
1.6600000000000001,0.4102285570318076,high_H,无放流,0.7482800000000001
1.665,0.40890728196902015,high_H,无放流,0.7482800000000001
1.67,0.40759027379148516,high_H,无放流,0.7482800000000001
1.675,0.4062775186199749,high_H,无放流,0.7482800000000001
1.68,0.4049690026225357,high_H,无放流,0.7482800000000001
1.685,0.4036647120144877,high_H,无放流,0.7482800000000001
1.69,0.4023646330584252,high_H,无放流,0.7482800000000001
1.695,0.40106875206421605,high_H,无放流,0.7482800000000001
1.7,0.39977705538900243,high_H,无放流,0.7482800000000001
1.705,0.3984895294372002,high_H,无放流,0.7482800000000001
1.71,0.39720616066049924,high_H,无放流,0.7482800000000001
1.715,0.3959269355578634,high_H,无放流,0.7482800000000001
1.72,0.39465184067553055,high_H,无放流,0.7482800000000001
1.725,0.39338086260701216,high_H,无放流,0.7482800000000001
1.73,0.3921139879930941,high_H,无放流,0.7482800000000001
1.735,0.3908512032620874,high_H,无放流,0.7482800000000001
1.74,0.38959249484666225,high_H,无放流,0.7482800000000001
1.745,0.3883378496273312,high_H,无放流,0.7482800000000001
1.75,0.3870872545246351,high_H,无放流,0.7482800000000001
1.7550000000000001,0.3858406964962968,high_H,无放流,0.7482800000000001
1.76,0.38459816253722157,high_H,无放流,0.7482800000000001
1.7650000000000001,0.3833596396794967,high_H,无放流,0.7482800000000001
1.77,0.38212511499239177,high_H,无放流,0.7482800000000001
1.7750000000000001,0.3808945755823584,high_H,无放流,0.7482800000000001
1.78,0.37966800859303074,high_H,无放流,0.7482800000000001
1.7850000000000001,0.3784454012052247,high_H,无放流,0.7482800000000001
1.79,0.3772267406369388,high_H,无放流,0.7482800000000001
1.795,0.3760120141433534,high_H,无放流,0.7482800000000001
1.8,0.37480120901683117,high_H,无放流,0.7482800000000001
1.805,0.3735943125869172,high_H,无放流,0.7482800000000001
1.81,0.3723913122203385,high_H,无放流,0.7482800000000001
1.815,0.37119219532100434,high_H,无放流,0.7482800000000001
1.82,0.36999694933000615,high_H,无放流,0.7482800000000001
1.825,0.36880556172561774,high_H,无放流,0.7482800000000001
1.83,0.3676180200232948,high_H,无放流,0.7482800000000001
1.835,0.36643431177567565,high_H,无放流,0.7482800000000001
1.84,0.3652544245725803,high_H,无放流,0.7482800000000001
1.845,0.3640783460410113,high_H,无放流,0.7482800000000001
1.85,0.36290606384515334,high_H,无放流,0.7482800000000001
1.855,0.3617375656863732,high_H,无放流,0.7482800000000001
1.86,0.36057283930321987,high_H,无放流,0.7482800000000001
1.865,0.35941187247142475,high_H,无放流,0.7482800000000001
1.87,0.358254653003901,high_H,无放流,0.7482800000000001
1.875,0.3571011687507445,high_H,无放流,0.7482800000000001
1.8800000000000001,0.3559514075992329,high_H,无放流,0.7482800000000001
1.885,0.35480535747382624,high_H,无放流,0.7482800000000001
1.8900000000000001,0.35366300633616665,high_H,无放流,0.7482800000000001
1.895,0.35252434218507867,high_H,无放流,0.7482800000000001
1.9000000000000001,0.35138935305656877,high_H,无放流,0.7482800000000001
1.905,0.35025802702382575,high_H,无放流,0.7482800000000001
1.9100000000000001,0.3491303521972205,high_H,无放流,0.7482800000000001
1.915,0.3480063167243064,high_H,无放流,0.7482800000000001
1.92,0.34688590878981856,high_H,无放流,0.7482800000000001
1.925,0.34576911661567467,high_H,无放流,0.7482800000000001
1.93,0.3446559284609745,high_H,无放流,0.7482800000000001
1.935,0.3435463326219998,high_H,无放流,0.7482800000000001
1.94,0.3424403174322149,high_H,无放流,0.7482800000000001
1.945,0.34133787126226606,high_H,无放流,0.7482800000000001
1.95,0.3402389825199818,high_H,无放流,0.7482800000000001
1.955,0.3391436396503728,high_H,无放流,0.7482800000000001
1.96,0.3380518311356321,high_H,无放流,0.7482800000000001
1.965,0.3369635454951346,high_H,无放流,0.7482800000000001
1.97,0.33587877128543775,high_H,无放流,0.7482800000000001
1.975,0.3347974971002809,high_H,无放流,0.7482800000000001
1.98,0.3337197115705859,high_H,无放流,0.7482800000000001
1.985,0.33264540336445647,high_H,无放流,0.7482800000000001
1.99,0.33157456118717876,high_H,无放流,0.7482800000000001
1.995,0.330507173781221,high_H,无放流,0.7482800000000001
2.0,0.32944322992623376,high_H,无放流,0.7482800000000001
2.005,0.32838271843904954,high_H,无放流,0.7482800000000001
2.0100000000000002,0.32732562817368316,high_H,无放流,0.7482800000000001
2.015,0.32627194802133186,high_H,无放流,0.7482800000000001
2.02,0.3252216669103747,high_H,无放流,0.7482800000000001
2.025,0.32417477380637316,high_H,无放流,0.7482800000000001
2.0300000000000002,0.32313125771207074,high_H,无放流,0.7482800000000001
2.035,0.32209110766739346,high_H,无放流,0.7482800000000001
2.04,0.3210543127494493,high_H,无放流,0.7482800000000001
2.045,0.3200208620725283,high_H,无放流,0.7482800000000001
2.05,0.31899074478810296,high_H,无放流,0.7482800000000001
2.055,0.31796395008482775,high_H,无放流,0.7482800000000001
2.06,0.3169404671885397,high_H,无放流,0.7482800000000001
2.065,0.3159202853622576,high_H,无放流,0.7482800000000001
2.07,0.3149033939061826,high_H,无放流,0.7482800000000001
2.075,0.313889782157698,high_H,无放流,0.7482800000000001
2.08,0.31287943949136965,high_H,无放流,0.7482800000000001
2.085,0.3118723553189451,high_H,无放流,0.7482800000000001
2.09,0.31086851907554136,high_H,无放流,0.7482800000000001
2.095,0.3098679199222335,high_H,无放流,0.7482800000000001
2.1,0.30887054730774877,high_H,无放流,0.7482800000000001
2.105,0.3078763908701056,high_H,无放流,0.7482800000000001
2.11,0.3068854402766164,high_H,无放流,0.7482800000000001
2.115,0.3058976852238876,high_H,无放流,0.7482800000000001
2.12,0.30491311543781957,high_H,无放流,0.7482800000000001
2.125,0.3039317206736064,high_H,无放流,0.7482800000000001
2.13,0.3029534907157363,high_H,无放流,0.7482800000000001
2.1350000000000002,0.30197841537799114,high_H,无放流,0.7482800000000001
2.14,0.30100648450344697,high_H,无放流,0.7482800000000001
2.145,0.3000376879644736,high_H,无放流,0.7482800000000001
2.15,0.2990720156627347,high_H,无放流,0.7482800000000001
2.1550000000000002,0.2981094575291879,high_H,无放流,0.7482800000000001
2.16,0.2971500035240848,high_H,无放流,0.7482800000000001
2.165,0.29619364363697087,high_H,无放流,0.7482800000000001
2.17,0.29524036788668545,high_H,无放流,0.7482800000000001
2.1750000000000003,0.29429016632136173,high_H,无放流,0.7482800000000001
2.18,0.29334302901842707,high_H,无放流,0.7482800000000001
2.185,0.29239894608460243,high_H,无放流,0.7482800000000001
2.19,0.2914579076559028,high_H,无放流,0.7482800000000001
2.195,0.2905199038976371,high_H,无放流,0.7482800000000001
2.2,0.2895849250044081,high_H,无放流,0.7482800000000001
2.205,0.2886529612001125,high_H,无放流,0.7482800000000001
2.21,0.2877240027379411,high_H,无放流,0.7482800000000001
2.215,0.2867980399003782,high_H,无放流,0.7482800000000001
2.22,0.28587506299920235,high_H,无放流,0.7482800000000001
2.225,0.2849550623754859,high_H,无放流,0.7482800000000001
2.23,0.284038028399595,high_H,无放流,0.7482800000000001
2.235,0.28312395147118996,high_H,无放流,0.7482800000000001
2.24,0.2822128220192247,high_H,无放流,0.7482800000000001
2.245,0.28130463050194726,high_H,无放流,0.7482800000000001
2.25,0.2803993674068996,high_H,无放流,0.7482800000000001
2.255,0.27949702325091735,high_H,无放流,0.7482800000000001
2.2600000000000002,0.2785975885801302,high_H,无放流,0.7482800000000001
2.265,0.2777010539699619,high_H,无放流,0.7482800000000001
2.27,0.2768074100251299,high_H,无放流,0.7482800000000001
2.275,0.27591664737964555,high_H,无放流,0.7482800000000001
2.2800000000000002,0.2750287566968142,high_H,无放流,0.7482800000000001
2.285,0.27414372866923514,high_H,无放流,0.7482800000000001
2.29,0.2732615540188015,high_H,无放流,0.7482800000000001
2.295,0.2723822234967002,high_H,无放流,0.7482800000000001
2.3000000000000003,0.2715057278834122,high_H,无放流,0.7482800000000001
2.305,0.2706320579887126,high_H,无放流,0.7482800000000001
2.31,0.26976120465167,high_H,无放流,0.7482800000000001
2.315,0.268893158740647,high_H,无放流,0.7482800000000001
2.32,0.26802791115330027,high_H,无放流,0.7482800000000001
2.325,0.2671654528165802,high_H,无放流,0.7482800000000001
2.33,0.2663057746867314,high_H,无放流,0.7482800000000001
2.335,0.265448867749292,high_H,无放流,0.7482800000000001
2.34,0.26459472301909426,high_H,无放流,0.7482800000000001
2.345,0.2637433315402642,high_H,无放流,0.7482800000000001
2.35,0.262894684386222,high_H,无放流,0.7482800000000001
2.355,0.2620487726596815,high_H,无放流,0.7482800000000001
2.36,0.2612055874926506,high_H,无放流,0.7482800000000001
2.365,0.2603651200464309,high_H,无放流,0.7482800000000001
2.37,0.25952736151161826,high_H,无放流,0.7482800000000001
2.375,0.25869230310810215,high_H,无放流,0.7482800000000001
2.38,0.25785993608506597,high_H,无放流,0.7482800000000001
2.3850000000000002,0.2570302517209871,high_H,无放流,0.7482800000000001
2.39,0.2562032413236369,high_H,无放流,0.7482800000000001
2.395,0.2553788962300806,high_H,无放流,0.7482800000000001
2.4,0.25455720780667723,high_H,无放流,0.7482800000000001
2.4050000000000002,0.2537381674490797,high_H,无放流,0.7482800000000001
2.41,0.2529217665822351,high_H,无放流,0.7482800000000001
2.415,0.2521079966603841,high_H,无放流,0.7482800000000001
2.42,0.2512968491670615,high_H,无放流,0.7482800000000001
2.4250000000000003,0.2504883156150959,high_H,无放流,0.7482800000000001
2.43,0.24968238754660985,high_H,无放流,0.7482800000000001
2.435,0.24887905653301984,high_H,无放流,0.7482800000000001
2.44,0.2480783141750362,high_H,无放流,0.7482800000000001
2.445,0.2472801521026632,high_H,无放流,0.7482800000000001
2.45,0.24648456192995005,high_H,无放流,0.7482800000000001
2.455,0.2456915350744008,high_H,无放流,0.7482800000000001
2.46,0.2449010632631528,high_H,无放流,0.7482800000000001
2.465,0.2441131383035169,high_H,无放流,0.7482800000000001
2.47,0.24332775202591386,high_H,无放流,0.7482800000000001
2.475,0.24254489628387463,high_H,无放流,0.7482800000000001
2.48,0.24176456295403986,high_H,无放流,0.7482800000000001
2.485,0.24098674393616037,high_H,无放流,0.7482800000000001
2.49,0.24021143115309687,high_H,无放流,0.7482800000000001
2.495,0.2394386165508202,high_H,无放流,0.7482800000000001
2.5,0.23866829209841098,high_H,无放流,0.7482800000000001
2.505,0.23790044978805996,high_H,无放流,0.7482800000000001
2.5100000000000002,0.23713508163506777,high_H,无放流,0.7482800000000001
2.515,0.23637217967784518,high_H,无放流,0.7482800000000001
2.52,0.23561173597791277,high_H,无放流,0.7482800000000001
2.525,0.2348537426199012,high_H,无放流,0.7482800000000001
2.5300000000000002,0.23409819171155102,high_H,无放流,0.7482800000000001
2.535,0.23334507538371294,high_H,无放流,0.7482800000000001
2.54,0.2325943857903475,high_H,无放流,0.7482800000000001
2.545,0.23184611510852526,high_H,无放流,0.7482800000000001
2.5500000000000003,0.23110025553842672,high_H,无放流,0.7482800000000001
2.555,0.23035679930334255,high_H,无放流,0.7482800000000001
2.56,0.2296157386496732,high_H,无放流,0.7482800000000001
2.565,0.22887706584692913,high_H,无放流,0.7482800000000001
2.57,0.22814077318773085,high_H,无放流,0.7482800000000001
2.575,0.2274068529878088,high_H,无放流,0.7482800000000001
2.58,0.22667529758600352,high_H,无放流,0.7482800000000001
2.585,0.2259460993442654,high_H,无放流,0.7482800000000001
2.59,0.22521925064765483,high_H,无放流,0.7482800000000001
2.595,0.22449474390434218,high_H,无放流,0.7482800000000001
2.6,0.22377257154560792,high_H,无放流,0.7482800000000001
2.605,0.22305272602584242,high_H,无放流,0.7482800000000001
2.61,0.222335199822546,high_H,无放流,0.7482800000000001
2.615,0.22161998543632888,high_H,无放流,0.7482800000000001
2.62,0.22090707539091156,high_H,无放流,0.7482800000000001
2.625,0.22019646223312425,high_H,无放流,0.7482800000000001
2.63,0.21948813853290727,high_H,无放流,0.7482800000000001
2.6350000000000002,0.21878209688331082,high_H,无放流,0.7482800000000001
2.64,0.21807832990049522,high_H,无放流,0.7482800000000001
2.645,0.2173768302237307,high_H,无放流,0.7482800000000001
2.65,0.21667759051539745,high_H,无放流,0.7482800000000001
2.6550000000000002,0.21598060346098563,high_H,无放流,0.7482800000000001
2.66,0.2152858617690955,high_H,无放流,0.7482800000000001
2.665,0.2145933581714372,high_H,无放流,0.7482800000000001
2.67,0.2139030854228309,high_H,无放流,0.7482800000000001
2.6750000000000003,0.21321503630120664,high_H,无放流,0.7482800000000001
2.68,0.21252920360760463,high_H,无放流,0.7482800000000001
2.685,0.211845580166175,high_H,无放流,0.7482800000000001
2.69,0.21116415882417772,high_H,无放流,0.7482800000000001
2.695,0.21048493245198296,high_H,无放流,0.7482800000000001
2.7,0.20980789394307064,high_H,无放流,0.7482800000000001
2.705,0.20913303621403093,high_H,无放流,0.7482800000000001
2.71,0.20846035220456377,high_H,无放流,0.7482800000000001
2.715,0.2077898348774792,high_H,无放流,0.7482800000000001
2.72,0.20712147721869714,high_H,无放流,0.7482800000000001
2.725,0.20645527223724763,high_H,无放流,0.7482800000000001
2.73,0.2057912129652706,high_H,无放流,0.7482800000000001
2.735,0.20512929245801595,high_H,无放流,0.7482800000000001
2.74,0.20446950379384357,high_H,无放流,0.7482800000000001
2.745,0.20381184007422345,high_H,无放流,0.7482800000000001
2.75,0.20315629442373542,high_H,无放流,0.7482800000000001
2.755,0.20250285999006934,high_H,无放流,0.7482800000000001
2.7600000000000002,0.20185152994402503,high_H,无放流,0.7482800000000001
2.765,0.2012022974795124,high_H,无放流,0.7482800000000001
2.77,0.2005551558135512,high_H,无放流,0.7482800000000001
2.775,0.19991009818627128,high_H,无放流,0.7482800000000001
2.7800000000000002,0.19926711786091234,high_H,无放流,0.7482800000000001
2.785,0.19862620812382423,high_H,无放流,0.7482800000000001
2.79,0.19798736228446667,high_H,无放流,0.7482800000000001
2.795,0.19735057367540937,high_H,无放流,0.7482800000000001
2.8000000000000003,0.196715835652332,high_H,无放流,0.7482800000000001
2.805,0.1960831415940244,high_H,无放流,0.7482800000000001
2.81,0.1954524848357437,high_H,无放流,0.7482800000000001
2.815,0.19482385860492984,high_H,无放流,0.7482800000000001
2.82,0.19419725638250157,high_H,无放流,0.7482800000000001
2.825,0.19357267168661738,high_H,无放流,0.7482800000000001
2.83,0.19295009805368682,high_H,无放流,0.7482800000000001
2.835,0.1923295290383699,high_H,无放流,0.7482800000000001
2.84,0.19171095821357745,high_H,无放流,0.7482800000000001
2.845,0.19109437917047098,high_H,无放流,0.7482800000000001
2.85,0.19047978551846292,high_H,无放流,0.7482800000000001
2.855,0.1898671708852162,high_H,无放流,0.7482800000000001
2.86,0.1892565289166446,high_H,无放流,0.7482800000000001
2.865,0.18864785327691258,high_H,无放流,0.7482800000000001
2.87,0.1880411376484354,high_H,无放流,0.7482800000000001
2.875,0.18743637573187902,high_H,无放流,0.7482800000000001
2.88,0.18683356124616013,high_H,无放流,0.7482800000000001
2.8850000000000002,0.18623268792844605,high_H,无放流,0.7482800000000001
2.89,0.18563374953415507,high_H,无放流,0.7482800000000001
2.895,0.185036739836956,high_H,无放流,0.7482800000000001
2.9,0.18444165262876847,high_H,无放流,0.7482800000000001
2.9050000000000002,0.18384848171976276,high_H,无放流,0.7482800000000001
2.91,0.18325722093836005,high_H,无放流,0.7482800000000001
2.915,0.18266786413123212,high_H,无放流,0.7482800000000001
2.92,0.1820804051633015,high_H,无放流,0.7482800000000001
2.9250000000000003,0.1814948379177414,high_H,无放流,0.7482800000000001
2.93,0.18091115629597596,high_H,无放流,0.7482800000000001
2.935,0.18032935421767984,high_H,无放流,0.7482800000000001
2.94,0.1797494256207785,high_H,无放流,0.7482800000000001
2.945,0.17917136446144818,high_H,无放流,0.7482800000000001
2.95,0.17859516471411574,high_H,无放流,0.7482800000000001
2.955,0.17802082037145892,high_H,无放流,0.7482800000000001
2.96,0.17744832544440614,high_H,无放流,0.7482800000000001
2.965,0.17687767396213644,high_H,无放流,0.7482800000000001
2.97,0.17630885997207973,high_H,无放流,0.7482800000000001
2.975,0.17574187753991663,high_H,无放流,0.7482800000000001
2.98,0.17517672074957844,high_H,无放流,0.7482800000000001
2.985,0.1746133837032472,high_H,无放流,0.7482800000000001
2.99,0.17405186052135568,high_H,无放流,0.7482800000000001
2.995,0.1734921453425875,high_H,无放流,0.7482800000000001
3.0,0.17293423232387684,high_H,无放流,0.7482800000000001
3.005,0.17237811564040872,high_H,无放流,0.7482800000000001
3.0100000000000002,0.17182378948561877,high_H,无放流,0.7482800000000001
3.015,0.17127124807119354,high_H,无放流,0.7482800000000001
3.02,0.1707204856270702,high_H,无放流,0.7482800000000001
3.025,0.17017149640143667,high_H,无放流,0.7482800000000001
3.0300000000000002,0.1696242746607315,high_H,无放流,0.7482800000000001
3.035,0.16907881468964417,high_H,无放流,0.7482800000000001
3.04,0.16853511079111477,high_H,无放流,0.7482800000000001
3.045,0.16799315728633413,high_H,无放流,0.7482800000000001
3.0500000000000003,0.16745294851474377,high_H,无放流,0.7482800000000001
3.055,0.1669144788340361,high_H,无放流,0.7482800000000001
3.06,0.16637774262015412,high_H,无放流,0.7482800000000001
3.065,0.1658427342672916,high_H,无放流,0.7482800000000001
3.0700000000000003,0.16530944818789295,high_H,无放流,0.7482800000000001
3.075,0.16477787881265354,high_H,无放流,0.7482800000000001
3.08,0.1642480205905193,high_H,无放流,0.7482800000000001
3.085,0.1637198679886869,high_H,无放流,0.7482800000000001
3.09,0.1631934154926038,high_H,无放流,0.7482800000000001
3.095,0.16266865760596805,high_H,无放流,0.7482800000000001
3.1,0.16214558885072872,high_H,无放流,0.7482800000000001
3.105,0.16162420376708533,high_H,无放流,0.7482800000000001
3.11,0.16110449691348827,high_H,无放流,0.7482800000000001
3.115,0.16058646286663858,high_H,无放流,0.7482800000000001
3.12,0.16007009622148816,high_H,无放流,0.7482800000000001
3.125,0.15955539159123952,high_H,无放流,0.7482800000000001
3.13,0.15904234360734595,high_H,无放流,0.7482800000000001
3.1350000000000002,0.15853094691951145,high_H,无放流,0.7482800000000001
3.14,0.15802119619569083,high_H,无放流,0.7482800000000001
3.145,0.15751308612208953,high_H,无放流,0.7482800000000001
3.15,0.15700661140316374,high_H,无放流,0.7482800000000001
3.1550000000000002,0.15650176676162042,high_H,无放流,0.7482800000000001
3.16,0.1559985469384173,high_H,无放流,0.7482800000000001
3.165,0.15549694669276276,high_H,无放流,0.7482800000000001
3.17,0.15499696072869945,high_H,无放流,0.7482800000000001
3.1750000000000003,0.15449858370397843,high_H,无放流,0.7482800000000001
3.18,0.15400181046718098,high_H,无放流,0.7482800000000001
3.185,0.1535066358873492,high_H,无放流,0.7482800000000001
3.19,0.15301305484795039,high_H,无放流,0.7482800000000001
3.1950000000000003,0.15252106224687695,high_H,无放流,0.7482800000000001
3.2,0.15203065299644652,high_H,无放流,0.7482800000000001
3.205,0.15154182202340177,high_H,无放流,0.7482800000000001
3.21,0.15105456426891054,high_H,无放流,0.7482800000000001
3.215,0.15056887468856572,high_H,无放流,0.7482800000000001
3.22,0.15008474825238544,high_H,无放流,0.7482800000000001
3.225,0.14960217994481295,high_H,无放流,0.7482800000000001
3.23,0.14912116476471654,high_H,无放流,0.7482800000000001
3.235,0.14864169772538974,high_H,无放流,0.7482800000000001
3.24,0.14816377385455107,high_H,无放流,0.7482800000000001
3.245,0.14768738819434438,high_H,无放流,0.7482800000000001
3.25,0.1472125358013385,high_H,无放流,0.7482800000000001
3.255,0.1467392117465274,high_H,无放流,0.7482800000000001
3.2600000000000002,0.1462674111153302,high_H,无放流,0.7482800000000001
3.265,0.1457971290075912,high_H,无放流,0.7482800000000001
3.27,0.1453283605375798,high_H,无放流,0.7482800000000001
3.275,0.14486110083399048,high_H,无放流,0.7482800000000001
3.2800000000000002,0.1443953450399429,high_H,无放流,0.7482800000000001
3.285,0.14393108831298185,high_H,无放流,0.7482800000000001
3.29,0.14346832582507724,high_H,无放流,0.7482800000000001
3.295,0.14300705276262413,high_H,无放流,0.7482800000000001
3.3000000000000003,0.14254726432644263,high_H,无放流,0.7482800000000001
3.305,0.14208895573177813,high_H,无放流,0.7482800000000001
3.31,0.14163212220830101,high_H,无放流,0.7482800000000001
3.315,0.14117675900010687,high_H,无放流,0.7482800000000001
3.3200000000000003,0.14072286136571632,high_H,无放流,0.7482800000000001
3.325,0.1402704245780753,high_H,无放流,0.7482800000000001
3.33,0.1398194439245547,high_H,无放流,0.7482800000000001
3.335,0.1393699147069506,high_H,无放流,0.7482800000000001
3.34,0.13892183224148424,high_H,无放流,0.7482800000000001
3.345,0.13847519185880192,high_H,无放流,0.7482800000000001
3.35,0.13802998890397516,high_H,无放流,0.7482800000000001
3.355,0.1375862187365006,high_H,无放流,0.7482800000000001
3.36,0.1371438767302999,high_H,无放流,0.7482800000000001
3.365,0.13670295827371995,high_H,无放流,0.7482800000000001
3.37,0.13626345876953277,high_H,无放流,0.7482800000000001
3.375,0.1358253736349355,high_H,无放流,0.7482800000000001
3.38,0.13538869830155037,high_H,无放流,0.7482800000000001
3.3850000000000002,0.13495342821542472,high_H,无放流,0.7482800000000001
3.39,0.13451955883703118,high_H,无放流,0.7482800000000001
3.395,0.13408708564126734,high_H,无放流,0.7482800000000001
3.4,0.13365600411745598,high_H,无放流,0.7482800000000001
3.4050000000000002,0.133226309769345,high_H,无放流,0.7482800000000001
3.41,0.13279799811510745,high_H,无放流,0.7482800000000001
3.415,0.13237106468734156,high_H,无放流,0.7482800000000001
3.42,0.1319455050330705,high_H,无放流,0.7482800000000001
3.4250000000000003,0.1315213147137428,high_H,无放流,0.7482800000000001
3.43,0.13109848930523205,high_H,无放流,0.7482800000000001
3.435,0.13067702439783685,high_H,无放流,0.7482800000000001
3.44,0.1302569155962811,high_H,无放流,0.7482800000000001
3.4450000000000003,0.12983815851971367,high_H,无放流,0.7482800000000001
3.45,0.12942074880170873,high_H,无放流,0.7482800000000001
3.455,0.12900468209026544,high_H,无放流,0.7482800000000001
3.46,0.1285899540478082,high_H,无放流,0.7482800000000001
3.465,0.12817656035118644,high_H,无放流,0.7482800000000001
3.47,0.12776449669167472,high_H,无放流,0.7482800000000001
3.475,0.12735375877497288,high_H,无放流,0.7482800000000001
3.48,0.12694434232120572,high_H,无放流,0.7482800000000001
3.485,0.12653624306492325,high_H,无放流,0.7482800000000001
3.49,0.12612945675510057,high_H,无放流,0.7482800000000001
3.495,0.125723979155138,high_H,无放流,0.7482800000000001
3.5,0.1253198060428609,high_H,无放流,0.7482800000000001
3.505,0.12491693321051978,high_H,无放流,0.7482800000000001
3.5100000000000002,0.12451535646479024,high_H,无放流,0.7482800000000001
3.515,0.12411507162677315,high_H,无放流,0.7482800000000001
3.52,0.12371607453199437,high_H,无放流,0.7482800000000001
3.525,0.12331836103040497,high_H,无放流,0.7482800000000001
3.5300000000000002,0.1229219269175063,high_H,无放流,0.7482800000000001
3.535,0.122526767974258,high_H,无放流,0.7482800000000001
3.54,0.12213288012386248,high_H,无放流,0.7482800000000001
3.545,0.12174025930302305,high_H,无放流,0.7482800000000001
3.5500000000000003,0.12134890145985179,high_H,无放流,0.7482800000000001
3.555,0.12095880255386952,high_H,无放流,0.7482800000000001
3.56,0.1205699585560057,high_H,无放流,0.7482800000000001
3.565,0.12018236544859849,high_H,无放流,0.7482800000000001
3.5700000000000003,0.11979601922539473,high_H,无放流,0.7482800000000001
3.575,0.11941091589155009,high_H,无放流,0.7482800000000001
3.58,0.11902705146362878,high_H,无放流,0.7482800000000001
3.585,0.11864442196960381,high_H,无放流,0.7482800000000001
3.59,0.11826302344885686,high_H,无放流,0.7482800000000001
3.595,0.11788285195217826,high_H,无放流,0.7482800000000001
3.6,0.1175039035417672,high_H,无放流,0.7482800000000001
3.605,0.11712617429123139,high_H,无放流,0.7482800000000001
3.61,0.11674966028558734,high_H,无放流,0.7482800000000001
3.615,0.1163743576212602,high_H,无放流,0.7482800000000001
3.62,0.11600026240608392,high_H,无放流,0.7482800000000001
3.625,0.11562737075930109,high_H,无放流,0.7482800000000001
3.63,0.11525567881156296,high_H,无放流,0.7482800000000001
3.6350000000000002,0.11488518270492953,high_H,无放流,0.7482800000000001
3.64,0.11451587859286953,high_H,无放流,0.7482800000000001
3.645,0.11414776264026034,high_H,无放流,0.7482800000000001
3.65,0.11378083102338807,high_H,无放流,0.7482800000000001
3.6550000000000002,0.11341507992994747,high_H,无放流,0.7482800000000001
3.66,0.1130505055590421,high_H,无放流,0.7482800000000001
3.665,0.11268710412118414,high_H,无放流,0.7482800000000001
3.67,0.11232487183829451,high_H,无放流,0.7482800000000001
3.6750000000000003,0.11196380494370275,high_H,无放流,0.7482800000000001
3.68,0.11160389968214725,high_H,无放流,0.7482800000000001
3.685,0.11124515230977498,high_H,无放流,0.7482800000000001
3.69,0.11088755909414166,high_H,无放流,0.7482800000000001
3.6950000000000003,0.11053111631421166,high_H,无放流,0.7482800000000001
3.7,0.11017582026035816,high_H,无放流,0.7482800000000001
3.705,0.10982166723436292,high_H,无放流,0.7482800000000001
3.71,0.10946865354941647,high_H,无放流,0.7482800000000001
3.715,0.10911677553011803,high_H,无放流,0.7482800000000001
3.72,0.10876602951247549,high_H,无放流,0.7482800000000001
3.725,0.10841641184390552,high_H,无放流,0.7482800000000001
3.73,0.1080679188832334,high_H,无放流,0.7482800000000001
3.735,0.10772054700069317,high_H,无放流,0.7482800000000001
3.74,0.1073742925779275,high_H,无放流,0.7482800000000001
3.745,0.1070291520079879,high_H,无放流,0.7482800000000001
3.75,0.10668512169533444,high_H,无放流,0.7482800000000001
3.755,0.10634219805583597,high_H,无放流,0.7482800000000001
3.7600000000000002,0.10600037751676997,high_H,无放流,0.7482800000000001
3.765,0.10565965651682273,high_H,无放流,0.7482800000000001
3.77,0.10532003150608915,high_H,无放流,0.7482800000000001
3.775,0.10498149894607288,high_H,无放流,0.7482800000000001
3.7800000000000002,0.10464405530968621,high_H,无放流,0.7482800000000001
3.785,0.1043076970812502,high_H,无放流,0.7482800000000001
3.79,0.10397242075649463,high_H,无放流,0.7482800000000001
3.795,0.10363822284255786,high_H,无放流,0.7482800000000001
3.8000000000000003,0.10330509985798705,high_H,无放流,0.7482800000000001
3.805,0.10297304833273807,high_H,无放流,0.7482800000000001
3.81,0.10264206480817545,high_H,无放流,0.7482800000000001
3.815,0.10231214583707242,high_H,无放流,0.7482800000000001
3.8200000000000003,0.10198328798361089,high_H,无放流,0.7482800000000001
3.825,0.10165548782338159,high_H,无放流,0.7482800000000001
3.83,0.1013287419433838,high_H,无放流,0.7482800000000001
3.835,0.1010030469420256,high_H,无放流,0.7482800000000001
3.84,0.10067839942912371,high_H,无放流,0.7482800000000001
3.845,0.10035479602590357,high_H,无放流,0.7482800000000001
3.85,0.10003223336499938,high_H,无放流,0.7482800000000001
3.855,0.09971070809045396,high_H,无放流,0.7482800000000001
3.86,0.09939021685771889,high_H,无放流,0.7482800000000001
3.865,0.09907075633365436,high_H,无放流,0.7482800000000001
3.87,0.0987523231965294,high_H,无放流,0.7482800000000001
3.875,0.09843491413602165,high_H,无放流,0.7482800000000001
3.88,0.09811852585321745,high_H,无放流,0.7482800000000001
3.8850000000000002,0.09780315506061185,high_H,无放流,0.7482800000000001
3.89,0.09748879842448187,high_H,无放流,0.7482800000000001
3.895,0.09717545260637687,high_H,无放流,0.7482800000000001
3.9,0.09686311437731253,high_H,无放流,0.7482800000000001
3.9050000000000002,0.0965517805184436,high_H,无放流,0.7482800000000001
3.91,0.0962414478199523,high_H,无放流,0.7482800000000001
3.915,0.09593211308104817,high_H,无放流,0.7482800000000001
3.92,0.09562377310996813,high_H,无放流,0.7482800000000001
3.9250000000000003,0.09531642472397647,high_H,无放流,0.7482800000000001
3.93,0.09501006474936495,high_H,无放流,0.7482800000000001
3.935,0.09470469002145261,high_H,无放流,0.7482800000000001
3.94,0.09440029738458591,high_H,无放流,0.7482800000000001
3.9450000000000003,0.09409688369213866,high_H,无放流,0.7482800000000001
3.95,0.09379444580651214,high_H,无放流,0.7482800000000001
3.955,0.09349298059913491,high_H,无放流,0.7482800000000001
3.96,0.09319248495046298,high_H,无放流,0.7482800000000001
3.9650000000000003,0.09289295574997966,high_H,无放流,0.7482800000000001
3.97,0.09259438989619578,high_H,无放流,0.7482800000000001
3.975,0.09229678429664942,high_H,无放流,0.7482800000000001
3.98,0.09200013586790609,high_H,无放流,0.7482800000000001
3.985,0.09170444153555869,high_H,无放流,0.7482800000000001
3.99,0.09140969823422747,high_H,无放流,0.7482800000000001
3.995,0.09111590290756014,high_H,无放流,0.7482800000000001
4.0,0.09082305250823168,high_H,无放流,0.7482800000000001
4.005,0.09053114399794453,high_H,无放流,0.7482800000000001
4.01,0.09024017434742847,high_H,无放流,0.7482800000000001
4.015,0.08995014053644071,high_H,无放流,0.7482800000000001
4.0200000000000005,0.08966103955376573,high_H,无放流,0.7482800000000001
4.025,0.08937286839721559,high_H,无放流,0.7482800000000001
4.03,0.08908562407362955,high_H,无放流,0.7482800000000001
4.035,0.08879930359887434,high_H,无放流,0.7482800000000001
4.04,0.08851390399784402,high_H,无放流,0.7482800000000001
4.045,0.08822942230446007,high_H,无放流,0.7482800000000001
4.05,0.08794585556167134,high_H,无放流,0.7482800000000001
4.055,0.08766320082145405,high_H,无放流,0.7482800000000001
4.0600000000000005,0.08738145514481178,high_H,无放流,0.7482800000000001
4.065,0.08710061560177561,high_H,无放流,0.7482800000000001
4.07,0.08682067927140387,high_H,无放流,0.7482800000000001
4.075,0.08654164324178232,high_H,无放流,0.7482800000000001
4.08,0.08626350461002408,high_H,无放流,0.7482800000000001
4.085,0.08598626048226968,high_H,无放流,0.7482800000000001
4.09,0.08570990797368704,high_H,无放流,0.7482800000000001
4.095,0.0854344442084714,high_H,无放流,0.7482800000000001
4.1,0.08515986631984547,high_H,无放流,0.7482800000000001
4.105,0.08488617145005922,high_H,无放流,0.7482800000000001
4.11,0.08461335675039017,high_H,无放流,0.7482800000000001
4.115,0.08434141938114309,high_H,无放流,0.7482800000000001
4.12,0.08407035651165017,high_H,无放流,0.7482800000000001
4.125,0.08380016532027096,high_H,无放流,0.7482800000000001
4.13,0.08353084299439244,high_H,无放流,0.7482800000000001
4.135,0.08326238673042893,high_H,无放流,0.7482800000000001
4.14,0.08299479373382215,high_H,无放流,0.7482800000000001
4.1450000000000005,0.08272806121904114,high_H,无放流,0.7482800000000001
4.15,0.08246218640958247,high_H,无放流,0.7482800000000001
4.155,0.08219716653796996,high_H,无放流,0.7482800000000001
4.16,0.08193299884575486,high_H,无放流,0.7482800000000001
4.165,0.08166968058351579,high_H,无放流,0.7482800000000001
4.17,0.08140720901085871,high_H,无放流,0.7482800000000001
4.175,0.08114558139641706,high_H,无放流,0.7482800000000001
4.18,0.08088479501785159,high_H,无放流,0.7482800000000001
4.1850000000000005,0.08062484716185038,high_H,无放流,0.7482800000000001
4.19,0.08036573512412908,high_H,无放流,0.7482800000000001
4.195,0.08010745620943052,high_H,无放流,0.7482800000000001
4.2,0.07985000773152504,high_H,无放流,0.7482800000000001
4.205,0.07959338701321027,high_H,无放流,0.7482800000000001
4.21,0.07933759138631127,high_H,无放流,0.7482800000000001
4.215,0.0790826181916805,high_H,无放流,0.7482800000000001
4.22,0.07882846477919776,high_H,无放流,0.7482800000000001
4.225,0.07857512850777025,high_H,无放流,0.7482800000000001
4.23,0.07832260674533251,high_H,无放流,0.7482800000000001
4.235,0.07807089686884658,high_H,无放流,0.7482800000000001
4.24,0.07781999626430178,high_H,无放流,0.7482800000000001
4.245,0.07756990232671482,high_H,无放流,0.7482800000000001
4.25,0.07732061241659227,high_H,无放流,0.7482800000000001
4.255,0.07707212388662998,high_H,无放流,0.7482800000000001
4.26,0.07682443417793584,high_H,无放流,0.7482800000000001
4.265,0.07657754073997007,high_H,无放流,0.7482800000000001
4.2700000000000005,0.07633144102933845,high_H,无放流,0.7482800000000001
4.275,0.07608613250979251,high_H,无放流,0.7482800000000001
4.28,0.07584161265222927,high_H,无放流,0.7482800000000001
4.285,0.07559787893469137,high_H,无放流,0.7482800000000001
4.29,0.0753549288423671,high_H,无放流,0.7482800000000001
4.295,0.0751127598675903,high_H,无放流,0.7482800000000001
4.3,0.07487136950984051,high_H,无放流,0.7482800000000001
4.305,0.07463075527574278,high_H,无放流,0.7482800000000001
4.3100000000000005,0.07439091467906778,high_H,无放流,0.7482800000000001
4.315,0.07415184524073193,high_H,无放流,0.7482800000000001
4.32,0.07391354448879707,high_H,无放流,0.7482800000000001
4.325,0.07367600995847076,high_H,无放流,0.7482800000000001
4.33,0.07343923919210613,high_H,无放流,0.7482800000000001
4.335,0.07320322973920193,high_H,无放流,0.7482800000000001
4.34,0.0729679791564025,high_H,无放流,0.7482800000000001
4.345,0.07273348500749784,high_H,无放流,0.7482800000000001
4.3500000000000005,0.07249974486342345,high_H,无放流,0.7482800000000001
4.355,0.0722667563022606,high_H,无放流,0.7482800000000001
4.36,0.07203451690923607,high_H,无放流,0.7482800000000001
4.365,0.07180302427672224,high_H,无放流,0.7482800000000001
4.37,0.0715722760042371,high_H,无放流,0.7482800000000001
4.375,0.07134226969844429,high_H,无放流,0.7482800000000001
4.38,0.07111300297315304,high_H,无放流,0.7482800000000001
4.385,0.07088447344931818,high_H,无放流,0.7482800000000001
4.39,0.07065667875504017,high_H,无放流,0.7482800000000001
4.3950000000000005,0.070429616525565,high_H,无放流,0.7482800000000001
4.4,0.07020328440328442,high_H,无放流,0.7482800000000001
4.405,0.06997768003773568,high_H,无放流,0.7482800000000001
4.41,0.06975280108560163,high_H,无放流,0.7482800000000001
4.415,0.06952864521071078,high_H,无放流,0.7482800000000001
4.42,0.06930521008403723,high_H,无放流,0.7482800000000001
4.425,0.06908249338370068,high_H,无放流,0.7482800000000001
4.43,0.06886049279496645,high_H,无放流,0.7482800000000001
4.4350000000000005,0.06863920601024542,high_H,无放流,0.7482800000000001
4.44,0.0684186307290942,high_H,无放流,0.7482800000000001
4.445,0.06819876465821491,high_H,无放流,0.7482800000000001
4.45,0.06797960551145528,high_H,无放流,0.7482800000000001
4.455,0.06776115100980869,high_H,无放流,0.7482800000000001
4.46,0.0675433988814141,high_H,无放流,0.7482800000000001
4.465,0.06732634686155609,high_H,无放流,0.7482800000000001
4.47,0.06710999269266484,high_H,无放流,0.7482800000000001
4.4750000000000005,0.06689433412431611,high_H,无放流,0.7482800000000001
4.48,0.0666793689132314,high_H,无放流,0.7482800000000001
4.485,0.06646509482327764,high_H,无放流,0.7482800000000001
4.49,0.06625150962546751,high_H,无放流,0.7482800000000001
4.495,0.06603861109795921,high_H,无放流,0.7482800000000001
4.5,0.06582639702605658,high_H,无放流,0.7482800000000001
4.505,0.06561486520220908,high_H,无放流,0.7482800000000001
4.51,0.06540401342601175,high_H,无放流,0.7482800000000001
4.515,0.06519383950420528,high_H,无放流,0.7482800000000001
4.5200000000000005,0.06498434125067588,high_H,无放流,0.7482800000000001
4.525,0.06477551648645553,high_H,无放流,0.7482800000000001
4.53,0.0645673630397217,high_H,无放流,0.7482800000000001
4.535,0.06435987874579746,high_H,无放流,0.7482800000000001
4.54,0.06415306144715154,high_H,无放流,0.7482800000000001
4.545,0.06394690899339825,high_H,无放流,0.7482800000000001
4.55,0.06374141924129753,high_H,无放流,0.7482800000000001
4.555,0.06353659005475491,high_H,无放流,0.7482800000000001
4.5600000000000005,0.0633324193048215,high_H,无放流,0.7482800000000001
4.565,0.06312890486969414,high_H,无放流,0.7482800000000001
4.57,0.06292604463471514,high_H,无放流,0.7482800000000001
4.575,0.0627238364923725,high_H,无放流,0.7482800000000001
4.58,0.06252227834229976,high_H,无放流,0.7482800000000001
4.585,0.06232136809127614,high_H,无放流,0.7482800000000001
4.59,0.06212110365322644,high_H,无放流,0.7482800000000001
4.595,0.06192148294922106,high_H,无放流,0.7482800000000001
4.6000000000000005,0.061722503907475995,high_H,无放流,0.7482800000000001
4.605,0.061524164463352925,high_H,无放流,0.7482800000000001
4.61,0.061326462530003775,high_H,无放流,0.7482800000000001
4.615,0.06112939600425739,high_H,无放流,0.7482800000000001
4.62,0.060932962856943045,high_H,无放流,0.7482800000000001
4.625,0.06073716106667411,high_H,无放流,0.7482800000000001
4.63,0.06054198861772138,high_H,无放流,0.7482800000000001
4.635,0.06034744350001309,high_H,无放流,0.7482800000000001
4.64,0.060153523709134876,high_H,无放流,0.7482800000000001
4.6450000000000005,0.059960227246329816,high_H,无放流,0.7482800000000001
4.65,0.059767552118498476,high_H,无放流,0.7482800000000001
4.655,0.05957549633819876,high_H,无放流,0.7482800000000001
4.66,0.05938405792364605,high_H,无放流,0.7482800000000001
4.665,0.05919323489871315,high_H,无放流,0.7482800000000001
4.67,0.05900302529293028,high_H,无放流,0.7482800000000001
4.675,0.058813427141485096,high_H,无放流,0.7482800000000001
4.68,0.05862443848522269,high_H,无放流,0.7482800000000001
4.6850000000000005,0.05843605737064555,high_H,无放流,0.7482800000000001
4.69,0.05824828184991367,high_H,无放流,0.7482800000000001
4.695,0.058061109980844405,high_H,无放流,0.7482800000000001
4.7,0.05787453982691256,high_H,无放流,0.7482800000000001
4.705,0.05768856945725036,high_H,无放流,0.7482800000000001
4.71,0.057503196946647454,high_H,无放流,0.7482800000000001
4.715,0.05731842037555095,high_H,无放流,0.7482800000000001
4.72,0.05713423783006536,high_H,无放流,0.7482800000000001
4.7250000000000005,0.05695064740195259,high_H,无放流,0.7482800000000001
4.73,0.056767647188632094,high_H,无放流,0.7482800000000001
4.735,0.05658523529318063,high_H,无放流,0.7482800000000001
4.74,0.056403409824332444,high_H,无放流,0.7482800000000001
4.745,0.05622216889647919,high_H,无放流,0.7482800000000001
4.75,0.056041510629669965,high_H,无放流,0.7482800000000001
4.755,0.055861433149611284,high_H,无放流,0.7482800000000001
4.76,0.0556819345876671,high_H,无放流,0.7482800000000001
4.765,0.05550301308085879,high_H,无放流,0.7482800000000001
4.7700000000000005,0.05532466677186512,high_H,无放流,0.7482800000000001
4.775,0.05514689380902241,high_H,无放流,0.7482800000000001
4.78,0.05496969234632427,high_H,无放流,0.7482800000000001
4.785,0.0547930605434218,high_H,无放流,0.7482800000000001
4.79,0.05461699656562353,high_H,无放流,0.7482800000000001
4.795,0.0544414985838954,high_H,无放流,0.7482800000000001
4.8,0.054266564774860804,high_H,无放流,0.7482800000000001
4.805,0.054092193320800536,high_H,无放流,0.7482800000000001
4.8100000000000005,0.05391838240965281,high_H,无放流,0.7482800000000001
4.815,0.05374513023501336,high_H,无放流,0.7482800000000001
4.82,0.05357243499613524,high_H,无放流,0.7482800000000001
4.825,0.053400294897928975,high_H,无放流,0.7482800000000001
4.83,0.05322870815096252,high_H,无放流,0.7482800000000001
4.835,0.053057672971461266,high_H,无放流,0.7482800000000001
4.84,0.05288718758130801,high_H,无放流,0.7482800000000001
4.845,0.052717250208043,high_H,无放流,0.7482800000000001
4.8500000000000005,0.052547859084863875,high_H,无放流,0.7482800000000001
4.855,0.05237901245062579,high_H,无放流,0.7482800000000001
4.86,0.05221070854984124,high_H,无放流,0.7482800000000001
4.865,0.05204294563268018,high_H,无放流,0.7482800000000001
4.87,0.05187572195496999,high_H,无放流,0.7482800000000001
4.875,0.051709035778195495,high_H,无放流,0.7482800000000001
4.88,0.051542885369498935,high_H,无放流,0.7482800000000001
4.885,0.05137726900167997,high_H,无放流,0.7482800000000001
4.89,0.05121218495319571,high_H,无放流,0.7482800000000001
4.8950000000000005,0.05104763150816065,high_H,无放流,0.7482800000000001
4.9,0.0508836069563468,high_H,无放流,0.7482800000000001
4.905,0.05072010959318353,high_H,无放流,0.7482800000000001
4.91,0.050557137719757644,high_H,无放流,0.7482800000000001
4.915,0.05039468964281339,high_H,无放流,0.7482800000000001
4.92,0.05023276367475244,high_H,无放流,0.7482800000000001
4.925,0.0500713581336339,high_H,无放流,0.7482800000000001
4.93,0.04991047134317429,high_H,无放流,0.7482800000000001
4.9350000000000005,0.04975010163274756,high_H,无放流,0.7482800000000001
4.94,0.04959024733738514,high_H,无放流,0.7482800000000001
4.945,0.049430906797775814,high_H,无放流,0.7482800000000001
4.95,0.04927207836026584,high_H,无放流,0.7482800000000001
4.955,0.0491137603768589,high_H,无放流,0.7482800000000001
4.96,0.04895595120521608,high_H,无放流,0.7482800000000001
4.965,0.04879864920865591,high_H,无放流,0.7482800000000001
4.97,0.04864185273926289,high_H,无放流,0.7482800000000001
4.9750000000000005,0.04848556012440502,high_H,无放流,0.7482800000000001
4.98,0.048329769753120096,high_H,无放流,0.7482800000000001
4.985,0.04817448002315425,high_H,无放流,0.7482800000000001
4.99,0.048019689336733375,high_H,无放流,0.7482800000000001
4.995,0.04786539610056319,high_H,无放流,0.7482800000000001
5.0,0.04771159872582917,high_H,无放流,0.7482800000000001
5.005,0.047558295628196585,high_H,无放流,0.7482800000000001
5.01,0.04740548522781051,high_H,无放流,0.7482800000000001
5.015,0.04725316594929578,high_H,无放流,0.7482800000000001
5.0200000000000005,0.04710133622175699,high_H,无放流,0.7482800000000001
5.025,0.04694999447877862,high_H,无放流,0.7482800000000001
5.03,0.04679913915842484,high_H,无放流,0.7482800000000001
5.035,0.04664876870323964,high_H,无放流,0.7482800000000001
5.04,0.046498881560246785,high_H,无放流,0.7482800000000001
5.045,0.04634947618094983,high_H,无放流,0.7482800000000001
5.05,0.04620055102133214,high_H,无放流,0.7482800000000001
5.055,0.04605210454185681,high_H,无放流,0.7482800000000001
5.0600000000000005,0.04590413520746676,high_H,无放流,0.7482800000000001
5.065,0.045756641487584716,high_H,无放流,0.7482800000000001
5.07,0.045609621856113156,high_H,无放流,0.7482800000000001
5.075,0.04546307479143435,high_H,无放流,0.7482800000000001
5.08,0.04531699877641034,high_H,无放流,0.7482800000000001
5.085,0.04517139229838298,high_H,无放流,0.7482800000000001
5.09,0.0450262538491739,high_H,无放流,0.7482800000000001
5.095,0.044881581925084506,high_H,无放流,0.7482800000000001
5.1000000000000005,0.04473737502689598,high_H,无放流,0.7482800000000001
5.105,0.04459363165986935,high_H,无放流,0.7482800000000001
5.11,0.044450350333745364,high_H,无放流,0.7482800000000001
5.115,0.04430752956274457,high_H,无放流,0.7482800000000001
5.12,0.044165167865567324,high_H,无放流,0.7482800000000001
5.125,0.04402326376539375,high_H,无放流,0.7482800000000001
5.13,0.04388181578988375,high_H,无放流,0.7482800000000001
5.135,0.043740822471177034,high_H,无放流,0.7482800000000001
5.14,0.043600282345893075,high_H,无放流,0.7482800000000001
5.1450000000000005,0.04346019395513113,high_H,无放流,0.7482800000000001
5.15,0.043320555844470296,high_H,无放流,0.7482800000000001
5.155,0.043181366563969384,high_H,无放流,0.7482800000000001
5.16,0.04304262466816704,high_H,无放流,0.7482800000000001
5.165,0.04290432871608165,high_H,无放流,0.7482800000000001
5.17,0.042766477271211426,high_H,无放流,0.7482800000000001
5.175,0.04262906890153435,high_H,无放流,0.7482800000000001
5.18,0.04249210217950819,high_H,无放流,0.7482800000000001
5.1850000000000005,0.04235557568207048,high_H,无放流,0.7482800000000001
5.19,0.0422194879906386,high_H,无放流,0.7482800000000001
5.195,0.042083837691109655,high_H,无放流,0.7482800000000001
5.2,0.04194862337386056,high_H,无放流,0.7482800000000001
5.205,0.04181384363374801,high_H,无放流,0.7482800000000001
5.21,0.04167949707010848,high_H,无放流,0.7482800000000001
5.215,0.04154558228675824,high_H,无放流,0.7482800000000001
5.22,0.041412097891993356,high_H,无放流,0.7482800000000001
5.2250000000000005,0.04127904249858963,high_H,无放流,0.7482800000000001
5.23,0.04114641472380273,high_H,无放流,0.7482800000000001
5.235,0.04101421318936806,high_H,无放流,0.7482800000000001
5.24,0.0408824365215008,high_H,无放流,0.7482800000000001
5.245,0.040751083350895945,high_H,无放流,0.7482800000000001
5.25,0.04062015231272825,high_H,无放流,0.7482800000000001
5.255,0.04048964204665228,high_H,无放流,0.7482800000000001
5.26,0.04035955119680236,high_H,无放流,0.7482800000000001
5.265,0.04022987841179262,high_H,无放流,0.7482800000000001
5.2700000000000005,0.040100622344716945,high_H,无放流,0.7482800000000001
5.275,0.039971781653149074,high_H,无放流,0.7482800000000001
5.28,0.039843354999142475,high_H,无放流,0.7482800000000001
5.285,0.039715341049230406,high_H,无放流,0.7482800000000001
5.29,0.03958773847442591,high_H,无放流,0.7482800000000001
5.295,0.039460545950221845,high_H,无放流,0.7482800000000001
5.3,0.03933376215659082,high_H,无放流,0.7482800000000001
5.305,0.03920738577798524,high_H,无放流,0.7482800000000001
5.3100000000000005,0.0390814155033373,high_H,无放流,0.7482800000000001
5.315,0.038955850026058995,high_H,无放流,0.7482800000000001
5.32,0.03883068804404208,high_H,无放流,0.7482800000000001
5.325,0.03870592825965811,high_H,无放流,0.7482800000000001
5.33,0.038581569372434496,high_H,无放流,0.7482800000000001
5.335,0.03845761005297127,high_H,无放流,0.7482800000000001
5.34,0.03833404901945636,high_H,无放流,0.7482800000000001
5.345,0.03821088500172309,high_H,无放流,0.7482800000000001
5.3500000000000005,0.03808811673315214,high_H,无放流,0.7482800000000001
5.355,0.037965742950671726,high_H,无放流,0.7482800000000001
5.36,0.037843762394757376,high_H,无放流,0.7482800000000001
5.365,0.03772217380943208,high_H,无放流,0.7482800000000001
5.37,0.037600975942266246,high_H,无放流,0.7482800000000001
5.375,0.037480167544377684,high_H,无放流,0.7482800000000001
5.38,0.037359747370431656,high_H,无放流,0.7482800000000001
5.385,0.03723971417864081,high_H,无放流,0.7482800000000001
5.39,0.03712006673076523,high_H,无放流,0.7482800000000001
5.3950000000000005,0.037000803792112395,high_H,无放流,0.7482800000000001
5.4,0.03688192413153728,high_H,无放流,0.7482800000000001
5.405,0.036763426521442176,high_H,无放流,0.7482800000000001
5.41,0.03664530973777687,high_H,无放流,0.7482800000000001
5.415,0.03652757256003852,high_H,无放流,0.7482800000000001
5.42,0.036410213771271724,high_H,无放流,0.7482800000000001
5.425,0.03629323215806851,high_H,无放流,0.7482800000000001
5.43,0.0361766265105683,high_H,无放流,0.7482800000000001
5.4350000000000005,0.03606039562245794,high_H,无放流,0.7482800000000001
5.44,0.03594453829097174,high_H,无放流,0.7482800000000001
5.445,0.03582905331689136,high_H,无放流,0.7482800000000001
5.45,0.035713939504545926,high_H,无放流,0.7482800000000001
5.455,0.035599195661811966,high_H,无放流,0.7482800000000001
5.46,0.03548482060011343,high_H,无放流,0.7482800000000001
5.465,0.03537081313442169,high_H,无放流,0.7482800000000001
5.47,0.03525717208325554,high_H,无放流,0.7482800000000001
5.4750000000000005,0.03514389626868115,high_H,无放流,0.7482800000000001
5.48,0.0350309845163122,high_H,无放流,0.7482800000000001
5.485,0.034918435655309714,high_H,无放流,0.7482800000000001
5.49,0.03480624851838217,high_H,无放流,0.7482800000000001
5.495,0.03469442194178543,high_H,无放流,0.7482800000000001
5.5,0.03458295476532282,high_H,无放流,0.7482800000000001
5.505,0.03447184583234504,high_H,无放流,0.7482800000000001
5.51,0.03436109398975026,high_H,无放流,0.7482800000000001
5.515,0.034250698087984026,high_H,无放流,0.7482800000000001
5.5200000000000005,0.034140656981039304,high_H,无放流,0.7482800000000001
5.525,0.03403096952645653,high_H,无放流,0.7482800000000001
5.53,0.03392163458532351,high_H,无放流,0.7482800000000001
5.535,0.03381265102227548,high_H,无放流,0.7482800000000001
5.54,0.033704017705495096,high_H,无放流,0.7482800000000001
5.545,0.03359573350671244,high_H,无放流,0.7482800000000001
5.55,0.033487797301205005,high_H,无放流,0.7482800000000001
5.555,0.03338020796779771,high_H,无放流,0.7482800000000001
5.5600000000000005,0.033272964388862875,high_H,无放流,0.7482800000000001
5.565,0.033166065450320276,high_H,无放流,0.7482800000000001
5.57,0.03305951004163708,high_H,无放流,0.7482800000000001
5.575,0.03295329705582789,high_H,无放流,0.7482800000000001
5.58,0.0328474253894547,high_H,无放流,0.7482800000000001
5.585,0.03274189394262695,high_H,无放流,0.7482800000000001
5.59,0.032636701619001486,high_H,无放流,0.7482800000000001
5.595,0.032531847325782584,high_H,无放流,0.7482800000000001
5.6000000000000005,0.032427329973721906,high_H,无放流,0.7482800000000001
5.605,0.032323148477118605,high_H,无放流,0.7482800000000001
5.61,0.03221930175381919,high_H,无放流,0.7482800000000001
5.615,0.03211578872521761,high_H,无放流,0.7482800000000001
5.62,0.032012608316255214,high_H,无放流,0.7482800000000001
5.625,0.03190975945542081,high_H,无放流,0.7482800000000001
5.63,0.03180724107475059,high_H,无放流,0.7482800000000001
5.635,0.03170505210982818,high_H,无放流,0.7482800000000001
5.64,0.03160319149978462,high_H,无放流,0.7482800000000001
5.6450000000000005,0.031501658187298366,high_H,无放流,0.7482800000000001
5.65,0.03140045111859532,high_H,无放流,0.7482800000000001
5.655,0.031299569243448774,high_H,无放流,0.7482800000000001
5.66,0.031199011515179443,high_H,无放流,0.7482800000000001
5.665,0.031098776890655468,high_H,无放流,0.7482800000000001
5.67,0.03099886433029241,high_H,无放流,0.7482800000000001
5.675,0.030899272798053243,high_H,无放流,0.7482800000000001
5.68,0.03080000126144837,high_H,无放流,0.7482800000000001
5.6850000000000005,0.03070104869153558,high_H,无放流,0.7482800000000001
5.69,0.030602414061432524,high_H,无放流,0.7482800000000001
5.695,0.030504096318504387,high_H,无放流,0.7482800000000001
5.7,0.03040609443850239,high_H,无放流,0.7482800000000001
5.705,0.03030840741444188,high_H,无放流,0.7482800000000001
5.71,0.030211034242147165,high_H,无放流,0.7482800000000001
5.715,0.030113973920251506,high_H,无放流,0.7482800000000001
5.72,0.030017225450197124,high_H,无放流,0.7482800000000001
5.7250000000000005,0.029920787836235172,high_H,无放流,0.7482800000000001
5.73,0.02982466008542581,high_H,无放流,0.7482800000000001
5.735,0.029728841207638107,high_H,无放流,0.7482800000000001
5.74,0.029633330215550098,high_H,无放流,0.7482800000000001
5.745,0.029538126124648772,high_H,无放流,0.7482800000000001
5.75,0.02944322795323008,high_H,无放流,0.7482800000000001
5.755,0.029348634722398927,high_H,无放流,0.7482800000000001
5.76,0.02925434545606917,high_H,无放流,0.7482800000000001
5.765,0.029160359180963616,high_H,无放流,0.7482800000000001
5.7700000000000005,0.029066674926614022,high_H,无放流,0.7482800000000001
5.775,0.028973291725361144,high_H,无放流,0.7482800000000001
5.78,0.02888020861235464,high_H,无放流,0.7482800000000001
5.785,0.028787424625553146,high_H,无放流,0.7482800000000001
5.79,0.02869493880572425,high_H,无放流,0.7482800000000001
5.795,0.0286027501964445,high_H,无放流,0.7482800000000001
5.8,0.028510857844099385,high_H,无放流,0.7482800000000001
5.805,0.028419260797883362,high_H,无放流,0.7482800000000001
5.8100000000000005,0.02832795810979983,high_H,无放流,0.7482800000000001
5.815,0.028236948834661175,high_H,无放流,0.7482800000000001
5.82,0.028146232030088706,high_H,无放流,0.7482800000000001
5.825,0.0280558067565127,high_H,无放流,0.7482800000000001
5.83,0.027965672077172377,high_H,无放流,0.7482800000000001
5.835,0.027875827058115928,high_H,无放流,0.7482800000000001
5.84,0.027786270768200488,high_H,无放流,0.7482800000000001
5.845,0.027697002279092154,high_H,无放流,0.7482800000000001
5.8500000000000005,0.02760802066526596,high_H,无放流,0.7482800000000001
5.855,0.027519325004005942,high_H,无放流,0.7482800000000001
5.86,0.027430914375405045,high_H,无放流,0.7482800000000001
5.865,0.02734278786236518,high_H,无放流,0.7482800000000001
5.87,0.02725494455059722,high_H,无放流,0.7482800000000001
5.875,0.027167383528620987,high_H,无放流,0.7482800000000001
5.88,0.027080103887765262,high_H,无放流,0.7482800000000001
5.885,0.02699310472216778,high_H,无放流,0.7482800000000001
5.89,0.026906385128775235,high_H,无放流,0.7482800000000001
5.8950000000000005,0.026819944207343255,high_H,无放流,0.7482800000000001
5.9,0.026733781060436466,high_H,无放流,0.7482800000000001
5.905,0.026647894793428415,high_H,无放流,0.7482800000000001
5.91,0.02656228451450161,high_H,无放流,0.7482800000000001
5.915,0.026476949334647514,high_H,无放流,0.7482800000000001
5.92,0.026391888367666552,high_H,无放流,0.7482800000000001
5.925,0.026307100730168096,high_H,无放流,0.7482800000000001
5.93,0.02622258554157048,high_H,无放流,0.7482800000000001
5.9350000000000005,0.026138341924100972,high_H,无放流,0.7482800000000001
5.94,0.026054369002795848,high_H,无放流,0.7482800000000001
5.945,0.025970665905500286,high_H,无放流,0.7482800000000001
5.95,0.02588723176286844,high_H,无放流,0.7482800000000001
5.955,0.025804065708363407,high_H,无放流,0.7482800000000001
5.96,0.025721166878257262,high_H,无放流,0.7482800000000001
5.965,0.02563853441163101,high_H,无放流,0.7482800000000001
5.97,0.02555616745037463,high_H,无放流,0.7482800000000001
5.9750000000000005,0.025474065139187034,high_H,无放流,0.7482800000000001
5.98,0.02539222662557613,high_H,无放流,0.7482800000000001
5.985,0.02531065105985874,high_H,无放流,0.7482800000000001
5.99,0.025229337595160658,high_H,无放流,0.7482800000000001
5.995,0.025148285387416633,high_H,无放流,0.7482800000000001
6.0,0.02506749359537036,high_H,无放流,0.7482800000000001
6.005,0.024986961380574504,high_H,无放流,0.7482800000000001
6.01,0.024906687907390673,high_H,无放流,0.7482800000000001
6.015000000000001,0.024826672342989426,high_H,无放流,0.7482800000000001
6.0200000000000005,0.024746913857350308,high_H,无放流,0.7482800000000001
6.025,0.024667411623261783,high_H,无放流,0.7482800000000001
6.03,0.024588164816321284,high_H,无放流,0.7482800000000001
6.035,0.024509172614935206,high_H,无放流,0.7482800000000001
6.04,0.024430434200318884,high_H,无放流,0.7482800000000001
6.045,0.024351948756496617,high_H,无放流,0.7482800000000001
6.05,0.02427371547030166,high_H,无放流,0.7482800000000001
6.055,0.024195733515848663,high_H,无放流,0.7482800000000001
6.0600000000000005,0.02411800206872409,high_H,无放流,0.7482800000000001
6.065,0.024040520330432674,high_H,无放流,0.7482800000000001
6.07,0.023963287504827433,high_H,无放流,0.7482800000000001
6.075,0.023886302797985273,high_H,无放流,0.7482800000000001
6.08,0.023809565418206988,high_H,无放流,0.7482800000000001
6.085,0.02373307457601726,high_H,无放流,0.7482800000000001
6.09,0.023656829484164667,high_H,无放流,0.7482800000000001
6.095,0.023580829357621663,high_H,无放流,0.7482800000000001
6.1000000000000005,0.023505073413584578,high_H,无放流,0.7482800000000001
6.105,0.023429560871473673,high_H,无放流,0.7482800000000001
6.11,0.023354290952933055,high_H,无放流,0.7482800000000001
6.115,0.023279262881830732,high_H,无放流,0.7482800000000001
6.12,0.0232044758842586,high_H,无放流,0.7482800000000001
6.125,0.023129929188532433,high_H,无放流,0.7482800000000001
6.13,0.02305562202519191,high_H,无放流,0.7482800000000001
6.135,0.022981553627000578,high_H,无放流,0.7482800000000001
6.140000000000001,0.022907723228945874,high_H,无放流,0.7482800000000001
6.1450000000000005,0.022834130068239155,high_H,无放流,0.7482800000000001
6.15,0.022760773384315626,high_H,无放流,0.7482800000000001
6.155,0.02268765241883439,high_H,无放流,0.7482800000000001
6.16,0.02261476641567844,high_H,无放流,0.7482800000000001
6.165,0.02254211462095466,high_H,无放流,0.7482800000000001
6.17,0.022469696282993813,high_H,无放流,0.7482800000000001
6.175,0.022397510652350558,high_H,无放流,0.7482800000000001
6.18,0.022325556981803434,high_H,无放流,0.7482800000000001
6.1850000000000005,0.02225383452635486,high_H,无放流,0.7482800000000001
6.19,0.022182342543231173,high_H,无放流,0.7482800000000001
6.195,0.022111080291882572,high_H,无放流,0.7482800000000001
6.2,0.022040047033983143,high_H,无放流,0.7482800000000001
6.205,0.021969242033430862,high_H,无放流,0.7482800000000001
6.21,0.021898664556347605,high_H,无放流,0.7482800000000001
6.215,0.021828313871079114,high_H,无放流,0.7482800000000001
6.22,0.021758189248195035,high_H,无放流,0.7482800000000001
6.2250000000000005,0.021688289960488882,high_H,无放流,0.7482800000000001
6.23,0.021618615282978097,high_H,无放流,0.7482800000000001
6.235,0.021549164492903967,high_H,无放流,0.7482800000000001
6.24,0.021479936869731684,high_H,无放流,0.7482800000000001
6.245,0.021410931695150324,high_H,无放流,0.7482800000000001
6.25,0.02134214825307285,high_H,无放流,0.7482800000000001
6.255,0.021273585829636114,high_H,无放流,0.7482800000000001
6.26,0.021205243713200855,high_H,无放流,0.7482800000000001
6.265000000000001,0.021137121194351686,high_H,无放流,0.7482800000000001
6.2700000000000005,0.02106921756589715,high_H,无放流,0.7482800000000001
6.275,0.021001532122869628,high_H,无放流,0.7482800000000001
6.28,0.02093406416252541,high_H,无放流,0.7482800000000001
6.285,0.020866812984344674,high_H,无放流,0.7482800000000001
6.29,0.02079977789003148,high_H,无放流,0.7482800000000001
6.295,0.020732958183513783,high_H,无放流,0.7482800000000001
6.3,0.020666353170943414,high_H,无放流,0.7482800000000001
6.305,0.020599962160696098,high_H,无放流,0.7482800000000001
6.3100000000000005,0.020533784463371438,high_H,无放流,0.7482800000000001
6.315,0.020467819391792954,high_H,无放流,0.7482800000000001
6.32,0.02040206626100802,high_H,无放流,0.7482800000000001
6.325,0.020336524388287914,high_H,无放流,0.7482800000000001
6.33,0.020271193093127794,high_H,无放流,0.7482800000000001
6.335,0.020206071697246707,high_H,无放流,0.7482800000000001
6.34,0.02014115952458759,high_H,无放流,0.7482800000000001
6.345,0.020076455901317267,high_H,无放流,0.7482800000000001
6.3500000000000005,0.020011960155826434,high_H,无放流,0.7482800000000001
6.355,0.019947671618729713,high_H,无放流,0.7482800000000001
6.36,0.01988358962286558,high_H,无放流,0.7482800000000001
6.365,0.019819713503296397,high_H,无放流,0.7482800000000001
6.37,0.019756042597308433,high_H,无放流,0.7482800000000001
6.375,0.019692576244411834,high_H,无放流,0.7482800000000001
6.38,0.019629313786340627,high_H,无放流,0.7482800000000001
6.385,0.019566254567052743,high_H,无放流,0.7482800000000001
6.390000000000001,0.01950339793272997,high_H,无放流,0.7482800000000001
6.3950000000000005,0.01944074323177803,high_H,无放流,0.7482800000000001
6.4,0.019378289814826494,high_H,无放流,0.7482800000000001
6.405,0.019316037034728836,high_H,无放流,0.7482800000000001
6.41,0.01925398424656241,high_H,无放流,0.7482800000000001
6.415,0.019192130803999844,high_H,无放流,0.7482800000000001
6.42,0.019130476046137757,high_H,无放流,0.7482800000000001
6.425,0.019069019335880965,high_H,无放流,0.7482800000000001
6.43,0.01900776004200371,high_H,无放流,0.7482800000000001
6.4350000000000005,0.018946697535040472,high_H,无放流,0.7482800000000001
6.44,0.01888583118728599,high_H,无放流,0.7482800000000001
6.445,0.01882516037279523,high_H,无放流,0.7482800000000001
6.45,0.01876468446738339,high_H,无放流,0.7482800000000001
6.455,0.018704402848625918,high_H,无放流,0.7482800000000001
6.46,0.0186443148958585,high_H,无放流,0.7482800000000001
6.465,0.018584419990177067,high_H,无放流,0.7482800000000001
6.47,0.018524717514437784,high_H,无放流,0.7482800000000001
6.4750000000000005,0.018465206853257046,high_H,无放流,0.7482800000000001
6.48,0.018405887393011522,high_H,无放流,0.7482800000000001
6.485,0.018346758521838088,high_H,无放流,0.7482800000000001
6.49,0.018287819629633873,high_H,无放流,0.7482800000000001
6.495,0.018229070108056248,high_H,无放流,0.7482800000000001
6.5,0.018170509350522814,high_H,无放流,0.7482800000000001
6.505,0.018112136752211426,high_H,无放流,0.7482800000000001
6.51,0.01805395171006017,high_H,无放流,0.7482800000000001
6.515000000000001,0.01799595362276736,high_H,无放流,0.7482800000000001
6.5200000000000005,0.01793814189079159,high_H,无放流,0.7482800000000001
6.525,0.01788051591635166,high_H,无放流,0.7482800000000001
6.53,0.017823075103426615,high_H,无放流,0.7482800000000001
6.535,0.017765818857755748,high_H,无放流,0.7482800000000001
6.54,0.017708746586838586,high_H,无放流,0.7482800000000001
6.545,0.017651857699934898,high_H,无放流,0.7482800000000001
6.55,0.0175951516080647,high_H,无放流,0.7482800000000001
6.555,0.017538627724008233,high_H,无放流,0.7482800000000001
6.5600000000000005,0.017482285462305982,high_H,无放流,0.7482800000000001
6.565,0.0174261242392587,high_H,无放流,0.7482800000000001
6.57,0.017370143472927344,high_H,无放流,0.7482800000000001
6.575,0.017314342583133125,high_H,无放流,0.7482800000000001
6.58,0.017258720991457494,high_H,无放流,0.7482800000000001
6.585,0.017203278121242144,high_H,无放流,0.7482800000000001
6.59,0.017148013397589004,high_H,无放流,0.7482800000000001
6.595,0.017092926247360245,high_H,无放流,0.7482800000000001
6.6000000000000005,0.017038016099178273,high_H,无放流,0.7482800000000001
6.605,0.01698328238342576,high_H,无放流,0.7482800000000001
6.61,0.01692872453224558,high_H,无放流,0.7482800000000001
6.615,0.016874341979540873,high_H,无放流,0.7482800000000001
6.62,0.016820134160975008,high_H,无放流,0.7482800000000001
6.625,0.0167661005139716,high_H,无放流,0.7482800000000001
6.63,0.0167122404777145,high_H,无放流,0.7482800000000001
6.635,0.0166585534931478,high_H,无放流,0.7482800000000001
6.640000000000001,0.016605039002975826,high_H,无放流,0.7482800000000001
6.6450000000000005,0.01655169645166317,high_H,无放流,0.7482800000000001
6.65,0.016498525285434638,high_H,无放流,0.7482800000000001
6.655,0.01644552495227528,high_H,无放流,0.7482800000000001
6.66,0.016392694901930387,high_H,无放流,0.7482800000000001
6.665,0.0163400345859055,high_H,无放流,0.7482800000000001
6.67,0.016287543457466393,high_H,无放流,0.7482800000000001
6.675,0.016235220971639076,high_H,无放流,0.7482800000000001
6.68,0.016183066585209807,high_H,无放流,0.7482800000000001
6.6850000000000005,0.016131079756725068,high_H,无放流,0.7482800000000001
6.69,0.016079259946491616,high_H,无放流,0.7482800000000001
6.695,0.016027606616576415,high_H,无放流,0.7482800000000001
6.7,0.015976119230806683,high_H,无放流,0.7482800000000001
6.705,0.015924797254769873,high_H,无放流,0.7482800000000001
6.71,0.015873640155813683,high_H,无放流,0.7482800000000001
6.715,0.015822647403046043,high_H,无放流,0.7482800000000001
6.72,0.015771818467335136,high_H,无放流,0.7482800000000001
6.7250000000000005,0.015721152821309366,high_H,无放流,0.7482800000000001
6.73,0.015670649939357413,high_H,无放流,0.7482800000000001
6.735,0.015620309297628154,high_H,无放流,0.7482800000000001
6.74,0.015570130374030733,high_H,无放流,0.7482800000000001
6.745,0.015520112648234528,high_H,无放流,0.7482800000000001
6.75,0.015470255601669152,high_H,无放流,0.7482800000000001
6.755,0.015420558717524466,high_H,无放流,0.7482800000000001
6.76,0.015371021480750565,high_H,无放流,0.7482800000000001
6.765000000000001,0.015321643378057779,high_H,无放流,0.7482800000000001
6.7700000000000005,0.015272423897916703,high_H,无放流,0.7482800000000001
6.775,0.015223362530558147,high_H,无放流,0.7482800000000001
6.78,0.015174458757690886,high_H,无放流,0.7482800000000001
6.785,0.015125712062897268,high_H,无放流,0.7482800000000001
6.79,0.0150771219456721,high_H,无放流,0.7482800000000001
6.795,0.015028687906944775,high_H,无放流,0.7482800000000001
6.8,0.014980409449037438,high_H,无放流,0.7482800000000001
6.805,0.014932286075664975,high_H,无放流,0.7482800000000001
6.8100000000000005,0.014884317291935015,high_H,无放流,0.7482800000000001
6.815,0.01483650260434796,high_H,无放流,0.7482800000000001
6.82,0.014788841520796932,high_H,无放流,0.7482800000000001
6.825,0.014741333550567809,high_H,无放流,0.7482800000000001
6.83,0.014693978204339214,high_H,无放流,0.7482800000000001
6.835,0.014646774994182524,high_H,无放流,0.7482800000000001
6.84,0.014599723433561857,high_H,无放流,0.7482800000000001
6.845,0.014552823037334078,high_H,无放流,0.7482800000000001
6.8500000000000005,0.014506073321748796,high_H,无放流,0.7482800000000001
6.855,0.014459473804448389,high_H,无放流,0.7482800000000001
6.86,0.014413024004467955,high_H,无放流,0.7482800000000001
6.865,0.014366723442235354,high_H,无放流,0.7482800000000001
6.87,0.014320571639571185,high_H,无放流,0.7482800000000001
6.875,0.014274568119688802,high_H,无放流,0.7482800000000001
6.88,0.0142287124071943,high_H,无放流,0.7482800000000001
6.885,0.014183004028086525,high_H,无放流,0.7482800000000001
6.890000000000001,0.014137442509757063,high_H,无放流,0.7482800000000001
6.8950000000000005,0.014092027380990267,high_H,无放流,0.7482800000000001
6.9,0.014046758171963217,high_H,无放流,0.7482800000000001
6.905,0.014001634414245748,high_H,无放流,0.7482800000000001
6.91,0.013956655640800437,high_H,无放流,0.7482800000000001
6.915,0.013911821385982615,high_H,无放流,0.7482800000000001
6.92,0.01386713118554036,high_H,无放流,0.7482800000000001
6.925,0.013822584576614491,high_H,无放流,0.7482800000000001
6.93,0.01377818109773858,high_H,无放流,0.7482800000000001
6.9350000000000005,0.013733920288838936,high_H,无放流,0.7482800000000001
6.94,0.013689801691234637,high_H,无放流,0.7482800000000001
6.945,0.01364582484763749,high_H,无放流,0.7482800000000001
6.95,0.013601989302152055,high_H,无放流,0.7482800000000001
6.955,0.013558294600275635,high_H,无放流,0.7482800000000001
6.96,0.013514740288898285,high_H,无放流,0.7482800000000001
6.965,0.013471325916302805,high_H,无放流,0.7482800000000001
6.97,0.013428051032164743,high_H,无放流,0.7482800000000001
6.9750000000000005,0.013384915187552388,high_H,无放流,0.7482800000000001
6.98,0.013341917934926796,high_H,无放流,0.7482800000000001
6.985,0.013299058828141749,high_H,无放流,0.7482800000000001
6.99,0.013256337422443783,high_H,无放流,0.7482800000000001
6.995,0.013213753274472185,high_H,无放流,0.7482800000000001
7.0,0.013171305942258984,high_H,无放流,0.7482800000000001
7.005,0.013128994985228959,high_H,无放流,0.7482800000000001
7.01,0.013086819964199636,high_H,无放流,0.7482800000000001
7.015000000000001,0.013044780441381281,high_H,无放流,0.7482800000000001
7.0200000000000005,0.013002875980376928,high_H,无放流,0.7482800000000001
7.025,0.012961106146182337,high_H,无放流,0.7482800000000001
7.03,0.012919470505186024,high_H,无放流,0.7482800000000001
7.035,0.01287796862516925,high_H,无放流,0.7482800000000001
7.04,0.012836600075306024,high_H,无放流,0.7482800000000001
7.045,0.012795364426163101,high_H,无放流,0.7482800000000001
7.05,0.01275426124969999,high_H,无放流,0.7482800000000001
7.055,0.012713290119268934,high_H,无放流,0.7482800000000001
7.0600000000000005,0.01267245060961493,high_H,无放流,0.7482800000000001
7.065,0.012631742296875737,high_H,无放流,0.7482800000000001
7.07,0.012591164758581836,high_H,无放流,0.7482800000000001
7.075,0.012550717573656472,high_H,无放流,0.7482800000000001
7.08,0.012510400322415627,high_H,无放流,0.7482800000000001
7.085,0.012470212586568042,high_H,无放流,0.7482800000000001
7.09,0.012430153949215192,high_H,无放流,0.7482800000000001
7.095,0.012390223994851308,high_H,无放流,0.7482800000000001
7.1000000000000005,0.012350422309363358,high_H,无放流,0.7482800000000001
7.105,0.01231074848003108,high_H,无放流,0.7482800000000001
7.11,0.01227120209552694,high_H,无放流,0.7482800000000001
7.115,0.012231782745916152,high_H,无放流,0.7482800000000001
7.12,0.012192490022656682,high_H,无放流,0.7482800000000001
7.125,0.01215332351859924,high_H,无放流,0.7482800000000001
7.13,0.01211428282798729,high_H,无放流,0.7482800000000001
7.135,0.012075367546457036,high_H,无放流,0.7482800000000001
7.140000000000001,0.012036577270482088,high_H,无放流,0.7482800000000001
7.1450000000000005,0.011997911586210466,high_H,无放流,0.7482800000000001
7.15,0.011959370090935718,high_H,无放流,0.7482800000000001
7.155,0.01192095238898488,high_H,无放流,0.7482800000000001
7.16,0.011882658085786413,high_H,无放流,0.7482800000000001
7.165,0.011844486787870211,high_H,无放流,0.7482800000000001
7.17,0.011806438102867592,high_H,无放流,0.7482800000000001
7.175,0.011768511639511302,high_H,无放流,0.7482800000000001
7.18,0.011730707007635517,high_H,无放流,0.7482800000000001
7.1850000000000005,0.011693023818175833,high_H,无放流,0.7482800000000001
7.19,0.011655461683169291,high_H,无放流,0.7482800000000001
7.195,0.011618020215754346,high_H,无放流,0.7482800000000001
7.2,0.011580699030170883,high_H,无放流,0.7482800000000001
7.205,0.011543497741760214,high_H,无放流,0.7482800000000001
7.21,0.011506415966965082,high_H,无放流,0.7482800000000001
7.215,0.011469453323329657,high_H,无放流,0.7482800000000001
7.22,0.011432609429499536,high_H,无放流,0.7482800000000001
7.2250000000000005,0.011395883905221737,high_H,无放流,0.7482800000000001
7.23,0.011359276371344727,high_H,无放流,0.7482800000000001
7.235,0.01132278644981838,high_H,无放流,0.7482800000000001
7.24,0.011286413763694006,high_H,无放流,0.7482800000000001
7.245,0.011250157937124338,high_H,无放流,0.7482800000000001
7.25,0.011214018595363544,high_H,无放流,0.7482800000000001
7.255,0.011177995364767214,high_H,无放流,0.7482800000000001
7.26,0.01114208787279237,high_H,无放流,0.7482800000000001
7.265000000000001,0.01110629574799745,high_H,无放流,0.7482800000000001
7.2700000000000005,0.011070618620042346,high_H,无放流,0.7482800000000001
7.275,0.011035056119688354,high_H,无放流,0.7482800000000001
7.28,0.010999607878798208,high_H,无放流,0.7482800000000001
7.285,0.010964273530336062,high_H,无放流,0.7482800000000001
7.29,0.010929052708367505,high_H,无放流,0.7482800000000001
7.295,0.010893945048059553,high_H,无放流,0.7482800000000001
7.3,0.010858950185680649,high_H,无放流,0.7482800000000001
7.305,0.010824067758600661,high_H,无放流,0.7482800000000001
7.3100000000000005,0.010789297405290886,high_H,无放流,0.7482800000000001
7.315,0.010754638765324058,high_H,无放流,0.7482800000000001
7.32,0.010720091479374326,high_H,无放流,0.7482800000000001
7.325,0.010685655189217273,high_H,无放流,0.7482800000000001
7.33,0.010651329537729909,high_H,无放流,0.7482800000000001
7.335,0.01061711416889067,high_H,无放流,0.7482800000000001
7.34,0.010583008727779421,high_H,无放流,0.7482800000000001
7.345,0.010549012860577456,high_H,无放流,0.7482800000000001
7.3500000000000005,0.010515126214567492,high_H,无放流,0.7482800000000001
7.355,0.010481348438133689,high_H,无放流,0.7482800000000001
7.36,0.010447679180761615,high_H,无放流,0.7482800000000001
7.365,0.010414118093038278,high_H,无放流,0.7482800000000001
7.37,0.01038066482665211,high_H,无放流,0.7482800000000001
7.375,0.01034731903439297,high_H,无放流,0.7482800000000001
7.38,0.010314080370152145,high_H,无放流,0.7482800000000001
7.385,0.010280948488922354,high_H,无放流,0.7482800000000001
7.390000000000001,0.010247923046797733,high_H,无放流,0.7482800000000001
7.3950000000000005,0.010215003700973866,high_H,无放流,0.7482800000000001
7.4,0.010182190109747746,high_H,无放流,0.7482800000000001
7.405,0.0101494819325178,high_H,无放流,0.7482800000000001
7.41,0.010116878829783883,high_H,无放流,0.7482800000000001
7.415,0.01008438046314728,high_H,无放流,0.7482800000000001
7.42,0.0100519864953107,high_H,无放流,0.7482800000000001
7.425,0.01001969659007828,high_H,无放流,0.7482800000000001
7.43,0.00998751041235559,high_H,无放流,0.7482800000000001
7.4350000000000005,0.009955427628149617,high_H,无放流,0.7482800000000001
7.44,0.009923447904568793,high_H,无放流,0.7482800000000001
7.445,0.009891570909822966,high_H,无放流,0.7482800000000001
7.45,0.009859796313223411,high_H,无放流,0.7482800000000001
7.455,0.009828123785182835,high_H,无放流,0.7482800000000001
7.46,0.00979655299721537,high_H,无放流,0.7482800000000001
7.465,0.009765083621936576,high_H,无放流,0.7482800000000001
7.47,0.009733715333063445,high_H,无放流,0.7482800000000001
7.4750000000000005,0.00970244780541439,high_H,无放流,0.7482800000000001
7.48,0.009671280714909261,high_H,无放流,0.7482800000000001
7.485,0.00964021373856933,high_H,无放流,0.7482800000000001
7.49,0.009609246554517295,high_H,无放流,0.7482800000000001
7.495,0.009578378841977287,high_H,无放流,0.7482800000000001
7.5,0.009547610281274859,high_H,无放流,0.7482800000000001
7.505,0.009516940552901159,high_H,无放流,0.7482800000000001
7.51,0.009486369329097032,high_H,无放流,0.7482800000000001
7.515000000000001,0.009455896292744143,high_H,无放流,0.7482800000000001
7.5200000000000005,0.009425521131036783,high_H,无放流,0.7482800000000001
7.525,0.009395243532039698,high_H,无放流,0.7482800000000001
7.53,0.009365063184688112,high_H,无放流,0.7482800000000001
7.535,0.009334979778787724,high_H,无放流,0.7482800000000001
7.54,0.009304993005014698,high_H,无放流,0.7482800000000001
7.545,0.009275102554915678,high_H,无放流,0.7482800000000001
7.55,0.009245308120907772,high_H,无放流,0.7482800000000001
7.555,0.009215609396278565,high_H,无放流,0.7482800000000001
7.5600000000000005,0.009186006075186107,high_H,无放流,0.7482800000000001
7.565,0.009156497852658938,high_H,无放流,0.7482800000000001
7.57,0.009127084424596046,high_H,无放流,0.7482800000000001
7.575,0.009097765487766907,high_H,无放流,0.7482800000000001
7.58,0.009068540739811462,high_H,无放流,0.7482800000000001
7.585,0.009039409879240123,high_H,无放流,0.7482800000000001
7.59,0.009010372605433779,high_H,无放流,0.7482800000000001
7.595,0.008981428618643787,high_H,无放流,0.7482800000000001
7.6000000000000005,0.00895257761999197,high_H,无放流,0.7482800000000001
7.605,0.008923819311470644,high_H,无放流,0.7482800000000001
7.61,0.008895153395942575,high_H,无放流,0.7482800000000001
7.615,0.008866579577141006,high_H,无放流,0.7482800000000001
7.62,0.008838097559669657,high_H,无放流,0.7482800000000001
7.625,0.008809707049002717,high_H,无放流,0.7482800000000001
7.63,0.008781407751484843,high_H,无放流,0.7482800000000001
7.635,0.008753199374331172,high_H,无放流,0.7482800000000001
7.640000000000001,0.0087250816256273,high_H,无放流,0.7482800000000001
7.6450000000000005,0.008697054214329316,high_H,无放流,0.7482800000000001
7.65,0.00866911685026376,high_H,无放流,0.7482800000000001
7.655,0.008641269244127654,high_H,无放流,0.7482800000000001
7.66,0.00861351110748849,high_H,无放流,0.7482800000000001
7.665,0.008585842152784228,high_H,无放流,0.7482800000000001
7.67,0.008558262093323306,high_H,无放流,0.7482800000000001
7.675,0.00853077064328463,high_H,无放流,0.7482800000000001
7.68,0.008503367517717578,high_H,无放流,0.7482800000000001
7.6850000000000005,0.008476052432541998,high_H,无放流,0.7482800000000001
7.69,0.008448825104548223,high_H,无放流,0.7482800000000001
7.695,0.008421685251397037,high_H,无放流,0.7482800000000001
7.7,0.00839463259161971,high_H,无放流,0.7482800000000001
7.705,0.008367666844617982,high_H,无放流,0.7482800000000001
7.71,0.00834078773066406,high_H,无放流,0.7482800000000001
7.715,0.008313994970900622,high_H,无放流,0.7482800000000001
7.72,0.008287288287340827,high_H,无放流,0.7482800000000001
7.7250000000000005,0.008260667402868294,high_H,无放流,0.7482800000000001
7.73,0.008234132041237126,high_H,无放流,0.7482800000000001
7.735,0.008207681927071893,high_H,无放流,0.7482800000000001
7.74,0.00818131678586763,high_H,无放流,0.7482800000000001
7.745,0.008155036343989855,high_H,无放流,0.7482800000000001
7.75,0.008128840328674546,high_H,无放流,0.7482800000000001
7.755,0.008102728468028163,high_H,无放流,0.7482800000000001
7.76,0.008076700491027633,high_H,无放流,0.7482800000000001
7.765000000000001,0.00805075612752035,high_H,无放流,0.7482800000000001
7.7700000000000005,0.008024895108224196,high_H,无放流,0.7482800000000001
7.775,0.007999117164727511,high_H,无放流,0.7482800000000001
7.78,0.007973422029489106,high_H,无放流,0.7482800000000001
7.785,0.007947809435838272,high_H,无放流,0.7482800000000001
7.79,0.007922279117974764,high_H,无放流,0.7482800000000001
7.795,0.007896830810968817,high_H,无放流,0.7482800000000001
7.8,0.007871464250761129,high_H,无放流,0.7482800000000001
7.805000000000001,0.007846179174162873,high_H,无放流,0.7482800000000001
7.8100000000000005,0.007820975318855701,high_H,无放流,0.7482800000000001
7.815,0.0077958524233917295,high_H,无放流,0.7482800000000001
7.82,0.007770810227193546,high_H,无放流,0.7482800000000001
7.825,0.007745848470554212,high_H,无放流,0.7482800000000001
7.83,0.007720966894637262,high_H,无放流,0.7482800000000001
7.835,0.0076961652414767,high_H,无放流,0.7482800000000001
7.84,0.007671443253977003,high_H,无放流,0.7482800000000001
7.845,0.007646800675913119,high_H,无放流,0.7482800000000001
7.8500000000000005,0.0076222372519304665,high_H,无放流,0.7482800000000001
7.855,0.007597752727544945,high_H,无放流,0.7482800000000001
7.86,0.007573346849142912,high_H,无放流,0.7482800000000001
7.865,0.007549019363981209,high_H,无放流,0.7482800000000001
7.87,0.007524770019874116,high_H,无放流,0.7482800000000001
7.875,0.007500598558059765,high_H,无放流,0.7482800000000001
7.88,0.007476504726644852,high_H,无放流,0.7482800000000001
7.885,0.007452488278358008,high_H,无放流,0.7482800000000001
7.890000000000001,0.007428548966615216,high_H,无放流,0.7482800000000001
7.8950000000000005,0.007404686545519841,high_H,无放流,0.7482800000000001
7.9,0.007380900769862593,high_H,无放流,0.7482800000000001
7.905,0.007357191395121554,high_H,无放流,0.7482800000000001
7.91,0.007333558177462164,high_H,无放流,0.7482800000000001
7.915,0.0073100008737372315,high_H,无放流,0.7482800000000001
7.92,0.0072865192414869225,high_H,无放流,0.7482800000000001
7.925,0.00726311303893877,high_H,无放流,0.7482800000000001
7.930000000000001,0.007239782025007664,high_H,无放流,0.7482800000000001
7.9350000000000005,0.00721652595929587,high_H,无放流,0.7482800000000001
7.94,0.007193344602093005,high_H,无放流,0.7482800000000001
7.945,0.0071702377143760525,high_H,无放流,0.7482800000000001
7.95,0.007147205057809358,high_H,无放流,0.7482800000000001
7.955,0.0071242463947446336,high_H,无放流,0.7482800000000001
7.96,0.007101361488220949,high_H,无放流,0.7482800000000001
7.965,0.0070785501019647425,high_H,无放流,0.7482800000000001
7.97,0.00705581200038981,high_H,无放流,0.7482800000000001
7.9750000000000005,0.0070331469485973115,high_H,无放流,0.7482800000000001
7.98,0.007010554712375778,high_H,无放流,0.7482800000000001
7.985,0.006988035058201093,high_H,无放流,0.7482800000000001
7.99,0.0069655877532365075,high_H,无放流,0.7482800000000001
7.995,0.0069432125653326356,high_H,无放流,0.7482800000000001
8.0,0.0069209092630274525,high_H,无放流,0.7482800000000001
8.005,0.006898677615546295,high_H,无放流,0.7482800000000001
8.01,0.0068765173928018765,high_H,无放流,0.7482800000000001
8.015,0.006854428365394248,high_H,无放流,0.7482800000000001
8.02,0.006832410304610853,high_H,无放流,0.7482800000000001
8.025,0.006810462982426467,high_H,无放流,0.7482800000000001
8.03,0.006788586171503261,high_H,无放流,0.7482800000000001
8.035,0.0067667796451907365,high_H,无放流,0.7482800000000001
8.040000000000001,0.0067450431775257814,high_H,无放流,0.7482800000000001
8.045,0.006723376543232648,high_H,无放流,0.7482800000000001
8.05,0.006701779517722926,high_H,无放流,0.7482800000000001
8.055,0.006680251877095601,high_H,无放流,0.7482800000000001
8.06,0.006658793398136991,high_H,无放流,0.7482800000000001
8.065,0.006637403858320805,high_H,无放流,0.7482800000000001
8.07,0.006616083035808088,high_H,无放流,0.7482800000000001
8.075,0.0065948307094472755,high_H,无放流,0.7482800000000001
8.08,0.0065736466587741375,high_H,无放流,0.7482800000000001
8.085,0.006552530664011829,high_H,无放流,0.7482800000000001
8.09,0.006531482506070867,high_H,无放流,0.7482800000000001
8.095,0.006510501966549113,high_H,无放流,0.7482800000000001
8.1,0.006489588827731815,high_H,无放流,0.7482800000000001
8.105,0.0064687428725915585,high_H,无放流,0.7482800000000001
8.11,0.006447963884788321,high_H,无放流,0.7482800000000001
8.115,0.0064272516486694135,high_H,无放流,0.7482800000000001
8.120000000000001,0.006406605949269532,high_H,无放流,0.7482800000000001
8.125,0.006386026572310736,high_H,无放流,0.7482800000000001
8.13,0.006365513304202423,high_H,无放流,0.7482800000000001
8.135,0.006345065932041386,high_H,无放流,0.7482800000000001
8.14,0.006324684243611753,high_H,无放流,0.7482800000000001
8.145,0.006304368027385039,high_H,无放流,0.7482800000000001
8.15,0.006284117072520098,high_H,无放流,0.7482800000000001
8.155,0.006263931168863172,high_H,无放流,0.7482800000000001
8.16,0.006243810106947842,high_H,无放流,0.7482800000000001
8.165000000000001,0.0062237536779950675,high_H,无放流,0.7482800000000001
8.17,0.006203761673913176,high_H,无放流,0.7482800000000001
8.175,0.006183833887297834,high_H,无放流,0.7482800000000001
8.18,0.0061639701114321,high_H,无放流,0.7482800000000001
8.185,0.0061441701402863685,high_H,无放流,0.7482800000000001
8.19,0.006124433768518421,high_H,无放流,0.7482800000000001
8.195,0.006104760791473381,high_H,无放流,0.7482800000000001
8.2,0.006085151005183756,high_H,无放流,0.7482800000000001
8.205,0.0060656042063693925,high_H,无放流,0.7482800000000001
8.21,0.006046120192437519,high_H,无放流,0.7482800000000001
8.215,0.00602669876148273,high_H,无放流,0.7482800000000001
8.22,0.006007339712286957,high_H,无放流,0.7482800000000001
8.225,0.005988042844319528,high_H,无放流,0.7482800000000001
8.23,0.005968807957737103,high_H,无放流,0.7482800000000001
8.235,0.0059496348533837305,high_H,无放流,0.7482800000000001
8.24,0.005930523329668623,high_H,无放流,0.7482800000000001
8.245000000000001,0.005911473183528641,high_H,无放流,0.7482800000000001
8.25,0.005892484219337826,high_H,无放流,0.7482800000000001
8.255,0.0058735562421964324,high_H,无放流,0.7482800000000001
8.26,0.005854689057746931,high_H,无放流,0.7482800000000001
8.265,0.005835882472173956,high_H,无放流,0.7482800000000001
8.27,0.005817136292204356,high_H,无放流,0.7482800000000001
8.275,0.005798450325107141,high_H,无放流,0.7482800000000001
8.28,0.00577982437869354,high_H,无放流,0.7482800000000001
8.285,0.005761258261316944,high_H,无放流,0.7482800000000001
8.290000000000001,0.005742751781872951,high_H,无放流,0.7482800000000001
8.295,0.005724304749799351,high_H,无放流,0.7482800000000001
8.3,0.0057059169750761024,high_H,无放流,0.7482800000000001
8.305,0.00568758826822538,high_H,无放流,0.7482800000000001
8.31,0.00566931844031152,high_H,无放流,0.7482800000000001
8.315,0.005651107302941076,high_H,无放流,0.7482800000000001
8.32,0.005632954668262764,high_H,无放流,0.7482800000000001
8.325,0.005614860348967515,high_H,无放流,0.7482800000000001
8.33,0.005596824158288423,high_H,无放流,0.7482800000000001
8.335,0.005578845910000794,high_H,无放流,0.7482800000000001
8.34,0.0055609254184221186,high_H,无放流,0.7482800000000001
8.345,0.005543062498412061,high_H,无放流,0.7482800000000001
8.35,0.005525256965372498,high_H,无放流,0.7482800000000001
8.355,0.005507508635247472,high_H,无放流,0.7482800000000001
8.36,0.00548981732452324,high_H,无放流,0.7482800000000001
8.365,0.005472182850228221,high_H,无放流,0.7482800000000001
8.370000000000001,0.005454605029933045,high_H,无放流,0.7482800000000001
8.375,0.005437083681750529,high_H,无放流,0.7482800000000001
8.38,0.005419618624335662,high_H,无放流,0.7482800000000001
8.385,0.005402209676885648,high_H,无放流,0.7482800000000001
8.39,0.005384856659139853,high_H,无放流,0.7482800000000001
8.395,0.00536755939137986,high_H,无放流,0.7482800000000001
8.4,0.0053503176944294135,high_H,无放流,0.7482800000000001
8.405,0.005333131389654474,high_H,无放流,0.7482800000000001
8.41,0.005316000298963167,high_H,无放流,0.7482800000000001
8.415000000000001,0.005298924244805825,high_H,无放流,0.7482800000000001
8.42,0.005281903050174969,high_H,无放流,0.7482800000000001
8.425,0.005264936538605294,high_H,无放流,0.7482800000000001
8.43,0.005248024534173704,high_H,无放流,0.7482800000000001
8.435,0.005231166861499273,high_H,无放流,0.7482800000000001
8.44,0.005214363345743284,high_H,无放流,0.7482800000000001
8.445,0.00519761381260919,high_H,无放流,0.7482800000000001
8.45,0.005180918088342653,high_H,无放流,0.7482800000000001
8.455,0.005164275999731504,high_H,无放流,0.7482800000000001
8.46,0.0051476873741057765,high_H,无放流,0.7482800000000001
8.465,0.0051311520393377,high_H,无放流,0.7482800000000001
8.47,0.005114669823841669,high_H,无放流,0.7482800000000001
8.475,0.005098240556574294,high_H,无放流,0.7482800000000001
8.48,0.005081864067034354,high_H,无放流,0.7482800000000001
8.485,0.005065540185262835,high_H,无放流,0.7482800000000001
8.49,0.005049268741842892,high_H,无放流,0.7482800000000001
8.495000000000001,0.005033049567899888,high_H,无放流,0.7482800000000001
8.5,0.005016882495101374,high_H,无放流,0.7482800000000001
8.505,0.005000767355657073,high_H,无放流,0.7482800000000001
8.51,0.004984703982318919,high_H,无放流,0.7482800000000001
8.515,0.004968692208381014,high_H,无放流,0.7482800000000001
8.52,0.004952731867679674,high_H,无放流,0.7482800000000001
8.525,0.0049368227945933785,high_H,无放流,0.7482800000000001
8.53,0.004920964824042819,high_H,无放流,0.7482800000000001
8.535,0.004905157791490856,high_H,无放流,0.7482800000000001
8.540000000000001,0.0048894015329425545,high_H,无放流,0.7482800000000001
8.545,0.00487369588494517,high_H,无放流,0.7482800000000001
8.55,0.0048580406845881285,high_H,无放流,0.7482800000000001
8.555,0.0048424357695030715,high_H,无放流,0.7482800000000001
8.56,0.0048268809778638025,high_H,无放流,0.7482800000000001
8.565,0.004811376148386341,high_H,无放流,0.7482800000000001
8.57,0.004795921120328872,high_H,无放流,0.7482800000000001
8.575000000000001,0.0047805157334917855,high_H,无放流,0.7482800000000001
8.58,0.004765159828217661,high_H,无放流,0.7482800000000001
8.585,0.0047498532453912525,high_H,无放流,0.7482800000000001
8.59,0.004734595826439525,high_H,无放流,0.7482800000000001
8.595,0.004719387413331608,high_H,无放流,0.7482800000000001
8.6,0.004704227848578847,high_H,无放流,0.7482800000000001
8.605,0.004689116975230838,high_H,无放流,0.7482800000000001
8.61,0.00467405463288102,high_H,无放流,0.7482800000000001
8.615,0.00465904066307688,high_H,无放流,0.7482800000000001
8.620000000000001,0.004644074911796191,high_H,无放流,0.7482800000000001
8.625,0.004629157225443829,high_H,无放流,0.7482800000000001
8.63,0.0046142874508517465,high_H,无放流,0.7482800000000001
8.635,0.004599465435279022,high_H,无放流,0.7482800000000001
8.64,0.004584691026411809,high_H,无放流,0.7482800000000001
8.645,0.004569964072363381,high_H,无放流,0.7482800000000001
8.65,0.004555284421674092,high_H,无放流,0.7482800000000001
8.655,0.004540651923311413,high_H,无放流,0.7482800000000001
8.66,0.004526066426669895,high_H,无放流,0.7482800000000001
8.665000000000001,0.004511527781571202,high_H,无放流,0.7482800000000001
8.67,0.0044970358382640995,high_H,无放流,0.7482800000000001
8.675,0.004482590447424433,high_H,无放流,0.7482800000000001
8.68,0.004468191460155172,high_H,无放流,0.7482800000000001
8.685,0.0044538387279863595,high_H,无放流,0.7482800000000001
8.69,0.004439532102875162,high_H,无放流,0.7482800000000001
8.695,0.004425271437205823,high_H,无放流,0.7482800000000001
8.700000000000001,0.0044110565837897,high_H,无放流,0.7482800000000001
8.705,0.004396887395865251,high_H,无放流,0.7482800000000001
8.71,0.004382763727098014,high_H,无放流,0.7482800000000001
8.715,0.004368685431580652,high_H,无放流,0.7482800000000001
8.72,0.004354652363832903,high_H,无放流,0.7482800000000001
8.725,0.004340664378801624,high_H,无放流,0.7482800000000001
8.73,0.004326721331860753,high_H,无放流,0.7482800000000001
8.735,0.004312823078811344,high_H,无放流,0.7482800000000001
8.74,0.004298969475881534,high_H,无放流,0.7482800000000001
8.745000000000001,0.004285160379726571,high_H,无放流,0.7482800000000001
8.75,0.004271395647428803,high_H,无放流,0.7482800000000001
8.755,0.004257675136497662,high_H,无放流,0.7482800000000001
8.76,0.004243998704869699,high_H,无放流,0.7482800000000001
8.765,0.004230366210908543,high_H,无放流,0.7482800000000001
8.77,0.004216777513404944,high_H,无放流,0.7482800000000001
8.775,0.00420323247157673,high_H,无放流,0.7482800000000001
8.78,0.004189730945068847,high_H,无放流,0.7482800000000001
8.785,0.004176272793953323,high_H,无放流,0.7482800000000001
8.790000000000001,0.004162857878729296,high_H,无放流,0.7482800000000001
8.795,0.004149486060323004,high_H,无放流,0.7482800000000001
8.8,0.004136157200087773,high_H,无放流,0.7482800000000001
8.805,0.0041228711598040434,high_H,无放流,0.7482800000000001
8.81,0.004109627801679337,high_H,无放流,0.7482800000000001
8.815,0.0040964269883482915,high_H,无放流,0.7482800000000001
8.82,0.004083268582872629,high_H,无放流,0.7482800000000001
8.825000000000001,0.004070152448741181,high_H,无放流,0.7482800000000001
8.83,0.004057078449869879,high_H,无放流,0.7482800000000001
8.835,0.00404404645060174,high_H,无放流,0.7482800000000001
8.84,0.004031056315706899,high_H,无放流,0.7482800000000001
8.845,0.00401810791038257,high_H,无放流,0.7482800000000001
8.85,0.004005201100253085,high_H,无放流,0.7482800000000001
8.855,0.003992335751369858,high_H,无放流,0.7482800000000001
8.86,0.003979511730211419,high_H,无放流,0.7482800000000001
8.865,0.003966728903683378,high_H,无放流,0.7482800000000001
8.870000000000001,0.00395398713911846,high_H,无放流,0.7482800000000001
8.875,0.003941286304276486,high_H,无放流,0.7482800000000001
8.88,0.003928626267344366,high_H,无放流,0.7482800000000001
8.885,0.003916006896936124,high_H,无放流,0.7482800000000001
8.89,0.0039034280620928665,high_H,无放流,0.7482800000000001
8.895,0.003890889632282816,high_H,无放流,0.7482800000000001
8.9,0.003878391477401278,high_H,无放流,0.7482800000000001
8.905,0.0038659334677706722,high_H,无放流,0.7482800000000001
8.91,0.0038535154741405012,high_H,无放流,0.7482800000000001
8.915000000000001,0.0038411373676873802,high_H,无放流,0.7482800000000001
8.92,0.0038287990200150225,high_H,无放流,0.7482800000000001
8.925,0.003816500303154228,high_H,无放流,0.7482800000000001
8.93,0.0038042410895629116,high_H,无放流,0.7482800000000001
8.935,0.0037920212521260713,high_H,无放流,0.7482800000000001
8.94,0.0037798406641558215,high_H,无放流,0.7482800000000001
8.945,0.003767699199391357,high_H,无放流,0.7482800000000001
8.950000000000001,0.0037555967319989857,high_H,无放流,0.7482800000000001
8.955,0.003743533136572114,high_H,无放流,0.7482800000000001
8.96,0.0037315082881312356,high_H,无放流,0.7482800000000001
8.965,0.0037195220621239577,high_H,无放流,0.7482800000000001
8.97,0.003707574334424972,high_H,无放流,0.7482800000000001
8.975,0.0036956649813360853,high_H,无放流,0.7482800000000001
8.98,0.0036837938775963765,high_H,无放流,0.7482800000000001
8.985,0.003671960896912126,high_H,无放流,0.7482800000000001
8.99,0.0036601659178022747,high_H,无放流,0.7482800000000001
8.995000000000001,0.0036484088192484687,high_H,无放流,0.7482800000000001
9.0,0.003636689480568223,high_H,无放流,0.7482800000000001
9.005,0.003625007781414912,high_H,无放流,0.7482800000000001
9.01,0.003613363601777798,high_H,无放流,0.7482800000000001
9.015,0.003601756821981997,high_H,无放流,0.7482800000000001
9.02,0.0035901873226885134,high_H,无放流,0.7482800000000001
9.025,0.003578654984894205,high_H,无放流,0.7482800000000001
9.03,0.0035671596899318186,high_H,无放流,0.7482800000000001
9.035,0.0035557013194699545,high_H,无放流,0.7482800000000001
9.040000000000001,0.0035442797555130965,high_H,无放流,0.7482800000000001
9.045,0.0035328948804015997,high_H,无放流,0.7482800000000001
9.05,0.003521546576811678,high_H,无放流,0.7482800000000001
9.055,0.0035102347277554324,high_H,无放流,0.7482800000000001
9.06,0.0034989592165808187,high_H,无放流,0.7482800000000001
9.065,0.0034877199269716798,high_H,无放流,0.7482800000000001
9.07,0.003476516742947714,high_H,无放流,0.7482800000000001
9.075000000000001,0.0034653495488645024,high_H,无放流,0.7482800000000001
9.08,0.003454218229413497,high_H,无放流,0.7482800000000001
9.085,0.0034431226696220096,high_H,无放流,0.7482800000000001
9.09,0.0034320627548532373,high_H,无放流,0.7482800000000001
9.095,0.003421038370806234,high_H,无放流,0.7482800000000001
9.1,0.00341004940351594,high_H,无放流,0.7482800000000001
9.105,0.0033990957393531503,high_H,无放流,0.7482800000000001
9.11,0.003388177265024547,high_H,无放流,0.7482800000000001
9.115,0.003377293867572668,high_H,无放流,0.7482800000000001
9.120000000000001,0.0033664454343759337,high_H,无放流,0.7482800000000001
9.125,0.003355631853148635,high_H,无放流,0.7482800000000001
9.13,0.003344853011940923,high_H,无放流,0.7482800000000001
9.135,0.0033341087991388347,high_H,无放流,0.7482800000000001
9.14,0.003323399103464263,high_H,无放流,0.7482800000000001
9.145,0.003312723813974987,high_H,无放流,0.7482800000000001
9.15,0.0033020828200646416,high_H,无放流,0.7482800000000001
9.155,0.0032914760114627485,high_H,无放流,0.7482800000000001
9.16,0.0032809032782346844,high_H,无放流,0.7482800000000001
9.165000000000001,0.0032703645107817086,high_H,无放流,0.7482800000000001
9.17,0.003259859599840952,high_H,无放流,0.7482800000000001
9.175,0.003249388436485405,high_H,无放流,0.7482800000000001
9.18,0.003238950912123943,high_H,无放流,0.7482800000000001
9.185,0.0032285469185012994,high_H,无放流,0.7482800000000001
9.19,0.003218176347698092,high_H,无放流,0.7482800000000001
9.195,0.0032078390921307953,high_H,无放流,0.7482800000000001
9.200000000000001,0.003197535044551766,high_H,无放流,0.7482800000000001
9.205,0.0031872640980492315,high_H,无放流,0.7482800000000001
9.21,0.00317702614604728,high_H,无放流,0.7482800000000001
9.215,0.0031668210823058845,high_H,无放流,0.7482800000000001
9.22,0.003156648800920875,high_H,无放流,0.7482800000000001
9.225,0.0031465091963239662,high_H,无放流,0.7482800000000001
9.23,0.003136402163282731,high_H,无放流,0.7482800000000001
9.235,0.0031263275969006256,high_H,无放流,0.7482800000000001
9.24,0.0031162853926169653,high_H,无放流,0.7482800000000001
9.245000000000001,0.003106275446206945,high_H,无放流,0.7482800000000001
9.25,0.003096297653781632,high_H,无放流,0.7482800000000001
9.255,0.0030863519117879535,high_H,无放流,0.7482800000000001
9.26,0.003076438117008721,high_H,无放流,0.7482800000000001
9.265,0.0030665561665626055,high_H,无放流,0.7482800000000001
9.27,0.00305670595790416,high_H,无放流,0.7482800000000001
9.275,0.0030468873888237964,high_H,无放流,0.7482800000000001
9.28,0.0030371003574478114,high_H,无放流,0.7482800000000001
9.285,0.0030273447622383583,high_H,无放流,0.7482800000000001
9.290000000000001,0.0030176205019934723,high_H,无放流,0.7482800000000001
9.295,0.0030079274758470593,high_H,无放流,0.7482800000000001
9.3,0.0029982655832688854,high_H,无放流,0.7482800000000001
9.305,0.0029886347240646034,high_H,无放流,0.7482800000000001
9.31,0.002979034798375721,high_H,无放流,0.7482800000000001
9.315,0.0029694657066796325,high_H,无放流,0.7482800000000001
9.32,0.0029599273497895886,high_H,无放流,0.7482800000000001
9.325000000000001,0.002950419628854721,high_H,无放流,0.7482800000000001
9.33,0.0029409424453600338,high_H,无放流,0.7482800000000001
9.335,0.00293149570112639,high_H,无放流,0.7482800000000001
9.34,0.002922079298310539,high_H,无放流,0.7482800000000001
9.345,0.0029126931394050874,high_H,无放流,0.7482800000000001
9.35,0.0029033371272375917,high_H,无放流,0.7482800000000001
9.355,0.0028940111624230157,high_H,无放流,0.7482800000000001
9.36,0.002884715146702638,high_H,无放流,0.7482800000000001
9.365,0.0028754489847520478,high_H,无放流,0.7482800000000001
9.370000000000001,0.0028662125815104213,high_H,无放流,0.7482800000000001
9.375,0.0028570058421805117,high_H,无放流,0.7482800000000001
9.38,0.002847828672228636,high_H,无放流,0.7482800000000001
9.385,0.0028386809773847024,high_H,无放流,0.7482800000000001
9.39,0.0028295626636421806,high_H,无放流,0.7482800000000001
9.395,0.0028204736372581295,high_H,无放流,0.7482800000000001
9.4,0.002811413804753172,high_H,无放流,0.7482800000000001
9.405,0.002802383072911519,high_H,无放流,0.7482800000000001
9.41,0.002793381348780945,high_H,无放流,0.7482800000000001
9.415000000000001,0.0027844085396728094,high_H,无放流,0.7482800000000001
9.42,0.002775464553162048,high_H,无放流,0.7482800000000001
9.425,0.0027665492970871636,high_H,无放流,0.7482800000000001
9.43,0.002757662679550247,high_H,无放流,0.7482800000000001
9.435,0.002748804608916952,high_H,无放流,0.7482800000000001
9.44,0.002739974993816522,high_H,无放流,0.7482800000000001
9.445,0.0027311737431417638,high_H,无放流,0.7482800000000001
9.450000000000001,0.002722400766049068,high_H,无放流,0.7482800000000001
9.455,0.0027136559719584032,high_H,无放流,0.7482800000000001
9.46,0.0027049392705533032,high_H,无放流,0.7482800000000001
9.465,0.002696250571780891,high_H,无放流,0.7482800000000001
9.47,0.002687589785851853,high_H,无放流,0.7482800000000001
9.475,0.0026789568232404633,high_H,无放流,0.7482800000000001
9.48,0.002670351594684561,high_H,无放流,0.7482800000000001
9.485,0.002661774011185573,high_H,无放流,0.7482800000000001
9.49,0.002653223984008488,high_H,无放流,0.7482800000000001
9.495000000000001,0.0026447014246818836,high_H,无放流,0.7482800000000001
9.5,0.00263620624499791,high_H,无放流,0.7482800000000001
9.505,0.0026277383570122857,high_H,无放流,0.7482800000000001
9.51,0.0026192976730443174,high_H,无放流,0.7482800000000001
9.515,0.002610884105676875,high_H,无放流,0.7482800000000001
9.52,0.0026024975677564183,high_H,无放流,0.7482800000000001
9.525,0.0025941379723929685,high_H,无放流,0.7482800000000001
9.53,0.002585805232960136,high_H,无放流,0.7482800000000001
9.535,0.002577499263095095,high_H,无放流,0.7482800000000001
9.540000000000001,0.0025692199766986063,high_H,无放流,0.7482800000000001
9.545,0.0025609672879350035,high_H,无放流,0.7482800000000001
9.55,0.0025527411112321896,high_H,无放流,0.7482800000000001
9.555,0.002544541361281655,high_H,无放流,0.7482800000000001
9.56,0.002536367953038454,high_H,无放流,0.7482800000000001
9.565,0.002528220801721229,high_H,无放流,0.7482800000000001
9.57,0.002520099822812186,high_H,无放流,0.7482800000000001
9.575000000000001,0.0025120049320571164,high_H,无放流,0.7482800000000001
9.58,0.0025039360454653875,high_H,无放流,0.7482800000000001
9.585,0.002495893079309933,high_H,无放流,0.7482800000000001
9.59,0.002487875950127276,high_H,无放流,0.7482800000000001
9.595,0.0024798845747175022,high_H,无放流,0.7482800000000001
9.6,0.002471918870144286,high_H,无放流,0.7482800000000001
9.605,0.0024639787537348652,high_H,无放流,0.7482800000000001
9.61,0.0024560641430800664,high_H,无放流,0.7482800000000001
9.615,0.0024481749560342795,high_H,无放流,0.7482800000000001
9.620000000000001,0.0024403111107154803,high_H,无放流,0.7482800000000001
9.625,0.002432472525505219,high_H,无放流,0.7482800000000001
9.63,0.002424659119048614,high_H,无放流,0.7482800000000001
9.635,0.0024168708102543716,high_H,无放流,0.7482800000000001
9.64,0.002409107518294762,high_H,无放流,0.7482800000000001
9.645,0.002401369162605643,high_H,无放流,0.7482800000000001
9.65,0.002393655662886437,high_H,无放流,0.7482800000000001
9.655,0.0023859669391001533,high_H,无放流,0.7482800000000001
9.66,0.002378302911473367,high_H,无放流,0.7482800000000001
9.665000000000001,0.0023706635004962363,high_H,无放流,0.7482800000000001
9.67,0.002363048626922497,high_H,无放流,0.7482800000000001
9.675,0.0023554582117694504,high_H,无放流,0.7482800000000001
9.68,0.0023478921763179865,high_H,无放流,0.7482800000000001
9.685,0.00234035044211256,high_H,无放流,0.7482800000000001
9.69,0.0023328329309612117,high_H,无放流,0.7482800000000001
9.695,0.002325339564935549,high_H,无放流,0.7482800000000001
9.700000000000001,0.002317870266370762,high_H,无放流,0.7482800000000001
9.705,0.0023104249578656177,high_H,无放流,0.7482800000000001
9.71,0.00230300356228245,high_H,无放流,0.7482800000000001
9.715,0.0022956060027471805,high_H,无放流,0.7482800000000001
9.72,0.002288232202649296,high_H,无放流,0.7482800000000001
9.725,0.002280882085641869,high_H,无放流,0.7482800000000001
9.73,0.0022735555757187427,high_H,无放流,0.7482800000000001
9.735,0.0022662525975815175,high_H,无放流,0.7482800000000001
9.74,0.0022589730760332128,high_H,无放流,0.7482800000000001
9.745000000000001,0.002251716936054268,high_H,无放流,0.7482800000000001
9.75,0.002244484102842511,high_H,无放流,0.7482800000000001
9.755,0.0022372745018131505,high_H,无放流,0.7482800000000001
9.76,0.002230088058598792,high_H,无放流,0.7482800000000001
9.765,0.002222924699049419,high_H,无放流,0.7482800000000001
9.77,0.002215784349232414,high_H,无放流,0.7482800000000001
9.775,0.0022086669354325363,high_H,无放流,0.7482800000000001
9.78,0.0022015723841519435,high_H,无放流,0.7482800000000001
9.785,0.002194500622110171,high_H,无放流,0.7482800000000001
9.790000000000001,0.0021874515762441487,high_H,无放流,0.7482800000000001
9.795,0.002180425173708196,high_H,无放流,0.7482800000000001
9.8,0.0021734213418740113,high_H,无放流,0.7482800000000001
9.805,0.0021664400083306916,high_H,无放流,0.7482800000000001
9.81,0.002159481100884711,high_H,无放流,0.7482800000000001
9.815,0.0021525445475599424,high_H,无放流,0.7482800000000001
9.82,0.0021456302765976362,high_H,无放流,0.7482800000000001
9.825000000000001,0.0021387382164564377,high_H,无放流,0.7482800000000001
9.83,0.00213186829581238,high_H,无放流,0.7482800000000001
9.835,0.002125020443558878,high_H,无放流,0.7482800000000001
9.84,0.002118194588806743,high_H,无放流,0.7482800000000001
9.845,0.0021113906608841637,high_H,无放流,0.7482800000000001
9.85,0.0021046085893367283,high_H,无放流,0.7482800000000001
9.855,0.002097848303927402,high_H,无放流,0.7482800000000001
9.86,0.002091109734636548,high_H,无放流,0.7482800000000001
9.865,0.0020843928116619074,high_H,无放流,0.7482800000000001
9.870000000000001,0.002077697465418616,high_H,无放流,0.7482800000000001
9.875,0.002071023626539198,high_H,无放流,0.7482800000000001
9.88,0.0020643712258735587,high_H,无放流,0.7482800000000001
9.885,0.0020577401944889993,high_H,无放流,0.7482800000000001
9.89,0.002051130463670201,high_H,无放流,0.7482800000000001
9.895,0.0020445419649192417,high_H,无放流,0.7482800000000001
9.9,0.002037974629955577,high_H,无放流,0.7482800000000001
9.905,0.002031428390716061,high_H,无放流,0.7482800000000001
9.91,0.0020249031793549256,high_H,无放流,0.7482800000000001
9.915000000000001,0.002018398928243797,high_H,无放流,0.7482800000000001
9.92,0.002011915569971691,high_H,无放流,0.7482800000000001
9.925,0.0020054530373450024,high_H,无放流,0.7482800000000001
9.93,0.001999011263387524,high_H,无放流,0.7482800000000001
9.935,0.001992590181340427,high_H,无放流,0.7482800000000001
9.94,0.00198618972466228,high_H,无放流,0.7482800000000001
9.945,0.0019798098270290302,high_H,无放流,0.7482800000000001
9.950000000000001,0.001973450422334019,high_H,无放流,0.7482800000000001
9.955,0.0019671114446879762,high_H,无放流,0.7482800000000001
9.96,0.0019607928284190125,high_H,无放流,0.7482800000000001
9.965,0.0019544945080726354,high_H,无放流,0.7482800000000001
9.97,0.0019482164184117315,high_H,无放流,0.7482800000000001
9.975,0.0019419584944165838,high_H,无放流,0.7482800000000001
9.98,0.0019357206712848545,high_H,无放流,0.7482800000000001
9.985,0.0019295028844316022,high_H,无放流,0.7482800000000001
9.99,0.0019233050694892656,high_H,无放流,0.7482800000000001
9.995000000000001,0.0019171271623076764,high_H,无放流,0.7482800000000001
10.0,0.001910969098954055,high_H,无放流,0.7482800000000001
0.0,1.2,high_H,有放流,0.7482800000000001
0.005,1.1961147839885944,high_H,有放流,0.7482800000000001
0.01,1.192242246161092,high_H,有放流,0.7482800000000001
0.015,1.1883823445060173,high_H,有放流,0.7482800000000001
0.02,1.1845350371545953,high_H,有放流,0.7482800000000001
0.025,1.18070028238075,high_H,有放流,0.7482800000000001
0.03,1.1768780384036435,high_H,有放流,0.7482800000000001
0.035,1.1730682627792701,high_H,有放流,0.7482800000000001
0.04,1.1692709142516304,high_H,有放流,0.7482800000000001
0.045,1.1654859518656575,high_H,有放流,0.7482800000000001
0.05,1.161713334791172,high_H,有放流,0.7482800000000001
0.055,1.157953022322883,high_H,有放流,0.7482800000000001
0.06,1.1542049738803881,high_H,有放流,0.7482800000000001
0.065,1.1504691490081722,high_H,有放流,0.7482800000000001
0.07,1.1467455073756083,high_H,有放流,0.7482800000000001
0.075,1.143034008776958,high_H,有放流,0.7482800000000001
0.08,1.1393346131313706,high_H,有放流,0.7482800000000001
0.085,1.1356472804828837,high_H,有放流,0.7482800000000001
0.09,1.1319719710004224,high_H,有放流,0.7482800000000001
0.095,1.1283086449778006,high_H,有放流,0.7482800000000001
0.1,1.12465726283372,high_H,有放流,0.7482800000000001
0.105,1.1210177851117697,high_H,有放流,0.7482800000000001
0.11,1.117390172480428,high_H,有放流,0.7482800000000001
0.115,1.1137743857330604,high_H,有放流,0.7482800000000001
0.12,1.110170385787921,high_H,有放流,0.7482800000000001
0.125,1.1065781336881515,high_H,有放流,0.7482800000000001
0.13,1.1029975906017822,high_H,有放流,0.7482800000000001
0.135,1.0994287178217306,high_H,有放流,0.7482800000000001
0.14,1.095871476765803,high_H,有放流,0.7482800000000001
0.145,1.092325828976694,high_H,有放流,0.7482800000000001
0.15,1.0887917361219852,high_H,有放流,0.7482800000000001
0.155,1.0852691599941473,high_H,有放流,0.7482800000000001
0.16,1.0817580625105385,high_H,有放流,0.7482800000000001
0.165,1.078258405713405,high_H,有放流,0.7482800000000001
0.17,1.0747701517698816,high_H,有放流,0.7482800000000001
0.17500000000000002,1.0712932629719907,high_H,有放流,0.7482800000000001
0.18,1.0678277017366427,high_H,有放流,0.7482800000000001
0.185,1.0643734306056365,high_H,有放流,0.7482800000000001
0.19,1.0609304122456586,high_H,有放流,0.7482800000000001
0.195,1.057498609448284,high_H,有放流,0.7482800000000001
0.2,1.0540779851299755,high_H,有放流,0.7482800000000001
0.20500000000000002,1.0506685023320836,high_H,有放流,0.7482800000000001
0.21,1.0472701242208478,high_H,有放流,0.7482800000000001
0.215,1.0438828140873946,high_H,有放流,0.7482800000000001
0.22,1.0405065353477392,high_H,有放流,0.7482800000000001
0.225,1.0371412515427851,high_H,有放流,0.7482800000000001
0.23,1.033786926338323,high_H,有放流,0.7482800000000001
0.23500000000000001,1.0304435235250324,high_H,有放流,0.7482800000000001
0.24,1.0271110070184808,high_H,有放流,0.7482800000000001
0.245,1.023789340859123,high_H,有放流,0.7482800000000001
0.25,1.0204784892123029,high_H,有放流,0.7482800000000001
0.255,1.0171784163682518,high_H,有放流,0.7482800000000001
0.26,1.0138890867420893,high_H,有放流,0.7482800000000001
0.265,1.0106104648738232,high_H,有放流,0.7482800000000001
0.27,1.0073425154283489,high_H,有放流,0.7482800000000001
0.275,1.0040852031954501,high_H,有放流,0.7482800000000001
0.28,1.0008384930897989,high_H,有放流,0.7482800000000001
0.28500000000000003,0.9976023501509548,high_H,有放流,0.7482800000000001
0.29,0.994376739543366,high_H,有放流,0.7482800000000001
0.295,0.9911616265563683,high_H,有放流,0.7482800000000001
0.3,0.9879569766041858,high_H,有放流,0.7482800000000001
0.305,0.9847627545732767,high_H,有放流,0.7482800000000001
0.31,0.9815789245622045,high_H,有放流,0.7482800000000001
0.315,0.9784054525343224,high_H,有放流,0.7482800000000001
0.32,0.975242304644386,high_H,有放流,0.7482800000000001
0.325,0.97208944714578,high_H,有放流,0.7482800000000001
0.33,0.9689468463905185,high_H,有放流,0.7482800000000001
0.335,0.9658144688292443,high_H,有放流,0.7482800000000001
0.34,0.9626922810112292,high_H,有放流,0.7482800000000001
0.34500000000000003,0.9595802495843742,high_H,有放流,0.7482800000000001
0.35000000000000003,0.9564783412952094,high_H,有放流,0.7482800000000001
0.355,0.9533865229888937,high_H,有放流,0.7482800000000001
0.36,0.9503047616092154,high_H,有放流,0.7482800000000001
0.365,0.9472330241985915,high_H,有放流,0.7482800000000001
0.37,0.9441712778980681,high_H,有放流,0.7482800000000001
0.375,0.9411194899473205,high_H,有放流,0.7482800000000001
0.38,0.938077627684653,high_H,有放流,0.7482800000000001
0.385,0.935045658546999,high_H,有放流,0.7482800000000001
0.39,0.9320235500699205,high_H,有放流,0.7482800000000001
0.395,0.9290112698876093,high_H,有放流,0.7482800000000001
0.4,0.9260087857328855,high_H,有放流,0.7482800000000001
0.405,0.9230160654371988,high_H,有放流,0.7482800000000001
0.41000000000000003,0.9200330769306276,high_H,有放流,0.7482800000000001
0.41500000000000004,0.9170597882418795,high_H,有放流,0.7482800000000001
0.42,0.914096167498291,high_H,有放流,0.7482800000000001
0.425,0.9111421829258279,high_H,有放流,0.7482800000000001
0.43,0.9081978028490848,high_H,有放流,0.7482800000000001
0.435,0.9052629956912854,high_H,有放流,0.7482800000000001
0.44,0.9023377299742826,high_H,有放流,0.7482800000000001
0.445,0.8994219743185581,high_H,有放流,0.7482800000000001
0.45,0.8965156974432228,high_H,有放流,0.7482800000000001
0.455,0.8936188681660164,high_H,有放流,0.7482800000000001
0.46,0.8907314554033081,high_H,有放流,0.7482800000000001
0.465,0.8878534281700958,high_H,有放流,0.7482800000000001
0.47000000000000003,0.8849847555800066,high_H,有放流,0.7482800000000001
0.47500000000000003,0.8821254068452964,high_H,有放流,0.7482800000000001
0.48,0.8792753512768504,high_H,有放流,0.7482800000000001
0.485,0.8764345582841828,high_H,有放流,0.7482800000000001
0.49,0.8736029973754367,high_H,有放流,0.7482800000000001
0.495,0.8707806381573843,high_H,有放流,0.7482800000000001
0.5,0.8679674503354269,high_H,有放流,0.7482800000000001
0.505,0.8651634037135949,high_H,有放流,0.7482800000000001
0.51,0.8623684681945477,high_H,有放流,0.7482800000000001
0.515,0.8595826137795737,high_H,有放流,0.7482800000000001
0.52,0.8568058105685901,high_H,有放流,0.7482800000000001
0.525,0.8540380287601437,high_H,有放流,0.7482800000000001
0.53,0.8512792386514099,high_H,有放流,0.7482800000000001
0.535,0.8485294106381932,high_H,有放流,0.7482800000000001
0.54,0.8457885152149273,high_H,有放流,0.7482800000000001
0.545,0.8430565229746748,high_H,有放流,0.7482800000000001
0.55,0.8403334046091276,high_H,有放流,0.7482800000000001
0.555,0.8376191309086062,high_H,有放流,0.7482800000000001
0.56,0.8349136727620605,high_H,有放流,0.7482800000000001
0.5650000000000001,0.8322170011570694,high_H,有放流,0.7482800000000001
0.5700000000000001,0.8295290871798406,high_H,有放流,0.7482800000000001
0.5750000000000001,0.8268499020152111,high_H,有放流,0.7482800000000001
0.58,0.824179416946647,high_H,有放流,0.7482800000000001
0.585,0.821517603356243,high_H,有放流,0.7482800000000001
0.59,0.8188644327247233,high_H,有放流,0.7482800000000001
0.595,0.816219876631441,high_H,有放流,0.7482800000000001
0.6,0.8135839067543782,high_H,有放流,0.7482800000000001
0.605,0.8109564948701461,high_H,有放流,0.7482800000000001
0.61,0.8083376128539849,high_H,有放流,0.7482800000000001
0.615,0.8057272326797638,high_H,有放流,0.7482800000000001
0.62,0.803125326419981,high_H,有放流,0.7482800000000001
0.625,0.8005318662457641,high_H,有放流,0.7482800000000001
0.63,0.7979468244268694,high_H,有放流,0.7482800000000001
0.635,0.795370173331682,high_H,有放流,0.7482800000000001
0.64,0.792801885427217,high_H,有放流,0.7482800000000001
0.645,0.7902419332791173,high_H,有放流,0.7482800000000001
0.65,0.7876902895516557,high_H,有放流,0.7482800000000001
0.655,0.7851469270077338,high_H,有放流,0.7482800000000001
0.66,0.7826118185350525,high_H,有放流,0.7482800000000001
0.665,0.7800849376009252,high_H,有放流,0.7482800000000001
0.67,0.7775662574372835,high_H,有放流,0.7482800000000001
0.675,0.775055751163684,high_H,有放流,0.7482800000000001
0.68,0.7725533919875932,high_H,有放流,0.7482800000000001
0.685,0.7700591532043864,high_H,有放流,0.7482800000000001
0.6900000000000001,0.7675730081973487,high_H,有放流,0.7482800000000001
0.6950000000000001,0.7650949304376741,high_H,有放流,0.7482800000000001
0.7000000000000001,0.762624893484466,high_H,有放流,0.7482800000000001
0.705,0.7601628709847372,high_H,有放流,0.7482800000000001
0.71,0.7577088366734096,high_H,有放流,0.7482800000000001
0.715,0.7552627643733145,high_H,有放流,0.7482800000000001
0.72,0.7528246279951927,high_H,有放流,0.7482800000000001
0.725,0.7503944015376938,high_H,有放流,0.7482800000000001
0.73,0.7479720590873771,high_H,有放流,0.7482800000000001
0.735,0.7455575748125988,high_H,有放流,0.7482800000000001
0.74,0.743150922971885,high_H,有放流,0.7482800000000001
0.745,0.7407520779155893,high_H,有放流,0.7482800000000001
0.75,0.7383610140777344,high_H,有放流,0.7482800000000001
0.755,0.7359777059760124,high_H,有放流,0.7482800000000001
0.76,0.7336021282117849,high_H,有放流,0.7482800000000001
0.765,0.731234255470083,high_H,有放流,0.7482800000000001
0.77,0.7288740625196072,high_H,有放流,0.7482800000000001
0.775,0.7265215242127271,high_H,有放流,0.7482800000000001
0.78,0.724176615485482,high_H,有放流,0.7482800000000001
0.785,0.7218393113575807,high_H,有放流,0.7482800000000001
0.79,0.7195095869324012,high_H,有放流,0.7482800000000001
0.795,0.7171874173969911,high_H,有放流,0.7482800000000001
0.8,0.7148727780220672,high_H,有放流,0.7482800000000001
0.805,0.7125656436105011,high_H,有放流,0.7482800000000001
0.81,0.7102659883254663,high_H,有放流,0.7482800000000001
0.8150000000000001,0.7079737878405157,high_H,有放流,0.7482800000000001
0.8200000000000001,0.7056890179690027,high_H,有放流,0.7482800000000001
0.8250000000000001,0.7034116545938138,high_H,有放流,0.7482800000000001
0.8300000000000001,0.7011416736673677,high_H,有放流,0.7482800000000001
0.835,0.6988790512116156,high_H,有放流,0.7482800000000001
0.84,0.6966237633180418,high_H,有放流,0.7482800000000001
0.845,0.6943757861476628,high_H,有放流,0.7482800000000001
0.85,0.6921350959310281,high_H,有放流,0.7482800000000001
0.855,0.6899016689682194,high_H,有放流,0.7482800000000001
0.86,0.6876754816288514,high_H,有放流,0.7482800000000001
0.865,0.6854565103520712,high_H,有放流,0.7482800000000001
0.87,0.6832447316465587,high_H,有放流,0.7482800000000001
0.875,0.6810401220905263,high_H,有放流,0.7482800000000001
0.88,0.678842658331719,high_H,有放流,0.7482800000000001
0.885,0.6766523170874145,high_H,有放流,0.7482800000000001
0.89,0.6744690751444231,high_H,有放流,0.7482800000000001
0.895,0.6722929093590877,high_H,有放流,0.7482800000000001
0.9,0.6701237966572839,high_H,有放流,0.7482800000000001
0.905,0.66796171403442,high_H,有放流,0.7482800000000001
0.91,0.6658066385554364,high_H,有放流,0.7482800000000001
0.915,0.663658547354807,high_H,有放流,0.7482800000000001
0.92,0.6615174176365377,high_H,有放流,0.7482800000000001
0.925,0.659383226674167,high_H,有放流,0.7482800000000001
0.93,0.6572559518107665,high_H,有放流,0.7482800000000001
0.935,0.6551355704589398,high_H,有放流,0.7482800000000001
0.9400000000000001,0.6530220601008238,high_H,有放流,0.7482800000000001
0.9450000000000001,0.6509153982880874,high_H,有放流,0.7482800000000001
0.9500000000000001,0.6488155626419325,high_H,有放流,0.7482800000000001
0.9550000000000001,0.6467225308530937,high_H,有放流,0.7482800000000001
0.96,0.6446362806818379,high_H,有放流,0.7482800000000001
0.965,0.6425567899579647,high_H,有放流,0.7482800000000001
0.97,0.6404840365808065,high_H,有放流,0.7482800000000001
0.975,0.6384179985192283,high_H,有放流,0.7482800000000001
0.98,0.6363586538116276,high_H,有放流,0.7482800000000001
0.985,0.6343059805659346,high_H,有放流,0.7482800000000001
0.99,0.6322599569596121,high_H,有放流,0.7482800000000001
0.995,0.6302205612396555,high_H,有放流,0.7482800000000001
1.0,0.6281877717225929,high_H,有放流,0.7482800000000001
1.0050000000000001,0.6261615667944849,high_H,有放流,0.7482800000000001
1.01,0.624141924910925,high_H,有放流,0.7482800000000001
1.0150000000000001,0.622128824597039,high_H,有放流,0.7482800000000001
1.02,0.6201222444474855,high_H,有放流,0.7482800000000001
1.025,0.6181221631264557,high_H,有放流,0.7482800000000001
1.03,0.6161285593676734,high_H,有放流,0.7482800000000001
1.035,0.614141411974395,high_H,有放流,0.7482800000000001
1.04,0.6121606998194096,high_H,有放流,0.7482800000000001
1.045,0.6101864018450388,high_H,有放流,0.7482800000000001
1.05,0.608218497063137,high_H,有放流,0.7482800000000001
1.055,0.6062569645550913,high_H,有放流,0.7482800000000001
1.06,0.604301783471821,high_H,有放流,0.7482800000000001
1.065,0.6023529330337783,high_H,有放流,0.7482800000000001
1.07,0.6004103925309483,high_H,有放流,0.7482800000000001
1.075,0.5984741413228482,high_H,有放流,0.7482800000000001
1.08,0.5965441588385278,high_H,有放流,0.7482800000000001
1.085,0.5946204245765705,high_H,有放流,0.7482800000000001
1.09,0.592702918105091,high_H,有放流,0.7482800000000001
1.095,0.5907916190617376,high_H,有放流,0.7482800000000001
1.1,0.5888865071536906,high_H,有放流,0.7482800000000001
1.105,0.5869875621576635,high_H,有放流,0.7482800000000001
1.11,0.5850947639199018,high_H,有放流,0.7482800000000001
1.115,0.5832080923561842,high_H,有放流,0.7482800000000001
1.12,0.5813275274518215,high_H,有放流,0.7482800000000001
1.125,0.5794530492616576,high_H,有放流,0.7482800000000001
1.1300000000000001,0.5775846379100688,high_H,有放流,0.7482800000000001
1.135,0.575722273590964,high_H,有放流,0.7482800000000001
1.1400000000000001,0.5738659365677847,high_H,有放流,0.7482800000000001
1.145,0.5720156071735053,high_H,有放流,0.7482800000000001
1.1500000000000001,0.5701712658106324,high_H,有放流,0.7482800000000001
1.155,0.5683328929512057,high_H,有放流,0.7482800000000001
1.16,0.566500469136797,high_H,有放流,0.7482800000000001
1.165,0.5646739749522579,high_H,有放流,0.7482800000000001
1.17,0.5628533904808076,high_H,有放流,0.7482800000000001
1.175,0.5610386963379574,high_H,有放流,0.7482800000000001
1.18,0.5592298734832482,high_H,有放流,0.7482800000000001
1.185,0.5574269029306648,high_H,有放流,0.7482800000000001
1.19,0.5556297657486371,high_H,有放流,0.7482800000000001
1.195,0.5538384430600389,high_H,有放流,0.7482800000000001
1.2,0.552052916042189,high_H,有放流,0.7482800000000001
1.205,0.5502731659268502,high_H,有放流,0.7482800000000001
1.21,0.5484991740002301,high_H,有放流,0.7482800000000001
1.215,0.5467309216029803,high_H,有放流,0.7482800000000001
1.22,0.5449683901301975,high_H,有放流,0.7482800000000001
1.225,0.5432115610314223,high_H,有放流,0.7482800000000001
1.23,0.5414604158106403,high_H,有放流,0.7482800000000001
1.235,0.5397149360262808,high_H,有放流,0.7482800000000001
1.24,0.5379751032912186,high_H,有放流,0.7482800000000001
1.245,0.5362408992727717,high_H,有放流,0.7482800000000001
1.25,0.5345123056927039,high_H,有放流,0.7482800000000001
1.2550000000000001,0.5327893043272223,high_H,有放流,0.7482800000000001
1.26,0.5310718770069792,high_H,有放流,0.7482800000000001
1.2650000000000001,0.5293600056170711,high_H,有放流,0.7482800000000001
1.27,0.5276536720970391,high_H,有放流,0.7482800000000001
1.2750000000000001,0.5259528584408683,high_H,有放流,0.7482800000000001
1.28,0.5242575466969889,high_H,有放流,0.7482800000000001
1.285,0.5225677189682753,high_H,有放流,0.7482800000000001
1.29,0.520883357412046,high_H,有放流,0.7482800000000001
1.295,0.5192044442400647,high_H,有放流,0.7482800000000001
1.3,0.517530961718539,high_H,有放流,0.7482800000000001
1.305,0.515862892168121,high_H,有放流,0.7482800000000001
1.31,0.5142002179639075,high_H,有放流,0.7482800000000001
1.315,0.5125429215354396,high_H,有放流,0.7482800000000001
1.32,0.5108909853667029,high_H,有放流,0.7482800000000001
1.325,0.5092443919961276,high_H,有放流,0.7482800000000001
1.33,0.5076031240165879,high_H,有放流,0.7482800000000001
1.335,0.5059671640754031,high_H,有放流,0.7482800000000001
1.34,0.5043364948743365,high_H,有放流,0.7482800000000001
1.345,0.5027110991695962,high_H,有放流,0.7482800000000001
1.35,0.5010909597718343,high_H,有放流,0.7482800000000001
1.355,0.49947605954614777,high_H,有放流,0.7482800000000001
1.36,0.49786638141207784,high_H,有放流,0.7482800000000001
1.365,0.49626190834361045,high_H,有放流,0.7482800000000001
1.37,0.49466262336917555,high_H,有放流,0.7482800000000001
1.375,0.49306850957164805,high_H,有放流,0.7482800000000001
1.3800000000000001,0.4914795500883469,high_H,有放流,0.7482800000000001
1.385,0.4898957281110359,high_H,有放流,0.7482800000000001
1.3900000000000001,0.4883170268859229,high_H,有放流,0.7482800000000001
1.395,0.48674342971366064,high_H,有放流,0.7482800000000001
1.4000000000000001,0.48517491994934586,high_H,有放流,0.7482800000000001
1.405,0.4836114810025203,high_H,有放流,0.7482800000000001
1.41,0.48205309633716975,high_H,有放流,0.7482800000000001
1.415,0.4804997494717244,high_H,有放流,0.7482800000000001
1.42,0.4789514239790593,high_H,有放流,0.7482800000000001
1.425,0.4774081034864937,high_H,有放流,0.7482800000000001
1.43,0.47586977167579136,high_H,有放流,0.7482800000000001
1.435,0.4743364122831604,high_H,有放流,0.7482800000000001
1.44,0.4728080090992537,high_H,有放流,0.7482800000000001
1.445,0.4712845459691682,high_H,有放流,0.7482800000000001
1.45,0.4697660067924456,high_H,有放流,0.7482800000000001
1.455,0.4682523755230719,high_H,有放流,0.7482800000000001
1.46,0.4667436361694778,high_H,有放流,0.7482800000000001
1.465,0.465239772794538,high_H,有放流,0.7482800000000001
1.47,0.46374076951557225,high_H,有放流,0.7482800000000001
1.475,0.46224661050434424,high_H,有放流,0.7482800000000001
1.48,0.46075727998706245,high_H,有放流,0.7482800000000001
1.485,0.45927276224437963,high_H,有放流,0.7482800000000001
1.49,0.4577930416113933,high_H,有放流,0.7482800000000001
1.495,0.4563181024776449,high_H,有放流,0.7482800000000001
1.5,0.45484792928712087,high_H,有放流,0.7482800000000001
1.5050000000000001,0.4533825065382518,high_H,有放流,0.7482800000000001
1.51,0.45192181878391285,high_H,有放流,0.7482800000000001
1.5150000000000001,0.4504658506314236,high_H,有放流,0.7482800000000001
1.52,0.44901458674254824,high_H,有放流,0.7482800000000001
1.5250000000000001,0.44756801163007504,high_H,有放流,0.7482800000000001
1.53,0.4461261096178183,high_H,有放流,0.7482800000000001
1.5350000000000001,0.44468886562211235,high_H,有放流,0.7482800000000001
1.54,0.4432562646279235,high_H,有放流,0.7482800000000001
1.545,0.4418282916629905,high_H,有放流,0.7482800000000001
1.55,0.4404049317978246,high_H,有放流,0.7482800000000001
1.555,0.4389861701457102,high_H,有放流,0.7482800000000001
1.56,0.43757199186270396,high_H,有放流,0.7482800000000001
1.565,0.43616238214763564,high_H,有放流,0.7482800000000001
1.57,0.4347573262421072,high_H,有放流,0.7482800000000001
1.575,0.4333568094304939,high_H,有放流,0.7482800000000001
1.58,0.431960817039943,high_H,有放流,0.7482800000000001
1.585,0.4305693344403751,high_H,有放流,0.7482800000000001
1.59,0.429182347044483,high_H,有放流,0.7482800000000001
1.595,0.42779984030773255,high_H,有放流,0.7482800000000001
1.6,0.426421799728362,high_H,有放流,0.7482800000000001
1.605,0.4250482108473826,high_H,有放流,0.7482800000000001
1.61,0.4236790592485779,high_H,有放流,0.7482800000000001
1.615,0.42231433055850454,high_H,有放流,0.7482800000000001
1.62,0.42095401044649156,high_H,有放流,0.7482800000000001
1.625,0.41959808462464093,high_H,有放流,0.7482800000000001
1.6300000000000001,0.41824653884782703,high_H,有放流,0.7482800000000001
1.635,0.4168993589136973,high_H,有放流,0.7482800000000001
1.6400000000000001,0.41555653066267145,high_H,有放流,0.7482800000000001
1.645,0.41421803997794227,high_H,有放流,0.7482800000000001
1.6500000000000001,0.4128838727854749,high_H,有放流,0.7482800000000001
1.655,0.4115540150540075,high_H,有放流,0.7482800000000001
1.6600000000000001,0.41022845279505066,high_H,有放流,0.7482800000000001
1.665,0.40890717206288785,high_H,有放流,0.7482800000000001
1.67,0.40759015895457507,high_H,有放流,0.7482800000000001
1.675,0.406277399609941,high_H,有放流,0.7482800000000001
1.68,0.4049688802115874,high_H,有放流,0.7482800000000001
1.685,0.40366458698488805,high_H,有放流,0.7482800000000001
1.69,0.40236450619799013,high_H,有放流,0.7482800000000001
1.695,0.40106862416181294,high_H,有放流,0.7482800000000001
1.7,0.3997769272300489,high_H,有放流,0.7482800000000001
1.705,0.3984894017991627,high_H,有放流,0.7482800000000001
1.71,0.39720603430839213,high_H,有放流,0.7482800000000001
1.715,0.39592681123974743,high_H,有放流,0.7482800000000001
1.72,0.3946517191180117,high_H,有放流,0.7482800000000001
1.725,0.39338074451074045,high_H,有放流,0.7482800000000001
1.73,0.39211387402826225,high_H,有放流,0.7482800000000001
1.735,0.39085109432367804,high_H,有放流,0.7482800000000001
1.74,0.3895923920928617,high_H,有放流,0.7482800000000001
1.745,0.3883377540744595,high_H,有放流,0.7482800000000001
1.75,0.38708716704989077,high_H,有放流,0.7482800000000001
1.7550000000000001,0.38584061784334733,high_H,有放流,0.7482800000000001
1.76,0.3845980933217937,high_H,有放流,0.7482800000000001
1.7650000000000001,0.383359580394967,high_H,有放流,0.7482800000000001
1.77,0.3821250660153773,high_H,有放流,0.7482800000000001
1.7750000000000001,0.3808945371783071,high_H,有放流,0.7482800000000001
1.78,0.3796679809218118,high_H,有放流,0.7482800000000001
1.7850000000000001,0.37844538432671937,high_H,有放流,0.7482800000000001
1.79,0.37722673451663047,high_H,有放流,0.7482800000000001
1.795,0.3760120186579185,high_H,有放流,0.7482800000000001
1.8,0.3748012239597295,high_H,有放流,0.7482800000000001
1.805,0.37359433767398226,high_H,有放流,0.7482800000000001
1.81,0.3723913470953682,high_H,有放流,0.7482800000000001
1.815,0.37119223956135156,high_H,有放流,0.7482800000000001
1.82,0.36999700245216904,high_H,有放流,0.7482800000000001
1.825,0.3688056231908304,high_H,有放流,0.7482800000000001
1.83,0.3676180892431176,high_H,有放流,0.7482800000000001
1.835,0.3664343881175858,high_H,有放流,0.7482800000000001
1.84,0.36525450736556236,high_H,有放流,0.7482800000000001
1.845,0.3640784345811478,high_H,有放流,0.7482800000000001
1.85,0.362906157401215,high_H,有放流,0.7482800000000001
1.855,0.3617376635054097,high_H,有放流,0.7482800000000001
1.86,0.3605729406161502,high_H,有放流,0.7482800000000001
1.865,0.3594119764986277,high_H,有放流,0.7482800000000001
1.87,0.35825475896080583,high_H,有放流,0.7482800000000001
1.875,0.35710127585342116,high_H,有放流,0.7482800000000001
1.8800000000000001,0.3559515150656957,high_H,有放流,0.7482800000000001
1.885,0.3548054641946147,high_H,有放流,0.7482800000000001
1.8900000000000001,0.3536631110737941,high_H,有放流,0.7482800000000001
1.895,0.3525244438147215,high_H,有放流,0.7482800000000001
1.9000000000000001,0.351389450562551,high_H,有放流,0.7482800000000001
1.905,0.35025811949610397,high_H,有放流,0.7482800000000001
1.9100000000000001,0.34913043882786843,high_H,有放流,0.7482800000000001
1.915,0.34800639680399936,high_H,有放流,0.7482800000000001
1.92,0.34688598170431856,high_H,有放流,0.7482800000000001
1.925,0.34576918184231464,high_H,有放流,0.7482800000000001
1.93,0.3446559855651434,high_H,有放流,0.7482800000000001
1.935,0.34354638125362713,high_H,有放流,0.7482800000000001
1.94,0.34244035732225525,high_H,有放流,0.7482800000000001
1.945,0.341337902219184,high_H,有放流,0.7482800000000001
1.95,0.3402390044262365,high_H,有放流,0.7482800000000001
1.955,0.33914365245890266,high_H,有放流,0.7482800000000001
1.96,0.33805183486633944,high_H,有放流,0.7482800000000001
1.965,0.3369635402313705,high_H,有放流,0.7482800000000001
1.97,0.33587875717048654,high_H,有放流,0.7482800000000001
1.975,0.33479747433384494,high_H,有放流,0.7482800000000001
1.98,0.3337196804052703,high_H,有放流,0.7482800000000001
1.985,0.3326453641022536,high_H,有放流,0.7482800000000001
1.99,0.33157451417595324,high_H,有放流,0.7482800000000001
1.995,0.3305071194111941,high_H,有放流,0.7482800000000001
2.0,0.3294431686264681,high_H,有放流,0.7482800000000001
2.005,0.3283826506739341,high_H,有放流,0.7482800000000001
2.0100000000000002,0.3273255544394175,high_H,有放流,0.7482800000000001
2.015,0.3262718688424112,high_H,有放流,0.7482800000000001
2.02,0.32522158283607444,high_H,有放流,0.7482800000000001
2.025,0.3241746854072335,high_H,有放流,0.7482800000000001
2.0300000000000002,0.3231311655763815,high_H,有放流,0.7482800000000001
2.035,0.3220910123976786,high_H,有放流,0.7482800000000001
2.04,0.32105421495895176,high_H,有放流,0.7482800000000001
2.045,0.32002076238169475,high_H,有放流,0.7482800000000001
2.05,0.3189906438210682,high_H,有放流,0.7482800000000001
2.055,0.31796384846589965,high_H,有放流,0.7482800000000001
2.06,0.3169403655386837,high_H,有放流,0.7482800000000001
2.065,0.31592018429558166,high_H,有放流,0.7482800000000001
2.07,0.31490329402642164,high_H,有放流,0.7482800000000001
2.075,0.3138896840546987,high_H,有放流,0.7482800000000001
2.08,0.312879343737575,high_H,有放流,0.7482800000000001
2.085,0.31187226246587924,high_H,有放流,0.7482800000000001
2.09,0.3108684296641072,high_H,有放流,0.7482800000000001
2.095,0.30986783479042135,high_H,有放流,0.7482800000000001
2.1,0.3088704673366514,high_H,有放流,0.7482800000000001
2.105,0.30787631682829364,high_H,有放流,0.7482800000000001
2.11,0.3068853728245112,high_H,有放流,0.7482800000000001
2.115,0.30589762491813427,high_H,有放流,0.7482800000000001
2.12,0.30491306273565993,high_H,有放流,0.7482800000000001
2.125,0.30393167593725195,high_H,有放流,0.7482800000000001
2.13,0.3029534542167412,high_H,有放流,0.7482800000000001
2.1350000000000002,0.3019783873016251,high_H,有放流,0.7482800000000001
2.14,0.30100646495306843,high_H,有放流,0.7482800000000001
2.145,0.3000376769659025,high_H,有放流,0.7482800000000001
2.15,0.2990720131686256,high_H,有放流,0.7482800000000001
2.1550000000000002,0.29810946342340267,high_H,有放流,0.7482800000000001
2.16,0.29715001762606613,high_H,有放流,0.7482800000000001
2.165,0.2961936657061146,high_H,有放流,0.7482800000000001
2.17,0.29524039762671406,high_H,有放流,0.7482800000000001
2.1750000000000003,0.29429020338469697,high_H,有放流,0.7482800000000001
2.18,0.29334307301056306,high_H,有放流,0.7482800000000001
2.185,0.2923989965684788,high_H,有放流,0.7482800000000001
2.19,0.29145796415627734,high_H,有放流,0.7482800000000001
2.195,0.2905199659054589,high_H,有放流,0.7482800000000001
2.2,0.28958499198119064,high_H,有放流,0.7482800000000001
2.205,0.28865303258230646,high_H,有放流,0.7482800000000001
2.21,0.2877240779413072,high_H,有放流,0.7482800000000001
2.215,0.2867981183243606,high_H,有放流,0.7482800000000001
2.22,0.2858751440313011,high_H,有放流,0.7482800000000001
2.225,0.2849551453956304,high_H,有放流,0.7482800000000001
2.23,0.2840381127845167,high_H,有放流,0.7482800000000001
2.235,0.2831240365987952,high_H,有放流,0.7482800000000001
2.24,0.2822129072344567,high_H,有放流,0.7482800000000001
2.245,0.2813047148464577,high_H,有放流,0.7482800000000001
2.25,0.28039944992856036,high_H,有放流,0.7482800000000001
2.255,0.2794971030854945,high_H,有放流,0.7482800000000001
2.2600000000000002,0.2785976649485302,high_H,有放流,0.7482800000000001
2.265,0.2777011261754776,high_H,有放流,0.7482800000000001
2.27,0.2768074774506869,high_H,有放流,0.7482800000000001
2.275,0.2759167094850484,high_H,有放流,0.7482800000000001
2.2800000000000002,0.27502881301599236,high_H,有放流,0.7482800000000001
2.285,0.27414377880748964,high_H,有放流,0.7482800000000001
2.29,0.2732615976500507,high_H,有放流,0.7482800000000001
2.295,0.2723822603607263,high_H,有放流,0.7482800000000001
2.3000000000000003,0.27150575778310737,high_H,有放流,0.7482800000000001
2.305,0.2706320807873249,high_H,有放流,0.7482800000000001
2.31,0.26976122027005,high_H,有放流,0.7482800000000001
2.315,0.26889316715449385,high_H,有放流,0.7482800000000001
2.32,0.2680279123904077,high_H,有放流,0.7482800000000001
2.325,0.2671654469540829,high_H,有放流,0.7482800000000001
2.33,0.2663057618483512,high_H,有放流,0.7482800000000001
2.335,0.26544884810258407,high_H,有放流,0.7482800000000001
2.34,0.26459469677269337,high_H,有放流,0.7482800000000001
2.345,0.2637432989411308,high_H,有放流,0.7482800000000001
2.35,0.2628946457168885,high_H,有放流,0.7482800000000001
2.355,0.2620487282354984,high_H,有放流,0.7482800000000001
2.36,0.2612055376590328,high_H,有放流,0.7482800000000001
2.365,0.26036506517610386,high_H,有放流,0.7482800000000001
2.37,0.25952730200186414,high_H,有放流,0.7482800000000001
2.375,0.25869223937800606,high_H,有放流,0.7482800000000001
2.38,0.2578598685727623,high_H,有放流,0.7482800000000001
2.3850000000000002,0.25703018088090546,high_H,有放流,0.7482800000000001
2.39,0.2562031676237485,high_H,有放流,0.7482800000000001
2.395,0.25537882014914437,high_H,有放流,0.7482800000000001
2.4,0.2545571298314861,high_H,有放流,0.7482800000000001
2.4050000000000002,0.2537380880717068,high_H,有放流,0.7482800000000001
2.41,0.25292168629727985,high_H,有放流,0.7482800000000001
2.415,0.2521079159622186,high_H,有放流,0.7482800000000001
2.42,0.2512967685470765,high_H,有放流,0.7482800000000001
2.4250000000000003,0.25048823555894717,high_H,有放流,0.7482800000000001
2.43,0.24968230853146442,high_H,有放流,0.7482800000000001
2.435,0.248878979024802,high_H,有放流,0.7482800000000001
2.44,0.24807823862567385,high_H,有放流,0.7482800000000001
2.445,0.247280078947334,high_H,有放流,0.7482800000000001
2.45,0.24648449162957653,high_H,有放流,0.7482800000000001
2.455,0.24569146833873587,high_H,有放流,0.7482800000000001
2.46,0.2449010007676863,high_H,有放流,0.7482800000000001
2.465,0.2441130806358423,high_H,有放流,0.7482800000000001
2.47,0.24332769968915843,high_H,有放流,0.7482800000000001
2.475,0.2425448497001295,high_H,有放流,0.7482800000000001
2.48,0.2417645224677902,high_H,有放流,0.7482800000000001
2.485,0.24098670981771553,high_H,有放流,0.7482800000000001
2.49,0.2402114036020204,high_H,有放流,0.7482800000000001
2.495,0.2394385956993601,high_H,有放流,0.7482800000000001
2.5,0.2386682780149298,high_H,有放流,0.7482800000000001
2.505,0.23790044248046485,high_H,有放流,0.7482800000000001
2.5100000000000002,0.2371350810542407,high_H,有放流,0.7482800000000001
2.515,0.23637218572107296,high_H,有放流,0.7482800000000001
2.52,0.23561174849231736,high_H,有放流,0.7482800000000001
2.525,0.2348537614058696,high_H,有放流,0.7482800000000001
2.5300000000000002,0.23409821652616558,high_H,有放流,0.7482800000000001
2.535,0.2333451059441814,high_H,有放流,0.7482800000000001
2.54,0.23259442177743314,high_H,有放流,0.7482800000000001
2.545,0.23184615616997703,high_H,有放流,0.7482800000000001
2.5500000000000003,0.23110030129240933,high_H,有放流,0.7482800000000001
2.555,0.23035684934186662,high_H,有放流,0.7482800000000001
2.56,0.2296157925420254,high_H,有放流,0.7482800000000001
2.565,0.22887712314310238,high_H,有放流,0.7482800000000001
2.57,0.22814083342185426,high_H,有放流,0.7482800000000001
2.575,0.22740691568157792,high_H,有放流,0.7482800000000001
2.58,0.22667536225211046,high_H,有放流,0.7482800000000001
2.585,0.2259461654898289,high_H,有放流,0.7482800000000001
2.59,0.2252193177776505,high_H,有放流,0.7482800000000001
2.595,0.2244948115250325,high_H,有放流,0.7482800000000001
2.6,0.22377263921263185,high_H,有放流,0.7482800000000001
2.605,0.22305279346785836,high_H,有放流,0.7482800000000001
2.61,0.2223352667907472,high_H,有放流,0.7482800000000001
2.615,0.22162005168943477,high_H,有放流,0.7482800000000001
2.62,0.2209071406959151,high_H,有放流,0.7482800000000001
2.625,0.2201965263660391,high_H,有放流,0.7482800000000001
2.63,0.21948820127951502,high_H,有放流,0.7482800000000001
2.6350000000000002,0.21878215803990825,high_H,有放流,0.7482800000000001
2.64,0.21807838927464163,high_H,有放流,0.7482800000000001
2.645,0.21737688763499494,high_H,有放流,0.7482800000000001
2.65,0.21667764579610532,high_H,有放流,0.7482800000000001
2.6550000000000002,0.21598065645696707,high_H,有放流,0.7482800000000001
2.66,0.21528591234043182,high_H,有放流,0.7482800000000001
2.665,0.21459340619320832,high_H,有放流,0.7482800000000001
2.67,0.2139031307857446,high_H,有放流,0.7482800000000001
2.6750000000000003,0.2132150789103984,high_H,有放流,0.7482800000000001
2.68,0.2125292433852855,high_H,有放流,0.7482800000000001
2.685,0.21184561705242203,high_H,有放流,0.7482800000000001
2.69,0.21116419277657986,high_H,有放流,0.7482800000000001
2.695,0.21048496344528644,high_H,有放流,0.7482800000000001
2.7,0.2098079219688248,high_H,有放流,0.7482800000000001
2.705,0.2091330612802338,high_H,有放流,0.7482800000000001
2.71,0.20846037433530762,high_H,有放流,0.7482800000000001
2.715,0.2077898541125963,high_H,有放流,0.7482800000000001
2.72,0.20712149361340526,high_H,有放流,0.7482800000000001
2.725,0.20645528586179585,high_H,有放流,0.7482800000000001
2.73,0.2057912239045848,high_H,有放流,0.7482800000000001
2.735,0.2051293008113445,high_H,有放流,0.7482800000000001
2.74,0.204469509674403,high_H,有放流,0.7482800000000001
2.745,0.20381184360757099,high_H,有放流,0.7482800000000001
2.75,0.20315629574740357,high_H,有放流,0.7482800000000001
2.755,0.2025028592548073,high_H,有放流,0.7482800000000001
2.7600000000000002,0.20185152731240716,high_H,有放流,0.7482800000000001
2.765,0.2012022931245244,high_H,有放流,0.7482800000000001
2.77,0.20055514991717582,high_H,有放流,0.7482800000000001
2.775,0.19991009093807438,high_H,有放流,0.7482800000000001
2.7800000000000002,0.19926710945662882,high_H,有放流,0.7482800000000001
2.785,0.19862619876394397,high_H,有放流,0.7482800000000001
2.79,0.19798735217282043,high_H,有放流,0.7482800000000001
2.795,0.1973505630177548,high_H,有放流,0.7482800000000001
2.8000000000000003,0.19671582465493953,high_H,有放流,0.7482800000000001
2.805,0.19608313046226317,high_H,有放流,0.7482800000000001
2.81,0.19545247383930997,high_H,有放流,0.7482800000000001
2.815,0.19482384820721194,high_H,有放流,0.7482800000000001
2.82,0.19419724700695373,high_H,有放流,0.7482800000000001
2.825,0.1935726637031381,high_H,有放流,0.7482800000000001
2.83,0.19295009178201353,high_H,有放流,0.7482800000000001
2.835,0.1923295247505092,high_H,有放流,0.7482800000000001
2.84,0.19171095613623543,high_H,有放流,0.7482800000000001
2.845,0.19109437948748326,high_H,有放流,0.7482800000000001
2.85,0.19047978837322493,high_H,有放流,0.7482800000000001
2.855,0.1898671763831134,high_H,有放流,0.7482800000000001
2.86,0.1892565371274826,high_H,有放流,0.7482800000000001
2.865,0.18864786423734742,high_H,有放流,0.7482800000000001
2.87,0.18804115136440372,high_H,有放流,0.7482800000000001
2.875,0.18743639218102823,high_H,有放流,0.7482800000000001
2.88,0.1868335803802786,high_H,有放流,0.7482800000000001
2.8850000000000002,0.18623270967589342,high_H,有放流,0.7482800000000001
2.89,0.18563377380233775,high_H,有放流,0.7482800000000001
2.895,0.18503676651445472,high_H,有放流,0.7482800000000001
2.9,0.1844416815869504,high_H,有放流,0.7482800000000001
2.9050000000000002,0.18384851281469666,high_H,有放流,0.7482800000000001
2.91,0.18325725401271226,high_H,有放流,0.7482800000000001
2.915,0.18266789901606362,high_H,有放流,0.7482800000000001
2.92,0.1820804416798092,high_H,有放流,0.7482800000000001
2.9250000000000003,0.18149487587894442,high_H,有放流,0.7482800000000001
2.93,0.18091119550832632,high_H,有放流,0.7482800000000001
2.935,0.18032939448261065,high_H,有放流,0.7482800000000001
2.94,0.1797505297246376,high_H,有放流,0.7482800000000001
2.945,0.2665307339023015,high_H,有放流,0.7482800000000001
2.95,0.35303194182351155,high_H,有放流,0.7482800000000001
2.955,0.43925399569302626,high_H,有放流,0.7482800000000001
2.96,0.5251974788028058,high_H,有放流,0.7482800000000001
2.965,0.6108629756431345,high_H,有放流,0.7482800000000001
2.97,0.6962510718856156,high_H,有放流,0.7482800000000001
2.975,0.781362354345513,high_H,有放流,0.7482800000000001
2.98,0.8661974109416124,high_H,有放流,0.7482800000000001
2.985,0.950756830695896,high_H,有放流,0.7482800000000001
2.99,1.035041203733559,high_H,有放流,0.7482800000000001
2.995,1.1190511212734817,high_H,有放流,0.7482800000000001
3.0,1.202787175533663,high_H,有放流,0.7482800000000001
3.005,1.286249959763842,high_H,有放流,0.7482800000000001
3.0100000000000002,1.3694400681931893,high_H,有放流,0.7482800000000001
3.015,1.4523580960150304,high_H,有放流,0.7482800000000001
3.02,1.5350046393868888,high_H,有放流,0.7482800000000001
3.025,1.6173802954304577,high_H,有放流,0.7482800000000001
3.0300000000000002,1.699485662180539,high_H,有放流,0.7482800000000001
3.035,1.7813213385204936,high_H,有放流,0.7482800000000001
3.04,1.8628879242242304,high_H,有放流,0.7482800000000001
3.045,1.9441860199152072,high_H,有放流,0.7482800000000001
3.0500000000000003,2.025216227047693,high_H,有放流,0.7482800000000001
3.055,2.1059791478811145,high_H,有放流,0.7482800000000001
3.06,2.186341208289835,high_H,有放流,0.7482800000000001
3.065,2.1792053318896767,high_H,有放流,0.7482800000000001
3.0700000000000003,2.1721042595533215,high_H,有放流,0.7482800000000001
3.075,2.165026655389168,high_H,有放流,0.7482800000000001
3.08,2.1579724396997793,high_H,有放流,0.7482800000000001
3.085,2.1509415330702226,high_H,有放流,0.7482800000000001
3.09,2.143933856368067,high_H,有放流,0.7482800000000001
3.095,2.1369493307433856,high_H,有放流,0.7482800000000001
3.1,2.1299878774381553,high_H,有放流,0.7482800000000001
3.105,2.1230494140690133,high_H,有放流,0.7482800000000001
3.11,2.1161338615331777,high_H,有放流,0.7482800000000001
3.115,2.109241142816926,high_H,有放流,0.7482800000000001
3.12,2.102371181141828,high_H,有放流,0.7482800000000001
3.125,2.0955238999647396,high_H,有放流,0.7482800000000001
3.13,2.0886992229778083,high_H,有放流,0.7482800000000001
3.1350000000000002,2.0818970741084715,high_H,有放流,0.7482800000000001
3.14,2.0751173775194567,high_H,有放流,0.7482800000000001
3.145,2.06836005760878,high_H,有放流,0.7482800000000001
3.15,2.061625039009749,high_H,有放流,0.7482800000000001
3.1550000000000002,2.054912246590959,high_H,有放流,0.7482800000000001
3.16,2.0482216054562974,high_H,有放流,0.7482800000000001
3.165,2.04155304094494,high_H,有放流,0.7482800000000001
3.17,2.034906478631352,high_H,有放流,0.7482800000000001
3.1750000000000003,2.0282818443252895,high_H,有放流,0.7482800000000001
3.18,2.021679064071799,high_H,有放流,0.7482800000000001
3.185,2.015098064151215,high_H,有放流,0.7482800000000001
3.19,2.0085387710791633,high_H,有放流,0.7482800000000001
3.1950000000000003,2.0020011116065572,high_H,有放流,0.7482800000000001
3.2,1.995485012719604,high_H,有放流,0.7482800000000001
3.205,1.988990401639797,high_H,有放流,0.7482800000000001
3.21,1.9825172058239207,high_H,有放流,0.7482800000000001
3.215,1.9760653529640495,high_H,有放流,0.7482800000000001
3.22,1.969634770987547,high_H,有放流,0.7482800000000001
3.225,1.9632253880570683,high_H,有放流,0.7482800000000001
3.23,1.9568371325705565,high_H,有放流,0.7482800000000001
3.235,1.9504699331612447,high_H,有放流,0.7482800000000001
3.24,1.9441237186976565,high_H,有放流,0.7482800000000001
3.245,1.9377984182836057,high_H,有放流,0.7482800000000001
3.25,1.9314939612581947,high_H,有放流,0.7482800000000001
3.255,1.9252102771958166,high_H,有放流,0.7482800000000001
3.2600000000000002,1.918947295906153,high_H,有放流,0.7482800000000001
3.265,1.9127049474341782,high_H,有放流,0.7482800000000001
3.27,1.9064831620601532,high_H,有放流,0.7482800000000001
3.275,1.9002818702996305,high_H,有放流,0.7482800000000001
3.2800000000000002,1.8941010029034513,high_H,有放流,0.7482800000000001
3.285,1.8879404908577484,high_H,有放流,0.7482800000000001
3.29,1.8818002653839427,high_H,有放流,0.7482800000000001
3.295,1.8756802579387457,high_H,有放流,0.7482800000000001
3.3000000000000003,1.8695804002141578,high_H,有放流,0.7482800000000001
3.305,1.8635006241374714,high_H,有放流,0.7482800000000001
3.31,1.8574408618712666,high_H,有放流,0.7482800000000001
3.315,1.8514010458134138,high_H,有放流,0.7482800000000001
3.3200000000000003,1.8453811085970733,high_H,有放流,0.7482800000000001
3.325,1.8393809830906958,high_H,有放流,0.7482800000000001
3.33,1.8334006023980214,high_H,有放流,0.7482800000000001
3.335,1.8274398998580799,high_H,有放流,0.7482800000000001
3.34,1.8214988090451905,high_H,有放流,0.7482800000000001
3.345,1.815577263768963,high_H,有放流,0.7482800000000001
3.35,1.8096751980742969,high_H,有放流,0.7482800000000001
3.355,1.8037925462413813,high_H,有放流,0.7482800000000001
3.36,1.7979292427856952,high_H,有放流,0.7482800000000001
3.365,1.7920852224580068,high_H,有放流,0.7482800000000001
3.37,1.7862604202443755,high_H,有放流,0.7482800000000001
3.375,1.7804547713661494,high_H,有放流,0.7482800000000001
3.38,1.7746682112799668,high_H,有放流,0.7482800000000001
3.3850000000000002,1.768900675677755,high_H,有放流,0.7482800000000001
3.39,1.763152100486733,high_H,有放流,0.7482800000000001
3.395,1.757422421869408,high_H,有放流,0.7482800000000001
3.4,1.751711576223577,high_H,有放流,0.7482800000000001
3.4050000000000002,1.7460195001823275,high_H,有放流,0.7482800000000001
3.41,1.7403461306140375,high_H,有放流,0.7482800000000001
3.415,1.7346914046223731,high_H,有放流,0.7482800000000001
3.42,1.7290552595462916,high_H,有放流,0.7482800000000001
3.4250000000000003,1.7234376329600383,high_H,有放流,0.7482800000000001
3.43,1.7178384626731513,high_H,有放流,0.7482800000000001
3.435,1.7122576867304558,high_H,有放流,0.7482800000000001
3.44,1.7066952434120681,high_H,有放流,0.7482800000000001
3.4450000000000003,1.7011510712333933,high_H,有放流,0.7482800000000001
3.45,1.6956251085395087,high_H,有放流,0.7482800000000001
3.455,1.6901172918041525,high_H,有放流,0.7482800000000001
3.46,1.684627560182608,high_H,有放流,0.7482800000000001
3.465,1.679155853525931,high_H,有放流,0.7482800000000001
3.47,1.6737021118657291,high_H,有放流,0.7482800000000001
3.475,1.6682662754141633,high_H,有放流,0.7482800000000001
3.48,1.6628482845639438,high_H,有放流,0.7482800000000001
3.485,1.6574480798883346,high_H,有放流,0.7482800000000001
3.49,1.65206560214115,high_H,有放流,0.7482800000000001
3.495,1.6467007922567576,high_H,有放流,0.7482800000000001
3.5,1.6413535913500756,high_H,有放流,0.7482800000000001
3.505,1.6360239407165746,high_H,有放流,0.7482800000000001
3.5100000000000002,1.6307117818322763,high_H,有放流,0.7482800000000001
3.515,1.6254170563537556,high_H,有放流,0.7482800000000001
3.52,1.6201397061181375,high_H,有放流,0.7482800000000001
3.525,1.6148796731431,high_H,有放流,0.7482800000000001
3.5300000000000002,1.609636899626872,high_H,有放流,0.7482800000000001
3.535,1.604411327948235,high_H,有放流,0.7482800000000001
3.54,1.5992029006665223,high_H,有放流,0.7482800000000001
3.545,1.5940115605216179,high_H,有放流,0.7482800000000001
3.5500000000000003,1.588837250433958,high_H,有放流,0.7482800000000001
3.555,1.583679913504532,high_H,有放流,0.7482800000000001
3.56,1.5785394930148797,high_H,有放流,0.7482800000000001
3.565,1.5734159324270927,high_H,有放流,0.7482800000000001
3.5700000000000003,1.5683091753838143,high_H,有放流,0.7482800000000001
3.575,1.5632191657082406,high_H,有放流,0.7482800000000001
3.58,1.558145847404119,high_H,有放流,0.7482800000000001
3.585,1.5530891646557479,high_H,有放流,0.7482800000000001
3.59,1.5480490618279783,high_H,有放流,0.7482800000000001
3.595,1.5430254834662125,high_H,有放流,0.7482800000000001
3.6,1.5380183742964058,high_H,有放流,0.7482800000000001
3.605,1.5330276792250637,high_H,有放流,0.7482800000000001
3.61,1.5280533433392445,high_H,有放流,0.7482800000000001
3.615,1.5230953119065571,high_H,有放流,0.7482800000000001
3.62,1.5181535303751643,high_H,有放流,0.7482800000000001
3.625,1.513227944373779,high_H,有放流,0.7482800000000001
3.63,1.5083184997116663,high_H,有放流,0.7482800000000001
3.6350000000000002,1.5034251423786424,high_H,有放流,0.7482800000000001
3.64,1.4985478185450773,high_H,有放流,0.7482800000000001
3.645,1.4936864745618907,high_H,有放流,0.7482800000000001
3.65,1.4888410569605552,high_H,有放流,0.7482800000000001
3.6550000000000002,1.4840115124530942,high_H,有放流,0.7482800000000001
3.66,1.4791977879320846,high_H,有放流,0.7482800000000001
3.665,1.4743998304706534,high_H,有放流,0.7482800000000001
3.67,1.4696175873224802,high_H,有放流,0.7482800000000001
3.6750000000000003,1.4648510059217958,high_H,有放流,0.7482800000000001
3.68,1.4601000338833843,high_H,有放流,0.7482800000000001
3.685,1.4553646190025795,high_H,有放流,0.7482800000000001
3.69,1.4506447092552683,high_H,有放流,0.7482800000000001
3.6950000000000003,1.445940252797889,high_H,有放流,0.7482800000000001
3.7,1.441251197967432,high_H,有放流,0.7482800000000001
3.705,1.4365774932814395,high_H,有放流,0.7482800000000001
3.71,1.4319190874380046,high_H,有放流,0.7482800000000001
3.715,1.4272759293157735,high_H,有放流,0.7482800000000001
3.72,1.4226479679739423,high_H,有放流,0.7482800000000001
3.725,1.4180351526522619,high_H,有放流,0.7482800000000001
3.73,1.4134374327710322,high_H,有放流,0.7482800000000001
3.735,1.408854757931106,high_H,有放流,0.7482800000000001
3.74,1.4042870779138872,high_H,有放流,0.7482800000000001
3.745,1.3997343426813331,high_H,有放流,0.7482800000000001
3.75,1.3951965023759514,high_H,有放流,0.7482800000000001
3.755,1.390673507320802,high_H,有放流,0.7482800000000001
3.7600000000000002,1.386165308019496,high_H,有放流,0.7482800000000001
3.765,1.3816718551561977,high_H,有放流,0.7482800000000001
3.77,1.3771930995956216,high_H,有放流,0.7482800000000001
3.775,1.3727289923830353,high_H,有放流,0.7482800000000001
3.7800000000000002,1.3682794847442568,high_H,有放流,0.7482800000000001
3.785,1.3638445280856577,high_H,有放流,0.7482800000000001
3.79,1.3594240739941597,high_H,有放流,0.7482800000000001
3.795,1.3550180742372369,high_H,有放流,0.7482800000000001
3.8000000000000003,1.3506264807629154,high_H,有放流,0.7482800000000001
3.805,1.3462492445561745,high_H,有放流,0.7482800000000001
3.81,1.3418863167042065,high_H,有放流,0.7482800000000001
3.815,1.3375376500304832,high_H,有放流,0.7482800000000001
3.8200000000000003,1.3332031975031422,high_H,有放流,0.7482800000000001
3.825,1.3288829122296864,high_H,有放流,0.7482800000000001
3.83,1.3245767474569818,high_H,有放流,0.7482800000000001
3.835,1.3202846565712587,high_H,有放流,0.7482800000000001
3.84,1.316006593098111,high_H,有放流,0.7482800000000001
3.845,1.3117425107024971,high_H,有放流,0.7482800000000001
3.85,1.3074923631887396,high_H,有放流,0.7482800000000001
3.855,1.3032561045005246,high_H,有放流,0.7482800000000001
3.86,1.2990336887209026,high_H,有放流,0.7482800000000001
3.865,1.294825070072287,high_H,有放流,0.7482800000000001
3.87,1.2906302029164571,high_H,有放流,0.7482800000000001
3.875,1.286449041754555,high_H,有放流,0.7482800000000001
3.88,1.2822815412270872,high_H,有放流,0.7482800000000001
3.8850000000000002,1.278127656113923,high_H,有放流,0.7482800000000001
3.89,1.273987341334298,high_H,有放流,0.7482800000000001
3.895,1.26986055194681,high_H,有放流,0.7482800000000001
3.9,1.2657472431494217,high_H,有放流,0.7482800000000001
3.9050000000000002,1.2616473702794586,high_H,有放流,0.7482800000000001
3.91,1.2575608888136123,high_H,有放流,0.7482800000000001
3.915,1.2534877543679364,high_H,有放流,0.7482800000000001
3.92,1.2494279226978497,high_H,有放流,0.7482800000000001
3.9250000000000003,1.245381349698134,high_H,有放流,0.7482800000000001
3.93,1.2413479914029366,high_H,有放流,0.7482800000000001
3.935,1.2373278039857676,high_H,有放流,0.7482800000000001
3.94,1.2333207437595015,high_H,有放流,0.7482800000000001
3.9450000000000003,1.2293267671763761,high_H,有放流,0.7482800000000001
3.95,1.225345830827995,high_H,有放流,0.7482800000000001
3.955,1.221377891445324,high_H,有放流,0.7482800000000001
3.96,1.2174229058986938,high_H,有放流,0.7482800000000001
3.9650000000000003,1.2134808311977985,high_H,有放流,0.7482800000000001
3.97,1.2095516244916973,high_H,有放流,0.7482800000000001
3.975,1.2056352430688122,high_H,有放流,0.7482800000000001
3.98,1.2017316443569301,high_H,有放流,0.7482800000000001
3.985,1.1978407859232014,high_H,有放流,0.7482800000000001
3.99,1.1939626254741402,high_H,有放流,0.7482800000000001
3.995,1.190097120855626,high_H,有放流,0.7482800000000001
4.0,1.1862442300529006,high_H,有放流,0.7482800000000001
4.005,1.182403911190571,high_H,有放流,0.7482800000000001
4.01,1.1785761225326077,high_H,有放流,0.7482800000000001
4.015,1.1747608224823454,high_H,有放流,0.7482800000000001
4.0200000000000005,1.1709579695824817,high_H,有放流,0.7482800000000001
4.025,1.1671675225150808,high_H,有放流,0.7482800000000001
4.03,1.163389440101569,high_H,有放流,0.7482800000000001
4.035,1.1596236813027363,high_H,有放流,0.7482800000000001
4.04,1.1558702052187377,high_H,有放流,0.7482800000000001
4.045,1.152128971089092,high_H,有放流,0.7482800000000001
4.05,1.1483999382926817,high_H,有放流,0.7482800000000001
4.055,1.1446830663477536,high_H,有放流,0.7482800000000001
4.0600000000000005,1.1409783149119175,high_H,有放流,0.7482800000000001
4.065,1.1372856437821497,high_H,有放流,0.7482800000000001
4.07,1.1336050128947883,high_H,有放流,0.7482800000000001
4.075,1.1299363823255357,high_H,有放流,0.7482800000000001
4.08,1.126279712289459,high_H,有放流,0.7482800000000001
4.085,1.1226349631409889,high_H,有放流,0.7482800000000001
4.09,1.11900209537392,high_H,有放流,0.7482800000000001
4.095,1.115381069621411,high_H,有放流,0.7482800000000001
4.1,1.1117718466559852,high_H,有放流,0.7482800000000001
4.105,1.108174387389528,high_H,有放流,0.7482800000000001
4.11,1.1045886528732922,high_H,有放流,0.7482800000000001
4.115,1.1010146042978914,high_H,有放流,0.7482800000000001
4.12,1.097452202993305,high_H,有放流,0.7482800000000001
4.125,1.0939014104288753,high_H,有放流,0.7482800000000001
4.13,1.0903621882133094,high_H,有放流,0.7482800000000001
4.135,1.0868344980946782,high_H,有放流,0.7482800000000001
4.14,1.0833183019604165,high_H,有放流,0.7482800000000001
4.1450000000000005,1.0798135618373226,high_H,有放流,0.7482800000000001
4.15,1.0763202398915606,high_H,有放流,0.7482800000000001
4.155,1.0728382984160088,high_H,有放流,0.7482800000000001
4.16,1.0693676986897283,high_H,有放流,0.7482800000000001
4.165,1.065908402740376,high_H,有放流,0.7482800000000001
4.17,1.0624603735572558,high_H,有放流,0.7482800000000001
4.175,1.0590235742378071,high_H,有放流,0.7482800000000001
4.18,1.0555979679876037,high_H,有放流,0.7482800000000001
4.1850000000000005,1.0521835181203545,high_H,有放流,0.7482800000000001
4.19,1.0487801880579044,high_H,有放流,0.7482800000000001
4.195,1.0453879413302318,high_H,有放流,0.7482800000000001
4.2,1.042006741575451,high_H,有放流,0.7482800000000001
4.205,1.0386365525398107,high_H,有放流,0.7482800000000001
4.21,1.0352773380776952,high_H,有放流,0.7482800000000001
4.215,1.031929062151623,high_H,有放流,0.7482800000000001
4.22,1.0285916888322486,high_H,有放流,0.7482800000000001
4.225,1.0252651822983605,high_H,有放流,0.7482800000000001
4.23,1.0219495068368822,high_H,有放流,0.7482800000000001
4.235,1.0186446268428735,high_H,有放流,0.7482800000000001
4.24,1.0153505068195279,high_H,有放流,0.7482800000000001
4.245,1.012067111378174,high_H,有放流,0.7482800000000001
4.25,1.008794405238276,high_H,有放流,0.7482800000000001
4.255,1.0055323532274323,high_H,有放流,0.7482800000000001
4.26,1.0022809202813767,high_H,有放流,0.7482800000000001
4.265,0.9990400714439782,high_H,有放流,0.7482800000000001
4.2700000000000005,0.9958097718672396,high_H,有放流,0.7482800000000001
4.275,0.992589986811301,high_H,有放流,0.7482800000000001
4.28,0.9893806816444354,high_H,有放流,0.7482800000000001
4.285,0.9861818218430514,high_H,有放流,0.7482800000000001
4.29,0.9829933729916925,high_H,有放流,0.7482800000000001
4.295,0.9798153007830377,high_H,有放流,0.7482800000000001
4.3,0.9766475710179003,high_H,有放流,0.7482800000000001
4.305,0.9734901496052291,high_H,有放流,0.7482800000000001
4.3100000000000005,0.9703430025621067,high_H,有放流,0.7482800000000001
4.315,0.9672060960137531,high_H,有放流,0.7482800000000001
4.32,0.964079396193521,high_H,有放流,0.7482800000000001
4.325,0.960962869442899,high_H,有放流,0.7482800000000001
4.33,0.9578564822115107,high_H,有放流,0.7482800000000001
4.335,0.9547602010571141,high_H,有放流,0.7482800000000001
4.34,0.951673992645603,high_H,有放流,0.7482800000000001
4.345,0.9485978237510058,high_H,有放流,0.7482800000000001
4.3500000000000005,0.945531661255485,high_H,有放流,0.7482800000000001
4.355,0.9424754721493405,high_H,有放流,0.7482800000000001
4.36,0.9394292235310046,high_H,有放流,0.7482800000000001
4.365,0.9363928826070459,high_H,有放流,0.7482800000000001
4.37,0.9333664166921676,high_H,有放流,0.7482800000000001
4.375,0.930349793209208,high_H,有放流,0.7482800000000001
4.38,0.9273429796891404,high_H,有放流,0.7482800000000001
4.385,0.9243459437710728,high_H,有放流,0.7482800000000001
4.39,0.9213586532022486,high_H,有放流,0.7482800000000001
4.3950000000000005,0.9183810758380455,high_H,有放流,0.7482800000000001
4.4,0.9154131796419775,high_H,有放流,0.7482800000000001
4.405,0.9124549326856923,high_H,有放流,0.7482800000000001
4.41,0.9095063031489731,high_H,有放流,0.7482800000000001
4.415,0.9065672593197378,high_H,有放流,0.7482800000000001
4.42,0.9036377695940396,high_H,有放流,0.7482800000000001
4.425,0.9007178024760666,high_H,有放流,0.7482800000000001
4.43,0.8978073265781417,high_H,有放流,0.7482800000000001
4.4350000000000005,0.8949063106207225,high_H,有放流,0.7482800000000001
4.44,0.892014723432403,high_H,有放流,0.7482800000000001
4.445,0.8891325339499104,high_H,有放流,0.7482800000000001
4.45,0.886259711218108,high_H,有放流,0.7482800000000001
4.455,0.8833962243899935,high_H,有放流,0.7482800000000001
4.46,0.8805420427266999,high_H,有放流,0.7482800000000001
4.465,0.8776971355974951,high_H,有放流,0.7482800000000001
4.47,0.8748614724797817,high_H,有放流,0.7482800000000001
4.4750000000000005,0.8720350229590974,high_H,有放流,0.7482800000000001
4.48,0.8692177567291157,high_H,有放流,0.7482800000000001
4.485,0.8664096435916442,high_H,有放流,0.7482800000000001
4.49,0.8636106534566252,high_H,有放流,0.7482800000000001
4.495,0.8608207563421371,high_H,有放流,0.7482800000000001
4.5,0.858039922374392,high_H,有放流,0.7482800000000001
4.505,0.855268121787738,high_H,有放流,0.7482800000000001
4.51,0.8525053249230814,high_H,有放流,0.7482800000000001
4.515,0.8497515014216916,high_H,有放流,0.7482800000000001
4.5200000000000005,0.847006621323404,high_H,有放流,0.7482800000000001
4.525,0.8442706555089228,high_H,有放流,0.7482800000000001
4.53,0.8415435749432144,high_H,有放流,0.7482800000000001
4.535,0.8388253506755092,high_H,有放流,0.7482800000000001
4.54,0.8361159538393009,high_H,有放流,0.7482800000000001
4.545,0.8334153556523467,high_H,有放流,0.7482800000000001
4.55,0.830723527416667,high_H,有放流,0.7482800000000001
4.555,0.8280404405185459,high_H,有放流,0.7482800000000001
4.5600000000000005,0.8253660664285302,high_H,有放流,0.7482800000000001
4.565,0.8227003767014316,high_H,有放流,0.7482800000000001
4.57,0.8200433429763239,high_H,有放流,0.7482800000000001
4.575,0.8173949369765448,high_H,有放流,0.7482800000000001
4.58,0.8147551305096952,high_H,有放流,0.7482800000000001
4.585,0.8121238954676395,high_H,有放流,0.7482800000000001
4.59,0.8095012038265058,high_H,有放流,0.7482800000000001
4.595,0.8068870276466852,high_H,有放流,0.7482800000000001
4.6000000000000005,0.8042813390728318,high_H,有放流,0.7482800000000001
4.605,0.8016841103338651,high_H,有放流,0.7482800000000001
4.61,0.7990953137429656,high_H,有放流,0.7482800000000001
4.615,0.7965149216975786,high_H,有放流,0.7482800000000001
4.62,0.7939429066794124,high_H,有放流,0.7482800000000001
4.625,0.7913792412544387,high_H,有放流,0.7482800000000001
4.63,0.7888238980728925,high_H,有放流,0.7482800000000001
4.635,0.7862768498692728,high_H,有放流,0.7482800000000001
4.64,0.7837380694623414,high_H,有放流,0.7482800000000001
4.6450000000000005,0.7812075297551231,high_H,有放流,0.7482800000000001
4.65,0.7786852037349079,high_H,有放流,0.7482800000000001
4.655,0.7761710644732476,high_H,有放流,0.7482800000000001
4.66,0.7736650851259576,high_H,有放流,0.7482800000000001
4.665,0.7711672389331172,high_H,有放流,0.7482800000000001
4.67,0.7686774992190689,high_H,有放流,0.7482800000000001
4.675,0.7661958393924185,high_H,有放流,0.7482800000000001
4.68,0.7637222329460356,high_H,有放流,0.7482800000000001
4.6850000000000005,0.7612566534570521,high_H,有放流,0.7482800000000001
4.69,0.7587990745868652,high_H,有放流,0.7482800000000001
4.695,0.7563494700811342,high_H,有放流,0.7482800000000001
4.7,0.7539078137697819,high_H,有放流,0.7482800000000001
4.705,0.7514740795669947,high_H,有放流,0.7482800000000001
4.71,0.7490482414712226,high_H,有放流,0.7482800000000001
4.715,0.7466302735651786,high_H,有放流,0.7482800000000001
4.72,0.7442201500158394,high_H,有放流,0.7482800000000001
4.7250000000000005,0.7418178450744448,high_H,有放流,0.7482800000000001
4.73,0.7394233330764989,high_H,有放流,0.7482800000000001
4.735,0.7370365884417682,high_H,有放流,0.7482800000000001
4.74,0.7346575856742831,high_H,有放流,0.7482800000000001
4.745,0.7322862993623374,high_H,有放流,0.7482800000000001
4.75,0.7299227041784879,high_H,有放流,0.7482800000000001
4.755,0.7275667748795555,high_H,有放流,0.7482800000000001
4.76,0.725218486306624,high_H,有放流,0.7482800000000001
4.765,0.7228778133850408,high_H,有放流,0.7482800000000001
4.7700000000000005,0.7205447311244162,high_H,有放流,0.7482800000000001
4.775,0.7182192146186253,high_H,有放流,0.7482800000000001
4.78,0.7159012390458053,high_H,有放流,0.7482800000000001
4.785,0.7135907796683573,high_H,有放流,0.7482800000000001
4.79,0.7112878118329456,high_H,有放流,0.7482800000000001
4.795,0.7089923109704982,high_H,有放流,0.7482800000000001
4.8,0.7067042525962064,high_H,有放流,0.7482800000000001
4.805,0.7044236123095248,high_H,有放流,0.7482800000000001
4.8100000000000005,0.702150365794171,high_H,有放流,0.7482800000000001
4.815,0.6998844888181276,high_H,有放流,0.7482800000000001
4.82,0.697625957233639,high_H,有放流,0.7482800000000001
4.825,0.6953747469772135,high_H,有放流,0.7482800000000001
4.83,0.6931308340696228,high_H,有放流,0.7482800000000001
4.835,0.6908941946159024,high_H,有放流,0.7482800000000001
4.84,0.6886648048053505,high_H,有放流,0.7482800000000001
4.845,0.6864426409115294,high_H,有放流,0.7482800000000001
4.8500000000000005,0.684227679292264,high_H,有放流,0.7482800000000001
4.855,0.6820198963896439,high_H,有放流,0.7482800000000001
4.86,0.6798192687300211,high_H,有放流,0.7482800000000001
4.865,0.6776257729240112,high_H,有放流,0.7482800000000001
4.87,0.6754393858621142,high_H,有放流,0.7482800000000001
4.875,0.6732600847364314,high_H,有放流,0.7482800000000001
4.88,0.6710878463991454,high_H,有放流,0.7482800000000001
4.885,0.6689226477630024,high_H,有放流,0.7482800000000001
4.89,0.6667644658159894,high_H,有放流,0.7482800000000001
4.8950000000000005,0.6646132776213339,high_H,有放流,0.7482800000000001
4.9,0.6624690603175059,high_H,有放流,0.7482800000000001
4.905,0.6603317911182149,high_H,有放流,0.7482800000000001
4.91,0.658201447312412,high_H,有放流,0.7482800000000001
4.915,0.656078006264289,high_H,有放流,0.7482800000000001
4.92,0.6539614454132789,high_H,有放流,0.7482800000000001
4.925,0.6518517422740557,high_H,有放流,0.7482800000000001
4.93,0.6497488744365342,high_H,有放流,0.7482800000000001
4.9350000000000005,0.6476528195658698,high_H,有放流,0.7482800000000001
4.94,0.6456507478912595,high_H,有放流,0.7482800000000001
4.945,0.7434190756452892,high_H,有放流,0.7482800000000001
4.95,0.8408570127611316,high_H,有放流,0.7482800000000001
4.955,0.9379784706606094,high_H,有放流,0.7482800000000001
4.96,1.0347840743188048,high_H,有放流,0.7482800000000001
4.965,1.1312744506186754,high_H,有放流,0.7482800000000001
4.97,1.227450228321553,high_H,有放流,0.7482800000000001
4.9750000000000005,1.3233120380346544,high_H,有放流,0.7482800000000001
4.98,1.4188605121877358,high_H,有放流,0.7482800000000001
4.985,1.5140962849498871,high_H,有放流,0.7482800000000001
4.99,1.6090199922279278,high_H,有放流,0.7482800000000001
4.995,1.703632271666426,high_H,有放流,0.7482800000000001
5.0,1.7979337626476977,high_H,有放流,0.7482800000000001
5.005,1.8919251062632514,high_H,有放流,0.7482800000000001
5.01,1.9856069451580018,high_H,有放流,0.7482800000000001
5.015,2.078979923635717,high_H,有放流,0.7482800000000001
5.0200000000000005,2.1720446875522788,high_H,有放流,0.7482800000000001
5.025,2.264801884297107,high_H,有放流,0.7482800000000001
5.03,2.357252162793257,high_H,有放流,0.7482800000000001
5.035,2.449396173497358,high_H,有放流,0.7482800000000001
5.04,2.541234568394962,high_H,有放流,0.7482800000000001
5.045,2.6327680008566032,high_H,有放流,0.7482800000000001
5.05,2.7239971256493223,high_H,有放流,0.7482800000000001
5.055,2.8149225989571196,high_H,有放流,0.7482800000000001
5.0600000000000005,2.9055236494166437,high_H,有放流,0.7482800000000001
5.065,2.8960347394078036,high_H,有放流,0.7482800000000001
5.07,2.8865535691348505,high_H,有放流,0.7482800000000001
5.075,2.8771040223078486,high_H,有放流,0.7482800000000001
5.08,2.867685989639868,high_H,有放流,0.7482800000000001
5.085,2.858299362242867,high_H,有放流,0.7482800000000001
5.09,2.848944031627691,high_H,有放流,0.7482800000000001
5.095,2.839619889704072,high_H,有放流,0.7482800000000001
5.1000000000000005,2.8303268287806294,high_H,有放流,0.7482800000000001
5.105,2.8210647402103666,high_H,有放流,0.7482800000000001
5.11,2.811833510600384,high_H,有放流,0.7482800000000001
5.115,2.8026330335321648,high_H,有放流,0.7482800000000001
5.12,2.7934632039385523,high_H,有放流,0.7482800000000001
5.125,2.7843239170809344,high_H,有放流,0.7482800000000001
5.13,2.7752150685492434,high_H,有放流,0.7482800000000001
5.135,2.766136554261958,high_H,有放流,0.7482800000000001
5.14,2.7570882704661015,high_H,有放流,0.7482800000000001
5.1450000000000005,2.7480701137372416,high_H,有放流,0.7482800000000001
5.15,2.739081980979496,high_H,有放流,0.7482800000000001
5.155,2.730123769425522,high_H,有放流,0.7482800000000001
5.16,2.721195376636525,high_H,有放流,0.7482800000000001
5.165,2.712296700502255,high_H,有放流,0.7482800000000001
5.17,2.7034276392410077,high_H,有放流,0.7482800000000001
5.175,2.6945880913996247,high_H,有放流,0.7482800000000001
5.18,2.6857779558534913,high_H,有放流,0.7482800000000001
5.1850000000000005,2.6769971318065378,high_H,有放流,0.7482800000000001
5.19,2.6682455187912444,high_H,有放流,0.7482800000000001
5.195,2.659523016668632,high_H,有放流,0.7482800000000001
5.2,2.6508295256282675,high_H,有放流,0.7482800000000001
5.205,2.642164946188265,high_H,有放流,0.7482800000000001
5.21,2.633529179195281,high_H,有放流,0.7482800000000001
5.215,2.6249221258245203,high_H,有放流,0.7482800000000001
5.22,2.616343687579732,high_H,有放流,0.7482800000000001
5.2250000000000005,2.607793766293208,high_H,有放流,0.7482800000000001
5.23,2.599272264125791,high_H,有放流,0.7482800000000001
5.235,2.590779083566865,high_H,有放流,0.7482800000000001
5.24,2.5823141274343593,high_H,有放流,0.7482800000000001
5.245,2.5738772988747503,high_H,有放流,0.7482800000000001
5.25,2.5654685013630583,high_H,有放流,0.7482800000000001
5.255,2.55708763870285,high_H,有放流,0.7482800000000001
5.26,2.548734615026236,high_H,有放流,0.7482800000000001
5.265,2.5404093347938743,high_H,有放流,0.7482800000000001
5.2700000000000005,2.532111702794965,high_H,有放流,0.7482800000000001
5.275,2.5238416241472583,high_H,有放流,0.7482800000000001
5.28,2.515599004297046,high_H,有放流,0.7482800000000001
5.285,2.507383749019166,high_H,有放流,0.7482800000000001
5.29,2.4991957644170024,high_H,有放流,0.7482800000000001
5.295,2.4910349569224834,high_H,有放流,0.7482800000000001
5.3,2.4829012332960834,high_H,有放流,0.7482800000000001
5.305,2.4747945006268215,high_H,有放流,0.7482800000000001
5.3100000000000005,2.466714666332262,high_H,有放流,0.7482800000000001
5.315,2.4586616381585165,high_H,有放流,0.7482800000000001
5.32,2.4506353241802405,high_H,有放流,0.7482800000000001
5.325,2.4426356328006342,high_H,有放流,0.7482800000000001
5.33,2.434662472751443,high_H,有放流,0.7482800000000001
5.335,2.4267157530929597,high_H,有放流,0.7482800000000001
5.34,2.4187953832140203,high_H,有放流,0.7482800000000001
5.345,2.410901272832007,high_H,有放流,0.7482800000000001
5.3500000000000005,2.403033331992846,high_H,有放流,0.7482800000000001
5.355,2.3951914710710125,high_H,有放流,0.7482800000000001
5.36,2.387375600769524,high_H,有放流,0.7482800000000001
5.365,2.3795856321199427,high_H,有放流,0.7482800000000001
5.37,2.3718214764823786,high_H,有放流,0.7482800000000001
5.375,2.364083045545485,high_H,有放流,0.7482800000000001
5.38,2.356370251326462,high_H,有放流,0.7482800000000001
5.385,2.3486830061710533,high_H,有放流,0.7482800000000001
5.39,2.34102122275355,high_H,有放流,0.7482800000000001
5.3950000000000005,2.3333848140767857,high_H,有放流,0.7482800000000001
5.4,2.3257736934721436,high_H,有放流,0.7482800000000001
5.405,2.3181877745995494,high_H,有放流,0.7482800000000001
5.41,2.310626971447473,high_H,有放流,0.7482800000000001
5.415,2.3030911983329325,high_H,有放流,0.7482800000000001
5.42,2.295580369901489,high_H,有放流,0.7482800000000001
5.425,2.2880944011272506,high_H,有放流,0.7482800000000001
5.43,2.2806332073128694,high_H,有放流,0.7482800000000001
5.4350000000000005,2.2731967040895427,high_H,有放流,0.7482800000000001
5.44,2.265784807417016,high_H,有放流,0.7482800000000001
5.445,2.258397433583577,high_H,有放流,0.7482800000000001
5.45,2.2510344992060594,high_H,有放流,0.7482800000000001
5.455,2.243695921229843,high_H,有放流,0.7482800000000001
5.46,2.2363816162427117,high_H,有放流,0.7482800000000001
5.465,2.2290914984143337,high_H,有放流,0.7482800000000001
5.47,2.221825485686276,high_H,有放流,0.7482800000000001
5.4750000000000005,2.2145834968178684,high_H,有放流,0.7482800000000001
5.48,2.207365450817706,high_H,有放流,0.7482800000000001
5.485,2.200171266943646,high_H,有放流,0.7482800000000001
5.49,2.19300086470281,high_H,有放流,0.7482800000000001
5.495,2.1858541638515825,high_H,有放流,0.7482800000000001
5.5,2.1787310843956136,high_H,有放流,0.7482800000000001
5.505,2.1716315465898153,high_H,有放流,0.7482800000000001
5.51,2.1645554709383648,high_H,有放流,0.7482800000000001
5.515,2.1575027781947025,high_H,有放流,0.7482800000000001
5.5200000000000005,2.1504733893615318,high_H,有放流,0.7482800000000001
5.525,2.1434672256908223,high_H,有放流,0.7482800000000001
5.53,2.136484208683806,high_H,有放流,0.7482800000000001
5.535,2.1295242600909776,high_H,有放流,0.7482800000000001
5.54,2.1225873019120973,high_H,有放流,0.7482800000000001
5.545,2.115673256396188,high_H,有放流,0.7482800000000001
5.55,2.1087820460415374,high_H,有放流,0.7482800000000001
5.555,2.101913593595696,high_H,有放流,0.7482800000000001
5.5600000000000005,2.0950678220554773,high_H,有放流,0.7482800000000001
5.565,2.088244654666963,high_H,有放流,0.7482800000000001
5.57,2.081444014925493,high_H,有放流,0.7482800000000001
5.575,2.074665826575675,high_H,有放流,0.7482800000000001
5.58,2.067910013611378,high_H,有放流,0.7482800000000001
5.585,2.061176500275736,high_H,有放流,0.7482800000000001
5.59,2.054465211061147,high_H,有放流,0.7482800000000001
5.595,2.047776070709272,high_H,有放流,0.7482800000000001
5.6000000000000005,2.041109004211035,high_H,有放流,0.7482800000000001
5.605,2.034463936806628,high_H,有放流,0.7482800000000001
5.61,2.027840793985502,high_H,有放流,0.7482800000000001
5.615,2.021239501486374,high_H,有放流,0.7482800000000001
5.62,2.0146599852972242,high_H,有放流,0.7482800000000001
5.625,2.0081021716552976,high_H,有放流,0.7482800000000001
5.63,2.001565987047101,high_H,有放流,0.7482800000000001
5.635,1.9950513582084073,high_H,有放流,0.7482800000000001
5.64,1.9885582121242518,high_H,有放流,0.7482800000000001
5.6450000000000005,1.982086476028933,high_H,有放流,0.7482800000000001
5.65,1.9756360774060162,high_H,有放流,0.7482800000000001
5.655,1.9692069439883277,high_H,有放流,0.7482800000000001
5.66,1.9627990037579583,high_H,有放流,0.7482800000000001
5.665,1.9564121849462626,high_H,有放流,0.7482800000000001
5.67,1.9500464160338593,high_H,有放流,0.7482800000000001
5.675,1.9437016257506308,high_H,有放流,0.7482800000000001
5.68,1.9373777430757229,high_H,有放流,0.7482800000000001
5.6850000000000005,1.9310746972375448,high_H,有放流,0.7482800000000001
5.69,1.924792417713772,high_H,有放流,0.7482800000000001
5.695,1.9185308342313416,high_H,有放流,0.7482800000000001
5.7,1.9122898767664547,high_H,有放流,0.7482800000000001
5.705,1.9060694755445762,high_H,有放流,0.7482800000000001
5.71,1.8998695610404355,high_H,有放流,0.7482800000000001
5.715,1.893690063978025,high_H,有放流,0.7482800000000001
5.72,1.8875309153306017,high_H,有放流,0.7482800000000001
5.7250000000000005,1.8813920463206846,high_H,有放流,0.7482800000000001
5.73,1.8752733884200603,high_H,有放流,0.7482800000000001
5.735,1.8691748733497755,high_H,有放流,0.7482800000000001
5.74,1.8630964330801423,high_H,有放流,0.7482800000000001
5.745,1.857037999830736,high_H,有放流,0.7482800000000001
5.75,1.8509995060703965,high_H,有放流,0.7482800000000001
5.755,1.8449808845172266,high_H,有放流,0.7482800000000001
5.76,1.8389820681385936,high_H,有放流,0.7482800000000001
5.765,1.8330029901511282,high_H,有放流,0.7482800000000001
5.7700000000000005,1.8270435840207242,high_H,有放流,0.7482800000000001
5.775,1.821103783462542,high_H,有放流,0.7482800000000001
5.78,1.8151835224410031,high_H,有放流,0.7482800000000001
5.785,1.809282735169793,high_H,有放流,0.7482800000000001
5.79,1.8034013561118625,high_H,有放流,0.7482800000000001
5.795,1.7975393199794245,high_H,有放流,0.7482800000000001
5.8,1.791696561733957,high_H,有放流,0.7482800000000001
5.805,1.785873016586201,high_H,有放流,0.7482800000000001
5.8100000000000005,1.7800686195493491,high_H,有放流,0.7482800000000001
5.815,1.7742833036856318,high_H,有放流,0.7482800000000001
5.82,1.7685170049026218,high_H,有放流,0.7482800000000001
5.825,1.7627696598196738,high_H,有放流,0.7482800000000001
5.83,1.7570412052470592,high_H,有放流,0.7482800000000001
5.835,1.751331578185965,high_H,有放流,0.7482800000000001
5.84,1.7456407158284948,high_H,有放流,0.7482800000000001
5.845,1.739968555557668,high_H,有放流,0.7482800000000001
5.8500000000000005,1.7343150349474192,high_H,有放流,0.7482800000000001
5.855,1.7286800917626028,high_H,有放流,0.7482800000000001
5.86,1.7230636639589856,high_H,有放流,0.7482800000000001
5.865,1.717465689683252,high_H,有放流,0.7482800000000001
5.87,1.7118861072730027,high_H,有放流,0.7482800000000001
5.875,1.7063248552567543,high_H,有放流,0.7482800000000001
5.88,1.7007818723539396,high_H,有放流,0.7482800000000001
5.885,1.695257097474908,high_H,有放流,0.7482800000000001
5.89,1.6897504697209242,high_H,有放流,0.7482800000000001
5.8950000000000005,1.6842619283841695,high_H,有放流,0.7482800000000001
5.9,1.678791412947743,high_H,有放流,0.7482800000000001
5.905,1.6733388630856578,high_H,有放流,0.7482800000000001
5.91,1.6679042186628437,high_H,有放流,0.7482800000000001
5.915,1.6624874197351474,high_H,有放流,0.7482800000000001
5.92,1.6570884065493308,high_H,有放流,0.7482800000000001
5.925,1.6517071195430726,high_H,有放流,0.7482800000000001
5.93,1.646343499344968,high_H,有放流,0.7482800000000001
5.9350000000000005,1.6409974867745267,high_H,有放流,0.7482800000000001
5.94,1.635669022842178,high_H,有放流,0.7482800000000001
5.945,1.6303580487492642,high_H,有放流,0.7482800000000001
5.95,1.6250645058880449,high_H,有放流,0.7482800000000001
5.955,1.6197883358416956,high_H,有放流,0.7482800000000001
5.96,1.6145294803843087,high_H,有放流,0.7482800000000001
5.965,1.609287881480892,high_H,有放流,0.7482800000000001
5.97,1.6040634812873702,high_H,有放流,0.7482800000000001
5.9750000000000005,1.5988562221505824,high_H,有放流,0.7482800000000001
5.98,1.5936660466082875,high_H,有放流,0.7482800000000001
5.985,1.5884928973891572,high_H,有放流,0.7482800000000001
5.99,1.5833367174127808,high_H,有放流,0.7482800000000001
5.995,1.5781974497896636,high_H,有放流,0.7482800000000001
6.0,1.573075037821227,high_H,有放流,0.7482800000000001
6.005,1.5679694249998086,high_H,有放流,0.7482800000000001
6.01,1.5628805550086622,high_H,有放流,0.7482800000000001
6.015000000000001,1.557808371721957,high_H,有放流,0.7482800000000001
6.0200000000000005,1.5527528192047813,high_H,有放流,0.7482800000000001
6.025,1.547713841713136,high_H,有放流,0.7482800000000001
6.03,1.5426913836939402,high_H,有放流,0.7482800000000001
6.035,1.5376853897850284,high_H,有放流,0.7482800000000001
6.04,1.532695804815152,high_H,有放流,0.7482800000000001
6.045,1.5277225738039777,high_H,有放流,0.7482800000000001
6.05,1.522765641962089,high_H,有放流,0.7482800000000001
6.055,1.5178249546909857,high_H,有放流,0.7482800000000001
6.0600000000000005,1.5129004575830822,high_H,有放流,0.7482800000000001
6.065,1.5079920964217126,high_H,有放流,0.7482800000000001
6.07,1.5030998171811238,high_H,有放流,0.7482800000000001
6.075,1.4982235660264807,high_H,有放流,0.7482800000000001
6.08,1.493363289313863,high_H,有放流,0.7482800000000001
6.085,1.4885189335902678,high_H,有放流,0.7482800000000001
6.09,1.4836904455936082,high_H,有放流,0.7482800000000001
6.095,1.4788777722527129,high_H,有放流,0.7482800000000001
6.1000000000000005,1.4740808606873264,high_H,有放流,0.7482800000000001
6.105,1.469299658208112,high_H,有放流,0.7482800000000001
6.11,1.464534112316646,high_H,有放流,0.7482800000000001
6.115,1.4597841707054229,high_H,有放流,0.7482800000000001
6.12,1.4550497812578524,high_H,有放流,0.7482800000000001
6.125,1.4503308920482607,high_H,有放流,0.7482800000000001
6.13,1.44562745134189,high_H,有放流,0.7482800000000001
6.135,1.4409394075948994,high_H,有放流,0.7482800000000001
6.140000000000001,1.4362667094543624,high_H,有放流,0.7482800000000001
6.1450000000000005,1.4316093057582717,high_H,有放流,0.7482800000000001
6.15,1.4269671455355337,high_H,有放流,0.7482800000000001
6.155,1.422340178005972,high_H,有放流,0.7482800000000001
6.16,1.417728352579214,high_H,有放流,0.7482800000000001
6.165,1.4131316174066666,high_H,有放流,0.7482800000000001
6.17,1.4085499212437154,high_H,有放流,0.7482800000000001
6.175,1.403983214425445,high_H,有放流,0.7482800000000001
6.18,1.3994314474341218,high_H,有放流,0.7482800000000001
6.1850000000000005,1.3948945708991942,high_H,有放流,0.7482800000000001
6.19,1.390372535597295,high_H,有放流,0.7482800000000001
6.195,1.385865292452236,high_H,有放流,0.7482800000000001
6.2,1.381372792535013,high_H,有放流,0.7482800000000001
6.205,1.3768949870638036,high_H,有放流,0.7482800000000001
6.21,1.372431827403967,high_H,有放流,0.7482800000000001
6.215,1.3679832650680455,high_H,有放流,0.7482800000000001
6.22,1.363549251715763,high_H,有放流,0.7482800000000001
6.2250000000000005,1.3591297391540245,high_H,有放流,0.7482800000000001
6.23,1.3547246793369203,high_H,有放流,0.7482800000000001
6.235,1.35033402436572,high_H,有放流,0.7482800000000001
6.24,1.345957726488876,high_H,有放流,0.7482800000000001
6.245,1.3415957381020231,high_H,有放流,0.7482800000000001
6.25,1.3372480117479786,high_H,有放流,0.7482800000000001
6.255,1.3329145001167413,high_H,有放流,0.7482800000000001
6.26,1.3285951560454923,high_H,有放流,0.7482800000000001
6.265000000000001,1.3242899325185946,high_H,有放流,0.7482800000000001
6.2700000000000005,1.319998782667595,high_H,有放流,0.7482800000000001
6.275,1.3157216597712205,high_H,有放流,0.7482800000000001
6.28,1.3114585172553812,high_H,有放流,0.7482800000000001
6.285,1.3072093086931689,high_H,有放流,0.7482800000000001
6.29,1.302973987804858,high_H,有放流,0.7482800000000001
6.295,1.2987525084579046,high_H,有放流,0.7482800000000001
6.3,1.2945448246669473,high_H,有放流,0.7482800000000001
6.305,1.290350890593807,high_H,有放流,0.7482800000000001
6.3100000000000005,1.2861706605474854,high_H,有放流,0.7482800000000001
6.315,1.2820040889841693,high_H,有放流,0.7482800000000001
6.32,1.2778511305072249,high_H,有放流,0.7482800000000001
6.325,1.2737117398672015,high_H,有放流,0.7482800000000001
6.33,1.2695858719618305,high_H,有放流,0.7482800000000001
6.335,1.2654734818360258,high_H,有放流,0.7482800000000001
6.34,1.261374524681883,high_H,有放流,0.7482800000000001
6.345,1.25728895583868,high_H,有放流,0.7482800000000001
6.3500000000000005,1.2532167307928759,high_H,有放流,0.7482800000000001
6.355,1.249157805178115,high_H,有放流,0.7482800000000001
6.36,1.2451121347752205,high_H,有放流,0.7482800000000001
6.365,1.241079675512199,high_H,有放流,0.7482800000000001
6.37,1.2370603834642395,high_H,有放流,0.7482800000000001
6.375,1.2330542148537125,high_H,有放流,0.7482800000000001
6.38,1.2290611260501714,high_H,有放流,0.7482800000000001
6.385,1.225081073570351,high_H,有放流,0.7482800000000001
6.390000000000001,1.2211140140781682,high_H,有放流,0.7482800000000001
6.3950000000000005,1.2171599043847239,high_H,有放流,0.7482800000000001
6.4,1.213218701448299,high_H,有放流,0.7482800000000001
6.405,1.2092903623743572,high_H,有放流,0.7482800000000001
6.41,1.2053748444155445,high_H,有放流,0.7482800000000001
6.415,1.2014721049716894,high_H,有放流,0.7482800000000001
6.42,1.197582101589802,high_H,有放流,0.7482800000000001
6.425,1.1937047919640744,high_H,有放流,0.7482800000000001
6.43,1.1898401339358817,high_H,有放流,0.7482800000000001
6.4350000000000005,1.1859880854937797,high_H,有放流,0.7482800000000001
6.44,1.1821486047735088,high_H,有放流,0.7482800000000001
6.445,1.1783216500579892,high_H,有放流,0.7482800000000001
6.45,1.1745071797773243,high_H,有放流,0.7482800000000001
6.455,1.1707051525087995,high_H,有放流,0.7482800000000001
6.46,1.1669155269768823,high_H,有放流,0.7482800000000001
6.465,1.1631382620532225,high_H,有放流,0.7482800000000001
6.47,1.159373316756652,high_H,有放流,0.7482800000000001
6.4750000000000005,1.1556206502531838,high_H,有放流,0.7482800000000001
6.48,1.1518802218560158,high_H,有放流,0.7482800000000001
6.485,1.1481519910255256,high_H,有放流,0.7482800000000001
6.49,1.1444359173692735,high_H,有放流,0.7482800000000001
6.495,1.1407319606420023,high_H,有放流,0.7482800000000001
6.5,1.137040080745637,high_H,有放流,0.7482800000000001
6.505,1.1333602377292842,high_H,有放流,0.7482800000000001
6.51,1.1296923917892332,high_H,有放流,0.7482800000000001
6.515000000000001,1.1260365031966182,high_H,有放流,0.7482800000000001
6.5200000000000005,1.1223925310323524,high_H,有放流,0.7482800000000001
6.525,1.1187604356171605,high_H,有放流,0.7482800000000001
6.53,1.1151401780097858,high_H,有放流,0.7482800000000001
6.535,1.111531719383056,high_H,有放流,0.7482800000000001
6.54,1.107935021023883,high_H,有放流,0.7482800000000001
6.545,1.104350044333263,high_H,有放流,0.7482800000000001
6.55,1.1007767508262762,high_H,有放流,0.7482800000000001
6.555,1.0972151021320875,high_H,有放流,0.7482800000000001
6.5600000000000005,1.093665059993945,high_H,有放流,0.7482800000000001
6.565,1.090126586269183,high_H,有放流,0.7482800000000001
6.57,1.0865996429292182,high_H,有放流,0.7482800000000001
6.575,1.0830841920595522,high_H,有放流,0.7482800000000001
6.58,1.079580195859771,high_H,有放流,0.7482800000000001
6.585,1.0760876166435442,high_H,有放流,0.7482800000000001
6.59,1.0726064168386267,high_H,有放流,0.7482800000000001
6.595,1.0691365589868564,high_H,有放流,0.7482800000000001
6.6000000000000005,1.0656780057441557,high_H,有放流,0.7482800000000001
6.605,1.062230719880533,high_H,有放流,0.7482800000000001
6.61,1.0587946642800785,high_H,有放流,0.7482800000000001
6.615,1.0553698019409679,high_H,有放流,0.7482800000000001
6.62,1.051956095975461,high_H,有放流,0.7482800000000001
6.625,1.0485535096099015,high_H,有放流,0.7482800000000001
6.63,1.0451620061847176,high_H,有放流,0.7482800000000001
6.635,1.0417815491544218,high_H,有放流,0.7482800000000001
6.640000000000001,1.03841210208761,high_H,有放流,0.7482800000000001
6.6450000000000005,1.0350536286669643,high_H,有放流,0.7482800000000001
6.65,1.0317060926892494,high_H,有放流,0.7482800000000001
6.655,1.0283694580653144,high_H,有放流,0.7482800000000001
6.66,1.0250436888200931,high_H,有放流,0.7482800000000001
6.665,1.0217287490926033,high_H,有放流,0.7482800000000001
6.67,1.0184246031359467,high_H,有放流,0.7482800000000001
6.675,1.01513121531731,high_H,有放流,0.7482800000000001
6.68,1.0118485501179635,high_H,有放流,0.7482800000000001
6.6850000000000005,1.0085765721332614,high_H,有放流,0.7482800000000001
6.69,1.005315246072644,high_H,有放流,0.7482800000000001
6.695,1.0020645367596337,high_H,有放流,0.7482800000000001
6.7,0.9988244091318382,high_H,有放流,0.7482800000000001
6.705,0.9955948282409491,high_H,有放流,0.7482800000000001
6.71,0.9923757592527425,high_H,有放流,0.7482800000000001
6.715,0.9891671674470782,high_H,有放流,0.7482800000000001
6.72,0.9859690182179011,high_H,有放流,0.7482800000000001
6.7250000000000005,0.9827812770732388,high_H,有放流,0.7482800000000001
6.73,0.9796039096352056,high_H,有放流,0.7482800000000001
6.735,0.976436881639998,high_H,有放流,0.7482800000000001
6.74,0.9732801589378973,high_H,有放流,0.7482800000000001
6.745,0.9701337074932692,high_H,有放流,0.7482800000000001
6.75,0.9669974933845634,high_H,有放流,0.7482800000000001
6.755,0.9638714828043141,high_H,有放流,0.7482800000000001
6.76,0.9607556420591394,high_H,有放流,0.7482800000000001
6.765000000000001,0.9576499375697416,high_H,有放流,0.7482800000000001
6.7700000000000005,0.9545543358709082,high_H,有放流,0.7482800000000001
6.775,0.95146880361151,high_H,有放流,0.7482800000000001
6.78,0.9483933075545019,high_H,有放流,0.7482800000000001
6.785,0.9453278145769236,high_H,有放流,0.7482800000000001
6.79,0.9422722916698988,high_H,有放流,0.7482800000000001
6.795,0.9392267059386354,high_H,有放流,0.7482800000000001
6.8,0.9361910246024256,high_H,有放流,0.7482800000000001
6.805,0.9331652149946458,high_H,有放流,0.7482800000000001
6.8100000000000005,0.9301492445627562,high_H,有放流,0.7482800000000001
6.815,0.9271430808683025,high_H,有放流,0.7482800000000001
6.82,0.9241466915869139,high_H,有放流,0.7482800000000001
6.825,0.921160044508303,high_H,有放流,0.7482800000000001
6.83,0.918183107536268,high_H,有放流,0.7482800000000001
6.835,0.9152158486886903,high_H,有放流,0.7482800000000001
6.84,0.9122582360975364,high_H,有放流,0.7482800000000001
6.845,0.9093102380088562,high_H,有放流,0.7482800000000001
6.8500000000000005,0.9063718227827842,high_H,有放流,0.7482800000000001
6.855,0.9034429588935396,high_H,有放流,0.7482800000000001
6.86,0.9005236149294255,high_H,有放流,0.7482800000000001
6.865,0.8976137595928286,high_H,有放流,0.7482800000000001
6.87,0.8947133617239331,high_H,有放流,0.7482800000000001
6.875,0.8918223908083334,high_H,有放流,0.7482800000000001
6.88,0.8889408160908662,high_H,有放流,0.7482800000000001
6.885,0.8860686066773616,high_H,有放流,0.7482800000000001
6.890000000000001,0.8832057317775658,high_H,有放流,0.7482800000000001
6.8950000000000005,0.8803521607047938,high_H,有放流,0.7482800000000001
6.9,0.8775078628753867,high_H,有放流,0.7482800000000001
6.905,0.874672807808527,high_H,有放流,0.7482800000000001
6.91,0.8718469651258103,high_H,有放流,0.7482800000000001
6.915,0.8690303045508903,high_H,有放流,0.7482800000000001
6.92,0.8662227959091204,high_H,有放流,0.7482800000000001
6.925,0.8634244091272031,high_H,有放流,0.7482800000000001
6.93,0.8606351142328347,high_H,有放流,0.7482800000000001
6.9350000000000005,0.8578548813543491,high_H,有放流,0.7482800000000001
6.94,0.8551198365520906,high_H,有放流,0.7482800000000001
6.945,0.9521985354577477,high_H,有放流,0.7482800000000001
6.95,1.0489578594685667,high_H,有放流,0.7482800000000001
6.955,1.1454020482437706,high_H,有放流,0.7482800000000001
6.96,1.2415317308142493,high_H,有放流,0.7482800000000001
6.965,1.3373475380444404,high_H,有放流,0.7482800000000001
6.97,1.4328501025932634,high_H,有放流,0.7482800000000001
6.9750000000000005,1.528040058911403,high_H,有放流,0.7482800000000001
6.98,1.6229180432037627,high_H,有放流,0.7482800000000001
6.985,1.7174846933894017,high_H,有放流,0.7482800000000001
6.99,1.811740649069874,high_H,有放流,0.7482800000000001
6.995,1.905686551512532,high_H,有放流,0.7482800000000001
7.0,1.9993230436289366,high_H,有放流,0.7482800000000001
7.005,2.0926507699436314,high_H,有放流,0.7482800000000001
7.01,2.1856703765919576,high_H,有放流,0.7482800000000001
7.015000000000001,2.2783825112109373,high_H,有放流,0.7482800000000001
7.0200000000000005,2.3707878229341652,high_H,有放流,0.7482800000000001
7.025,2.462886962391909,high_H,有放流,0.7482800000000001
7.03,2.554680581711044,high_H,有放流,0.7482800000000001
7.035,2.6461693345150685,high_H,有放流,0.7482800000000001
7.04,2.7373538758815403,high_H,有放流,0.7482800000000001
7.045,2.828234862143045,high_H,有放流,0.7482800000000001
7.05,2.9188129510368355,high_H,有放流,0.7482800000000001
7.055,3.009088801645531,high_H,有放流,0.7482800000000001
7.0600000000000005,3.09903290061477,high_H,有放流,0.7482800000000001
7.065,3.088879757842471,high_H,有放流,0.7482800000000001
7.07,3.078754541384796,high_H,有放流,0.7482800000000001
7.075,3.0686631796478245,high_H,有放流,0.7482800000000001
7.08,3.058605555085477,high_H,有放流,0.7482800000000001
7.085,3.04858155058651,high_H,有放流,0.7482800000000001
7.09,3.0385910494745145,high_H,有放流,0.7482800000000001
7.095,3.02863393452407,high_H,有放流,0.7482800000000001
7.1000000000000005,3.018710086418032,high_H,有放流,0.7482800000000001
7.105,3.0088193901385547,high_H,有放流,0.7482800000000001
7.11,2.9989617314522983,high_H,有放流,0.7482800000000001
7.115,2.989136996498165,high_H,有放流,0.7482800000000001
7.12,2.979345071787297,high_H,有放流,0.7482800000000001
7.125,2.9695858442030763,high_H,有放流,0.7482800000000001
7.13,2.9598592010011253,high_H,有放流,0.7482800000000001
7.135,2.950165029809308,high_H,有放流,0.7482800000000001
7.140000000000001,2.9405032186277253,high_H,有放流,0.7482800000000001
7.1450000000000005,2.930873655828724,high_H,有放流,0.7482800000000001
7.15,2.9212762301568866,high_H,有放流,0.7482800000000001
7.155,2.911710830729037,high_H,有放流,0.7482800000000001
7.16,2.90217734703424,high_H,有放流,0.7482800000000001
7.165,2.8926756689337996,high_H,有放流,0.7482800000000001
7.17,2.8832056866612614,high_H,有放流,0.7482800000000001
7.175,2.87376729082241,high_H,有放流,0.7482800000000001
7.18,2.8643603723952715,high_H,有放流,0.7482800000000001
7.1850000000000005,2.85498482273011,high_H,有放流,0.7482800000000001
7.19,2.845640533549434,high_H,有放流,0.7482800000000001
7.195,2.836327396947989,high_H,有放流,0.7482800000000001
7.2,2.8270453053927618,high_H,有放流,0.7482800000000001
7.205,2.8177941517229788,high_H,有放流,0.7482800000000001
7.21,2.8085738291501072,high_H,有放流,0.7482800000000001
7.215,2.799384231257855,high_H,有放流,0.7482800000000001
7.22,2.7902252520021693,high_H,有放流,0.7482800000000001
7.2250000000000005,2.7810967857112368,high_H,有放流,0.7482800000000001
7.23,2.771998727085489,high_H,有放流,0.7482800000000001
7.235,2.7629309711975933,high_H,有放流,0.7482800000000001
7.24,2.7538934134924578,high_H,有放流,0.7482800000000001
7.245,2.744885949787232,high_H,有放流,0.7482800000000001
7.25,2.7359084762713057,high_H,有放流,0.7482800000000001
7.255,2.726960889506308,high_H,有放流,0.7482800000000001
7.26,2.718043086426109,high_H,有放流,0.7482800000000001
7.265000000000001,2.7091549643368182,high_H,有放流,0.7482800000000001
7.2700000000000005,2.700296420916788,high_H,有放流,0.7482800000000001
7.275,2.6914673542166083,high_H,有放流,0.7482800000000001
7.28,2.6826676626591106,high_H,有放流,0.7482800000000001
7.285,2.6738972450393654,high_H,有放流,0.7482800000000001
7.29,2.6651560005246853,high_H,有放流,0.7482800000000001
7.295,2.6564438286546217,high_H,有放流,0.7482800000000001
7.3,2.647760629340967,high_H,有放流,0.7482800000000001
7.305,2.6391063028677535,high_H,有放流,0.7482800000000001
7.3100000000000005,2.6304807498912526,high_H,有放流,0.7482800000000001
7.315,2.62188387143998,high_H,有放流,0.7482800000000001
7.32,2.6133155689146887,high_H,有放流,0.7482800000000001
7.325,2.604775744088371,high_H,有放流,0.7482800000000001
7.33,2.5962642991062617,high_H,有放流,0.7482800000000001
7.335,2.5877811364858347,high_H,有放流,0.7482800000000001
7.34,2.579326159116804,high_H,有放流,0.7482800000000001
7.345,2.5708992702611253,high_H,有放流,0.7482800000000001
7.3500000000000005,2.562500373552991,high_H,有放流,0.7482800000000001
7.355,2.554129372998841,high_H,有放流,0.7482800000000001
7.36,2.5457861729773477,high_H,有放流,0.7482800000000001
7.365,2.5374706782394276,high_H,有放流,0.7482800000000001
7.37,2.529182793908237,high_H,有放流,0.7482800000000001
7.375,2.5209224254791724,high_H,有放流,0.7482800000000001
7.38,2.512689478742061,high_H,有放流,0.7482800000000001
7.385,2.5044838556258764,high_H,有放流,0.7482800000000001
7.390000000000001,2.4963054607873,high_H,有放流,0.7482800000000001
7.3950000000000005,2.4881542018708416,high_H,有放流,0.7482800000000001
7.4,2.4800299868068563,high_H,有放流,0.7482800000000001
7.405,2.4719327238115487,high_H,有放流,0.7482800000000001
7.41,2.463862321386973,high_H,有放流,0.7482800000000001
7.415,2.4558186883210325,high_H,有放流,0.7482800000000001
7.42,2.447801733687479,high_H,有放流,0.7482800000000001
7.425,2.4398113668459143,high_H,有放流,0.7482800000000001
7.43,2.431847497441788,high_H,有放流,0.7482800000000001
7.4350000000000005,2.4239100354063985,high_H,有放流,0.7482800000000001
7.44,2.415998890956897,high_H,有放流,0.7482800000000001
7.445,2.4081139745962785,high_H,有放流,0.7482800000000001
7.45,2.4002551971133905,high_H,有放流,0.7482800000000001
7.455,2.392422469582928,high_H,有放流,0.7482800000000001
7.46,2.3846157033654354,high_H,有放流,0.7482800000000001
7.465,2.3768348101073062,high_H,有放流,0.7482800000000001
7.47,2.369079701740783,high_H,有放流,0.7482800000000001
7.4750000000000005,2.361350290483956,high_H,有放流,0.7482800000000001
7.48,2.353646488840768,high_H,有放流,0.7482800000000001
7.485,2.345968209601008,high_H,有放流,0.7482800000000001
7.49,2.338315365840314,high_H,有放流,0.7482800000000001
7.495,2.330687870920175,high_H,有放流,0.7482800000000001
7.5,2.323085638487926,high_H,有放流,0.7482800000000001
7.505,2.3155085824767534,high_H,有放流,0.7482800000000001
7.51,2.307956617105692,high_H,有放流,0.7482800000000001
7.515000000000001,2.300429656879625,high_H,有放流,0.7482800000000001
7.5200000000000005,2.292927616589287,high_H,有放流,0.7482800000000001
7.525,2.285450411311259,high_H,有放流,0.7482800000000001
7.53,2.2779979564079715,high_H,有放流,0.7482800000000001
7.535,2.2705701675277052,high_H,有放流,0.7482800000000001
7.54,2.2631669606045883,high_H,有放流,0.7482800000000001
7.545,2.2557882518585997,high_H,有放流,0.7482800000000001
7.55,2.2484339577955654,high_H,有放流,0.7482800000000001
7.555,2.2411039952071623,high_H,有放流,0.7482800000000001
7.5600000000000005,2.233798281170914,high_H,有放流,0.7482800000000001
7.565,2.226516733050197,high_H,有放流,0.7482800000000001
7.57,2.2192592684942336,high_H,有放流,0.7482800000000001
7.575,2.212025805438096,high_H,有放流,0.7482800000000001
7.58,2.204816262102705,high_H,有放流,0.7482800000000001
7.585,2.197630556994832,high_H,有放流,0.7482800000000001
7.59,2.1904686089070946,high_H,有放流,0.7482800000000001
7.595,2.1833303369179626,high_H,有放流,0.7482800000000001
7.6000000000000005,2.176215660391752,high_H,有放流,0.7482800000000001
7.605,2.169124498978631,high_H,有放流,0.7482800000000001
7.61,2.1620567726146147,high_H,有放流,0.7482800000000001
7.615,2.155012401521567,high_H,有放流,0.7482800000000001
7.62,2.147991306207201,high_H,有放流,0.7482800000000001
7.625,2.1409934074650807,high_H,有放流,0.7482800000000001
7.63,2.1340186263746164,high_H,有放流,0.7482800000000001
7.635,2.1270668843010694,high_H,有放流,0.7482800000000001
7.640000000000001,2.120138102895548,high_H,有放流,0.7482800000000001
7.6450000000000005,2.1132322040950133,high_H,有放流,0.7482800000000001
7.65,2.106349110122272,high_H,有放流,0.7482800000000001
7.655,2.0994887434859804,high_H,有放流,0.7482800000000001
7.66,2.092651026980645,high_H,有放流,0.7482800000000001
7.665,2.0858358836866198,high_H,有放流,0.7482800000000001
7.67,2.0790432369701093,high_H,有放流,0.7482800000000001
7.675,2.0722730104831664,high_H,有放流,0.7482800000000001
7.68,2.065525128163693,high_H,有放流,0.7482800000000001
7.6850000000000005,2.0587995142354387,high_H,有放流,0.7482800000000001
7.69,2.0520960932080063,high_H,有放流,0.7482800000000001
7.695,2.045414789876843,high_H,有放流,0.7482800000000001
7.7,2.0387555293232476,high_H,有放流,0.7482800000000001
7.705,2.0321182369143664,high_H,有放流,0.7482800000000001
7.71,2.0255028383031966,high_H,有放流,0.7482800000000001
7.715,2.0189092594285825,high_H,有放流,0.7482800000000001
7.72,2.0123374265152183,high_H,有放流,0.7482800000000001
7.7250000000000005,2.0057872660736464,high_H,有放流,0.7482800000000001
7.73,1.9992587048979298,high_H,有放流,0.7482800000000001
7.735,1.9927516678149353,high_H,有放流,0.7482800000000001
7.74,1.9862660805770467,high_H,有放流,0.7482800000000001
7.745,1.9798018713260617,high_H,有放流,0.7482800000000001
7.75,1.9733589684218225,high_H,有放流,0.7482800000000001
7.755,1.9669373004422162,high_H,有放流,0.7482800000000001
7.76,1.960536796183175,high_H,有放流,0.7482800000000001
7.765000000000001,1.9541573846586748,high_H,有放流,0.7482800000000001
7.7700000000000005,1.9477989951007397,high_H,有放流,0.7482800000000001
7.775,1.9414615569594356,high_H,有放流,0.7482800000000001
7.78,1.9351449999028736,high_H,有放流,0.7482800000000001
7.785,1.9288492538172106,high_H,有放流,0.7482800000000001
7.79,1.922574248806648,high_H,有放流,0.7482800000000001
7.795,1.9163199151934318,high_H,有放流,0.7482800000000001
7.8,1.9100861835178535,high_H,有放流,0.7482800000000001
7.805000000000001,1.903872984538248,high_H,有放流,0.7482800000000001
7.8100000000000005,1.8976802492309985,high_H,有放流,0.7482800000000001
7.815,1.8915079087905293,high_H,有放流,0.7482800000000001
7.82,1.8853558946293116,high_H,有放流,0.7482800000000001
7.825,1.879224138377861,high_H,有放流,0.7482800000000001
7.83,1.8731125718847375,high_H,有放流,0.7482800000000001
7.835,1.867021127216547,high_H,有放流,0.7482800000000001
7.84,1.8609497366579393,high_H,有放流,0.7482800000000001
7.845,1.8548983327116095,high_H,有放流,0.7482800000000001
7.8500000000000005,1.848866848098297,high_H,有放流,0.7482800000000001
7.855,1.8428552157567886,high_H,有放流,0.7482800000000001
7.86,1.8368633688439127,high_H,有放流,0.7482800000000001
7.865,1.8308912407345443,high_H,有放流,0.7482800000000001
7.87,1.8249387650216031,high_H,有放流,0.7482800000000001
7.875,1.819005875516053,high_H,有放流,0.7482800000000001
7.88,1.8130925062469037,high_H,有放流,0.7482800000000001
7.885,1.8071985914612092,high_H,有放流,0.7482800000000001
7.890000000000001,1.8013240656240677,high_H,有放流,0.7482800000000001
7.8950000000000005,1.7954688634186249,high_H,有放流,0.7482800000000001
7.9,1.789632919746069,high_H,有放流,0.7482800000000001
7.905,1.7838161697256334,high_H,有放流,0.7482800000000001
7.91,1.778018548694597,high_H,有放流,0.7482800000000001
7.915,1.772239992208283,high_H,有放流,0.7482800000000001
7.92,1.7664804360400597,high_H,有放流,0.7482800000000001
7.925,1.7607398161813408,high_H,有放流,0.7482800000000001
7.930000000000001,1.755018068841583,high_H,有放流,0.7482800000000001
7.9350000000000005,1.7493151304482915,high_H,有放流,0.7482800000000001
7.94,1.7436309376470134,high_H,有放流,0.7482800000000001
7.945,1.737965427301341,high_H,有放流,0.7482800000000001
7.95,1.7323185364929123,high_H,有放流,0.7482800000000001
7.955,1.72669020252141,high_H,有放流,0.7482800000000001
7.96,1.7210803629045608,high_H,有放流,0.7482800000000001
7.965,1.7154889553781378,high_H,有放流,0.7482800000000001
7.97,1.709915917895958,high_H,有放流,0.7482800000000001
7.9750000000000005,1.7043611886298824,high_H,有放流,0.7482800000000001
7.98,1.6988247059698196,high_H,有放流,0.7482800000000001
7.985,1.6933064085237213,high_H,有放流,0.7482800000000001
7.99,1.6878062351175833,high_H,有放流,0.7482800000000001
7.995,1.682324124795448,high_H,有放流,0.7482800000000001
8.0,1.6768600168194012,high_H,有放流,0.7482800000000001
8.005,1.6714138506695737,high_H,有放流,0.7482800000000001
8.01,1.6659855660441447,high_H,有放流,0.7482800000000001
8.015,1.6605751028593314,high_H,有放流,0.7482800000000001
8.02,1.6551824012494036,high_H,有放流,0.7482800000000001
8.025,1.6498074015666686,high_H,有放流,0.7482800000000001
8.03,1.6444500443814856,high_H,有放流,0.7482800000000001
8.035,1.6391102704822518,high_H,有放流,0.7482800000000001
8.040000000000001,1.6337880208754145,high_H,有放流,0.7482800000000001
8.045,1.6284832367854665,high_H,有放流,0.7482800000000001
8.05,1.6231958596549387,high_H,有放流,0.7482800000000001
8.055,1.6179258311444151,high_H,有放流,0.7482800000000001
8.06,1.6126730931325175,high_H,有放流,0.7482800000000001
8.065,1.6074375877159195,high_H,有放流,0.7482800000000001
8.07,1.602219257209332,high_H,有放流,0.7482800000000001
8.075,1.5970180441455184,high_H,有放流,0.7482800000000001
8.08,1.5918338912752799,high_H,有放流,0.7482800000000001
8.085,1.5866667406305086,high_H,有放流,0.7482800000000001
8.09,1.5815165334319892,high_H,有放流,0.7482800000000001
8.095,1.5763832133959108,high_H,有放流,0.7482800000000001
8.1,1.5712667245009864,high_H,有放流,0.7482800000000001
8.105,1.5661670108934933,high_H,有放流,0.7482800000000001
8.11,1.5610840168872873,high_H,有放流,0.7482800000000001
8.115,1.5560176869637885,high_H,有放流,0.7482800000000001
8.120000000000001,1.5509679657719937,high_H,有放流,0.7482800000000001
8.125,1.5459347981284708,high_H,有放流,0.7482800000000001
8.13,1.5409181290173546,high_H,有放流,0.7482800000000001
8.135,1.5359179035903574,high_H,有放流,0.7482800000000001
8.14,1.5309340671667564,high_H,有放流,0.7482800000000001
8.145,1.525966565233407,high_H,有放流,0.7482800000000001
8.15,1.521015343444729,high_H,有放流,0.7482800000000001
8.155,1.5160803476227214,high_H,有放流,0.7482800000000001
8.16,1.511161523756946,high_H,有放流,0.7482800000000001
8.165000000000001,1.5062588180045424,high_H,有放流,0.7482800000000001
8.17,1.5013721766902215,high_H,有放流,0.7482800000000001
8.175,1.49650154630626,high_H,有放流,0.7482800000000001
8.18,1.4916468735125135,high_H,有放流,0.7482800000000001
8.185,1.486808105136401,high_H,有放流,0.7482800000000001
8.19,1.481985188172921,high_H,有放流,0.7482800000000001
8.195,1.477178069784636,high_H,有放流,0.7482800000000001
8.2,1.4723866973016864,high_H,有放流,0.7482800000000001
8.205,1.4676110182217779,high_H,有放流,0.7482800000000001
8.21,1.462850980210192,high_H,有放流,0.7482800000000001
8.215,1.4581065310997825,high_H,有放流,0.7482800000000001
8.22,1.4533776188909684,high_H,有放流,0.7482800000000001
8.225,1.4486641917517475,high_H,有放流,0.7482800000000001
8.23,1.4439661980176823,high_H,有放流,0.7482800000000001
8.235,1.4392835861919129,high_H,有放流,0.7482800000000001
8.24,1.434616304945145,high_H,有放流,0.7482800000000001
8.245000000000001,1.42996430311566,high_H,有放流,0.7482800000000001
8.25,1.4253275297093104,high_H,有放流,0.7482800000000001
8.255,1.420705933899516,high_H,有放流,0.7482800000000001
8.26,1.4160994650272742,high_H,有放流,0.7482800000000001
8.265,1.411508072601147,high_H,有放流,0.7482800000000001
8.27,1.4069317062972748,high_H,有放流,0.7482800000000001
8.275,1.4023703159593626,high_H,有放流,0.7482800000000001
8.28,1.3978238515986927,high_H,有放流,0.7482800000000001
8.285,1.3932922633941138,high_H,有放流,0.7482800000000001
8.290000000000001,1.3887755016920493,high_H,有放流,0.7482800000000001
8.295,1.384273517006495,high_H,有放流,0.7482800000000001
8.3,1.379786260019013,high_H,有放流,0.7482800000000001
8.305,1.375313681578743,high_H,有放流,0.7482800000000001
8.31,1.3708557327023896,high_H,有放流,0.7482800000000001
8.315,1.366412364574236,high_H,有放流,0.7482800000000001
8.32,1.3619835285461295,high_H,有放流,0.7482800000000001
8.325,1.3575691761374953,high_H,有放流,0.7482800000000001
8.33,1.3531692590353241,high_H,有放流,0.7482800000000001
8.335,1.3487837290941826,high_H,有放流,0.7482800000000001
8.34,1.3444125383362087,high_H,有放流,0.7482800000000001
8.345,1.340055638951107,high_H,有放流,0.7482800000000001
8.35,1.3357129832961596,high_H,有放流,0.7482800000000001
8.355,1.3313845238962145,high_H,有放流,0.7482800000000001
8.36,1.3270702134436965,high_H,有放流,0.7482800000000001
8.365,1.322770004798596,high_H,有放流,0.7482800000000001
8.370000000000001,1.318483850988479,high_H,有放流,0.7482800000000001
8.375,1.3142117052084838,high_H,有放流,0.7482800000000001
8.38,1.3099535208213142,high_H,有放流,0.7482800000000001
8.385,1.305709251357253,high_H,有放流,0.7482800000000001
8.39,1.3014788505141468,high_H,有放流,0.7482800000000001
8.395,1.297262272157421,high_H,有放流,0.7482800000000001
8.4,1.293059470320065,high_H,有放流,0.7482800000000001
8.405,1.2888703992026473,high_H,有放流,0.7482800000000001
8.41,1.2846950131733001,high_H,有放流,0.7482800000000001
8.415000000000001,1.2805332667677325,high_H,有放流,0.7482800000000001
8.42,1.2763851146892249,high_H,有放流,0.7482800000000001
8.425,1.2722505118086243,high_H,有放流,0.7482800000000001
8.43,1.268129413164355,high_H,有放流,0.7482800000000001
8.435,1.2640217739374813,high_H,有放流,0.7482800000000001
8.44,1.2599275480287409,high_H,有放流,0.7482800000000001
8.445,1.255846690360693,high_H,有放流,0.7482800000000001
8.45,1.251779156952455,high_H,有放流,0.7482800000000001
8.455,1.2477249039526896,high_H,有放流,0.7482800000000001
8.46,1.2436838876396163,high_H,有放流,0.7482800000000001
8.465,1.2396560644210064,high_H,有放流,0.7482800000000001
8.47,1.2356413908341795,high_H,有放流,0.7482800000000001
8.475,1.2316398235460124,high_H,有放流,0.7482800000000001
8.48,1.2276513193529288,high_H,有放流,0.7482800000000001
8.485,1.2236758351809094,high_H,有放流,0.7482800000000001
8.49,1.2197133280854822,high_H,有放流,0.7482800000000001
8.495000000000001,1.2157637552517306,high_H,有放流,0.7482800000000001
8.5,1.2118270739942907,high_H,有放流,0.7482800000000001
8.505,1.2079032417573465,high_H,有放流,0.7482800000000001
8.51,1.203992216114639,high_H,有放流,0.7482800000000001
8.515,1.2000939547694565,high_H,有放流,0.7482800000000001
8.52,1.1962084155546442,high_H,有放流,0.7482800000000001
8.525,1.1923355564325944,high_H,有放流,0.7482800000000001
8.53,1.1884753354952564,high_H,有放流,0.7482800000000001
8.535,1.1846277109641266,high_H,有放流,0.7482800000000001
8.540000000000001,1.1807926411902574,high_H,有放流,0.7482800000000001
8.545,1.1769700846542532,high_H,有放流,0.7482800000000001
8.55,1.1731599999662665,high_H,有放流,0.7482800000000001
8.555,1.169362345866007,high_H,有放流,0.7482800000000001
8.56,1.165577081222731,high_H,有放流,0.7482800000000001
8.565,1.161804165035253,high_H,有放流,0.7482800000000001
8.57,1.1580435564319338,high_H,有放流,0.7482800000000001
8.575000000000001,1.1542952146706895,high_H,有放流,0.7482800000000001
8.58,1.1505590991389893,high_H,有放流,0.7482800000000001
8.585,1.1468351693538503,high_H,有放流,0.7482800000000001
8.59,1.1431233849618463,high_H,有放流,0.7482800000000001
8.595,1.1394237057390988,high_H,有放流,0.7482800000000001
8.6,1.1357360915912857,high_H,有放流,0.7482800000000001
8.605,1.1320605025536328,high_H,有放流,0.7482800000000001
8.61,1.1283968987909219,high_H,有放流,0.7482800000000001
8.615,1.1247452405974827,high_H,有放流,0.7482800000000001
8.620000000000001,1.1211054883972005,high_H,有放流,0.7482800000000001
8.625,1.1174776027435127,high_H,有放流,0.7482800000000001
8.63,1.1138615443194044,high_H,有放流,0.7482800000000001
8.635,1.110257273937419,high_H,有放流,0.7482800000000001
8.64,1.1066647525396456,high_H,有放流,0.7482800000000001
8.645,1.1030839411977316,high_H,有放流,0.7482800000000001
8.65,1.0995148011128701,high_H,有放流,0.7482800000000001
8.655,1.0959572936158126,high_H,有放流,0.7482800000000001
8.66,1.0924113801668571,high_H,有放流,0.7482800000000001
8.665000000000001,1.088877022355857,high_H,有放流,0.7482800000000001
8.67,1.0853541819022186,high_H,有放流,0.7482800000000001
8.675,1.081842820654896,high_H,有放流,0.7482800000000001
8.68,1.0783429005924001,high_H,有放流,0.7482800000000001
8.685,1.0748543838227895,high_H,有放流,0.7482800000000001
8.69,1.0713772325836795,high_H,有放流,0.7482800000000001
8.695,1.0679114092422324,high_H,有放流,0.7482800000000001
8.700000000000001,1.0644568762951665,high_H,有放流,0.7482800000000001
8.705,1.0610135963687521,high_H,有放流,0.7482800000000001
8.71,1.057581532218808,high_H,有放流,0.7482800000000001
8.715,1.0541606467307099,high_H,有放流,0.7482800000000001
8.72,1.05075090291938,high_H,有放流,0.7482800000000001
8.725,1.0473522639292985,high_H,有放流,0.7482800000000001
8.73,1.0439646930344924,high_H,有放流,0.7482800000000001
8.735,1.0405881536385453,high_H,有放流,0.7482800000000001
8.74,1.0372226092745882,high_H,有放流,0.7482800000000001
8.745000000000001,1.0338680236053082,high_H,有放流,0.7482800000000001
8.75,1.0305243604229437,high_H,有放流,0.7482800000000001
8.755,1.0271915836492824,high_H,有放流,0.7482800000000001
8.76,1.023869657335668,high_H,有放流,0.7482800000000001
8.765,1.0205585456629922,high_H,有放流,0.7482800000000001
8.77,1.0172582129417034,high_H,有放流,0.7482800000000001
8.775,1.0139686236117964,high_H,有放流,0.7482800000000001
8.78,1.0106897422428243,high_H,有放流,0.7482800000000001
8.785,1.0074215335338865,high_H,有放流,0.7482800000000001
8.790000000000001,1.0041639622589997,high_H,有放流,0.7482800000000001
8.795,1.0009169921616405,high_H,有放流,0.7482800000000001
8.8,0.9976805880313822,high_H,有放流,0.7482800000000001
8.805,0.9944547153309959,high_H,有放流,0.7482800000000001
8.81,0.9912393396239024,high_H,有放流,0.7482800000000001
8.815,0.9880344265741804,high_H,有放流,0.7482800000000001
8.82,0.9848399419465574,high_H,有放流,0.7482800000000001
8.825000000000001,0.9816558516064184,high_H,有放流,0.7482800000000001
8.83,0.9784821215198017,high_H,有放流,0.7482800000000001
8.835,0.9753187177533958,high_H,有放流,0.7482800000000001
8.84,0.9721656064745474,high_H,有放流,0.7482800000000001
8.845,0.9690227539512524,high_H,有放流,0.7482800000000001
8.85,0.9658901265521644,high_H,有放流,0.7482800000000001
8.855,0.9627676907465867,high_H,有放流,0.7482800000000001
8.86,0.9596554131044802,high_H,有放流,0.7482800000000001
8.865,0.9565532602964552,high_H,有放流,0.7482800000000001
8.870000000000001,0.9534611990937786,high_H,有放流,0.7482800000000001
8.875,0.9503791963683714,high_H,有放流,0.7482800000000001
8.88,0.9473072190928046,high_H,有放流,0.7482800000000001
8.885,0.944245234340307,high_H,有放流,0.7482800000000001
8.89,0.9411932092847571,high_H,有放流,0.7482800000000001
8.895,0.9381511112006912,high_H,有放流,0.7482800000000001
8.9,0.9351189074632944,high_H,有放流,0.7482800000000001
8.905,0.9320965655484105,high_H,有放流,0.7482800000000001
8.91,0.9290840530325318,high_H,有放流,0.7482800000000001
8.915000000000001,0.9260813375928082,high_H,有放流,0.7482800000000001
8.92,0.9230883870070425,high_H,有放流,0.7482800000000001
8.925,0.9201051691536885,high_H,有放流,0.7482800000000001
8.93,0.9171316520118572,high_H,有放流,0.7482800000000001
8.935,0.9141678036613097,high_H,有放流,0.7482800000000001
8.94,0.9112135922824643,high_H,有放流,0.7482800000000001
8.945,0.9082689861563892,high_H,有放流,0.7482800000000001
8.950000000000001,0.9053339536648088,high_H,有放流,0.7482800000000001
8.955,0.9024084632901016,high_H,有放流,0.7482800000000001
8.96,0.8994924836152963,high_H,有放流,0.7482800000000001
8.965,0.8965859833240795,high_H,有放流,0.7482800000000001
8.97,0.8936889312007871,high_H,有放流,0.7482800000000001
8.975,0.8908012961304128,high_H,有放流,0.7482800000000001
8.98,0.8879230470985998,high_H,有放流,0.7482800000000001
8.985,0.8850541531916492,high_H,有放流,0.7482800000000001
8.99,0.8821945835965112,high_H,有放流,0.7482800000000001
8.995000000000001,0.879344307600793,high_H,有放流,0.7482800000000001
9.0,0.8765032945927551,high_H,有放流,0.7482800000000001
9.005,0.8736715140613089,high_H,有放流,0.7482800000000001
9.01,0.8708489355960234,high_H,有放流,0.7482800000000001
9.015,0.8680355288871169,high_H,有放流,0.7482800000000001
9.02,0.8652312637254653,high_H,有放流,0.7482800000000001
9.025,0.8624361100025946,high_H,有放流,0.7482800000000001
9.03,0.8596500377106877,high_H,有放流,0.7482800000000001
9.035,0.8568730169425779,high_H,有放流,0.7482800000000001
9.040000000000001,0.8541050178917543,high_H,有放流,0.7482800000000001
9.045,0.8513460108523603,high_H,有放流,0.7482800000000001
9.05,0.8485959662191892,high_H,有放流,0.7482800000000001
9.055,0.8458548544876925,high_H,有放流,0.7482800000000001
9.06,0.8431226462539712,high_H,有放流,0.7482800000000001
9.065,0.8403993122147834,high_H,有放流,0.7482800000000001
9.07,0.8376848231675376,high_H,有放流,0.7482800000000001
9.075000000000001,0.8349791500102981,high_H,有放流,0.7482800000000001
9.08,0.8322822637417835,high_H,有放流,0.7482800000000001
9.085,0.8295941354613624,high_H,有放流,0.7482800000000001
9.09,0.8269147363690614,high_H,有放流,0.7482800000000001
9.095,0.8242440377655568,high_H,有放流,0.7482800000000001
9.1,0.8215820110521819,high_H,有放流,0.7482800000000001
9.105,0.8189286277309202,high_H,有放流,0.7482800000000001
9.11,0.8162838594044126,high_H,有放流,0.7482800000000001
9.115,0.8136476777759496,high_H,有放流,0.7482800000000001
9.120000000000001,0.8110200546494782,high_H,有放流,0.7482800000000001
9.125,0.808400961929599,high_H,有放流,0.7482800000000001
9.13,0.8057903716215635,high_H,有放流,0.7482800000000001
9.135,0.8031882558312805,high_H,有放流,0.7482800000000001
9.14,0.8005945867653085,high_H,有放流,0.7482800000000001
9.145,0.7980093367212553,high_H,有放流,0.7482800000000001
9.15,0.7954324772799475,high_H,有放流,0.7482800000000001
9.155,0.7928639805708473,high_H,有放流,0.7482800000000001
9.16,0.7903038194020188,high_H,有放流,0.7482800000000001
9.165000000000001,0.7877519666600462,high_H,有放流,0.7482800000000001
9.17,0.7852083953100314,high_H,有放流,0.7482800000000001
9.175,0.7826730783955913,high_H,有放流,0.7482800000000001
9.18,0.7801459890388641,high_H,有放流,0.7482800000000001
9.185,0.7776271004405021,high_H,有放流,0.7482800000000001
9.19,0.7751163858796786,high_H,有放流,0.7482800000000001
9.195,0.7726138187140811,high_H,有放流,0.7482800000000001
9.200000000000001,0.7701193723799177,high_H,有放流,0.7482800000000001
9.205,0.7676330203919138,high_H,有放流,0.7482800000000001
9.21,0.76515473634331,high_H,有放流,0.7482800000000001
9.215,0.7626844939058681,high_H,有放流,0.7482800000000001
9.22,0.7602222668298638,high_H,有放流,0.7482800000000001
9.225,0.7577680289440942,high_H,有放流,0.7482800000000001
9.23,0.7553217541558707,high_H,有放流,0.7482800000000001
9.235,0.7528834164510253,high_H,有放流,0.7482800000000001
9.24,0.7504529898939049,high_H,有放流,0.7482800000000001
9.245000000000001,0.7480304486273759,high_H,有放流,0.7482800000000001
9.25,0.7456157668728232,high_H,有放流,0.7482800000000001
9.255,0.743208918930146,high_H,有放流,0.7482800000000001
9.26,0.740809879177765,high_H,有放流,0.7482800000000001
9.265,0.7384186220726151,high_H,有放流,0.7482800000000001
9.27,0.7360351221501522,high_H,有放流,0.7482800000000001
9.275,0.7336593540243466,high_H,有放流,0.7482800000000001
9.28,0.7312912923876893,high_H,有放流,0.7482800000000001
9.285,0.728930912011186,high_H,有放流,0.7482800000000001
9.290000000000001,0.7265781877443624,high_H,有放流,0.7482800000000001
9.295,0.7242330945152619,high_H,有放流,0.7482800000000001
9.3,0.7218956073304429,high_H,有放流,0.7482800000000001
9.305,0.719565701274985,high_H,有放流,0.7482800000000001
9.31,0.7172433515124819,high_H,有放流,0.7482800000000001
9.315,0.7149285332850486,high_H,有放流,0.7482800000000001
9.32,0.7126212219133142,high_H,有放流,0.7482800000000001
9.325000000000001,0.710321392796428,high_H,有放流,0.7482800000000001
9.33,0.7080290214120569,high_H,有放流,0.7482800000000001
9.335,0.7057440833163833,high_H,有放流,0.7482800000000001
9.34,0.70346655414411,high_H,有放流,0.7482800000000001
9.345,0.7011964096084546,high_H,有放流,0.7482800000000001
9.35,0.6989336255011557,high_H,有放流,0.7482800000000001
9.355,0.6966781776924659,high_H,有放流,0.7482800000000001
9.36,0.6944300421311589,high_H,有放流,0.7482800000000001
9.365,0.6921891948445229,high_H,有放流,0.7482800000000001
9.370000000000001,0.6899556119383662,high_H,有放流,0.7482800000000001
9.375,0.6877292695970145,high_H,有放流,0.7482800000000001
9.38,0.6855101440833092,high_H,有放流,0.7482800000000001
9.385,0.6832982117386122,high_H,有放流,0.7482800000000001
9.39,0.6810934489827998,high_H,有放流,0.7482800000000001
9.395,0.6788958323142695,high_H,有放流,0.7482800000000001
9.4,0.676705338309933,high_H,有放流,0.7482800000000001
9.405,0.6745219436252229,high_H,有放流,0.7482800000000001
9.41,0.6723456249940865,high_H,有放流,0.7482800000000001
9.415000000000001,0.6701763592289907,high_H,有放流,0.7482800000000001
9.42,0.6680141232209204,high_H,有放流,0.7482800000000001
9.425,0.6658588939393757,high_H,有放流,0.7482800000000001
9.43,0.6637106484323776,high_H,有放流,0.7482800000000001
9.435,0.6615693638264615,high_H,有放流,0.7482800000000001
9.44,0.6594350173266834,high_H,有放流,0.7482800000000001
9.445,0.6573075862166142,high_H,有放流,0.7482800000000001
9.450000000000001,0.6551870478583448,high_H,有放流,0.7482800000000001
9.455,0.6530733796924835,high_H,有放流,0.7482800000000001
9.46,0.6509665592381539,high_H,有放流,0.7482800000000001
9.465,0.6488665640930008,high_H,有放流,0.7482800000000001
9.47,0.646773371933183,high_H,有放流,0.7482800000000001
9.475,0.6446869605133804,high_H,有放流,0.7482800000000001
9.48,0.6426073076667874,high_H,有放流,0.7482800000000001
9.485,0.6405343913051191,high_H,有放流,0.7482800000000001
9.49,0.6384681894186053,high_H,有放流,0.7482800000000001
9.495000000000001,0.6364086800759956,high_H,有放流,0.7482800000000001
9.5,0.6343558414245574,high_H,有放流,0.7482800000000001
9.505,0.6323096513385944,high_H,有放流,0.7482800000000001
9.51,0.6302700875123644,high_H,有放流,0.7482800000000001
9.515,0.6282371284715432,high_H,有放流,0.7482800000000001
9.52,0.6262107528242324,high_H,有放流,0.7482800000000001
9.525,0.624190939239982,high_H,有放流,0.7482800000000001
9.53,0.6221776664497962,high_H,有放流,0.7482800000000001
9.535,0.6201709132461275,high_H,有放流,0.7482800000000001
9.540000000000001,0.6181706584828823,high_H,有放流,0.7482800000000001
9.545,0.6161768810754181,high_H,有放流,0.7482800000000001
9.55,0.6141895600005416,high_H,有放流,0.7482800000000001
9.555,0.6122086742965139,high_H,有放流,0.7482800000000001
9.56,0.6102342030630444,high_H,有放流,0.7482800000000001
9.565,0.608266125461297,high_H,有放流,0.7482800000000001
9.57,0.6063044207138838,high_H,有放流,0.7482800000000001
9.575000000000001,0.6043490681048704,high_H,有放流,0.7482800000000001
9.58,0.6024000469797741,high_H,有放流,0.7482800000000001
9.585,0.6004573367455611,high_H,有放流,0.7482800000000001
9.59,0.598520916870652,high_H,有放流,0.7482800000000001
9.595,0.5965907668849157,high_H,有放流,0.7482800000000001
9.6,0.5946668663796756,high_H,有放流,0.7482800000000001
9.605,0.5927491950077033,high_H,有放流,0.7482800000000001
9.61,0.5908377324832248,high_H,有放流,0.7482800000000001
9.615,0.5889324585819147,high_H,有放流,0.7482800000000001
9.620000000000001,0.5870333531409009,high_H,有放流,0.7482800000000001
9.625,0.5851403960587627,high_H,有放流,0.7482800000000001
9.63,0.5832535672955287,high_H,有放流,0.7482800000000001
9.635,0.5813728468726815,high_H,有放流,0.7482800000000001
9.64,0.5794982148731527,high_H,有放流,0.7482800000000001
9.645,0.5776296514413276,high_H,有放流,0.7482800000000001
9.65,0.5757671367830403,high_H,有放流,0.7482800000000001
9.655,0.5739106511655787,high_H,有放流,0.7482800000000001
9.66,0.57206017491768,high_H,有放流,0.7482800000000001
9.665000000000001,0.5702156884295342,high_H,有放流,0.7482800000000001
9.67,0.5683771721527827,high_H,有放流,0.7482800000000001
9.675,0.5665446066005166,high_H,有放流,0.7482800000000001
9.68,0.5647179723472808,high_H,有放流,0.7482800000000001
9.685,0.5628972500290689,high_H,有放流,0.7482800000000001
9.69,0.5610824203433284,high_H,有放流,0.7482800000000001
9.695,0.5592734640489561,high_H,有放流,0.7482800000000001
9.700000000000001,0.5574703619663011,high_H,有放流,0.7482800000000001
9.705,0.5556730949771649,high_H,有放流,0.7482800000000001
9.71,0.5538816440247977,high_H,有放流,0.7482800000000001
9.715,0.552095990113904,high_H,有放流,0.7482800000000001
9.72,0.5503161143106371,high_H,有放流,0.7482800000000001
9.725,0.5485419977426039,high_H,有放流,0.7482800000000001
9.73,0.5467736215988607,high_H,有放流,0.7482800000000001
9.735,0.5450109671299169,high_H,有放流,0.7482800000000001
9.74,0.5432540156477315,high_H,有放流,0.7482800000000001
9.745000000000001,0.5415027485257162,high_H,有放流,0.7482800000000001
9.75,0.5397571471987345,high_H,有放流,0.7482800000000001
9.755,0.5380171931630989,high_H,有放流,0.7482800000000001
9.76,0.5362828679765762,high_H,有放流,0.7482800000000001
9.765,0.5345541532583818,high_H,有放流,0.7482800000000001
9.77,0.5328310306891851,high_H,有放流,0.7482800000000001
9.775,0.5311134820111044,high_H,有放流,0.7482800000000001
9.78,0.5294014890277116,high_H,有放流,0.7482800000000001
9.785,0.5276950336040276,high_H,有放流,0.7482800000000001
9.790000000000001,0.5259940976665267,high_H,有放流,0.7482800000000001
9.795,0.5242986632031343,high_H,有放流,0.7482800000000001
9.8,0.5226087122632257,high_H,有放流,0.7482800000000001
9.805,0.5209242269576293,high_H,有放流,0.7482800000000001
9.81,0.5192451894586232,high_H,有放流,0.7482800000000001
9.815,0.5175715819999389,high_H,有放流,0.7482800000000001
9.82,0.5159033868767569,high_H,有放流,0.7482800000000001
9.825000000000001,0.5142405864457107,high_H,有放流,0.7482800000000001
9.83,0.5125831631248855,high_H,有放流,0.7482800000000001
9.835,0.5109310993938159,high_H,有放流,0.7482800000000001
9.84,0.5092843777934901,high_H,有放流,0.7482800000000001
9.845,0.5076429809263456,high_H,有放流,0.7482800000000001
9.85,0.5060068914562734,high_H,有放流,0.7482800000000001
9.855,0.5043760921086134,high_H,有放流,0.7482800000000001
9.86,0.502750565696627,high_H,有放流,0.7482800000000001
9.865,0.5011302953771893,high_H,有放流,0.7482800000000001
9.870000000000001,0.4995152641498898,high_H,有放流,0.7482800000000001
9.875,0.4979054549808313,high_H,有放流,0.7482800000000001
9.88,0.49630085088948733,high_H,有放流,0.7482800000000001
9.885,0.49470143494870616,high_H,有放流,0.7482800000000001
9.89,0.49310719028470623,high_H,有放流,0.7482800000000001
9.895,0.4915181000770806,high_H,有放流,0.7482800000000001
9.9,0.48993414755879244,high_H,有放流,0.7482800000000001
9.905,0.48835531601617965,high_H,有放流,0.7482800000000001
9.91,0.48678158878895034,high_H,有放流,0.7482800000000001
9.915000000000001,0.48521294927018654,high_H,有放流,0.7482800000000001
9.92,0.48364938090634285,high_H,有放流,0.7482800000000001
9.925,0.4820908671972446,high_H,有放流,0.7482800000000001
9.93,0.4805373916960916,high_H,有放流,0.7482800000000001
9.935,0.4789889380094541,high_H,有放流,0.7482800000000001
9.94,0.4774454897972767,high_H,有放流,0.7482800000000001
9.945,0.47590703077287444,high_H,有放流,0.7482800000000001
9.950000000000001,0.4743735447029363,high_H,有放流,0.7482800000000001
9.955,0.4728450154075237,high_H,有放流,0.7482800000000001
9.96,0.47132142676006883,high_H,有放流,0.7482800000000001
9.965,0.4698027626873784,high_H,有放流,0.7482800000000001
9.97,0.46828900716962957,high_H,有放流,0.7482800000000001
9.975,0.4667801442403738,high_H,有放流,0.7482800000000001
9.98,0.46527615798653293,high_H,有放流,0.7482800000000001
9.985,0.4637770325484034,high_H,有放流,0.7482800000000001
9.99,0.462282752119652,high_H,有放流,0.7482800000000001
9.995000000000001,0.46079330094731924,high_H,有放流,0.7482800000000001
10.0,0.45930866333181825,high_H,有放流,0.7482800000000001
