time,R,F,T,I
0.0,115.0,42.0,10.0,8.0
0.005,114.26590055311623,42.11509544750847,10.01831159030917,8.011358893770323
0.01,113.54234933396326,42.22855013832374,10.036703037084276,8.022495029113028
0.015,112.82912180596739,42.340376569021224,10.055173641124172,8.033410902497321
0.02,112.12599980745983,42.45058720169728,10.073722704978586,8.044108986510084
0.025,111.43276833855825,42.55919450573808,10.092349525743337,8.054591744125302
0.03,110.74921465617108,42.66621098777307,10.111053390886775,8.064861635678042
0.035,110.07514384048382,42.771648972235724,10.12983361549292,8.074921046568388
0.04,109.41036589921696,42.8755207367248,10.148689517367005,8.084772339027069
0.045,108.7546948522569,42.97783852290329,10.167620415105825,8.094417856012122
0.05,108.10794873165607,43.07861453649839,10.186625628097742,8.103859921208892
0.055,107.46994958163282,43.17786094730153,10.205704476522678,8.113100839030041
0.06,106.84052345857147,43.275589889168316,10.224856281352125,8.122142894615529
0.065,106.21950043102233,43.3718134600186,10.244080364349132,8.130988353832633
0.07,105.60671457970167,43.46654372183643,10.263376048068316,8.139639463275934
0.075,105.00200399749176,43.559792700670066,10.282742655855857,8.148098450267325
0.08,104.40521078944074,43.65157238663198,10.302179511849499,8.156367522856007
0.085,103.81618107276286,43.74189473389888,10.32168594097855,8.16444886981849
0.09,103.23476497683822,43.830771660711655,10.341261268963882,8.172344660658592
0.095,102.66081664321294,43.91821504937542,10.360904822317929,8.180057045607441
0.1,102.09419422559911,44.00423674625951,10.380615928344694,8.187588155623473
0.105,101.53475988987476,44.08884856179745,10.400393915139738,8.194940102392437
0.11,100.98237981408394,44.17206227048701,10.420238111590189,8.202114978327382
0.115,100.43692418843662,44.25388961089015,10.440147847374739,8.209114856568677
0.12,99.89826721530875,44.33434228563304,10.460122452963642,8.21594179098399
0.125,99.36628710924226,44.41343196140608,10.48016125961872,8.222597816168307
0.13,98.8408660309542,44.49117026828074,10.500263599445857,8.229084947510724
0.135,98.32188154163555,44.567568691834566,10.520428815252405,8.235405185824021
0.14,97.80921615626302,44.642638629690616,10.540656259522624,8.241560498815167
0.145,97.30276022275925,44.71639147644092,10.560945283291773,8.247552829466606
0.15,96.80240610889187,44.78883857715675,10.581295238596374,8.25338410474257
0.155,96.30804820227358,44.85999122738864,10.601705478474218,8.259056235589055
0.16,95.81958291036213,44.929860673166345,10.622175356964364,8.264571116933833
0.165,95.3369086604603,44.99845811099888,10.642704229107133,8.269930627686454
0.17,94.85992589971586,45.06579468787452,10.663291450944119,8.275136630738233
0.17500000000000002,94.3885370951217,45.13188150126075,10.683936379518174,8.280190972962268
0.18,93.92264673351572,45.19672959910434,10.704638372873426,8.285095485213427
0.185,93.46216132158082,45.26034997983126,10.725396790055262,8.289851982328349
0.19,93.006989385845,45.322753592346785,10.74621099111034,8.29446226312545
0.195,92.55704147268128,45.38395133603538,10.767080337086583,8.298928110404919
0.2,92.1122301483077,45.443954060760795,10.788004190033181,8.30325129094872
0.20500000000000002,91.67246999878735,45.50277256686601,10.80898191300059,8.30743355552059
0.21,91.23767763002837,45.56041760517323,10.830012870040534,8.311476638866036
0.215,90.80777166778394,45.61689987698395,10.851096426206002,8.315382259712347
0.22,90.38267275765226,45.67223003407888,10.87223194755125,8.319152120768576
0.225,89.9623035650766,45.726418678717984,10.8934188011318,8.322787908725559
0.23,89.54658877534524,45.77947636364047,10.91465635500444,8.326291294255897
0.23500000000000001,89.13545509359152,45.83141359206479,10.93594397822723,8.329663932013972
0.24,88.72883124479381,45.88224081768866,10.957281040859492,8.332907460635935
0.245,88.32664757298716,45.93196844151456,10.978666914095971,8.336023503842242
0.25,87.92883038114041,45.98060674367544,11.000100975710534,8.339013681462916
0.255,87.53531143460374,46.02816592910226,11.021582611282303,8.341879577513309
0.26,87.14602573622618,46.07465615575896,11.043111207858484,8.34462275522315
0.265,86.76090933090529,46.12008752402091,11.064686153651692,8.347244764392093
0.27,86.37989930558723,46.16447007667487,11.086306838039965,8.349747141389733
0.275,86.00293378926668,46.207813798919034,11.107972651566742,8.352131409155591
0.28,85.62995195298687,46.25012861836301,11.129682985940883,8.354399077199123
0.28500000000000003,85.26089400983959,46.2914244050278,11.151437234036662,8.356551641599715
0.29,84.89570121496517,46.331710971345835,11.173234789893758,8.358590585006684
0.295,84.53431586555249,46.37099807216097,11.195075048717275,8.36051737663928
0.3,84.17668130083898,46.40929540472846,11.21695740687772,8.362333472286684
0.305,83.82274190211062,46.44661260871498,11.238881261911018,8.36404031430801
0.31,83.47244309270197,46.48295926619862,11.26084601251851,8.365639331632302
0.315,83.12573133799607,46.518344901668875,11.282851058566942,8.367131939758536
0.32,82.78255414542458,46.552778982026666,11.304895801088481,8.36851954075562
0.325,82.44286006446767,46.58627091658433,11.326979642280703,8.369803523262396
0.33,82.10659868665407,46.618830057065615,11.3491019855066,8.370985262487634
0.335,81.77372064556107,46.650465697605675,11.371262235294575,8.372066120210038
0.34,81.44417761681447,46.68118707475109,11.393459797338444,8.37304744477824
0.34500000000000003,81.11792231808869,46.711003367459845,11.415694078497442,8.373930571110812
0.35000000000000003,80.79490850910663,46.73992369710135,11.437964486796206,8.374716820696248
0.355,80.47509099163977,46.76795712745643,11.460270431424798,8.375407501592981
0.36,80.15842560950816,46.7951126647173,11.482611322738686,8.37600390842937
0.365,79.84486924858034,46.82139925748763,11.504986572258753,8.376507322403713
0.37,79.53437983677347,46.84682579678246,11.527395592671297,8.37691901128423
0.375,79.22691629136737,46.87140111613074,11.549837797867475,8.377240229701629
0.38,78.92243489909987,46.89513398254345,11.572312608059386,8.37747223629365
0.385,78.62089406893146,46.91803305311652,11.594819451189586,8.377616261053062
0.39,78.32225499651418,46.940106913125156,11.617357756324388,8.377673508910965
0.395,78.0264794170201,46.96136408971586,11.639926953916957,8.37764517393233
0.4,77.73352960514148,46.98181305190634,11.66252647580731,8.377532439316001
0.405,77.44336837509074,47.001462210585615,11.685155755222324,8.377336477394692
0.41000000000000003,77.15595908060035,47.02031991851392,11.707814226775724,8.37705844963499
0.41500000000000004,76.871265614923,47.03839447032277,11.730501326468092,8.376699506637356
0.42,76.58925241083146,47.05569410251493,11.753216491686864,8.37626078813612
0.425,76.30988444061863,47.07222699346443,11.77595916120633,8.375743422999482
0.43,76.03312721609758,47.08800126341656,11.798728775187634,8.375148529229518
0.435,75.75894678860149,47.10302497448785,11.821524775178771,8.374477213962173
0.44,75.48730974898366,47.117306130666115,11.844346604114598,8.373730573467263
0.445,75.21818322761756,47.13085267781041,11.867193706316817,8.37290969314848
0.45,74.95153489439676,47.14367250365106,11.890065527493988,8.372015647543384
0.455,74.68733295873497,47.155773437789634,11.912961514741529,8.371049500323407
0.46,74.42554616956605,47.16716325169897,11.935881116541703,8.370012304293853
0.465,74.16614381534397,47.17784965872317,11.958823782763636,8.3689051013939
0.47000000000000003,73.90909572404284,47.187840314077576,11.981788964663304,8.367728922696594
0.47500000000000003,73.65437226315693,47.1971428148488,12.004776114883535,8.366484788408858
0.48,73.4019443397006,47.205764699994724,12.027784687454016,8.365173707871481
0.485,73.15178340020837,47.213713450344464,12.050814137791285,8.363796679559126
0.49,72.90386143073489,47.2209964885984,12.073863922698735,8.362354691080329
0.495,72.65815095685493,47.227621179328196,12.09693350036661,8.360848719177495
0.5,72.41462504366339,47.23359482897675,12.120022330372015,8.359279729726905
0.505,72.17325729577534,47.23892468585821,12.143129873678902,8.357648677738709
0.51,71.93402185732596,47.24361794015801,12.166255592638079,8.355956507356927
0.515,71.69689341197054,47.24768172393282,12.189398950987211,8.354204151859454
0.52,71.46184718288451,47.25112311111058,12.212559413850816,8.352392533658056
0.525,71.22885858082599,47.253949128449136,12.235736448329991,8.350522568092655
0.53,70.99790089373006,47.25616680508458,12.258929530704714,8.348595184475728
0.535,70.76894999701098,47.257783007064944,12.282138141124708,8.346611272114965
0.54,70.54198270953867,47.258804524479366,12.305361760808802,8.344571704287757
0.545,70.31697613196857,47.25923809573219,12.328599872595511,8.342477346011059
0.55,70.09390764674151,47.2590904075429,12.351851960943035,8.340329054041376
0.555,69.87275491808374,47.25836809494621,12.375117511929258,8.33812767687477
0.56,69.65349589200697,47.25707774129201,12.398396013251752,8.335874054746856
0.5650000000000001,69.43610879630833,47.255225878245355,12.42168695422777,8.333569019632806
0.5700000000000001,69.22057214057037,47.252818985786504,12.444989825794257,8.331213395247344
0.5750000000000001,69.00686471616106,47.249863492210906,12.468304120507838,8.328807997044754
0.58,68.79496559623384,47.24636577412918,12.491629332544823,8.326353632218868
0.585,68.58485413572754,47.24233215646714,12.514964957701212,8.323851099703079
0.59,68.37650997136645,47.23776891246579,12.538310493392686,8.321301190170333
0.595,68.16991302166026,47.2326822636813,12.561665438654613,8.318704686033131
0.6,67.96504348690414,47.22707837998505,12.585029294142045,8.316062361443526
0.605,67.76188184917862,47.2209633795636,12.608401562129721,8.31337498229313
0.61,67.56040887234973,47.21434332891869,12.631781746512067,8.310643306213109
0.615,67.36060560206887,47.207224242867234,12.655169352803188,8.307868082574183
0.62,67.16245336577292,47.19961208454136,12.678563888136882,8.305050052486628
0.625,66.96593377268415,47.19151276538836,12.701964861266626,8.302189948800272
0.63,66.7710287138103,47.18293214517072,12.725371782565587,8.299288496104502
0.635,66.57772036194451,47.17387603196612,12.748784164026613,8.296346410728258
0.64,66.38599117166535,47.1643501821674,12.772201519262241,8.293364400740037
0.645,66.19582387933686,47.15436030048261,12.795623363504692,8.290343165947885
0.65,66.00720150310843,47.14391203993498,12.819049213605872,8.28728339789941
0.655,65.82010734291498,47.133011001862926,12.842478588037373,8.28418577988177
0.66,65.63452498047678,47.12166273592005,12.865911006890471,8.281050986921683
0.665,65.45043827929958,47.109872740075126,12.889345991876127,8.277879685785415
0.67,65.26783138467452,47.09764646061213,12.912783066324991,8.274672534978793
0.675,65.08668872367821,47.084989292130224,12.936221755187395,8.271430184747196
0.68,64.90699500517266,47.07190657754375,12.959661585033357,8.268153277075559
0.685,64.72873521980532,47.05840360808224,12.98310208405258,8.264842445688371
0.6900000000000001,64.55189464000908,47.04448562329039,13.006542782054453,8.261498316049678
0.6950000000000001,64.37645800946711,47.03015788339536,13.029983213064964,8.258121520812953
0.7000000000000001,64.20240932177536,47.015425659292895,13.053422920663786,8.254712699195155
0.705,64.02973441012078,47.000294004356434,13.07686144895101,8.251272448176076
0.71,63.858419317983916,46.98476792499801,13.100298343722944,8.247801357675725
0.715,63.68845023768221,46.968852386590044,13.123733152599824,8.244300011796932
0.72,63.51981351037003,46.95255231346534,13.147165425025815,8.240768988825355
0.725,63.35249562603866,46.93587258891708,13.170594712269017,8.237208861229476
0.73,63.186483223516284,46.91881805519885,13.194020567421457,8.2336201956606
0.735,63.02176309046799,46.90139351352462,13.217442545399098,8.230003552952859
0.74,62.858322163395805,46.88360372406872,13.240860202941828,8.226359488123208
0.745,62.69614752763863,46.86545340596591,13.264273098613469,8.222688550371428
0.75,62.5352264173723,46.846947237311305,13.287680792801774,8.218991283080127
0.755,62.37554621560955,46.82808985516042,13.311082847718428,8.215268223814734
0.76,62.217094454200044,46.808885855529155,13.334478827399044,8.211519904323504
0.765,62.05985881383033,46.7893397933938,13.357868297703167,8.20774685053752
0.77,61.903827124023884,46.76945618269102,13.381250826314274,8.203949582570687
0.775,61.74898736314108,46.74923949631789,13.404625982739772,8.200128614719732
0.78,61.59532765837923,46.728694166131845,13.427993338310998,8.196284455464212
0.785,61.442836285772515,46.70782458295072,13.451352466183222,8.19241760746651
0.79,61.29150167019206,46.68663509655275,13.474702941335645,8.188528567571828
0.795,61.14131238534589,46.66513001567653,13.498044340571395,8.184617826808195
0.8,60.99225715377894,46.64331360802106,13.521376242517539,8.180685870386469
0.805,60.84432484687304,46.62119010024573,13.544698227625062,8.176733177700326
0.81,60.69750448484697,46.598763677970304,13.568009878168894,8.172760222326275
0.8150000000000001,60.55178523675637,46.57603848577494,13.591310778247887,8.16876747202364
0.8200000000000001,60.40715642049385,46.55301862720018,13.614600513784827,8.16475538873458
0.8250000000000001,60.263607502788865,46.52970816474696,13.63787867252643,8.160724428584073
0.8300000000000001,60.12112809920783,46.50611111987659,13.661144844043342,8.15667504187992
0.835,59.97970797415405,46.48223147301079,13.684398619730144,8.152607673112755
0.84,59.839337040867754,46.458073163531644,13.707639592805343,8.148522760956027
0.845,59.70000536142606,46.43364008978163,13.730867358311379,8.14442073826602
0.85,59.561703146743,46.40893610906362,13.754081513114622,8.14030203208183
0.855,59.424420756569546,46.383965037640856,13.777281655905377,8.136167063625393
0.86,59.28814869949355,46.35873065073699,13.800467387197873,8.13201624830146
0.865,59.15287763293978,46.33323668253605,13.823638309330278,8.127849995697607
0.87,59.01859836316992,46.30748682618244,13.846794026464682,8.12366870958424
0.875,58.88530184528257,46.28148473378097,13.869934144587113,8.119472787914587
0.88,58.75297918321323,46.255234016396834,13.893058271507526,8.115262622824698
0.885,58.62162096296306,46.22873836451559,13.916166019843429,8.111038620799103
0.89,58.491217461267134,46.20200148449403,13.939257010661404,8.106801192337583
0.895,58.361760081810026,46.17502684600635,13.962330865591424,8.102550709659463
0.9,58.23324032231068,46.14781788657214,13.985387208170689,8.09828754076047
0.905,58.10564976010963,46.12037801428133,14.008425663886205,8.094012049867603
0.91,57.97898005216904,46.09271060779411,14.031445860174792,8.08972459743913
0.915,57.853222935072694,46.06481901634102,14.054447426423073,8.08542554016459
0.92,57.72837022502596,46.03670655972288,14.07742999396749,8.081115230964791
0.925,57.60441381785586,46.00837652831085,14.100393196094293,8.076794018991809
0.93,57.48134568901099,45.97983218304636,14.12333666803954,8.072462249628995
0.935,57.3591578935616,45.95107675544118,14.146260046989104,8.068120264490963
0.9400000000000001,57.23784256619952,45.922113447577374,14.169162972078665,8.063768401423602
0.9450000000000001,57.11739192123821,45.892945432107304,14.192045084393714,8.059406994504068
0.9500000000000001,56.99779825261273,45.86357585225367,14.214906026969556,8.055036374040789
0.9550000000000001,56.87905393387978,45.83400782180944,14.237745444791303,8.050656866573464
0.96,56.76115141821766,45.80424442513794,14.260562984793877,8.046268794873056
0.965,56.64408323842626,45.774288717172745,14.283358295862014,8.041872477941801
0.97,56.52784200692713,45.74414372341779,14.30613102883026,8.037468231013209
0.975,56.4124204157634,45.7138124399473,14.328880836482968,8.033056365552055
0.98,56.29781123659982,45.68329783340579,14.351607373554307,8.028637189254383
0.985,56.184007320722756,45.652602841008104,14.374310296728252,8.02421100604751
0.99,56.0710015990402,45.621730370539396,14.396989264638592,8.019778116090022
0.995,55.958787082081734,45.59068330035512,14.419643937868923,8.015338815771774
1.0,55.84735685999858,45.559464479381035,14.442273978952656,8.010893397713891
1.0050000000000001,55.73670410256355,45.528076727113216,14.464879052373009,8.00644215076877
1.01,55.62682205917108,45.49652283361804,14.48745882456301,8.001985360020074
1.0150000000000001,55.517704058837225,45.464805559532195,14.510012963905504,7.997523306782736
1.02,55.409343510199655,45.432927636062686,14.532541140733137,7.993056268602966
1.025,55.301733901517636,45.4008917649868,14.555043027328376,7.988584519258234
1.03,55.19486880067206,45.36870061865217,14.57751829792349,7.984108328757286
1.035,55.088741855165445,45.3363568399767,14.599966628700562,7.979627963340136
1.04,54.98334679212189,45.30386304244863,14.622387697791488,7.975143685478067
1.045,54.878677418287154,45.27122181012649,14.644781185277969,7.970655753873635
1.05,54.77472762002856,45.23843569763913,14.667146773191524,7.966164423460661
1.055,54.67149136333508,45.2055072301857,14.689484145513473,7.961669945404241
1.06,54.568962693817284,45.17243890353567,14.711792988174956,7.957172567100736
1.065,54.46713573670736,45.1392331840288,14.73407298905692,7.952672532177781
1.07,54.366004696859115,45.10589250857517,14.75632383799012,7.948170080494276
1.075,54.26556385874796,45.07241928465517,14.778545226755124,7.943665448140398
1.08,54.165807586470926,45.03881589031948,14.800736849082313,7.939158867437587
1.085,54.06673032374666,45.005084674189135,14.822898400651873,7.934650566938555
1.09,53.968326593915414,44.97122795545541,14.845029579093808,7.930140771427285
1.095,53.870590938467224,44.93724804222014,14.86713008414438,7.925629704557721
1.1,53.77351718956477,44.90314743906684,14.889199621611334,7.921117618641577
1.105,53.67709979035692,44.868928441848055,14.911237902419874,7.916604736289919
1.11,53.58133349140337,44.83459324589269,14.93324463932055,7.912091266160834
1.115,53.486213086388325,44.800144027291424,14.95521954700887,7.907577414676746
1.12,53.391733412120445,44.76558294289665,14.977162342125315,7.903063386024413
1.125,53.29788934853288,44.73091213032252,14.99907274325533,7.898549382154932
1.1300000000000001,53.20467581868325,44.69613370794493,15.020950470929323,7.894035602783735
1.135,53.11208778875368,44.66124977490152,15.04279524762267,7.88952224539059
1.1400000000000001,53.020120268050746,44.62626241109168,15.064606797755719,7.885009505219601
1.145,52.92876830900553,44.59117367717653,15.086384847693772,7.880497575279212
1.1500000000000001,52.83802700717356,44.55598561457895,15.108129125747109,7.875986646342198
1.155,52.74789150123489,44.52070024548357,15.129839362170966,7.8714769069456745
1.16,52.65835697299402,44.48531957283674,15.151515289165554,7.86696854339109
1.165,52.56941864737994,44.44984558034657,15.173156640876043,7.862461739744233
1.17,52.48107179244612,44.414280232482916,15.194763153392572,7.857956677835225
1.175,52.393311719370516,44.37862547447739,15.216334564750248,7.853453537258527
1.18,52.30613378245556,44.34288323232332,15.237870614929138,7.848952495372933
1.185,52.21953337912816,44.3070554127758,15.259371045854284,7.844453727301575
1.19,52.13350594993971,44.27114390335167,15.280835601395685,7.839957405931924
1.195,52.04804697856608,44.2351505723295,15.302264027368313,7.835463701915781
1.2,51.96315199180762,44.199077268749626,15.323656071532099,7.8309727836692895
1.205,51.87881655958917,44.1629258224141,15.345011483591948,7.8264848173729265
1.21,51.79503629496004,44.12669804388675,15.366330015197725,7.8219999669715055
1.215,51.71180685409403,44.09039572449312,15.387611419944266,7.8175183941741775
1.22,51.6291239362894,44.05402063632053,15.408855453371366,7.813040258454428
1.225,51.54698328396892,44.01757453221802,15.430061872963796,7.8085657170500795
1.23,51.465380682679815,43.98105914579638,15.45123043815128,7.804094924963293
1.235,51.38431196109379,43.94447619142816,15.472360910308522,7.799628034960562
1.24,51.303772991007065,43.90782736424762,15.49345305275518,7.795165197572719
1.245,51.2237596873403,43.87111434015081,15.51450663075589,7.790706561094933
1.25,51.144268008138646,43.8343387757955,15.535521411520241,7.786252271586709
1.2550000000000001,51.06529395457174,43.797502308601196,15.556497164202797,7.781802472871886
1.26,50.98683357093372,43.76060655674917,15.577433659903088,7.777357306538644
1.2650000000000001,50.908882944643146,43.72365311918242,15.598330671665606,7.772916911939494
1.27,50.83143820624312,43.686643575605714,15.619187974479807,7.768481426191288
1.2750000000000001,50.7544955294012,43.649579486485536,15.640005345280123,7.764050984175211
1.28,50.67805113090941,43.61246239305013,15.660782562945942,7.759625718536786
1.285,50.60210127068427,43.57529381728949,15.68151940830162,7.7552057596858734
1.29,50.52664225176679,43.538075261955335,15.702215664116487,7.750791235796667
1.295,50.45167042032243,43.50080821056116,15.722871115104827,7.7463822728077
1.3,50.37718216564116,43.46349412738217,15.7434855479259,7.741978994421839
1.305,50.30317392013741,43.42613445745533,15.764058751183926,7.737581522106289
1.31,50.229642159350114,43.388730626579374,15.784590515428095,7.733189975092593
1.315,50.156583401942655,43.351284041314734,15.805080633152556,7.728804470376625
1.32,50.08399420970292,43.31379608898363,15.825528898796435,7.7244251227186
1.325,50.01187118754328,43.27626813766999,15.845935108743815,7.720052044643067
1.33,49.94021098350055,43.238701536219516,15.86629906132375,7.715685346438914
1.335,49.86901006692537,43.201097704414074,15.886620555875984,7.711325147711842
1.34,49.79826461602498,43.163458167444766,15.906899395631763,7.7069715815545194
1.345,49.72797134447487,43.125784220398494,15.927135390933245,7.702624751606596
1.35,49.658127014017715,43.0880771366445,15.947328354066634,7.698284758994323
1.355,49.58872840998834,43.05033817801274,15.967478099090135,7.693951703639789
1.36,49.51977234131367,43.01256859479388,15.987584441833956,7.689625684260925
1.365,49.45125564051272,42.97476962573934,16.007647199900305,7.685306798371498
1.37,49.38317516369665,42.936942498061214,16.02766619266339,7.680995142281117
1.375,49.315527790568694,42.89908842743233,16.04764124126942,7.676690811095228
1.3800000000000001,49.24831042442422,42.86120861798624,16.067572168636612,7.672393898715118
1.385,49.1815199921507,42.823304262317215,16.087458799455174,7.668104497837912
1.3900000000000001,49.11515344422771,42.78537654148023,16.107300960187327,7.663822699956577
1.395,49.04920775472695,42.747426624990986,16.12709847906728,7.659548595359915
1.4000000000000001,48.983679921312216,42.709455670825896,16.14685118610125,7.655282273132572
1.405,48.91856696523942,42.6714648254221,16.166558913067462,7.6510238211550305
1.41,48.85386593135659,42.63345522367745,16.18622149351613,7.646773326103613
1.415,48.789573888103845,42.59542798895051,16.20583876276947,7.6425308734504815
1.42,48.72568792751344,42.55738423306059,16.225410557921716,7.638296547463637
1.425,48.66220516520973,42.51932505628767,16.24493671783908,7.63407043120692
1.43,48.59912274040916,42.48125154737248,16.264417083159792,7.629852606540011
1.435,48.536437815920316,42.44316478351647,16.28385149629408,7.625643154118428
1.44,48.47414757814388,42.405065830381794,16.303239801424162,7.621442153393533
1.445,48.41224923707264,42.36695574209132,16.322581844504274,7.61724968261252
1.45,48.35074002629151,42.32883556122866,16.34187747326064,7.613065818818427
1.455,48.289617202977496,42.290706318838104,16.3611265371915,7.608890637850132
1.46,48.22887804789972,42.252569034424695,16.380328887567075,7.604724214342351
1.465,48.16851986541941,42.21442471595417,16.3994843774296,7.60056662172564
1.47,48.108539983489926,42.176274359853004,16.418592861593318,7.596417932226391
1.475,48.048935753656714,42.13811895100837,16.437654196644456,7.59227821686684
1.48,47.989704551057336,42.099959462768176,16.456668240941255,7.588147545465061
1.485,47.93084377442147,42.06179685694103,16.47563485461395,7.584025986634964
1.49,47.872350846070894,42.02363208379627,16.49455389956478,7.579913607786305
1.495,47.81422321191951,41.98546608206395,16.513425239467992,7.575810475124673
1.5,47.756458341473326,41.94729977893485,16.532248739769823,7.571716653651499
1.5050000000000001,47.699053727830446,41.909134090060434,16.55102426768852,7.567632207164053
1.51,47.642006887681106,41.87096991955292,16.569751692214318,7.563557198255445
1.5150000000000001,47.58531536130763,41.832808159985234,16.588430884109474,7.5594916883146235
1.52,47.52897671258447,41.79464969239101,16.607061715908227,7.555435737526377
1.5250000000000001,47.472988528978185,41.75649538626461,16.62564406191683,7.551389404871333
1.53,47.41734842154744,41.71834609956112,16.64417779821353,7.547352748125959
1.5350000000000001,47.362054024943,41.680202678696304,16.66266280264858,7.543325823862559
1.54,47.30710299740776,41.6420659585467,16.68109895484423,7.539308687449281
1.545,47.25249302077672,41.60393676244953,16.699486136194732,7.5353013930501085
1.55,47.19822180047698,41.56581590220273,16.717824229866345,7.531303993624866
1.555,47.14428706552776,41.52770417806498,16.73611312079732,7.527316540929218
1.56,47.090686568540384,41.48960237875565,16.754352695697914,7.523339085514666
1.565,47.03741808571829,41.451511281454835,16.772542843050392,7.519371676728554
1.57,46.98447941685703,41.413431651803364,16.790683453109004,7.515414362714061
1.575,46.93186838534425,41.375364243902766,16.80877441790002,7.511467190410211
1.58,46.879582838159735,41.33730980031529,16.82681563122169,7.507530205551863
1.585,46.82762064587534,41.29926905206391,16.84480698864429,7.503603452669716
1.59,46.77597970265507,41.26124271863231,16.862748387510077,7.49968697509031
1.595,46.72465792625502,41.2232315079649,16.88063972693332,7.495780814936023
1.6,46.673653155548735,41.1852361673447,16.898480905048352,7.4918850189934565
1.605,46.62296295446074,41.14725757447398,16.91627181633042,7.487999648993052
1.61,46.57258525263154,41.1092964178629,16.934012369379154,7.484124744708459
1.615,46.52251803160558,41.07135335999413,16.951702475415754,7.480260343055594
1.62,46.47275928591696,41.03342905699152,16.9693420470932,7.476406480374223
1.625,46.42330702308947,40.99552415862014,16.98693099849626,7.47256319242796
1.6300000000000001,46.37415926363659,40.957639308286225,17.00446924514148,7.468730514404269
1.635,46.32531404106148,40.9197751430372,17.021956703977185,7.464908480914463
1.6400000000000001,46.27676940185696,40.88193229356167,17.03939329338349,7.461097125993706
1.645,46.22852340550556,40.84411138418944,17.056778933172286,7.4572964831010085
1.6500000000000001,46.18057412447947,40.806313032891495,17.074113544587252,7.453506585119231
1.655,46.13291964424057,40.76853785128001,17.091397050303847,7.449727464355085
1.6600000000000001,46.08555806324043,40.730786444608334,17.10862937442931,7.445959152539129
1.665,46.038487492920275,40.693059411771024,17.125810442502665,7.442201680825773
1.67,45.99170605771104,40.655357345303806,17.14294018149472,7.438455079793275
1.675,45.945211895033324,40.617680831383595,17.16001851980806,7.434719379443742
1.68,45.89900315529741,40.580030449828506,17.177045387277055,7.43099460920313
1.685,45.85307800190326,40.54240677409783,17.194020715167863,7.427280797921246
1.69,45.80743461124053,40.50481037129203,17.21094443617842,7.423577973871745
1.695,45.76207117268854,40.46724180215279,17.227816484438435,7.41988616475213
1.7,45.71698588861631,40.429701621062954,17.244636795509418,7.416205397683758
1.705,45.672176974382516,40.392190376046564,17.26140530638465,7.412535699211828
1.71,45.62764265833554,40.35470860876884,17.27812195548919,7.408877095305396
1.715,45.58338118181343,40.3172568545362,17.29478668267989,7.4052296113573615
1.72,45.539390799143916,40.279835642296234,17.31139942924538,7.401593272184475
1.725,45.495669777644416,40.24244549463774,17.327960137906075,7.397968102027337
1.73,45.452216397622024,40.20508692779068,17.34446875281417,7.394354124550398
1.735,45.40902895237352,40.167760451626215,17.360925219553636,7.390751362841955
1.74,45.36610574818536,40.13046656965669,17.377329485140233,7.387159839414158
1.745,45.323445104333686,40.09320577903564,17.39368149802151,7.383579576203002
1.75,45.281045353084316,40.05597857055778,17.40998120807679,7.380010594568334
1.7550000000000001,45.238904839692744,40.018785428659015,17.426228566617173,7.37645291529385
1.76,45.19702192240416,39.98162683141644,17.442423526385557,7.372906558587095
1.7650000000000001,45.15539497245343,39.94450325054833,17.458566041556608,7.369371544079463
1.77,45.114022374065094,39.907415151414156,17.47465606773678,7.365847890826198
1.7750000000000001,45.07290252445337,39.87036299301457,17.490693561964317,7.3623356173063925
1.78,45.03203383382218,39.833347227991396,17.50667848270923,7.358834741422988
1.7850000000000001,44.991414725365104,39.79636830262767,17.522610789873323,7.355345280502776
1.79,44.951043635265414,39.75942665684761,17.538490444790177,7.351867251296399
1.795,44.910919012696056,39.72252272421661,17.554317410225163,7.348400669978345
1.8,44.87103931981966,39.685656931941246,17.57009165037543,7.344945552146952
1.805,44.83140303178854,39.6488297008693,17.585813130869905,7.341501912824411
1.81,44.79200863674469,39.61204144548972,17.601481818769305,7.338069766456758
1.815,44.752854635819794,39.57529257393267,17.617097682566122,7.334649126913879
1.82,44.71393954313519,39.53858348796947,17.632660692184636,7.331240007489513
1.825,44.67526188580192,39.501914583012635,17.64817081898091,7.327842420901245
1.83,44.63682020392071,39.465286248115866,17.663628035742782,7.324456379290507
1.835,44.59861305058196,39.42869886597408,17.679032316689884,7.321081894222586
1.84,44.56063899186574,39.39215281292332,17.69438363747362,7.3177189766866135
1.845,44.52289660684181,39.35564845894088,17.70968197517718,7.3143676370955735
1.85,44.485384487569625,39.31918616764519,17.72492730831554,7.311027885286296
1.855,44.4481012390983,39.28276629629591,17.74011961683545,7.307699730519464
1.86,44.41104547946664,39.246389195793846,17.755258882115452,7.304383181479606
1.865,44.374215839703126,39.21005521068103,17.770345086965865,7.301078246275103
1.87,44.33761096382594,39.17376467914063,17.78537821562879,7.297784932438184
1.875,44.30122950884291,39.13751793299706,17.800358253778114,7.294503246924926
1.8800000000000001,44.265070144751576,39.101315297715885,17.815285188519503,7.2912331961152566
1.885,44.22913155453915,39.06515709240385,17.830159008390403,7.2879747858129535
1.8900000000000001,44.19341243418252,39.02904362980891,17.844979703360053,7.284728021245642
1.895,44.1579114815727,38.99297522240562,17.8597472640199,7.281492907689984
1.9000000000000001,44.12262716513751,38.95695230710931,17.87446166596233,7.278269463157446
1.905,44.08755810722441,38.92097523099176,17.889122899729426,7.275057696198128
1.9100000000000001,44.05270304174645,38.88504427969181,17.90373096494604,7.271857609100828
1.915,44.01806070979273,38.84915973565704,17.918285862214123,7.268669203923975
1.92,43.98362985962842,38.81332187814367,17.93278759311275,7.265492482495629
1.925,43.94940924669474,38.77753098321661,17.947236160198102,7.262327446413485
1.93,43.91539763360897,38.74178732374948,17.96163156700348,7.259174097044865
1.935,43.88159379016443,38.70609116942455,17.97597381803929,7.256032435526726
1.94,43.847996493330534,38.670442786732806,17.990262918793057,7.252902462765656
1.945,43.81460452725271,38.6348424389739,18.00449887572941,7.249784179437873
1.95,43.78141668325247,38.59929038625615,18.018681696290106,7.246677585989228
1.955,43.74843175982738,38.5637868854966,18.032811388894004,7.243582682635204
1.96,43.715648562651054,38.52833219042093,18.046887962937074,7.240499469360915
1.965,43.68306590457317,38.49292655156355,18.06091142879241,7.237427945921107
1.97,43.650682605619444,38.45757021626752,18.074881797810207,7.234368111840156
1.975,43.618497492991686,38.422263428684595,18.088799082317784,7.231319966412071
1.98,43.58650940106772,38.38700642977521,18.102663295619564,7.228283508700494
1.985,43.554717171401464,38.3517994573085,18.11647445199709,7.225258737538696
1.99,43.52311965272287,38.31664274586226,18.130232566709008,7.2222456515295805
1.995,43.49171570093795,38.28153652682298,18.143937655991092,7.219244249045683
2.0,43.460504179128776,38.24648102838584,18.157589737056217,7.216254528229172
2.005,43.42948395755349,38.21147647555469,18.171188828094373,7.213276486991844
2.0100000000000002,43.39865391364625,38.17652309014206,18.184734948272666,7.210310123015129
2.015,43.36801293201732,38.1416210907692,18.198228117735315,7.207355433750092
2.02,43.337559904453,38.106770692866,18.211668357603653,7.204412416417423
2.025,43.307293729915635,38.07197210867105,18.225055689976116,7.201481068007449
2.0300000000000002,43.27721331454363,38.03722554723162,18.238390137928267,7.198561385280125
2.035,43.24731757165147,38.00253121440369,18.251671725512775,7.195653364765041
2.04,43.21760542172968,37.967889312851874,18.264900477759422,7.192757002761417
2.045,43.18807579244483,37.93330004204952,18.278076420675106,7.189872295338104
2.05,43.15872761863957,37.89876359827862,18.29119958124383,7.186999238333584
2.055,43.129559842332576,37.864280174629876,18.30426998742672,7.184137827355973
2.06,43.10057141271862,37.82984996100266,18.317287668162017,7.181288057783018
2.065,43.07176128616852,37.79547314410504,18.330252653365058,7.178449924762096
2.07,43.04312842622911,37.76114990745374,18.343164973928307,7.175623423210216
2.075,43.01467180362334,37.726880431374205,18.356024661721342,7.1728085478140216
2.08,42.98639039625018,37.69266489300055,18.368831749590846,7.170005293029783
2.085,42.958283189184655,37.65850346627555,18.38158627136062,7.167213653083408
2.09,42.93034917467788,37.62439632195069,18.39428826183158,7.16443362197043
2.095,42.902587352156985,37.59034362758613,18.40693775678175,7.161665193456017
2.1,42.874996728225184,37.55634554755072,18.419534792966267,7.158908361074968
2.105,42.847576316661744,37.522402243021986,18.43207940811738,7.156163118131717
2.11,42.82032513842198,37.48851387198614,18.444571640944464,7.153429457700323
2.115,42.793242221637264,37.45468058923808,18.457011531133993,7.150707372624482
2.12,42.766326601615035,37.42090254638138,18.469399119349553,7.147996855517521
2.125,42.73957732083878,37.3871798918283,18.48173444723185,7.1452978987623945
2.13,42.71299342896805,37.3535127707998,18.494017557398706,7.142610494511693
2.1350000000000002,42.68657398283843,37.319901325325496,18.50624849344505,7.139934634687639
2.14,42.66031804646161,37.286345694243714,18.518427299942918,7.137270310982082
2.145,42.63422469102529,37.25284601320144,18.53055402244147,7.134617514856507
2.15,42.60829299489324,37.21940241465436,18.54262870746698,7.13197623754203
2.1550000000000002,42.582522043605294,37.18601502786684,18.55465140252283,7.129346470039398
2.16,42.55691092987734,37.152683978911924,18.566622156089505,7.126728203118989
2.165,42.53145875360132,37.11940939067135,18.578541017624623,7.124121427320816
2.17,42.50616462184524,37.08619138283552,18.590408037562902,7.121526132954518
2.1750000000000003,42.48102764885314,37.05303007190355,18.602223267316177,7.118942310099369
2.18,42.45604695604516,37.01992557118321,18.61398675927339,7.116369948604277
2.185,42.43122167201744,36.986877990790965,18.62569856680061,7.113809038087775
2.19,42.40655093254224,36.95388743765198,18.637358744241006,7.111259567938035
2.195,42.38203388056782,36.92095401550007,18.648967346914862,7.108721527312856
2.2,42.35766966621852,36.888077824877755,18.660524431119583,7.1061949051396684
2.205,42.333457446794746,36.85525896313625,18.672030054129674,7.103679690115538
2.21,42.30939638677296,36.82249752443543,18.68348427419677,7.1011758707071575
2.215,42.28548565780566,36.78979359974385,18.694887150549597,7.098683435150854
2.22,42.261724438721416,36.75714727683878,18.706238743394017,7.096202371452588
2.225,42.23811191552485,36.72455864030615,18.717539113912988,7.093732667387946
2.23,42.21464719300417,36.692027820059984,18.728788312231792,7.091274314705429
2.235,42.19132930814162,36.65955498039954,18.73998638127505,7.088827307918506
2.24,42.16815745944611,36.62714019495467,18.751133387503987,7.086391633541564
2.245,42.14513085281996,36.594783534037475,18.76222939836499,7.083967277861201
2.25,42.12224869814138,36.56248506654701,18.773274481807892,7.081554227103355
2.255,42.09951020926443,36.5302448599693,18.78426870628598,7.079152467433306
2.2600000000000002,42.076914604019095,36.49806298037731,18.795212140756004,7.076761984955672
2.265,42.0544611042112,36.465939492430984,18.80610485467815,7.074382765714412
2.27,42.03214893562247,36.4338744593772,18.816946918016065,7.072014795692826
2.275,42.00997732801053,36.40186794304983,18.827738401236854,7.069658060813554
2.2800000000000002,41.987945515108834,36.36992000386967,18.83847937531107,7.067312546938575
2.285,41.96605273462677,36.338030700844506,18.849169911712718,7.064978239869212
2.29,41.944298228249586,36.30620009156906,18.85981008241926,7.062655125346124
2.295,41.9226812416384,36.27442823222503,18.8703999599116,7.060343189049314
2.3000000000000003,41.90120102443023,36.24271517758105,18.880939617174118,7.058042416598122
2.305,41.87985683023796,36.21106098099274,18.891429127694618,7.055752793551232
2.31,41.85864791665037,36.17946569440268,18.90186856546438,7.053474305406664
2.315,41.83757354523211,36.147929368340385,18.912258004978128,7.051206937601783
2.32,41.81663298152371,36.11645205192234,18.922597521234035,7.048950675513291
2.325,41.79582549504159,36.085033792851995,18.932887189733734,7.046705504457232
2.33,41.775150359278044,36.05367463741975,18.94312708648231,7.044471409688989
2.335,41.75460685170125,36.02237463050299,18.9533172879883,7.042248376403287
2.34,41.73419425375526,35.991133815566016,18.96345787126369,7.04003638973419
2.345,41.71391185086003,35.95995223466013,18.973548913823926,7.037835434755103
2.35,41.69375893241136,35.92882992842356,18.9835904936879,7.035645496478772
2.355,41.673734791780966,35.89776693608152,18.993582689377963,7.033466559857281
2.36,41.65383872631643,35.86676329544616,19.003525579919913,7.0312986097820565
2.365,41.634070037341196,35.83581904291661,19.01341924484301,7.029141631083865
2.37,41.614428030154635,35.80493421347895,19.02326376417996,7.026995608532814
2.375,41.594912014031955,35.774108840706226,19.03305921846692,7.024860526838349
2.38,41.575521302224274,35.74334295675842,19.042805688743506,7.022736370649258
2.3850000000000002,41.556255211958565,35.7126365923825,19.052503256552786,7.020623124553668
2.39,41.53711306443771,35.68198977691239,19.062152003941275,7.018520773079048
2.395,41.51809418484046,35.65140253826896,19.071752013458948,7.016429300692206
2.4,41.49919790232143,35.62087490296005,19.08130336815923,7.014348691799291
2.4050000000000002,41.480423550011146,35.590406896080445,19.090806151599004,7.012278930745791
2.41,41.461770465015995,35.55999854131192,19.100260447838593,7.010220001816536
2.415,41.44323798841825,35.52964986092317,19.109666341441788,7.008171889235696
2.42,41.42482546527607,35.49936087576988,19.119023917475825,7.006134577166781
2.4250000000000003,41.406532244623484,35.46913160529468,19.128333261511393,7.004108049712642
2.43,41.38835767947042,35.43896206752716,19.137594459622637,7.002092290915468
2.435,41.370301126802666,35.408852279083874,19.146807598387152,7.000087284756792
2.44,41.352361947581905,35.37880225516834,19.15597276488599,6.998093015157485
2.445,41.3345395067457,35.34881200957102,19.16509004670365,6.996109465977759
2.45,41.316833173207485,35.31888155466934,19.17415953192809,6.994136621017166
2.455,41.29924231985659,35.289010901427694,19.18318130915072,6.992174464014598
2.46,41.28176632355821,35.259200059397436,19.192155467466396,6.990222978648289
2.465,41.264404565153434,35.22944903671687,19.201082096473435,6.988282148535811
2.47,41.247156429459224,35.19975784011126,19.20996128627361,6.986351957234079
2.475,41.23002130526843,35.17012647489283,19.218793127472132,6.984432388239346
2.48,41.21299858534978,35.140554944960776,19.22757771117768,6.982523424987207
2.485,41.19608766644788,35.11104325280124,19.23631512900238,6.980625050852596
2.49,41.17928794928322,35.081591399487316,19.245005473061813,6.9787372491497885
2.495,41.16259883855217,35.052199384679085,19.253648835975007,6.9768600031323995
2.5,41.14601974292699,35.02286720662355,19.26224531086445,6.974993295993385
2.505,41.129550075055796,34.993594862154715,19.27079499135608,6.97313711086504
2.5100000000000002,41.11318925156261,34.964382346693505,19.279297971579293,6.971291430819003
2.515,41.096936693047326,34.93522965424783,19.287754346166924,6.9694562388662495
2.52,41.08079182408572,34.90613677741254,19.296164210255277,6.967631517957097
2.525,41.06475407322946,34.87710370736947,19.3045276594841,6.9658172509812015
2.5300000000000002,41.04882287300606,34.848130433887384,19.312844789996603,6.964013420767563
2.535,41.03299765991896,34.81921694532203,19.321115698439435,6.9622200100845175
2.54,41.017277874447444,34.79036322861611,19.329340481962706,6.960437001639746
2.545,41.001662961046705,34.76156926929927,19.33751923821998,6.9586643780802655
2.5500000000000003,40.9861523681478,34.732835051488124,19.345652065368274,6.956902121992435
2.555,40.97074554815767,34.70416055788626,19.35373906206805,6.9551502159019565
2.56,40.95544195745915,34.675545769784215,19.361780327483242,6.9534086422738675
2.565,40.940241056410926,34.64699066705947,19.36977596128121,6.951677383512549
2.57,40.9251423093476,34.618495228176485,19.377726063632792,6.949956421961721
2.575,40.91014518457963,34.59005943018667,19.385630735212263,6.948245739904445
2.58,40.89524915439337,34.5616832487284,19.39349007719736,6.946545319563123
2.585,40.880453695051045,34.53336665802701,19.40130419126927,6.944855143099496
2.59,40.86575828679077,34.50510963089479,19.409073179612623,6.943175192614646
2.595,40.85116241382653,34.47691213873098,19.416797144915524,6.941505450148996
2.6,40.83666553393994,34.44877416695308,19.424476184231114,6.939845898685486
2.605,40.82226701161462,34.420695746890104,19.432110376345232,6.938196524018947
2.61,40.80796632709844,34.392676849104284,19.439699824213427,6.936557307767316
2.615,40.79376297695843,34.36471743637444,19.4472446338067,6.934928231071746
2.62,40.77965645998065,34.33681747098326,19.45474491120884,6.933309275083657
2.625,40.76564627717019,34.30897691471729,19.462200762616423,6.931700420964741
2.63,40.751731931751195,34.28119572886693,19.469612294338816,6.930101649886956
2.6350000000000002,40.73791292916682,34.25347387422645,19.476979612798175,6.928512943032533
2.64,40.724188777079256,34.22581131109398,19.484302824529443,6.92693428159397
2.645,40.71055898536976,34.1982079992715,19.491582036180354,6.925365646774033
2.65,40.697023066138584,34.17066389806487,19.498817354511427,6.923807019785761
2.6550000000000002,40.68358053370503,34.14317896628379,19.50600888639597,6.922258381852458
2.66,40.670230904607465,34.115753162241845,19.513156738820086,6.920719714207702
2.665,40.656973697603235,34.08838644375645,19.520261018882657,6.919190998095336
2.67,40.64380843366876,34.0610787681489,19.527321833795362,6.917672214769475
2.6750000000000003,40.630734635999474,34.03383009224436,19.534339290882667,6.916163345494501
2.68,40.61775183000987,34.006640372371834,19.54131349758182,6.914664371545068
2.685,40.60485954333346,33.97950956436419,19.548244561442868,6.913175274206097
2.69,40.59205730582279,33.95243762355818,19.555132590128636,6.9116960347727785
2.695,40.57934464954944,33.9254245047944,19.561977691414747,6.9102266345505745
2.7,40.566721108804025,33.89847016241729,19.568779973189606,6.908767054855215
2.705,40.55418622009621,33.87157455027518,19.57553954345441,6.907317277012696
2.71,40.54173952215467,33.84473762172024,19.58225651032315,6.905877282359289
2.715,40.52938055592714,33.81795932960853,19.58893098202259,6.9044470522415295
2.72,40.517108864580365,33.79123962629992,19.595563066892296,6.903026568016226
2.725,40.50492399350015,33.7645784636582,19.602152873384618,6.901615811050452
2.73,40.49282549029131,33.737975793050964,19.6087005100647,6.900214762721555
2.735,40.480812904777714,33.71143156534972,19.61520608561047,6.89882340441715
2.74,40.46888578900226,33.6849457309298,19.62166970881264,6.897441717535119
2.745,40.457043697226865,33.65851823967041,19.62809148857472,6.896069683483616
2.75,40.44528618593252,33.63214904095461,19.634471533913,6.894707283681064
2.755,40.43361281381921,33.60583808366933,19.64080995395657,6.893354499556154
2.7600000000000002,40.42202314180597,33.57958531620536,19.647106857947293,6.892011312547847
2.765,40.41051673303088,33.55339068645735,19.653362355239835,6.890677704105374
2.77,40.399093152851044,33.52725414182379,19.659576555301644,6.889353655688234
2.775,40.38775196884259,33.50117562920707,19.665749567712957,6.888039148766197
2.7800000000000002,40.376492750800715,33.475155095013406,19.671881502166805,6.886734164819298
2.785,40.36531507073961,33.4491924851529,19.677972468468994,6.885438685337848
2.79,40.354218502892536,33.423287745039495,19.684022576538133,6.884152691822422
2.795,40.34320262371176,33.397440819591004,19.690031936405614,6.882876165783866
2.8000000000000003,40.3322670118686,33.3716516532291,19.696000658215617,6.8816090887432955
2.805,40.32141124825341,33.34592018987932,19.701928852225112,6.880351442232095
2.81,40.31063491597557,33.320246372971056,19.707816628803858,6.879103207791918
2.815,40.2999376003635,33.294630145437566,19.713664098434403,6.877864366974688
2.82,40.28931888896466,33.269071449715966,19.719471371712082,6.876634901342596
2.825,40.27877837154553,33.24357022774723,19.725238559345016,6.8754147924681055
2.83,40.268315640091636,33.2181264209762,19.73096577215412,6.874204021933946
2.835,40.257930288807536,33.19273997035157,19.736653121073097,6.873002571333119
2.84,40.247621914116834,33.1674108163259,19.74230071714844,6.871810422268893
2.845,40.23739011466214,33.14213889885561,19.74790867153942,6.870627556354806
2.85,40.22723449130513,33.11692415740099,19.75347709551811,6.869453955214667
2.855,40.217154647126506,33.09176653092617,19.759006100469367,6.868289600482554
2.86,40.20715018742599,33.06666595789916,19.76449579789083,6.867134473802812
2.865,40.19722071972235,33.04162237629181,19.76994629939294,6.865988556830058
2.87,40.1873658537534,33.01663572357987,19.77535771669892,6.864851831229176
2.875,40.17758520147596,32.9917059367429,19.780730161644772,6.863724278675321
2.88,40.16787837706591,32.966832952264355,19.786063746179302,6.862605880853918
2.8850000000000002,40.158244996918164,32.94201670613155,19.7913585823641,6.861496619460658
2.89,40.14868467964666,32.91725713383563,19.79661478237354,6.860396476201503
2.895,40.13919704608436,32.89255417037165,19.801832458494783,6.859305432792686
2.9,40.129781719283294,32.86790775023849,19.807011723127793,6.8582234709607075
2.9050000000000002,40.1204383245145,32.843317807438886,19.812152688785304,6.857150572442336
2.91,40.111166489268065,32.818784275479466,19.817255468092856,6.856086718984613
2.915,40.101965843253105,32.79430708737069,19.82232017378876,6.8550318923448454
2.92,40.092836018397755,32.769886175626894,19.827346918724135,6.853986074290612
2.9250000000000003,40.083776648849216,32.745521472266276,19.83233581586287,6.85294924659976
2.93,40.07478737097371,32.72121290881088,19.837286978281657,6.851921391060404
2.935,40.065867823356484,32.69696041628663,19.842200519169968,6.850902489470934
2.94,40.057017646801825,32.67276392522329,19.847076551830067,6.8498925236399995
2.945,40.04823648433307,32.648623365654515,19.851915189677005,6.848891475386529
2.95,40.039523981192566,32.62453866711778,19.856716546238626,6.847899326539714
2.955,40.03087978484172,32.60050975865446,19.86148073515556,6.846916058939018
2.96,40.022303544960955,32.576536568809765,19.866207870181224,6.8459416544341725
2.965,40.01379491344973,32.55261902563277,19.870898065181823,6.84497609488518
2.97,40.005353544426555,32.528757056676426,19.87555143413635,6.84401936216231
2.975,39.996979094228955,32.50495058899753,19.8801680911366,6.843071438146103
2.98,39.9886712214135,32.48119954915674,19.884748150387136,6.842132304727368
2.985,39.9804295867558,32.457503863218584,19.889291726205325,6.841201943807183
2.99,39.972253853250486,32.43386345675144,19.893798933021312,6.840280337296898
2.995,39.964143686111235,32.41027825482755,19.898269885378042,6.839367467118127
3.0,39.95609875277075,32.386748182023034,19.902704697931238,6.838463315202758
3.005,39.948118722880785,32.36327316241784,19.90710348544942,6.8375678634929455
3.0100000000000002,39.9402032683121,32.3398531195958,19.91146636281389,6.836681093941116
3.015,39.93235201208339,32.31648799728934,19.915793434041856,6.835802989044369
3.02,39.92456456822241,32.293177740759596,19.92008480127703,6.834933530996726
3.025,39.9168406146674,32.26992226840721,19.92434058025285,6.834072701115321
3.0300000000000002,39.909179830771976,32.24672149849928,19.92856088660407,6.83322048074724
3.035,39.90158189715074,32.22357534923355,19.932745835833323,6.832376851271444
3.04,39.894046495679305,32.200483738738434,19.93689554331108,6.831541794098769
3.045,39.88657330949427,32.177446585073,19.941010124275678,6.830715290671931
3.0500000000000003,39.87916202299322,32.15446380622695,19.945089693833292,6.82989732246552
3.055,39.87181232183475,32.13153532012067,19.949134366957963,6.829087870986005
3.06,39.86452389293846,32.108661044605185,19.953144258491584,6.8282869177717265
3.065,39.857296424484915,32.085840897462184,19.957119483143895,6.827494444392908
3.0700000000000003,39.85012960591569,32.06307479640401,19.961060155492504,6.826710432451644
3.075,39.84302312793337,32.040362659073665,19.964966389982852,6.8259348635819075
3.08,39.83597668250152,32.01770440304479,19.96883830092825,6.825167719449548
3.085,39.8289899628447,31.99509994582171,19.972676002509864,6.824408981752293
3.09,39.82206266344847,31.972549204839382,19.976479608776696,6.823658632219743
3.095,39.81519448005939,31.95005209746343,19.98024923364562,6.822916652613379
3.1,39.808385109685005,31.927608540990132,19.983984990901355,6.822183024726553
3.105,39.80163425059386,31.905218452646423,19.987686994196476,6.8214577303845
3.11,39.794941602315504,31.88288174958989,19.991355357051408,6.820740751444326
3.115,39.788306865640465,31.86059834890878,19.994990192854438,6.820032069795016
3.12,39.78172974262028,31.838368167621997,19.9985916148617,6.8193316673574325
3.125,39.77520993656748,31.816191122679097,20.002159736197175,6.818639526084311
3.13,39.76874715205559,31.794067130960293,20.00569466985272,6.817955627960267
3.1350000000000002,39.762341094919115,31.77199610927645,20.00919652868802,6.817279955001791
3.14,39.75599147225359,31.7499779743691,20.012665425430633,6.816612489257248
3.145,39.74969799241551,31.72801264291042,20.016101472675956,6.815953212806884
3.15,39.74346036502239,31.70610003150325,20.01950478288725,6.815302107762816
3.1550000000000002,39.73727830095273,31.684240056681084,20.02287546839563,6.814659156269043
3.16,39.73115151234603,31.662432634908065,20.02621364140005,6.814024340501436
3.165,39.72507971260277,31.640677682579003,20.029519413967343,6.813397642667744
3.17,39.719062616384456,31.61897511601936,20.03279289803217,6.812779045007593
3.1750000000000003,39.713099939613556,31.597324851485247,20.036034205397065,6.812168529792486
3.18,39.70719139947356,31.575726805163445,20.0392434477324,6.8115660793258
3.185,39.70133671440893,31.554180893171374,20.042420736576414,6.810971675942792
3.19,39.695535604125155,31.532687031557124,20.045566183335193,6.810385302010591
3.1950000000000003,39.689787789588685,31.511245136299433,20.048679899282675,6.8098069399282055
3.2,39.68409299302699,31.4898551233077,20.05176199556066,6.809236572126522
3.205,39.678450937928524,31.468516908421975,20.05481258317879,6.808674181068297
3.21,39.67286134904274,31.44723040741297,20.05783177301457,6.808119749248172
3.215,39.66732395238009,31.425995535982047,20.060819675813356,6.807573259192658
3.22,39.66183847521201,31.40481220976122,20.063776402188356,6.807034693460147
3.225,39.656404646070946,31.383680344313177,20.06670206262063,6.806504034640904
3.23,39.65102219475033,31.362599855131243,20.069596767459103,6.805981265357072
3.235,39.6456908523046,31.341570657639405,20.072460626920538,6.805466368262673
3.24,39.64041035104916,31.320592667192308,20.075293751089564,6.804959326043599
3.245,39.63518042456046,31.299665799075257,20.07809624991865,6.804460121417625
3.25,39.6300008076759,31.278789968504203,20.080868233228138,6.8039687371344
3.255,39.624871236493895,31.25796509062576,20.083609810706207,6.803485155975448
3.2600000000000002,39.61979144837385,31.23719108051719,20.086321091908896,6.803009360754171
3.265,39.61476118193618,31.216467853186423,20.0890021862601,6.802541334315848
3.27,39.60978017706228,31.19579532357204,20.09165320305156,6.802081059537633
3.275,39.604848174894535,31.175173406543266,20.094274251442883,6.801628519328556
3.2800000000000002,39.599964917836346,31.154602016900004,20.096865440461514,6.801183696629527
3.285,39.59513014955209,31.134081069372794,20.09942687900277,6.800746574413329
3.29,39.59034361496716,31.113610478622842,20.101958675829803,6.800317135684621
3.295,39.58560506026793,31.09319015924201,20.10446093957363,6.7998953634799415
3.3000000000000003,39.58091423290176,31.072820025752808,20.106933778733126,6.799481240867704
3.305,39.57627088157704,31.05249999260841,20.109377301675003,6.799074750948197
3.31,39.571674756263114,31.032229974192642,20.11179161663384,6.798675876853587
3.315,39.56712560819035,31.01200988481999,20.114176831712072,6.798284601747919
3.3200000000000003,39.5626231898501,30.991839638735584,20.116533054879973,6.797900908827109
3.325,39.55816725499472,30.97171915011523,20.118860393975687,6.7975247813189545
3.33,39.55375755863755,30.951648333065375,20.121158956705198,6.7971562024831265
3.335,39.549393857052934,30.93162710162312,20.123428850642355,6.796795155611175
3.34,39.5450759077762,30.911655369756236,20.125670183228852,6.796441624026523
3.345,39.5408034696037,30.891733051363133,20.127883061774245,6.796095591084473
3.35,39.53657630259275,30.871860060272894,20.130067593455937,6.795757040172203
3.355,39.53239416806167,30.852036310245243,20.132223885319185,6.795425954708768
3.36,39.52825682858978,30.832261714970567,20.1343520442771,6.795102318145097
3.365,39.52416404801741,30.812536188069913,20.136452177110655,6.7947861139639985
3.37,39.52011559144585,30.792859643094975,20.138524390468664,6.794477325680155
3.375,39.516111225237424,30.773231993528107,20.1405687908678,6.794175936840128
3.38,39.512150717015416,30.753653152782324,20.142585484692596,6.793881931022354
3.3850000000000002,39.508233835664136,30.734123034201286,20.144574578195428,6.793595291837145
3.39,39.50436035132886,30.714641551059316,20.146536177496532,6.793316002926692
3.395,39.500530035415906,30.695208616561395,20.148470388584,6.793044047965059
3.4,39.49674266059253,30.675824143843155,20.150377317313765,6.79277941065819
3.4050000000000002,39.49299800078702,30.656488045970885,20.15225706940963,6.792522074743903
3.41,39.489295831188656,30.63720023594153,20.154109750463242,6.792272023991893
3.415,39.4856359282477,30.617960626682695,20.155935465934103,6.792029242203732
3.42,39.482018069675426,30.598769131052634,20.157734321149572,6.791793713212869
3.4250000000000003,39.478442034444086,30.57962566184026,20.15950642130486,6.791565420884629
3.43,39.47490760278694,30.560530131765148,20.16125187146303,6.791344349116211
3.435,39.47141455619825,30.541482453477517,20.162970776554996,6.791130481836695
3.44,39.467962677433256,30.522482539558254,20.164663241379536,6.790923803007033
3.4450000000000003,39.46455175050819,30.50353030251889,20.166329370603272,6.7907242966200565
3.45,39.46118156070032,30.48462565480162,20.167969268760682,6.790531946700471
3.455,39.45785189454786,30.465768508779295,20.1695830402541,6.790346737304863
3.46,39.45456253985004,30.446958776755423,20.17117078935371,6.7901686525216896
3.465,39.45131328566709,30.428196370964155,20.172732620197557,6.7899976764712875
3.47,39.4481038986294,30.40948120912274,20.17426863399747,6.78983379287136
3.475,39.44493412308041,30.390813212498145,20.175778929041687,6.789676984699252
3.48,39.44180375122503,30.372192289825087,20.177263608945797,6.789527235543915
3.485,39.43871257738382,30.353618349593834,20.178722777256404,6.789384529048077
3.49,39.435660396617195,30.335091300394645,20.180156537288912,6.789248848886957
3.495,39.432647004725446,30.316611050917768,20.181564992127512,6.789120178768257
3.5,39.42967219824874,30.298177509953437,20.182948244625198,6.788998502432169
3.505,39.42673577446709,30.279790586391872,20.184306397403756,6.788883803651375
3.5100000000000002,39.42383753140041,30.26145018922328,20.185639552853768,6.7887760662310415
3.515,39.420977267808446,30.243156227537856,20.186947813134616,6.788675274008826
3.52,39.41815478319083,30.224908610525787,20.18823128017447,6.788581410854872
3.525,39.41536987778707,30.20670724747724,20.189490055670305,6.788494460671812
3.5300000000000002,39.412622352576534,30.18855204778237,20.19072424108789,6.7884144073947645
3.535,39.40991200927846,30.17044292093133,20.19193393766178,6.78834123499134
3.54,39.407238650351935,30.15237977651424,20.193119246395344,6.788274927461632
3.545,39.40460207899594,30.134362524221235,20.19428026806073,6.788215468838227
3.5500000000000003,39.40200209914933,30.116391073842408,20.19541710319889,6.788162843186195
3.555,39.39943851549079,30.098465335267864,20.19652985211957,6.788117034603097
3.56,39.39691113343891,30.080585218487677,20.19761861490132,6.78807802721898
3.565,39.394419759152136,30.06275063359192,20.19868349139147,6.78804580519638
3.5700000000000003,39.39196419952877,30.044961490770653,20.199724581206162,6.788020352730322
3.575,39.38954426220701,30.027217700313916,20.20074198373032,6.788001654048316
3.58,39.387159755564895,30.00951917261174,20.201735798117678,6.787989693410363
3.585,39.38481048872033,29.991865818154146,20.202706123290753,6.787984455108951
3.59,39.382496271531124,29.97425754753114,20.203653057940866,6.787985923469055
3.595,39.380216914594925,29.95669427143271,20.20457670052813,6.787994082848138
3.6,39.37797222924924,29.939175900648845,20.205477149281457,6.788008917636153
3.605,39.375762027571476,29.921702346069512,20.206354502198558,6.788030412255539
3.61,39.37358612237888,29.90427351868466,20.207208857045927,6.788058551161224
3.615,39.37144432722859,29.886889329584243,20.20804031135887,6.788093318840622
3.62,39.369336456417585,29.869549689958184,20.20884896244148,6.7881346998136385
3.625,39.36726232498274,29.8522545110964,20.209634907366645,6.788182678632664
3.63,39.36522174870078,29.835003704388804,20.210398242976055,6.788237239882578
3.6350000000000002,39.36321454408831,29.81779718132528,20.211139065880193,6.788298368180748
3.64,39.361240528401794,29.80063485349571,20.21185747245833,6.788366048177029
3.645,39.35929951963756,29.783516632589965,20.212553558858552,6.788440264553765
3.65,39.357391336531826,29.7664424303979,20.21322742099772,6.788521002025788
3.6550000000000002,39.35551579856065,29.749412158809353,20.213879154561507,6.7886082453404155
3.66,39.35367272593999,29.732425729814157,20.214508855004368,6.788701979277455
3.665,39.35186193962563,29.715483055502126,20.215116617549572,6.788802188649203
3.67,39.35008326131326,29.69858404806307,20.215702537189163,6.788908858300442
3.6750000000000003,39.348336513438426,29.68172861978677,20.216266708684,6.789021973108444
3.68,39.34662151917654,29.66491668306302,20.216809226563726,6.789141517982967
3.685,39.344938102442875,29.648148150381576,20.21733018512678,6.789267477866257
3.69,39.34328608789259,29.631422934332196,20.217829678440406,6.789399837733052
3.6950000000000003,39.34166530092069,29.614740947604616,20.218307800340632,6.789538582590574
3.7,39.340075567662076,29.598102102988573,20.218764644432298,6.789683697478533
3.705,39.338516714991485,29.581506313373776,20.21920030408902,6.789835167469128
3.71,39.33698857052355,29.564953491749932,20.219614872453228,6.789992977667048
3.715,39.33549096261276,29.548443551206734,20.220008442436132,6.790157113209466
3.72,39.334023720353464,29.531976404933854,20.220381106717756,6.790327559266045
3.725,39.3325866735799,29.51555196622096,20.220732957746904,6.790504301038936
3.73,39.33117965286615,29.49917014845771,20.221064087741187,6.7906873237627785
3.735,39.32980248952618,29.48283086513374,20.221374588687002,6.790876612704699
3.74,39.32845501561383,29.466534029838677,20.221664552339547,6.791072153164312
3.745,39.327137063922784,29.45027955626214,20.221934070222822,6.791273930473721
3.75,39.325848467986624,29.434067358193722,20.22218323362961,6.791481929997515
3.755,39.32458906207878,29.417897349523027,20.222412133621507,6.791696137132774
3.7600000000000002,39.32335868121255,29.40176944423962,20.222620861028883,6.791916537309065
3.765,39.3221571611411,29.385683556433072,20.222809506450925,6.792143115988442
3.77,39.32098433835748,29.36963960029294,20.222978160255604,6.792375858665448
3.775,39.319840050094605,29.353637490108753,20.22312691257969,6.792614750867113
3.7800000000000002,39.31872413432524,29.33767714027004,20.22325585332875,6.792859778152955
3.785,39.31763642976202,29.32175846526632,20.223365072177145,6.793110926114982
3.79,39.31657677585747,29.305881379687094,20.22345465856803,6.793368180377687
3.795,39.31554501280397,29.290045798221847,20.223524701713366,6.793631526598054
3.8000000000000003,39.31454098153377,29.274251635660058,20.2235752905939,6.793900950465551
3.805,39.31356452371898,29.25849880689119,20.223606513959176,6.79417643770214
3.81,39.31261548177159,29.242787226904696,20.223618460327536,6.794457974062264
3.815,39.31169369884344,29.22711681079001,20.22361121798612,6.794745545332859
3.8200000000000003,39.31079901882627,29.211487473736565,20.22358487499086,6.795039137333346
3.825,39.30993128635166,29.19589913103377,20.22353951916649,6.795338735915636
3.83,39.30909034679107,29.180351698071025,20.223475238106527,6.795644326964128
3.835,39.308276046255834,29.16484509033772,20.223392119173305,6.795955896395707
3.84,39.30748823159713,29.14937922342323,20.22329024949793,6.796273430159749
3.845,39.306726750406014,29.13395401301692,20.223169715980323,6.796596914238113
3.85,39.30599145101344,29.118569374908134,20.223030605289193,6.796926334645152
3.855,39.305282182490195,29.103225224986215,20.22287300386204,6.797261677427702
3.86,39.30459879464694,29.08792147924049,20.222696997905178,6.79760292866509
3.865,39.30394113803422,29.07265805376026,20.22250267339369,6.797950074469131
3.87,39.30330906394243,29.057434864734837,20.22229011607148,6.798303100984125
3.875,39.30270242440184,29.04225182845351,20.222059411451237,6.798661994386863
3.88,39.302121072182594,29.02710886130554,20.22181064481444,6.799026740886622
3.8850000000000002,39.301564860794706,29.012005879780197,20.221543901211376,6.7993973267251695
3.89,39.30103364448804,28.996942800466734,20.22125926546112,6.799773738176758
3.895,39.30052727825234,28.98191954005438,20.22095682215155,6.80015596154813
3.9,39.30004561781722,28.966936015332365,20.22063665563933,6.800543983178515
3.9050000000000002,39.29958851965216,28.951992143189894,20.22029885004993,6.800937789439631
3.91,39.29915584096651,28.937087840616176,20.219943489277608,6.801337366735683
3.915,39.298747439709494,28.92222302470039,20.21957065698542,6.801742701503366
3.92,39.298363174570184,28.90739761263171,20.219180436605228,6.80215378021186
3.9250000000000003,39.29800290497753,28.892611521699294,20.218772911337673,6.802570589362836
3.93,39.297666491100365,28.8778646692923,20.218348164152207,6.802993115490452
3.935,39.29735379384737,28.86315697289986,20.217906277787066,6.803421345161351
3.94,39.29706467486711,28.84848835011109,20.217447334749288,6.803855264974669
3.9450000000000003,39.296798996548,28.833858718615108,20.21697141731471,6.804294861562027
3.95,39.296556622018336,28.81926799620101,20.216478607527957,6.804740121587534
3.955,39.29633741514628,28.804716100757883,20.21596898720246,6.805191031747787
3.96,39.296141240539875,28.790202950274796,20.215442637920432,6.805647578771873
3.9650000000000003,39.295967955519814,28.775728462761002,20.21489964200649,6.806109749010157
3.97,39.29581739241105,28.76129255470788,20.214340084696385,6.8065775272791535
3.975,39.295689415431184,28.74689514125876,20.213764047224874,6.8070508997035954
3.98,39.29558389322034,28.73253613765051,20.213171610117033,6.807529852621368
3.985,39.29550069487018,28.71821545926609,20.21256285366802,6.8080143723968485
3.99,39.29543968992383,28.70393302163459,20.211937857943074,6.808504445420908
3.995,39.29540074837596,28.689688740431215,20.2112967027775,6.80900005811091
4.0,39.29538374067271,28.675482531477282,20.210639467776684,6.809501196910708
4.005,39.29538853771175,28.661314310740224,20.209966232316095,6.81000784829065
4.01,39.295415010842234,28.647183994333588,20.209277075541273,6.8105199987475755
4.015,39.29546303186483,28.633091498517043,20.20857207636784,6.811037634804817
4.0200000000000005,39.2955324730317,28.619036739696362,20.20785131348149,6.8115607430121985
4.025,39.29562320704653,28.605019634423446,20.207114865338,6.812089309946037
4.03,39.29573510706449,28.591040099396306,20.206362810163217,6.8126233222091415
4.035,39.29586804669225,28.577098051459064,20.20559522595307,6.813162766430813
4.04,39.296021899988006,28.563193407601965,20.204812190473564,6.813707629266847
4.045,39.29619654146144,28.549326084961365,20.204013781260787,6.814257897399528
4.05,39.296391846073746,28.535496000819737,20.20320007562089,6.814813557537635
4.055,39.29660768923762,28.52170307260567,20.202371150630118,6.815374596416438
4.0600000000000005,39.29684394681725,28.507947217893868,20.20152708313478,6.815941000797704
4.065,39.29710049512834,28.494228354405152,20.20066794975127,6.816512757469685
4.07,39.2973772109381,28.480546400006453,20.199793826866053,6.81708985324713
4.075,39.297673971465244,28.466901272710825,20.19890479063568,6.8176722749712795
4.08,39.29799065437997,28.45329289067743,20.198000916986768,6.818260009509866
4.085,39.298327137804,28.439721172211556,20.197082281616023,6.818853043757115
4.09,39.298683300310564,28.42618603576459,20.196148959990218,6.8194513646337445
4.095,39.29905902092437,28.412687399934054,20.195201027346208,6.8200549590869635
4.1,39.29945417912165,28.399225183463567,20.194238558690923,6.820663814090474
4.105,39.299868654830135,28.38579930524288,20.193261628801377,6.821277916644471
4.11,39.30030232842906,28.372409684307847,20.192270312224654,6.821897253775641
4.115,39.30075508074916,28.359056239840445,20.191264683277915,6.822521812537164
4.12,39.301226793072686,28.345738891168764,20.1902448160484,6.823151580008711
4.125,39.30171734713337,28.332457557767007,20.189210784393428,6.823786543296446
4.13,39.30222662511646,28.3192121592555,20.188162661940392,6.824426689533025
4.135,39.30275450965872,28.306002615400672,20.18710052208677,6.8250720058775975
4.14,39.3033008838484,28.29282884611508,20.186024438000103,6.825722479515805
4.1450000000000005,39.30386563122526,28.279690771457386,20.184934482618026,6.826378097659779
4.15,39.30444863578055,28.26658831163238,20.183830728648232,6.827038847548146
4.155,39.30504978195706,28.253521386990958,20.18271324856851,6.827704716446026
4.16,39.30566895464904,28.240489918030132,20.181582114626714,6.828375691645027
4.165,39.30630603920228,28.227493825393033,20.180437398840784,6.829051760463253
4.17,39.306960921414046,28.214533029868903,20.179279172998722,6.829732910245299
4.175,39.307633487533124,28.20160745239311,20.178107508658627,6.830419128362252
4.18,39.3083236242598,28.188717014047118,20.176922477148665,6.831110402211694
4.1850000000000005,39.30903121874586,28.175861636058524,20.175724149567074,6.831806719217695
4.19,39.309756158594595,28.16304123980104,20.174512596782176,6.83250806683082
4.195,39.3104983318608,28.150255746794482,20.173287889432377,6.833214432528127
4.2,39.31125762705077,28.13750507870479,20.172050097926142,6.833925803813164
4.205,39.31203393312232,28.124789157344022,20.17079929244203,6.834642168215974
4.21,39.31282713948475,28.11210790467034,20.169535542928667,6.835363513293091
4.215,39.313637135998874,28.099461242788028,20.168258919104765,6.836089826627541
4.22,39.314463812976996,28.08684909394749,20.166969490459103,6.836821095828842
4.225,39.31530706118294,28.074271380545238,20.165667326250546,6.8375573085330075
4.23,39.31616677183202,28.0617280251239,20.164352495508027,6.8382984524025385
4.235,39.31704283659108,28.049218950372236,20.163025067030567,6.8390445151264325
4.24,39.31793514757842,28.036744079125096,20.16168510938726,6.8397954844201765
4.245,39.318843597363895,28.02430333436346,20.16033269091727,6.840551348025752
4.25,39.31976807896883,28.01189663921442,20.15896787972985,6.841312093711632
4.255,39.32070848586606,27.999523916951187,20.15759074370432,6.842077709272781
4.26,39.321664711979935,27.987185090993083,20.156201350490083,6.842848182530657
4.265,39.322636651686295,27.974880084905546,20.15479976750662,6.8436235013332105
4.2700000000000005,39.3236241998125,27.96260882240013,20.153386061943486,6.844403653554884
4.275,39.3246272516374,27.950371227334514,20.15196030076031,6.845188627096611
4.28,39.32564570289134,27.938167223712476,20.15052255068681,6.84597840988582
4.285,39.3266794497562,27.92599673568392,20.149072878222768,6.84677298987643
4.29,39.32772838886533,27.91385968754486,20.14761134963805,6.847572355048853
4.295,39.3287924173036,27.901756003737432,20.146138030972597,6.848376493409993
4.3,39.32987143260739,27.88968560884988,20.14465298803643,6.849185392993245
4.305,39.33096533276456,27.877648427616574,20.143156286409646,6.849999041858501
4.3100000000000005,39.33207401621451,27.865644384917985,20.141647991442415,6.850817428092141
4.315,39.3331973818481,27.85367340578071,20.14012816825499,6.851640539807037
4.32,39.334335329007736,27.841735415377464,20.138596881737698,6.852468365142557
4.325,39.33548775748729,27.829830339027065,20.137054196550945,6.853300892264558
4.33,39.336654567532165,27.81795810219446,20.135500177125213,6.854138109365392
4.335,39.33783565983926,27.8061186304907,20.13393488766106,6.854980004663901
4.34,39.33903093555696,27.79431184967296,20.132358392129124,6.855826566405421
4.345,39.340240296285195,27.782537685644527,20.13077075427012,6.856677782861779
4.3500000000000005,39.34146364407535,27.770796064454803,20.129172037594834,6.857533642331297
4.355,39.342700881430346,27.759086912299306,20.127562305384142,6.858394133138785
4.36,39.3439519113046,27.747410155519674,20.12594162068898,6.85925924363555
4.365,39.34521663710402,27.735765720603652,20.124310046330383,6.860128962199387
4.37,39.34649496268604,27.724153534185106,20.122667644899437,6.861003277234588
4.375,39.34778679235958,27.712573523044018,20.121014478757328,6.861882177171934
4.38,39.349092030885075,27.70102561410648,20.119350610035305,6.862765650468698
4.385,39.35041058347445,27.689509734444705,20.117676100634704,6.863653685608649
4.39,39.351742355791146,27.678025811277024,20.11599101222693,6.864546271102044
4.3950000000000005,39.3530872539501,27.666573771967872,20.114295406253472,6.865443395485635
4.4,39.35444518451776,27.65515354402781,20.112589343925887,6.866345047322667
4.405,39.355816054512076,27.64376505511352,20.11087288622582,6.867251215202874
4.41,39.35719977140249,27.63240823302778,20.10914609390499,6.8681618877424855
4.415,39.358596243109965,27.621083005719495,20.107409027485186,6.869077053584222
4.42,39.36000537800695,27.609789301283687,20.10566174725828,6.869996701397298
4.425,39.36142708491742,27.598527047961493,20.103904313286225,6.8709208198774165
4.43,39.362861273116835,27.587296174140164,20.102136785401044,6.871849397746778
4.4350000000000005,39.36430785233217,27.576096608353062,20.10035922320484,6.872782423754071
4.44,39.365766732741875,27.564928279279677,20.098571686069796,6.873719886674479
4.445,39.36723782497595,27.5537911157456,20.096774233138166,6.874661775309677
4.45,39.36872104011587,27.542685046722543,20.09496692332229,6.87560807848783
4.455,39.37021628969462,27.53161000132834,20.093149815304574,6.876558785063602
4.46,39.37172348569667,27.520565908826928,20.091322967537508,6.877513883918141
4.465,39.37324254055804,27.50955269862837,20.08948643824366,6.8784733639590945
4.47,39.3747733671662,27.498570300288844,20.087640285415677,6.879437214120597
4.4750000000000005,39.376315878860154,27.487618643510633,20.085784566816272,6.880405423363278
4.48,39.377869989430415,27.47669765814215,20.08391933997825,6.8813779806742605
4.485,39.37943561311898,27.465807274177912,20.08204466220448,6.882354875067157
4.49,39.381012664619355,27.454947421758558,20.08016059056792,6.883336095582074
4.495,39.38260105907656,27.444118031170838,20.078267181911595,6.88432163128561
4.5,39.38420070468177,27.43331903059792,20.076364496182265,6.8853114706624154
4.505,39.38581149651564,27.422550342761394,20.074452599473503,6.886305600846723
4.51,39.38743335120982,27.411811895398127,20.072531548420166,6.887304010460455
4.515,39.3890661871219,27.401103616775522,20.070601398834715,6.888306688255631
4.5200000000000005,39.39070992289307,27.390425435301506,20.068662206347597,6.889313623004361
4.525,39.39236447744811,27.379777279524557,20.066714026407237,6.890324803498846
4.53,39.394029769995385,27.36915907813368,20.06475691428003,6.891340218551382
4.535,39.395705720026825,27.35857075995844,20.062790925050354,6.892359856994354
4.54,39.39739224731797,27.348012253968925,20.060816113620582,6.89338370768024
4.545,39.39908927192793,27.337483489275773,20.05883253471104,6.894411759481608
4.55,39.400796714199394,27.326984395130154,20.05684024286005,6.895444001291121
4.555,39.402514494758655,27.316514900923792,20.054839292423914,6.896480422021533
4.5600000000000005,39.404242534515575,27.306074936188935,20.052829737576904,6.897521010605687
4.565,39.4059807546636,27.295664430598386,20.050811632311277,6.89856575599652
4.57,39.40772907667977,27.285283313965483,20.048785030437262,6.899614647167062
4.575,39.40948742232471,27.2749315162441,20.046749985583084,6.900667673110432
4.58,39.41125571364261,27.264608967528655,20.044706551194924,6.901724822839843
4.585,39.413033872961265,27.25431559805411,20.04265478053696,6.902786085388598
4.59,39.41482182289205,27.24405133819596,20.040594726691346,6.903851449810095
4.595,39.41661948632992,27.233816118470248,20.038526442558204,6.9049209051778195
4.6000000000000005,39.418426786453416,27.22360986953355,20.03644998085565,6.905994440585353
4.605,39.42024364672466,27.21343252218299,20.034365394119774,6.907072045146365
4.61,39.42206999088937,27.203284007356228,20.032272734704637,6.90815370799462
4.615,39.423905742976835,27.193164256131464,20.030172054782295,6.909239418283971
4.62,39.425750827299936,27.183073199727442,20.028063406342763,6.910329165188368
4.625,39.42760516845513,27.173010769503442,20.025946841194056,6.911422937901848
4.63,39.42946869132248,27.162976896959286,20.02382241096215,6.91252072563854
4.635,39.4313413210656,27.15297151373534,20.021690167091016,6.9136225176326676
4.64,39.43322298313172,27.142994551612503,20.019550160842595,6.914728303138546
4.6450000000000005,39.435113603251644,27.133045942512222,20.017402443296806,6.915838071430579
4.65,39.43701310743974,27.12312561849648,20.01524706535155,6.916951811803266
4.655,39.438921421993996,27.113233511767806,20.01308407772271,6.9180695135711945
4.66,39.44083847349595,27.10336955466926,20.01091353094414,6.919191166069048
4.665,39.442764188810756,27.093533679684448,20.008735475367686,6.920316758651598
4.67,39.44469849508713,27.083725819437518,20.00654996116316,6.921446280693711
4.675,39.446641319757376,27.073945906693158,20.004357038318357,6.922579721590343
4.68,39.448592590537395,27.06419387435659,20.00215675663906,6.923717070756543
4.6850000000000005,39.450552235426656,27.054469655473582,19.999949165749015,6.924858317627451
4.69,39.45252018270823,27.04477318323045,19.997734315089964,6.926003451658299
4.695,39.454496360948745,27.035104390954032,19.995512253921618,6.927152462324411
4.7,39.45648069899844,27.025463212111724,19.993283031321667,6.928305339121205
4.705,39.458473125991134,27.01584958031145,19.991046696185787,6.929462071564186
4.71,39.460473571344224,27.006263429301683,19.988803297227623,6.930622649188955
4.715,39.46248196475868,26.99670469297143,19.986552882978806,6.931787061551202
4.72,39.464498236219086,26.987173305350247,19.984295501788946,6.932955298226712
4.7250000000000005,39.466522315993586,26.977669200608215,19.982031201825635,6.9341273488113595
4.73,39.46855413463392,26.968192313055976,19.979760031074434,6.93530320292111
4.735,39.4705936229754,26.958742577144697,19.97748203733889,6.936482850192024
4.74,39.47264071213694,26.949319927466092,19.975197268240535,6.937666280280251
4.745,39.474695333521026,26.939924298752413,19.972905771218866,6.938853482862033
4.75,39.47675741881373,26.930555625876448,19.970607593531373,6.940044447633705
4.755,39.47882689998472,26.921213843851536,19.968302782253513,6.941239164311691
4.76,39.48090370928722,26.91189888783155,19.965991384278734,6.942437622632511
4.765,39.482987779258075,26.90261069311091,19.963673446318452,6.943639812352774
4.7700000000000005,39.485079042717686,26.893349195124557,19.96134901490207,6.9448457232491805
4.775,39.48717743277005,26.884114329448,19.959018136376965,6.946055345118524
4.78,39.489282882802755,26.874906031797266,19.956680856908502,6.947268667777689
4.785,39.49139532648696,26.865724238028935,19.95433722248001,6.948485681063654
4.79,39.493514697777414,26.856568884140128,19.951987278892815,6.949706374833487
4.795,39.495640930912444,26.84743990626849,19.949631071766206,6.950930738964347
4.8,39.49777396041398,26.83833724069223,19.947268646537463,6.952158763353488
4.805,39.49991372108752,26.829260823830083,19.944900048461836,6.953390437918253
4.8100000000000005,39.50206014802215,26.82021059224132,19.94252532261256,6.954625752596079
4.815,39.50421317659055,26.81118648262577,19.940144513880853,6.955864697344492
4.82,39.50637274244895,26.80218843182379,19.937757666975898,6.957107262141114
4.825,39.50853878153722,26.793216376816275,19.935364826424873,6.9583534369836535
4.83,39.51071123007877,26.78427025472467,19.932966036572925,6.959603211889917
4.835,39.51289002458061,26.775350002810953,19.930561341583182,6.960856576897796
4.84,39.515075101833325,26.766455558477645,19.928150785436756,6.9621135220652794
4.845,39.51726639891111,26.75758685926781,19.925734411932734,6.963374037470446
4.8500000000000005,39.519463853171715,26.748743842865046,19.923312264688178,6.964638113211466
4.855,39.5216674022565,26.7399264470935,19.920884387138138,6.965905739406601
4.86,39.52387698409037,26.73113460991785,19.91845082253564,6.967176906194206
4.865,39.52609253688187,26.722368269443322,19.91601161395168,6.968451603732726
4.87,39.52831399912308,26.71362736391568,19.913566804275256,6.969729822200699
4.875,39.530541309589694,26.704911831721226,19.911116436213316,6.971011551796755
4.88,39.53277440734097,26.696221611386807,19.908660552290808,6.972296782739615
4.885,39.53501323171977,26.687556641579807,19.906199194850654,6.973585505268093
4.89,39.537257722352535,26.67891686110815,19.903732406053752,6.974877709641093
4.8950000000000005,39.53950781914928,26.6703022089203,19.90126022787898,6.976173386137612
4.9,39.541763462303614,26.66171262410527,19.898782702123196,6.977472525056739
4.905,39.54402459229272,26.653148045892603,19.89629987040124,6.978775116717654
4.91,39.54629114987739,26.64460841365239,19.893811774145927,6.98008115145963
4.915,39.54856307610196,26.63609366689525,19.89131845460805,6.98139061964203
4.92,39.5508403122944,26.62760374527236,19.888819952856387,6.982703511644312
4.925,39.55312280006622,26.61913858857542,19.88631630977769,6.984019817866022
4.93,39.555410481312535,26.610698136736687,19.883807566076694,6.985339528726799
4.9350000000000005,39.55770329821205,26.602282329828945,19.881293762276112,6.986662634666376
4.94,39.56000119322704,26.593891108065527,19.878774938716628,6.987989126144576
4.945,39.56230410910337,26.585524411800304,19.87625113555692,6.989318993641313
4.95,39.5646119888705,26.577182181527682,19.873722392773637,6.990652227656595
4.955,39.56692477584146,26.568864357882617,19.871188750161405,6.99198881871052
4.96,39.569242413612855,26.560570881640597,19.86865024733283,6.993328757343278
4.965,39.57156484606491,26.552301693717656,19.866106923718505,6.994672034115153
4.97,39.5738920173614,26.54405673517037,19.86355881856699,6.9960186396065165
4.9750000000000005,39.57622387194971,26.53583594719584,19.861005970944834,6.997368564417837
4.98,39.578560354560786,26.527639271131733,19.85844841973656,6.998721799169671
4.985,39.580901410209165,26.519466648456234,19.855886203644676,7.0000783345026685
4.99,39.58324698419299,26.51131802078808,19.85331936118966,7.00143816107757
4.995,39.58559702209396,26.503193329886553,19.850747930709968,7.00280126957521
5.0,39.58795146977736,26.495092517651454,19.848171950362055,7.0041676506965125
5.005,39.590310273392085,26.487015526123148,19.845591458120328,7.005537295162495
5.01,39.592673379370595,26.478962297482532,19.843006491777196,7.0069101937142655
5.015,39.595040734428935,26.470932774051036,19.84041708894303,7.008286337113025
5.0200000000000005,39.59741228556674,26.46292689829064,19.837823287046195,7.009665716140066
5.025,39.59978798006723,26.45494461280386,19.83522512333302,7.011048321596772
5.03,39.60216776549719,26.446985860333758,19.83262263486783,7.01243414430462
5.035,39.60455158970702,26.43905058376393,19.83001585853291,7.013823175105177
5.04,39.60693940083069,26.431138726118512,19.82740483102854,7.015215404860102
5.045,39.609331147285744,26.423250230562182,19.824789588872974,7.016610824451147
5.05,39.611726777773335,26.415385040400167,19.82217016840244,7.018009424780156
5.055,39.61412624127817,26.40754309907822,19.819546605771155,7.019411196769063
5.0600000000000005,39.616529487068576,26.399724350182648,19.816918936951303,7.020816131359895
5.065,39.618936464696425,26.391928737440285,19.81428719773306,7.022224219514771
5.07,39.621347123997204,26.384156204718515,19.811651423724573,7.023635452215902
5.075,39.62376140563317,26.376406690552933,19.809011657349878,7.025049819495147
5.08,39.62617924873069,26.368680130735235,19.80636794284202,7.0264673109179085
5.085,39.6286006055229,26.360976467531856,19.803720315139895,7.027887917207569
5.09,39.63102542847412,26.353295643355647,19.801068809018787,7.0293116291079025
5.095,39.63345367022644,26.345637600737273,19.79841345912909,7.03073843737796
5.1000000000000005,39.63588528359966,26.338002282325224,19.795754299996343,7.032168332792077
5.105,39.638320221591336,26.330389630885794,19.793091366021216,7.0336013061398655
5.11,39.64075843737674,26.322799589303095,19.790424691479508,7.035037348226223
5.115,39.643199884308885,26.315232100579063,19.78775431052215,7.036476449871325
5.12,39.64564451591851,26.307687107833434,19.785080257175206,7.0379186019106275
5.125,39.64809228591409,26.30016455430377,19.782402565339876,7.039363795194871
5.13,39.65054314818184,26.292664383345446,19.779721268792482,7.040812020590072
5.135,39.65299705678569,26.285186538431653,19.777036401184493,7.04226326897753
5.14,39.655453965967325,26.277730963153388,19.774347996042493,7.043717531253828
5.1450000000000005,39.65791383014614,26.270297601219475,19.77165608676821,7.045174798330825
5.15,39.66037660391928,26.26288639645655,19.768960706638502,7.046635061135664
5.155,39.66284224206163,26.255497292809064,19.766261888805357,7.048098310610768
5.16,39.66531069952577,26.248130234339275,19.763559666295894,7.049564537713841
5.165,39.66778193144205,26.24078516522727,19.760854072012368,7.051033733417867
5.17,39.67025589311855,26.233462029770937,19.75814513873216,7.052505888711114
5.175,39.67273254004105,26.226160772385988,19.75543289910779,7.053980994597126
5.18,39.67521182787311,26.218881337605954,19.752717385666912,7.055459042094731
5.1850000000000005,39.677693712455984,26.21162367008217,19.749998630812296,7.056940022238038
5.19,39.68017814980868,26.20438771458379,19.747276666821865,7.058423926076435
5.195,39.68266509612793,26.19717341599779,19.744551525848657,7.0599107446745935
5.2,39.6851545077882,26.189980719328947,19.741823239920855,7.0614004691124626
5.205,39.68764634134169,26.18280956969987,19.739091840941764,7.062893090485274
5.21,39.69014055351833,26.175659912350973,19.736357360689826,7.064388599903541
5.215,39.69263710122579,26.168531692640485,19.73361983081862,7.065886988493058
5.22,39.69513594154947,26.161424856044455,19.73087928285684,7.067388247394897
5.2250000000000005,39.69763703175249,26.15433934815674,19.728135748208334,7.0688923677654145
5.23,39.70014032927573,26.147275114689016,19.72538925815207,7.0703993407762455
5.235,39.70264579173778,26.14023210147078,19.72263984384215,7.071909157614307
5.24,39.70515337693496,26.133210254449335,19.7198875363078,7.073421809481798
5.245,39.70766304284134,26.126209519689805,19.717132366453395,7.074937287596195
5.25,39.71017474760871,26.11922984337512,19.71437436505843,7.076455583190259
5.255,39.712688449566606,26.11227117180604,19.711613562777533,7.077976687512029
5.26,39.715204107222284,26.105333451401126,19.708849990140468,7.079500591824826
5.265,39.717721679260734,26.098416628696764,19.70608367755213,7.081027287407253
5.2700000000000005,39.72024112454469,26.091520650347146,19.70331465529254,7.082556765553194
5.275,39.7227624021146,26.084645463124293,19.700542953516862,7.0840890175718085
5.28,39.72528547118866,26.077791013918024,19.697768602255387,7.0856240347875445
5.285,39.7278102911628,26.070957249735986,19.694991631413533,7.087161808540126
5.29,39.73033682161067,26.064144117703634,19.692212070771856,7.088702330184559
5.295,39.73286502228366,26.057351565064245,19.689429949986042,7.090245591091132
5.3,39.73539485311089,26.0505795391789,19.68664529858691,7.091791582645412
5.305,39.737926274199225,26.04382798752651,19.683858145980413,7.093340296248248
5.3100000000000005,39.74045924583325,26.037096857703787,19.681068521447628,7.094891723315769
5.315,39.74299372847528,26.030386097425264,19.678276454144775,7.096445855279386
5.32,39.745529682765365,26.023695654523294,19.675481973103203,7.09800268358579
5.325,39.74806706952131,26.01702547694804,19.672685107229384,7.099562199696954
5.33,39.75060584973862,26.010375512767475,19.669885885304932,7.10112439509013
5.335,39.753145984590546,26.003745710167397,19.66708433598659,7.102689261257853
5.34,39.75568743542807,25.997136017451414,19.66428048780623,7.104256789707938
5.345,39.75823016377993,25.99054638304095,19.661474369170868,7.105826971963479
5.3500000000000005,39.76077413135255,25.98397675547524,19.658666008362633,7.107399799562854
5.355,39.76331930003013,25.977427083411346,19.655855433538804,7.108975264059719
5.36,39.76586563187458,25.970897315624132,19.65304267273178,7.110553357023014
5.365,39.76841308912555,25.96438740100628,19.650227753849098,7.112134070036957
5.37,39.77096163420042,25.957897288568297,19.647410704673423,7.113717394701047
5.375,39.77351122969431,25.95142692743849,19.644591552862558,7.1153033226300675
5.38,39.77606183838005,25.944976266862994,19.641770325949434,7.116891845454077
5.385,39.77861342320824,25.93854525620575,19.63894705134211,7.118482954818421
5.39,39.78116594730719,25.93213384494852,19.636121756323792,7.1200766423837205
5.3950000000000005,39.783719373982926,25.925741982690877,19.633294468052796,7.121672899825881
5.4,39.78627366671925,25.919369619150213,19.63046521356259,7.123271718836087
5.405,39.78882878917765,25.91301670416173,19.62763401976176,7.124873091120804
5.41,39.791384705197395,25.906683187678457,19.624800913434036,7.12647700840178
5.415,39.79394137879544,25.90036901977122,19.62196592123827,7.128083462416042
5.42,39.7964987741665,25.894074150628672,19.619129069708453,7.129692444915898
5.425,39.79905685568303,25.88779853055728,19.616290385253706,7.131303947668939
5.43,39.801615587895185,25.88154210998132,19.613449894158272,7.132917962458033
5.4350000000000005,39.80417493553088,25.875304839442897,19.610607622581547,7.134534481081333
5.44,39.80673486349576,25.869086669601916,19.60776359655804,7.13615349535227
5.445,39.80929533687319,25.862887551236106,19.604917841997406,7.137774997099556
5.45,39.811856320924285,25.856707435241002,19.602070384684417,7.139398978167187
5.455,39.814417781087876,25.85054627262997,19.599221250278994,7.141025430414435
5.46,39.81697968298054,25.844404014534174,19.596370464316173,7.142654345715857
5.465,39.81954199239658,25.838280612202603,19.59351805220614,7.1442857159612885
5.47,39.822104675308026,25.832176017002055,19.5906640392342,7.145919533055847
5.4750000000000005,39.824667697864655,25.82609018041715,19.587808450560786,7.14755578891993
5.48,39.82723102639396,25.820023054050324,19.584951311221484,7.149194475489216
5.485,39.82979462740119,25.813974589621818,19.58209264612699,7.150835584714666
5.49,39.83235846756931,25.807944738969695,19.579232480063148,7.152479108562519
5.495,39.83492251375901,25.801933454049834,19.57637083769092,7.154125039014296
5.5,39.83748673300873,25.79594068693593,19.57350774354641,7.155773368066802
5.505,39.840051092534644,25.789966389819483,19.570643222040854,7.157424087732117
5.51,39.84261555973064,25.784010515009818,19.567777297460616,7.159077190037607
5.515,39.84518010216835,25.77807301493408,19.564909993967188,7.160732667025916
5.5200000000000005,39.84774468759714,25.77215384213721,19.562041335597208,7.162390510754969
5.525,39.85030928394412,25.766252949281984,19.55917134626243,7.164050713297974
5.53,39.8528738593141,25.760370289148984,19.55630004974975,7.165713266743417
5.535,39.85543838198966,25.754505814636605,19.5534274697212,7.167378163195067
5.54,39.85800282043108,25.748659478761063,19.550553629713928,7.169045394771972
5.545,39.860567143276405,25.742831234656386,19.547678553140226,7.170714953608464
5.55,39.863131319341385,25.737021035574415,19.544802263287522,7.172386831854151
5.555,39.86569531761952,25.731228834884813,19.54192478331836,7.174061021673928
5.5600000000000005,39.868259107282036,25.72545458607505,19.539046136270436,7.175737515247965
5.565,39.870822657677884,25.719698242750415,19.536166345056564,7.177416304771715
5.57,39.87338593833376,25.713959758634015,19.53328543246469,7.1790973824559146
5.575,39.8759489189541,25.708239087566763,19.530403421157903,7.180780740526577
5.58,39.87851156942106,25.7025361835074,19.527520333674413,7.182466371224999
5.585,39.88107385979451,25.696851000532472,19.524636192427568,7.184154266807758
5.59,39.883635760312096,25.691183492836345,19.521751019705846,7.185844419546709
5.595,39.88619724138916,25.685533614731195,19.518864837672858,7.187536821728993
5.6000000000000005,39.888758273618805,25.67990132064702,19.51597766836734,7.189231465657029
5.605,39.89131882777185,25.674286565131624,19.513089533703177,7.190928343648516
5.61,39.89387887479683,25.66868930285064,19.51020045546937,7.192627448036436
5.615,39.89643838582006,25.6631094885875,19.50731045533006,7.194328771169052
5.62,39.89899733214554,25.657547077243468,19.504419554824512,7.196032305409904
5.625,39.90155568525503,25.652002023837607,19.501527775367137,7.197738043137819
5.63,39.90411341680802,25.646474283506805,19.498635138247465,7.199445976746898
5.635,39.906670498641724,25.64096381150576,19.495741664630163,7.20115609864653
5.64,39.909226902771096,25.63547056320699,19.49284737555503,7.202868401261378
5.6450000000000005,39.911782601388815,25.62999449410082,19.489952291936998,7.204582877031392
5.65,39.9143375668653,25.624535559795408,19.487056434566128,7.2062995184117975
5.655,39.916891771748695,25.619093716016703,19.48415982410762,7.208018317873104
5.66,39.9194451887649,25.613668918608486,19.481262481101798,7.209739267901101
5.665,39.92199779081751,25.608261123532344,19.478364425964124,7.21146236099686
5.67,39.92454955098788,25.60287028686769,19.475465678985184,7.213187589676732
5.675,39.92710044253509,25.59749636481174,19.472566260330705,7.214914946472348
5.68,39.92965043889596,25.59213931367953,19.469666190041544,7.216644423930623
5.6850000000000005,39.932199513685035,25.586799089903916,19.466765488033683,7.2183760146137494
5.69,39.93474763902759,25.58147564879051,19.46386417555518,7.220109710922245
5.695,39.9372947765955,25.576168936920116,19.46096228341879,7.221845504010423
5.7,39.9398408993219,25.57087890771158,19.458059833311925,7.223583385995087
5.705,39.94238598303142,25.56560551661983,19.45515684447159,7.22532334928072
5.71,39.94493000365456,25.560348719192508,19.452253336058444,7.227065386283997
5.715,39.94747293722769,25.555108471069985,19.449349327156813,7.228809489433787
5.72,39.950014759892994,25.549884727985347,19.446444836774678,7.230555651171148
5.7250000000000005,39.95255544789857,25.5446774457644,19.443539883843666,7.232303863949336
5.73,39.95509497759832,25.53948658032568,19.44063448721908,7.234054120233797
5.735,39.95763332545205,25.53431208768043,19.437728665679856,7.2358064125021695
5.74,39.960170468025396,25.529153923932633,19.434822437928606,7.237560733244287
5.745,39.96270638198985,25.524012045278976,19.431915822591588,7.239317074962173
5.75,39.96524104412278,25.51888640800888,19.42900883821872,7.241075430170047
5.755,39.9677744313074,25.51377696850447,19.42610150328358,7.242835791394318
5.76,39.97030652053277,25.508683683240616,19.423193836183394,7.244598151173592
5.765,39.97283728889384,25.503606508784888,19.42028585523905,7.246362502058663
5.7700000000000005,39.9753667135914,25.49854540179759,19.4173775786951,7.248128836612521
5.775,39.97789477193208,25.493500319031742,19.414469024719736,7.249897147410349
5.78,39.980421441328396,25.488471217333085,19.41156021140482,7.25166742703952
5.785,39.9829466992987,25.483458053640085,19.408651156765867,7.2534396680996025
5.79,39.98547052346722,25.478460784983923,19.40574187874204,7.255213863202358
5.795,39.98799289156403,25.473479368488505,19.40283239519618,7.2569900049717395
5.8,39.99051378142507,25.468513761370463,19.399922723914763,7.258768086043893
5.805,39.99303317099213,25.46356392093914,19.397012882607928,7.260548099067157
5.8100000000000005,39.995551038312854,25.458629804596605,19.394102888909476,7.262330036702065
5.815,39.99806736154075,25.453711369837652,19.39119276037686,7.26411389162134
5.82,40.00058211893519,25.448808574249792,19.388282514491195,7.265899656509902
5.825,40.003095288861395,25.443921375513256,19.38537216865724,7.267687324064859
5.83,40.005606849790446,25.439049731400996,19.382461740203425,7.269476886995515
5.835,40.00811678029928,25.43419359977869,19.379551246381826,7.271268338023368
5.84,40.0106250590707,25.429352938604737,19.376640704368185,7.273061669882104
5.845,40.01313166489334,25.424527705930252,19.373730131261894,7.274856875317607
5.8500000000000005,40.015636576661734,25.41971785989907,19.370819544086,7.276653947087951
5.855,40.01813977337624,25.414923358747757,19.36790895978722,7.278452877963403
5.86,40.02064123414309,25.41014416080559,19.364998395235904,7.280253660726425
5.865,40.02314093817437,25.405380224494575,19.362087867226084,7.282056288171668
5.87,40.025638864788014,25.400631508329433,19.359177392475427,7.283860753105979
5.875,40.028134993407825,25.39589797091761,19.356266987625276,7.285667048348397
5.88,40.030629303563465,25.39117957095927,19.35335666924062,7.287475166730155
5.885,40.03312177489044,25.386476267247303,19.350446453810097,7.289285101094675
5.89,40.035612387130136,25.38178801866731,19.347536357746016,7.291096844297576
5.8950000000000005,40.03810112012977,25.377114784197634,19.34462639738434,7.292910389206669
5.9,40.04058795384244,25.37245652290931,19.341716588984685,7.294725728701955
5.905,40.04307286832709,25.36781319396612,19.33880694873032,7.296542855675631
5.91,40.04555584374852,25.36318475662456,19.335897492728176,7.298361763032086
5.915,40.048036860377394,25.35857117023383,19.332988237008845,7.300182443687901
5.92,40.05051589859023,25.35397239423588,19.330079197526565,7.302004890571851
5.925,40.0529929388694,25.349388388165355,19.32717039015924,7.303829096624903
5.93,40.05546796180315,25.34481911164964,19.32426183070842,7.3056550548002175
5.9350000000000005,40.057940948085566,25.340264524408838,19.32135353489932,7.307482758063147
5.94,40.06041187851659,25.335724586255758,19.318445518380816,7.309312199391237
5.945,40.06288073400204,25.331199257095946,19.31553779672543,7.311143371774227
5.95,40.06534749555358,25.32668849692767,19.312630385429344,7.312976268214048
5.955,40.06781214428872,25.322192265841906,19.3097232999124,7.314810881724824
5.96,40.070274661430865,25.31771052402236,19.306816555518093,7.316647205332874
5.965,40.07273502830923,25.313243231745464,19.303910167513575,7.318485232076705
5.97,40.07519322635892,25.30879034938036,19.30100415108966,7.320324955007023
5.9750000000000005,40.07764923712089,25.304351837388914,19.298098521360807,7.322166367186721
5.98,40.08010304224194,25.29992765632572,19.295193293365145,7.324009461690889
5.985,40.08255462347475,25.295517766838092,19.29228848206445,7.325854231606809
5.99,40.085003962677845,25.291122129666057,19.28938410234416,7.327700670033954
5.995,40.087451041815605,25.28674070564237,19.286480169013366,7.32954877008399
6.0,40.08989584295828,25.282373455692504,19.28357669680482,7.33139852488078
6.005,40.092338348281956,25.278020340834654,19.280673700374926,7.333249927560374
6.01,40.094778540068596,25.273681322179737,19.277771194303746,7.335102971271019
6.015000000000001,40.097216400706024,25.269356360931393,19.274869193094997,7.336957649173153
6.0200000000000005,40.0996519126879,25.26504541838598,19.271967711176064,7.3388139544394075
6.025,40.10208505861376,25.260748455932582,19.269066762897967,7.3406718802546065
6.03,40.10451582118898,25.256465435052995,19.266166362535408,7.342531419815766
6.035,40.106944183224826,25.25219631732174,19.26326652428672,7.344392566332097
6.04,40.10937012763839,25.24794106440607,19.260367262273917,7.346255313025002
6.045,40.111793637452635,25.24369963806594,19.25746859054265,7.348119653128076
6.05,40.11421469579637,25.239472000154045,19.254570523062235,7.349985579887107
6.055,40.116633285904285,25.235258112615785,19.25167307372565,7.351853086560078
6.0600000000000005,40.11904939111691,25.231057937489293,19.24877625634952,7.353722166417161
6.065,40.12146299488063,25.22687143690542,19.245880084674127,7.355592812740724
6.07,40.1238740807477,25.222698573087733,19.242984572363422,7.357465018825326
6.075,40.12628263237622,25.218539308352526,19.240089733004996,7.359338777977719
6.08,40.12868863353016,25.214393605108814,19.237195580110107,7.361214083516849
6.085,40.13109206807935,25.210261425858327,19.23430212711367,7.363090928773855
6.09,40.133492919999455,25.206142733195527,19.23140938737425,7.364969307092067
6.095,40.135891173372016,25.202037489807587,19.22851737417407,7.366849211827009
6.1000000000000005,40.138286812384436,25.197945658474403,19.225626100719015,7.368730636346398
6.105,40.14067982132996,25.1938672020686,19.22273558013863,7.370613574030144
6.11,40.1430701846077,25.189802083555517,19.219845825486097,7.372498018270348
6.115,40.14545788672263,25.18575026599321,19.216956849738278,7.374383962471306
6.12,40.14784291228557,25.181711712532472,19.214068665795676,7.376271400049506
6.125,40.15022524601321,25.1776863864168,19.21118128648246,7.37816032443363
6.13,40.15260487272808,25.173674250982415,19.208294724546448,7.38005072906455
6.135,40.15498177735858,25.169675269658274,19.205408992659123,7.381942607395334
6.140000000000001,40.15735594493898,25.165689405966038,19.202524103415616,7.383835952891241
6.1450000000000005,40.159727360609374,25.1617166235201,19.19964006933472,7.385730759029722
6.15,40.16209600961575,25.157756886027563,19.19675690285888,7.3876270193004245
6.155,40.16446187730994,25.15381015728827,19.193874616354204,7.389524727205185
6.16,40.16682494914962,25.14987640119476,19.190993222110457,7.391423876258034
6.165,40.16918521069834,25.145955581732316,19.18811273234105,7.3933244599851955
6.17,40.1715426476255,25.14204766297893,19.185233159183063,7.395226471925087
6.175,40.173897245706364,25.138152609105312,19.182354514697227,7.397129905628316
6.18,40.17624899082204,25.134270384374908,19.179476810867925,7.399034754657687
6.1850000000000005,40.17859786895952,25.130400953143873,19.176600059603206,7.400941012588193
6.19,40.18094386621163,25.126544279861086,19.17372427273477,7.402848673007022
6.195,40.18328696877705,25.12270032906815,19.170849462017976,7.404757729513556
6.2,40.185627162960344,25.118869065399384,19.167975639131836,7.406668175719368
6.205,40.18796443517191,25.115050453581834,19.165102815679024,7.408580005248223
6.21,40.19029877192801,25.11124445843526,19.16223100318587,7.410493211736082
6.215,40.19263015985078,25.10745104487215,19.15936021310235,7.412407788831096
6.22,40.19495858566818,25.10367017789771,19.15649045680211,7.414323730193611
6.2250000000000005,40.197284036214064,25.09990182260987,19.153621745582452,7.416241029496164
6.23,40.19960649842812,25.096145944199275,19.15075409066432,7.418159680423486
6.235,40.20192595935589,25.0924025079493,19.147887503192337,7.420079676672499
6.24,40.20424240614879,25.08867147923603,19.14502199423476,7.422001011952321
6.245,40.206555826064104,25.084952823528283,19.14215757478352,7.423923679984259
6.25,40.20886620646493,25.081246506387593,19.139294255754194,7.425847674501818
6.255,40.211173534820276,25.077552493468215,19.136432047986023,7.42777298925069
6.26,40.213477798704965,25.07387075051712,19.133570962241897,7.429699617988764
6.265000000000001,40.21577898579971,25.070201243374008,19.13071100920837,7.431627554486121
6.2700000000000005,40.218077083891046,25.0665439379713,19.127852199495646,7.4335567925250325
6.275,40.22037208087141,25.062898800334136,19.12499454363759,7.435487325899966
6.28,40.22266396473906,25.05926579658037,19.122138052091728,7.43741914841758
6.285,40.22495272359813,25.05564489292059,19.119282735239228,7.439352253896727
6.29,40.2272383456586,25.0520360556581,19.116428603384932,7.44128663616845
6.295,40.22952081923632,25.048439251188924,19.113575666757324,7.4432222890759885
6.3,40.23180013275299,25.044854446001803,19.110723935508556,7.445159206474772
6.305,40.234076274736175,25.041281606678208,19.10787341971443,7.447097382232423
6.3100000000000005,40.23634923381928,25.037720699892326,19.105024129374407,7.449036810228759
6.315,40.2386189987416,25.034171692411064,19.1021760744116,7.450977484355787
6.32,40.240885558348246,25.030634551094057,19.099329264672786,7.452919398517711
6.325,40.243148901590224,25.027109242893655,19.096483709928396,7.454862546630924
6.33,40.24540901752437,25.02359573485493,19.093639419872517,7.456806922624013
6.335,40.2476658953134,25.020093994115673,19.09079640412289,7.458752520437759
6.34,40.249919524225874,25.016603987906404,19.087954672220917,7.4606993340251355
6.345,40.252169893636214,25.013125683550356,19.085114233631657,7.462647357351308
6.3500000000000005,40.25441699302469,25.00965904846349,19.082275097743818,7.464596584393635
6.355,40.256660811977454,25.006204050154484,19.07943727386977,7.466547009141669
6.36,40.25890133575479,25.002760652107433,19.076600775270588,7.468498625073334
6.365,40.26113854608325,24.999328813285896,19.073765618988887,7.47045142508886
6.37,40.2633724340073,24.995908500308623,19.070931814070853,7.472405403060962
6.375,40.26560299088145,24.992499680087345,19.068099369296345,7.474360552900895
6.38,40.26783020811583,24.98910231960411,19.065268293403786,7.4763168685301675
6.385,40.270054077176226,24.985716385911303,19.062438595090182,7.478274343880546
6.390000000000001,40.272274589584036,24.98234184613165,19.0596102830111,7.480232972894047
6.3950000000000005,40.27449173691628,24.978978667458193,19.056783365780692,7.482192749522944
6.4,40.27670551080565,24.975626817154325,19.05395785197168,7.484153667729762
6.405,40.27891590294042,24.972286262553762,19.051133750115362,7.486115721487283
6.41,40.281122905064535,24.96895697106055,19.0483110687016,7.488078904778542
6.415,40.28332650897756,24.965638910149078,19.04548981617884,7.490043211596827
6.42,40.28552670653469,24.96233204736406,19.042670000954097,7.492008635945683
6.425,40.287723489646744,24.95903635032054,19.039851631392956,7.493975171838907
6.43,40.289916850280186,24.955751786703914,19.037034715819587,7.495942813300552
6.4350000000000005,40.292106780457104,24.95247832426988,19.03421926251672,7.497911554364921
6.44,40.29429327225523,24.949215930844495,19.031405279725668,7.4998813890765765
6.445,40.29647631780791,24.94596457432414,19.02859277564631,7.501852311490333
6.45,40.29865590930414,24.942724222675523,19.02578175843711,7.503824315671258
6.455,40.30083203898853,24.939494843935694,19.02297223621509,7.5057973956946755
6.46,40.30300469916134,24.936276406212034,19.020164217055857,7.507771545646161
6.465,40.30517388217845,24.93306887768225,19.01735770899359,7.509746759621548
6.47,40.30733958045138,24.929872226594387,19.01455272002104,7.511723031726919
6.4750000000000005,40.309501786447264,24.926686421266826,19.011749258089527,7.513700356078616
6.48,40.311660492688894,24.923511430088276,19.008947331108953,7.515678726803232
6.485,40.313815691754684,24.92034722151778,19.006146946947784,7.517658138037616
6.49,40.31596737627867,24.917193764084715,19.00334811343307,7.519638583928868
6.495,40.31811553895053,24.91405102638879,19.000550838350428,7.521620058634347
6.5,40.320260172515574,24.910918977100046,18.99775512944405,7.523602556321661
6.505,40.322401269774744,24.90779758495886,18.9949609944167,7.525586071168677
6.51,40.324538823584604,24.904686818775936,18.99216844092972,7.527570597363513
6.515000000000001,40.32667282685736,24.901586647432314,18.989377476603018,7.529556129104543
6.5200000000000005,40.328803272560855,24.898497039879373,18.98658810901508,7.531542660600395
6.525,40.330930153718555,24.89541796513881,18.98380034570297,7.533530186069949
6.53,40.333053463409556,24.892349392302677,18.981014194162316,7.535518699742341
6.535,40.33517319476859,24.889291290533336,18.97822966184733,7.537508195856962
6.54,40.337289340986025,24.886243629063493,18.975446756170786,7.539498668663455
6.545,40.33940189530786,24.883206377196185,18.972665484504045,7.54149011242172
6.55,40.341510851035714,24.880179504304788,18.969885854177026,7.54348252140191
6.555,40.34361620152685,24.877162979833,18.96710787247823,7.54547588988443
6.5600000000000005,40.34571794019417,24.874156773294857,18.964331546654737,7.547470212159943
6.565,40.34781606050619,24.87116085427473,18.96155688391219,7.549465482529362
6.57,40.349910555987066,24.86817519242732,18.958783891414814,7.551461695303859
6.575,40.35200142021659,24.865199757477665,18.9560125762854,7.553458844804855
6.58,40.35408864683018,24.862234519221126,18.953242945605318,7.55545692536403
6.585,40.35617222951888,24.85927944752341,18.950475006414507,7.557455931323315
6.59,40.358252162029395,24.856334512320547,18.947708765711486,7.559455857034897
6.595,40.36032843816403,24.8533996836189,18.94494423045334,7.5614566968612165
6.6000000000000005,40.362401051780736,24.850474931495175,18.942181407555736,7.563458445174969
6.605,40.36446999679309,24.847560226096398,18.939420303892906,7.5654610963591
6.61,40.36653526717031,24.844655537639937,18.93666092629766,7.567464644806816
6.615,40.36859685693724,24.84176083641349,18.933903281561378,7.569469084921573
6.62,40.370654760174354,24.83887609277508,18.931147376434023,7.571474411117083
6.625,40.37270897101776,24.83600127715308,18.92839321762412,7.573480617817311
6.63,40.374759483659204,24.833136360046183,18.925640811798772,7.5754876994564775
6.635,40.37680629234605,24.830281312023416,18.92289016558366,7.577495650479055
6.640000000000001,40.378849391381316,24.827436103724143,18.920141285563027,7.579504465339776
6.6450000000000005,40.38088877512364,24.824600705858053,18.917394178279704,7.581514138503619
6.65,40.38292443798727,24.821775089205182,18.914648850235086,7.583524664445821
6.655,40.384956374442126,24.818959224615885,18.911905307889143,7.585536037651875
6.66,40.38698457901374,24.816153083010857,18.90916355766042,7.587548252617524
6.665,40.38900904628327,24.813356635381123,18.906423605926037,7.589561303848769
6.67,40.39102977088752,24.810569852788042,18.903685459021684,7.5915751858618625
6.675,40.393046747518916,24.80779270636331,18.900949123241624,7.593589893183313
6.68,40.395059970925516,24.805025167308944,18.8982146048387,7.595605420349881
6.6850000000000005,40.39706943591102,24.802267206897305,18.895481910024316,7.597621761908585
6.69,40.399075137334755,24.799518796471087,18.892751044968467,7.599638912416694
6.695,40.401077070111675,24.796779907443305,18.890022015799705,7.601656866441731
6.7,40.40307522921237,24.794050511297325,18.887294828605167,7.603675618561478
6.705,40.40506960966305,24.791330579586827,18.88456948943056,7.605695163363965
6.71,40.407060206545594,24.78862008393584,18.88184600428016,7.60771549544748
6.715,40.40904701499746,24.785918996038713,18.87912437911682,7.609736609420565
6.72,40.41103003021179,24.783227287660136,18.87640461986197,7.611758499902017
6.7250000000000005,40.41300924743732,24.78054493063513,18.873686732395605,7.613781161520882
6.73,40.41498466197844,24.777871896869048,18.870970722556304,7.6158045889164665
6.735,40.416956269195154,24.775208158337573,18.86825659614121,7.617828776738328
6.74,40.418924064503116,24.772553687086727,18.86554435890605,7.619853719646279
6.745,40.420888043373594,24.76990845523286,18.862834016565113,7.621879412310387
6.75,40.422848201333515,24.767272434962656,18.86012557479127,7.62390584941097
6.755,40.42480453396541,24.764645598533136,18.85741903921596,7.625933025638606
6.76,40.426757036907446,24.76202791827165,18.854714415429193,7.627960935694122
6.765000000000001,40.428705705853446,24.759419366575877,18.852011708979568,7.6299895742886035
6.7700000000000005,40.43065053655283,24.756819915913834,18.84931092537424,7.6320189361433854
6.775,40.43259152481069,24.754229538823875,18.846612070078944,7.634049015990062
6.78,40.43452866648771,24.751648207914673,18.843915148517993,7.636079808570478
6.785,40.436461957500235,24.74907589586525,18.84122016607427,7.638111308636733
6.79,40.438391393820226,24.74651257542495,18.838527128089222,7.640143510951183
6.795,40.44031697147528,24.743958219413457,18.835836039862887,7.642176410286436
6.8,40.442238686548635,24.741412800720777,18.83314690665387,7.644210001425354
6.805,40.44415653517915,24.738876292307264,18.830459733679337,7.6462442791610545
6.8100000000000005,40.44607051356131,24.73634866720359,18.827774526115046,7.648279238296909
6.815,40.447980617945255,24.733829898510773,18.82509128909532,7.6503148736465425
6.82,40.44988684463674,24.731319959400153,18.822410027713055,7.652351180033834
6.825,40.45178918999715,24.728818823113407,18.81973074701972,7.65438815229292
6.83,40.45368765044352,24.726326462962547,18.817053452025363,7.656425785268184
6.835,40.45558222244849,24.723842852329916,18.814378147698594,7.658464073814272
6.84,40.45747290254036,24.721367964668193,18.811704838966616,7.660503012796079
6.845,40.459359687303035,24.71890177350038,18.809033530715183,7.662542597088756
6.8500000000000005,40.46124257337608,24.716444252419826,18.806364227788634,7.664582821577707
6.855,40.46312155745467,24.7139953750902,18.80369693498989,7.666623681158593
6.86,40.46499663628963,24.711555115245513,18.801031657080426,7.668665170737325
6.865,40.46686780668739,24.709123446690104,18.79836839878031,7.67070728523007
6.87,40.46873506551004,24.706700343298643,18.795707164768164,7.672750019563251
6.875,40.47059840967528,24.70428577901614,18.7930479596812,7.674793368673544
6.88,40.47245783615647,24.701879727857932,18.790390788115197,7.676837327507879
6.885,40.47431334198259,24.699482163909693,18.787735654624505,7.67888189102344
6.890000000000001,40.47616492423822,24.697093061327422,18.785082563722053,7.6809270541876655
6.8950000000000005,40.47801258006361,24.69471239433746,18.782431519879342,7.682972811978248
6.9,40.479856306654646,24.69234013723648,18.77978252752644,7.685019159383133
6.905,40.48169610126282,24.689976264391483,18.777135591052,7.687066091400523
6.91,40.48353196119527,24.6876207502398,18.77449071480324,7.689113603038874
6.915,40.485363883814756,24.68527356928911,18.771847903085952,7.6911616893168935
6.92,40.48719186653969,24.682934696117403,18.76920716016451,7.693210345263546
6.925,40.48901590684409,24.68060410537302,18.766568490261843,7.69525956591805
6.93,40.49083600225763,24.678281771774632,18.763931897559477,7.697309346329877
6.9350000000000005,40.4926521503656,24.67596767011123,18.761297386197494,7.699359681558755
6.94,40.49446434880894,24.673661775242152,18.758664960274558,7.70141056667466
6.945,40.49627259528419,24.671364062097066,18.756034623847906,7.703461996757831
6.95,40.498076887543554,24.669074505675965,18.753406380933342,7.705513966898754
6.955,40.499877223394854,24.666793081049185,18.750780235505246,7.707566472198174
6.96,40.501673600701544,24.66451976335739,18.748156191496584,7.709619507767087
6.965,40.50346601738272,24.66225452781158,18.745534252798873,7.711673068726745
6.97,40.50525447141309,24.659997349693075,18.742914423262224,7.713727150208655
6.9750000000000005,40.50703896082301,24.65774820435355,18.74029670669531,7.7157817473545744
6.98,40.50881948369847,24.655507067214995,18.73768110686538,7.717836855316518
6.985,40.51059603818108,24.653273913769738,18.73506762749826,7.719892469256756
6.99,40.51236862246809,24.65104871958044,18.732456272278345,7.721948584347808
6.995,40.514137234812374,24.648831460280103,18.729847044848608,7.7240051957724525
7.0,40.51590187352246,24.646622111572043,18.727239948810585,7.726062298723719
7.005,40.517662536962476,24.64442064922993,18.7246349877244,7.728119888404895
7.01,40.519419223552205,24.64222704909775,18.722032165108743,7.7301779600295175
7.015000000000001,40.52117193176706,24.640041287089836,18.71943148444088,7.732236508821381
7.0200000000000005,40.52292066013807,24.63786333919084,18.71683294915664,7.734295530014532
7.025,40.524665407251916,24.635693181455757,18.714236562650445,7.736355018853274
7.03,40.52640617175091,24.633530790009907,18.711642328275275,7.738414970592163
7.035,40.52814295233296,24.631376141048953,18.70905024934269,7.740475380496008
7.04,40.52987574775167,24.629229210838883,18.70646032912282,7.742536243839875
7.045,40.53160455681622,24.62708997571602,18.70387257084437,7.744597555909081
7.05,40.53332937839144,24.62495841208702,18.701286977694622,7.7466593119992
7.055,40.53505021139782,24.622834496428872,18.698703552819424,7.748721507416059
7.0600000000000005,40.53676705481142,24.620718205288895,18.696122299323207,7.75078413747574
7.065,40.53847990766399,24.61860951528475,18.693543220268968,7.752847197504576
7.07,40.54018876904289,24.616508403104415,18.69096631867828,7.75491068283916
7.075,40.54189363809112,24.614414845506214,18.688391597531293,7.756974588826334
7.08,40.54359451400729,24.612328819318805,18.685819059766718,7.759038910823197
7.085,40.54529139587246,24.610250301236196,18.683248708438747,7.761103644170548
7.09,40.546984276732786,24.60817926035685,18.680680552260178,7.763168783233335
7.095,40.54867315369045,24.606115669311194,18.67811459678725,7.7652343228548
7.1000000000000005,40.55035802734256,24.604059504673938,18.675550844498026,7.767300258394375
7.105,40.552038898308176,24.60201074307127,18.672989297851565,7.76936658522023
7.11,40.55371576722831,24.599969361180868,18.670429959287898,7.771433298709274
7.115,40.55538863476592,24.59793533573189,18.667872831228042,7.77350039424715
7.12,40.5570575016059,24.595908643504977,18.665317916074002,7.775567867228238
7.125,40.55872236845511,24.593889261332254,18.662765216208765,7.77763571305566
7.13,40.56038323604235,24.591877166097337,18.66021473399629,7.779703927141268
7.135,40.56204010511836,24.589872334735315,18.657666471781543,7.781772504905656
7.140000000000001,40.56369297645586,24.587874744232764,18.655120431890445,7.783841441778154
7.1450000000000005,40.56534185084948,24.585884371627746,18.652576616629926,7.785910733196828
7.15,40.56698672911581,24.583901194009805,18.65003502828788,7.787980374608482
7.155,40.5686276120934,24.58192518851997,18.647495669133196,7.790050361468656
7.16,40.57026450064274,24.579956332350758,18.64495854141574,7.792120689241628
7.165,40.57189739564627,24.57799460274616,18.642423647366364,7.794191353400413
7.17,40.57352629800836,24.576039977001653,18.639890989196907,7.796262349426763
7.175,40.57515120865537,24.57409243246421,18.637360569100185,7.798333672811166
7.18,40.576772128535566,24.572151946532266,18.63483238925,7.8004053190528495
7.1850000000000005,40.57838905861919,24.570218496655755,18.632306451801135,7.802477283659775
7.19,40.58000199989841,24.5682920603361,18.629782758889363,7.804549562148644
7.195,40.58161095338736,24.56637261512619,18.62726131263143,7.806622150044892
7.2,40.583215920122115,24.564460138630412,18.624742115125077,7.808695042882695
7.205,40.58481690116071,24.56255460850463,18.62222516844902,7.810768236204962
7.21,40.58641389758309,24.56065600245619,18.61971047466296,7.812841725563342
7.215,40.58800691049121,24.558764298243933,18.617198035807583,7.814915506518221
7.22,40.589595941008916,24.556879473678173,18.61468785390456,7.816989574638721
7.2250000000000005,40.59118099028203,24.555001506620705,18.61217993095654,7.819063925502702
7.23,40.59276205947832,24.553130374984818,18.609674268947156,7.821138554696759
7.235,40.5943391497875,24.55126605673528,18.60717086984103,7.823213457816227
7.24,40.59591226242123,24.549408529888343,18.60466973558377,7.825288630465175
7.245,40.59748139861312,24.547557772511738,18.602170868101947,7.827364068256411
7.25,40.59904655961873,24.54571376272469,18.59967426930314,7.829439766811481
7.255,40.60060774671556,24.543876478697904,18.5971799410759,7.831515721760665
7.26,40.60216496120307,24.54204589865356,18.59468788528976,7.833591928742983
7.265000000000001,40.60371820440267,24.540222000865327,18.592198103795237,7.83566838340619
7.2700000000000005,40.6052674776577,24.53840476365837,18.589710598423835,7.837745081406779
7.275,40.606812782333456,24.536594165409316,18.58722537098804,7.839822018409979
7.28,40.6083541198172,24.534790184546292,18.584742423281323,7.841899190089759
7.285,40.60989149151812,24.532992799548904,18.58226175707813,7.843976592128821
7.29,40.61142489886736,24.531201988948236,18.5797833741339,7.846054220218607
7.295,40.612954343318016,24.529417731326866,18.577307276185053,7.848132070059295
7.3,40.614479826345125,24.527640005318847,18.574833464948984,7.8502101373598
7.305,40.616001349445675,24.52586878960972,18.572361942124086,7.852288417837774
7.3100000000000005,40.6175189141386,24.524104062936512,18.569892709389727,7.854366907219607
7.315,40.6190325219648,24.52234580408773,18.567425768406252,7.856445601240424
7.32,40.620542174487085,24.52059399190336,18.564961120815006,7.8585244956440885
7.325,40.622047873290256,24.518848605274886,18.562498768238303,7.860603586183202
7.33,40.62354961998104,24.51710962314526,18.560038712279443,7.862682868619101
7.335,40.6250474161881,24.515377024508926,18.557580954522713,7.86476233872186
7.34,40.62654126356209,24.51365078841181,18.555125496533382,7.866841992270291
7.345,40.62803116377556,24.511930893951323,18.5526723398577,7.868921825051943
7.3500000000000005,40.62951711852304,24.51021732027636,18.55022148602291,7.8710018328631
7.355,40.630999129521,24.508510046587297,18.54777293653722,7.873082011508785
7.36,40.632477198507864,24.506809052135996,18.54532669288984,7.875162356802759
7.365,40.633951327244,24.5051143162258,18.542882756550952,7.877242864567518
7.37,40.635421517511716,24.50342581821154,18.540441128971725,7.879323530634296
7.375,40.636887771115276,24.50174353749953,18.538001811584312,7.881404350843063
7.38,40.6383500898809,24.50006745354756,18.535564805801847,7.883485321042528
7.385,40.63980847565675,24.498397545864915,18.53313011301845,7.8855664370901355
7.390000000000001,40.64126293031292,24.49673379401236,18.530697734609223,7.887647694852068
7.3950000000000005,40.64271345574148,24.495076177602137,18.52826767193025,7.889729090203243
7.4,40.64416005385643,24.49342467629798,18.525839926318604,7.891810619027319
7.405,40.64560272659373,24.491779269815105,18.52341449909233,7.893892277216686
7.41,40.647041475911266,24.49013993792021,18.52099139155047,7.8959740606724775
7.415,40.648476303788904,24.488506660431472,18.51857060497304,7.898055965304559
7.42,40.64990721222843,24.486879417218567,18.516152140621042,7.900137987031535
7.425,40.6513342032536,24.485258188202636,18.51373599973646,7.902220121780746
7.43,40.6527572789101,24.483642953356316,18.511322183542266,7.904302365488273
7.4350000000000005,40.65417644126558,24.482033692703723,18.50891069324241,7.9063847140989285
7.44,40.655591692409615,24.48043038632046,18.50650153002183,7.908467163566267
7.445,40.657003034453766,24.47883301433361,18.50409469504644,7.910549709852577
7.45,40.65841046953151,24.47724155692174,18.501690189463147,7.912632348928885
7.455,40.65981399979828,24.475655994314902,18.499288014399834,7.9147150767749554
7.46,40.661213627431465,24.474076306794636,18.49688817096537,7.916797889379288
7.465,40.66260935463039,24.47250247469396,18.49449066024961,7.918880782739122
7.47,40.66400118361634,24.470934478397375,18.492095483323386,7.92096375286043
7.4750000000000005,40.66538911663254,24.46937229834087,18.489702641238516,7.9230467957579265
7.48,40.66677315594418,24.467815915011915,18.487312135027807,7.925129907455059
7.485,40.66815330383836,24.466265308949463,18.48492396570504,7.927213083984012
7.49,40.66952956262417,24.464720460743955,18.482538134264985,7.92929632138571
7.495,40.67090193463263,24.46318135103731,18.480154641683395,7.9313796157098135
7.5,40.67227042221671,24.461647960522935,18.477773488917006,7.933462963014719
7.505,40.673635027751324,24.46012026994572,18.475394676903537,7.93554635936756
7.51,40.67499575363334,24.458598260102036,18.47301820656169,7.937629800844209
7.515000000000001,40.67635260228157,24.45708191183974,18.470644078791146,7.939713283529274
7.5200000000000005,40.67770557613677,24.455571206058178,18.46827229447258,7.941796803516099
7.525,40.67905467766167,24.45406612370817,18.465902854467643,7.943880356906766
7.53,40.68039990934091,24.45256664579202,18.46353575961897,7.945963939812097
7.535,40.68174127368111,24.451072753363526,18.461171010750178,7.948047548351647
7.54,40.683078773210816,24.449584427527963,18.458808608665873,7.9501311786537086
7.545,40.68441241048053,24.448101649442084,18.45644855415164,7.952214826855314
7.55,40.68574218806272,24.44662440031414,18.45409084797404,7.954298489102229
7.555,40.68706810855176,24.445152661403853,18.451735490880637,7.95638216154896
7.5600000000000005,40.68839017456402,24.443686414022434,18.44938248359996,7.9584658403587465
7.565,40.68970838873779,24.442225639532577,18.447031826841528,7.9605495217035696
7.57,40.691022753733314,24.44077031934846,18.444683521295843,7.9626332017641435
7.575,40.69233327223278,24.43932043493574,18.442337567634397,7.964716876729922
7.58,40.69363994694034,24.437875967811575,18.43999396650965,7.966800542799093
7.585,40.69494278058207,24.43643689954458,18.43765271855506,7.968884196178586
7.59,40.69624177590602,24.43500321175488,18.43531382438506,7.970967833084064
7.595,40.697536935682166,24.43357488611406,18.432977284595072,7.973051449739927
7.6000000000000005,40.69882826270244,24.432151904345204,18.430643099761493,7.975135042379315
7.605,40.70011575978074,24.43073424822288,18.428311270441714,7.977218607244101
7.61,40.70139942975288,24.42932189957313,18.425981797174103,7.979302140584898
7.615,40.70267927547665,24.42791484027349,18.42365468047801,7.981385638661056
7.62,40.70395529983177,24.42651305225297,18.421329920853772,7.98346909774066
7.625,40.70522750571992,24.42511651749208,18.41900751878271,7.985552514100535
7.63,40.70649589606471,24.423725218022785,18.416687474727123,7.98763588402624
7.635,40.70776047381173,24.422339135928567,18.414369789130298,7.989719203812072
7.640000000000001,40.70902124192849,24.420958253344367,18.412054462416503,7.991802469761067
7.6450000000000005,40.71027820340446,24.41958255245662,18.409741494990993,7.993885678184995
7.65,40.71153136125105,24.418212015503247,18.40743088724,7.995968825404365
7.655,40.712780718501634,24.416846624773648,18.40512263953075,7.998051907748423
7.66,40.71402627821152,24.415486362608704,18.402816752211436,8.000134921555151
7.665,40.71526804345797,24.41413121140079,18.40051322561125,8.002217863171271
7.67,40.716506017340194,24.412781153593752,18.39821206004036,8.004300728952236
7.675,40.71774020297934,24.41143617168293,18.395913255789917,8.006383515262241
7.68,40.718970603518535,24.410096248215144,18.39361681313206,8.00846621847422
7.6850000000000005,40.720197222122806,24.408761365788692,18.3913227323199,8.010548834969837
7.69,40.721420061979174,24.40743150705337,18.389031013587548,8.0126313611395
7.695,40.722639126296585,24.40610665471044,18.38674165715009,8.014713793382347
7.7,40.72385441830593,24.404786791512667,18.384454663203588,8.016796128106261
7.705,40.72506594126007,24.40347190026428,18.3821700319251,8.018878361727856
7.71,40.72627369843378,24.402161963821005,18.37988776347266,8.020960490672485
7.715,40.727477693123824,24.40085696509005,18.377607857985286,8.02304251137424
7.72,40.72867792864888,24.3995568870301,18.375330315582982,8.025124420275946
7.7250000000000005,40.72987440834959,24.398261712651333,18.373055136366734,8.027206213829167
7.73,40.73106713558854,24.3969714250154,18.370782320418513,8.029287888494208
7.735,40.732256113750275,24.39568600723545,18.368511867801267,8.031369440740106
7.74,40.733441346241264,24.3944054424761,18.366243778558932,8.033450867044634
7.745,40.734622836489955,24.393129713953464,18.363978052716433,8.035532163894304
7.75,40.73580058794673,24.39185880493513,18.361714690279666,8.03761332778437
7.755,40.7369746040839,24.390592698740175,18.35945369123552,8.039694355218815
7.76,40.73814488839575,24.389331378739158,18.357195055551863,8.041775242710365
7.765000000000001,40.73931144439851,24.38807482835412,18.35493878317755,8.043855986780478
7.7700000000000005,40.74047427563035,24.386823031058597,18.35268487404241,8.045936583959355
7.775,40.7416333856514,24.38557597037759,18.35043332805727,8.048017030785926
7.78,40.74278877804371,24.384333629887596,18.348184145113933,8.050097323807869
7.785,40.74394045641132,24.383095993216596,18.345937325085178,8.052177459581587
7.79,40.745088424380185,24.381863044044046,18.343692867824778,8.05425743467223
7.795,40.74623268559822,24.380634766100897,18.341450773167484,8.05633724565368
7.8,40.7473732437353,24.379411143169577,18.339211040929033,8.058416889108555
7.805000000000001,40.748510102483216,24.378192159083998,18.336973670906147,8.060496361628214
7.8100000000000005,40.74964326555574,24.376977797729555,18.334738662876525,8.062575659812751
7.815,40.750772736688575,24.375768043043134,18.332506016598852,8.064654780270997
7.82,40.75189851963938,24.37456287901309,18.3302757318128,8.066733719620519
7.825,40.75302061818776,24.37336228967928,18.32804780823902,8.068812474487624
7.83,40.754139036135264,24.372166259133035,18.32582224557915,8.070891041507354
7.835,40.75525377730539,24.370974771517165,18.32359904351581,8.072969417323488
7.84,40.756364845543594,24.36978781102597,18.321378201712594,8.075047598588542
7.845,40.75747224471727,24.368605361905235,18.3191597198141,8.07712558196377
7.8500000000000005,40.75857597871576,24.367427408452226,18.31694359744589,8.079203364119165
7.855,40.75967605145036,24.366253935015695,18.314729834214514,8.081280941733448
7.86,40.76077246685431,24.365084925995873,18.312518429707517,8.08335831149409
7.865,40.761865228882805,24.36392036584448,18.310309383493408,8.08543547009729
7.87,40.76295434151298,24.362760239064713,18.3081026951217,8.087512414247986
7.875,40.76403980874392,24.361604530211263,18.30589836412287,8.089589140659855
7.88,40.76512163459665,24.360453223890296,18.303696390008394,8.091665646055311
7.885,40.766199821981616,24.359306302180237,18.301496773552195,8.093741926793168
7.890000000000001,40.7672743718026,24.358163741502963,18.29929951815314,8.095817978447508
7.8950000000000005,40.768345288797654,24.357025525828035,18.297104623257308,8.097893797717402
7.9,40.76941257799174,24.35589163976758,18.294912087995748,8.099969381397791
7.905,40.77047624441191,24.354762067969467,18.292721911493377,8.102044726290703
7.91,40.771536293087266,24.353636795117293,18.290534092868977,8.104119829205267
7.915,40.772592729049,24.352515805930377,18.288348631235205,8.106194686957707
7.92,40.77364555733035,24.35139908516378,18.286165525698586,8.108269296371338
7.925,40.774694782966634,24.350286617608294,18.283984775359507,8.110343654276578
7.930000000000001,40.775740410995226,24.34917838809044,18.28180637931223,8.112417757510936
7.9350000000000005,40.77678244645559,24.348074381472472,18.279630336644882,8.114491602919017
7.94,40.77782089438924,24.346974582652372,18.27745664643946,8.116565187352522
7.945,40.77885575983976,24.345878976563856,18.27528530777184,8.118638507670248
7.95,40.7798870478528,24.344787548176377,18.27311631971174,8.120711560738087
7.955,40.7809147634761,24.343700282495114,18.270949681322776,8.122784343429029
7.96,40.78193891175943,24.342617164560973,18.268785391662412,8.124856852623154
7.965,40.78295949775467,24.3415381794506,18.266623449781992,8.126929085207646
7.97,40.78397652651573,24.34046331227637,18.264463854726728,8.129001038076778
7.9750000000000005,40.78499000309862,24.339392548186385,18.262306605535688,8.131072708131919
7.98,40.78599993256139,24.33832587236449,18.260151701241828,8.133144092281537
7.985,40.78700631996418,24.337263270030245,18.25799914087196,8.135215187441196
7.99,40.78800917036918,24.336204726438957,18.255848923446763,8.137285990533549
7.995,40.789008488840665,24.33515022688166,18.25370104798079,8.139356498488352
8.0,40.790004280444975,24.33409975668511,18.25155551348247,8.141426708242454
8.005,40.790996550250505,24.33305330121181,18.24941231895408,8.143496616739798
8.01,40.79198530332772,24.332010845859983,18.247271463391787,8.145566220931427
8.015,40.79297054474918,24.330972376063592,18.245132945785613,8.147635517775473
8.02,40.793952279589476,24.329937877292323,18.242996765119454,8.14970450423717
8.025,40.79493051292529,24.3289073350516,18.240862920371075,8.151773177288845
8.03,40.79590524983536,24.327880734882577,18.23873141051211,8.153841533909919
8.035,40.796876495400504,24.326858062362138,18.23660223450805,8.155909571086912
8.040000000000001,40.7978442547036,24.3258393031029,18.234475391318277,8.157977285813438
8.045,40.7988085328296,24.324824442753208,18.232350879896025,8.160044675090205
8.05,40.7997693348655,24.323813466997148,18.230228699188395,8.162111735925022
8.055,40.80072666590041,24.32280636155453,18.228108848136372,8.164178465332784
8.06,40.80168053102547,24.321803112180895,18.22599132567479,8.166244860335492
8.065,40.802630935333895,24.32080370466752,18.22387613073237,8.168310917962238
8.07,40.80357788392099,24.31980812484141,18.22176326223169,8.170376635249207
8.075,40.804521381884086,24.3188163585653,18.219652719089197,8.172442009239687
8.08,40.80546143432262,24.317828391737663,18.21754450021521,8.174507036984052
8.085,40.806398046338096,24.316844210292704,18.215438604513924,8.17657171553978
8.09,40.807331223034055,24.315863800200347,18.213335030883385,8.17863604197144
8.095,40.808260969516134,24.314887147466262,18.211233778215522,8.1807000133507
8.1,40.809187290892034,24.313914238131844,18.209134845396125,8.182763626756318
8.105,40.81011019227151,24.31294505827422,18.20703823130486,8.184826879274155
8.11,40.81102967876639,24.31197959400625,18.204943934815255,8.186889767997162
8.115,40.811945755490584,24.311017831476523,18.202851954794703,8.188952290025389
8.120000000000001,40.812858427560066,24.310059756869364,18.200762290104482,8.19101444246598
8.125,40.81376770009285,24.30910535640482,18.19867493959972,8.193076222433172
8.13,40.81467357820907,24.308154616338687,18.19658990212942,8.195137627048304
8.135,40.815576067030875,24.307207522962475,18.194507176536465,8.197198653439804
8.14,40.81647517168252,24.306264062603436,18.19242676165759,8.199259298743202
8.145,40.8173708972903,24.30532422162455,18.190348656323405,8.201319560101119
8.15,40.8182632489826,24.304387986424523,18.18827285935839,8.203379434663274
8.155,40.81915223188987,24.303455343437804,18.186199369580894,8.205438919586479
8.16,40.82003785114461,24.302526279134568,18.18412818580313,8.207498012034645
8.165000000000001,40.820920111881414,24.301600780020724,18.182059306831185,8.209556709178775
8.17,40.82179901923691,24.300678832637903,18.179992731465017,8.21161500819697
8.175,40.82267457834984,24.29976042356348,18.17792845849844,8.213672906274429
8.18,40.82354679436098,24.298845539410557,18.175866486719148,8.21573040060344
8.185,40.82441567241317,24.297934166827968,18.1738068149087,8.217787488383395
8.19,40.825281217651344,24.29702629250027,18.171749441842525,8.219844166820774
8.195,40.82614343522249,24.296121903147768,18.16969436628992,8.221900433129155
8.2,40.82700233027566,24.295220985526488,18.16764158701405,8.223956284529216
8.205,40.827857907961985,24.294323526428183,18.16559110277195,8.226011718248724
8.21,40.82871017343466,24.29342951268035,18.16354291231451,8.228066731522546
8.215,40.82955913184893,24.292538931146215,18.161497014386523,8.230121321592643
8.22,40.83040478836214,24.291651768724726,18.15945340772661,8.232175485708073
8.225,40.831247148133684,24.29076801235057,18.15741209106729,8.234229221124986
8.23,40.832086216325024,24.289887648994167,18.15537306313493,8.236282525106633
8.235,40.83292199809969,24.28901066566166,18.15333632264979,8.238335394923357
8.24,40.8337544986233,24.28813704939494,18.15130186832597,8.240387827852599
8.245000000000001,40.8345837230635,24.28726678727161,18.149269698871457,8.242439821178893
8.25,40.83540967659005,24.286399866405016,18.147239812988104,8.244491372193869
8.255,40.83623236437474,24.285536273944235,18.145212209371632,8.246542478196254
8.26,40.83705179159144,24.284675997074075,18.14318688671163,8.248593136491872
8.265,40.83786796341611,24.283819023015074,18.141163843691547,8.250643344393637
8.27,40.83868088502674,24.2829653390235,18.139143078988717,8.252693099221565
8.275,40.83949056160342,24.282114932391355,18.137124591274333,8.254742398302767
8.28,40.84029699832829,24.28126779044638,18.135108379213456,8.256791238971443
8.285,40.84110020038557,24.280423900552027,18.13309444146502,8.258839618568897
8.290000000000001,40.84190017296154,24.2795832501075,18.13108277668182,8.260887534443524
8.295,40.84269692124454,24.27874582654773,18.12907338351053,8.262934983950815
8.3,40.843490450424994,24.27791161734337,18.127066260591686,8.264981964453359
8.305,40.844280765695395,24.277080610000816,18.125061406559695,8.267028473320837
8.31,40.84506787225029,24.27625279206219,18.12305882004283,8.269074507930027
8.315,40.8458517752863,24.27542815110535,18.12105849966323,8.271120065664805
8.32,40.846632480002114,24.274606674743875,18.11906044403692,8.27316514391614
8.325,40.8474099915985,24.273788350627086,18.117064651773767,8.275209740082097
8.33,40.84818431527827,24.272973166440035,18.115071121477524,8.277253851567838
8.335,40.84895545624632,24.2721611099035,18.113079851745812,8.27929747578562
8.34,40.84972341970962,24.271352168773998,18.111090841170114,8.281340610154794
8.345,40.8504882108772,24.270546330843764,18.109104088335787,8.28338325210181
8.35,40.85124983496015,24.269743583940784,18.10711959182205,8.28542539906021
8.355,40.85200829717164,24.26894391592876,18.105137350202007,8.287467048470633
8.36,40.85276360272692,24.268147314707132,18.103157362042605,8.289508197780815
8.365,40.853515756843265,24.26735376821107,18.101179625904678,8.291548844445588
8.370000000000001,40.85426476474006,24.266563264411477,18.099204140342927,8.293588985926876
8.375,40.85501063163874,24.265775791314987,18.097230903905917,8.2956286196937
8.38,40.85575336276281,24.264991336963963,18.09525991513608,8.29766774322218
8.385,40.85649296333786,24.264209889436508,18.093291172569725,8.299706353995528
8.39,40.85722943859151,24.263431436846442,18.09132467473702,8.301744449504053
8.395,40.85796279375348,24.26265596734333,18.089360420162013,8.303782027245159
8.4,40.85869303405555,24.26188346911247,18.087398407362603,8.305819084723346
8.405,40.85942016473157,24.261113930374872,18.085438634850576,8.30785561945021
8.41,40.86014419101744,24.2603473393873,18.08348110113158,8.309891628944444
8.415000000000001,40.86086511815116,24.25958368444224,18.081525804705123,8.311927110731832
8.42,40.861582951372775,24.258822953867906,18.079572744064595,8.313962062345256
8.425,40.8622976959244,24.258065136028254,18.077621917697247,8.3159964813247
8.43,40.863009357050224,24.257310219322957,18.0756733240842,8.318030365217231
8.435,40.8637179399965,24.256558192187438,18.073726961700448,8.320063711577024
8.44,40.86442345001156,24.25580904309283,18.071782829014843,8.32209651796534
8.445,40.86512589234578,24.25506276054602,18.069840924490116,8.324128781950543
8.45,40.86582527225163,24.25431933308961,18.067901246582863,8.326160501108088
8.455,40.86652159498363,24.25357874930194,18.06596379374355,8.328191673020527
8.46,40.86721486579838,24.252840997797083,18.064028564416503,8.330222295277508
8.465,40.86790508995455,24.25210606722484,18.062095557039928,8.332252365475775
8.47,40.86859227271285,24.251373946270746,18.060164770045898,8.334281881219166
8.475,40.8692764193361,24.250644623656065,18.05823620186035,8.336310840118616
8.48,40.86995753508916,24.249918088137793,18.05630985090309,8.338339239792155
8.485,40.87063562523897,24.249194328508665,18.054385715587795,8.34036707786491
8.49,40.87131069505452,24.248473333597136,18.052463794322012,8.342394351969102
8.495000000000001,40.87198274980689,24.2477550922674,18.05054408550715,8.344421059744047
8.5,40.87265179476922,24.24703959341938,18.048626587538493,8.34644719883616
8.505,40.87331783521672,24.24632682598873,18.046711298805192,8.348472766898947
8.51,40.87398087642665,24.245616778946843,18.044798217690264,8.350497761593015
8.515,40.87464092367838,24.244909441300834,18.0428873425706,8.352522180586062
8.52,40.875297982253294,24.24420480209355,18.040978671816955,8.354546021552883
8.525,40.875952057434894,24.243502850403576,18.039072203793957,8.35656928217537
8.53,40.87660315450871,24.242803575345224,18.037167936860094,8.35859196014251
8.535,40.87725127876237,24.24210696606854,18.035265869367727,8.360614053150385
8.540000000000001,40.87789643548555,24.241413011759303,18.033365999663094,8.362635558902173
8.545,40.87853862997001,24.240721701639014,18.03146832608629,8.364656475108147
8.55,40.87917786750956,24.24003302496492,18.029572846971288,8.366676799485678
8.555,40.8798141534001,24.239346971029985,18.027679560645918,8.368696529759228
8.56,40.88044749293957,24.23866352916292,18.025788465431887,8.370715663660361
8.565,40.881077891428,24.237982688728152,18.02389955964477,8.372734198927729
8.57,40.881705354167494,24.237304439125854,18.022012841594012,8.374752133307087
8.575000000000001,40.882329886462195,24.23662876979192,18.02012830958292,8.376769464551284
8.58,40.88295149361834,24.235955670197978,18.018245961908676,8.378786190420257
8.585,40.883570180944226,24.23528512985139,18.016365796862328,8.380802308681051
8.59,40.88418595375021,24.234617138295253,18.01448781272879,8.382817817107798
8.595,40.88479881734873,24.233951685108387,18.012612007786853,8.384832713481726
8.6,40.88540877705429,24.233288759905346,18.010738380309167,8.386846995591164
8.605,40.88601583818344,24.232628352336416,18.00886692856226,8.388860661231531
8.61,40.88662000605484,24.231970452087623,18.006997650806518,8.390873708205344
8.615,40.88722128598918,24.231315048880713,18.0051305452962,8.392886134322218
8.620000000000001,40.88781968330924,24.230662132473167,18.003265610279442,8.39489793739886
8.625,40.88841520333985,24.230011692658202,18.001402843998235,8.396909115259072
8.63,40.889007851407925,24.229363719264764,17.999542244688445,8.398919665733755
8.635,40.889597632842445,24.228718202157523,17.99768381057981,8.400929586660904
8.64,40.890184552974446,24.228075131236896,17.99582753989593,8.402938875885612
8.645,40.89076861713705,24.227434496439013,17.99397343085428,8.40494753126006
8.65,40.891349830665426,24.226796287735755,17.992121481666196,8.406955550643536
8.655,40.89192819889683,24.226160495134724,17.990271690536893,8.408962931902414
8.66,40.892503727170585,24.225527108679252,17.98842405566544,8.410969672910168
8.665000000000001,40.89307642082806,24.224896118448406,17.986578575244792,8.412975771547368
8.67,40.89364628521272,24.22426751455698,17.98473524746176,8.414981225701675
8.675,40.89421332567008,24.223641287155512,17.982894070497025,8.416986033267856
8.68,40.89477754754773,24.22301742643026,17.981055042525142,8.418990192147762
8.685,40.89533895619533,24.222395922603216,17.97921816171453,8.420993700250344
8.69,40.895897556964606,24.221776765932102,17.97738342622748,8.422996555491652
8.695,40.896453355209346,24.22115994671038,17.97555083422015,8.424998755794828
8.700000000000001,40.89700635628541,24.22054545526723,17.973720383842565,8.42700029909011
8.705,40.89755656555073,24.219933281967577,17.97189207323862,8.429001183314831
8.71,40.89810398836531,24.21932341721207,17.97006590054608,8.431001406413424
8.715,40.898648630091195,24.218715851437093,17.968241863896573,8.43300096633741
8.72,40.89919049609254,24.21811057511476,17.966419961415607,8.434999861045414
8.725,40.89972959173553,24.21750757875291,17.964600191222548,8.43699808850315
8.73,40.90026592238844,24.216906852895132,17.962782551430635,8.438995646683432
8.735,40.900799493421616,24.216308388120726,17.960967040146972,8.440992533566167
8.74,40.90133031020745,24.215712175044736,17.959153655472537,8.442988747138358
8.745000000000001,40.90185837812042,24.21511820431793,17.95734239550217,8.444984285394106
8.75,40.90238370253707,24.214526466626815,17.955533258324593,8.446979146334604
8.755,40.90290628886143,24.213936951762143,17.95372624224505,8.448973327817288
8.76,40.9034261429014,24.213349643035187,17.951921347025728,8.450966826680034
8.765,40.90394327069876,24.21276452967846,17.950118570850098,8.45295964077152
8.77,40.9044576782796,24.21218160257384,17.94831791149806,8.45495176821353
8.775,40.90496937166307,24.211600852626038,17.946519366749772,8.456943207133039
8.78,40.9054783568614,24.211022270762598,17.944722934385656,8.458933955662207
8.785,40.90598463987986,24.210445847933894,17.942928612186392,8.460924011938385
8.790000000000001,40.90648822671678,24.209871575113123,17.94113639793292,8.46291337410411
8.795,40.90698912336355,24.209299443296324,17.939346289406444,8.464902040307107
8.8,40.90748733580462,24.208729443502357,17.937558284388423,8.466890008700291
8.805,40.90798287001749,24.20816156677291,17.935772380660584,8.468877277441763
8.81,40.90847573197274,24.207595804172513,17.933988576004907,8.470863844694815
8.815,40.908965927633986,24.207032146788514,17.93220686820364,8.472849708627924
8.82,40.9094534629579,24.206470585731097,17.93042725503929,8.47483486741476
8.825000000000001,40.90993834389423,24.205911112133276,17.92864973429462,8.476819319234174
8.83,40.91042057638578,24.205353717150896,17.92687430375266,8.47880306227021
8.835,40.91090016636839,24.20479839196263,17.92510096119669,8.4807860947121
8.84,40.91137711977099,24.204245127769976,17.923329704410268,8.482768414754261
8.845,40.91185144251554,24.203693915797274,17.921560531177196,8.484750020596305
8.85,40.91232314051708,24.203144747291688,17.91979343928155,8.486730910443024
8.855,40.91279221968369,24.20259761352321,17.918028426507654,8.488711082504404
8.86,40.91325868591652,24.20205250578466,17.9162654906401,8.490690534995615
8.865,40.91372254510977,24.2015094153917,17.914504629463746,8.492669266137021
8.870000000000001,40.91418380315071,24.200968333682813,17.9127458407637,8.494647274154167
8.875,40.91464246591966,24.200429252019312,17.910989122325336,8.49662455727779
8.88,40.91509853929,24.199892161785343,17.909234471934287,8.498601113743817
8.885,40.915552029128165,24.199357054387875,17.90748188737645,8.500576941793359
8.89,40.91600294129364,24.19882392125672,17.905731366437976,8.502552039672718
8.895,40.916451281639,24.198292753844513,17.903982906905288,8.504526405633383
8.9,40.91689705600984,24.197763543626717,17.902236506565057,8.506500037932032
8.905,40.917340270244836,24.197236282101628,17.900492163204223,8.50847293483053
8.91,40.91778093017572,24.19671096079037,17.898749874609987,8.510445094595934
8.915000000000001,40.91821904162726,24.1961875712369,17.8970096385698,8.51241651550048
8.92,40.91865461041733,24.19566610500801,17.895271452871388,8.514387195821604
8.925,40.91908764235681,24.195146553693306,17.89353531530273,8.51635713384192
8.93,40.91951814324966,24.194628908905237,17.89180122365207,8.518326327849238
8.935,40.919946118892916,24.194113162279084,17.890069175707904,8.52029477613655
8.94,40.92037157507664,24.19359930547295,17.888339169258998,8.522262477002043
8.945,40.92079451758398,24.193087330167774,17.88661120209437,8.524229428749084
8.950000000000001,40.92121495219111,24.19257722806732,17.884885272003316,8.526195629686233
8.955,40.9216328846673,24.192068990898186,17.88316137677537,8.528161078127239
8.96,40.92204832077485,24.1915626104098,17.88143951420034,8.530125772391038
8.965,40.92246126626913,24.191058078374418,17.8797196820683,8.53208971080175
8.97,40.92287172689857,24.19055538658713,17.87800187816956,8.534052891688694
8.975,40.92327970840465,24.190054526865847,17.87628610029472,8.536015313386363
8.98,40.92368521652191,24.189555491051323,17.87457234623463,8.537976974234448
8.985,40.92408825697795,24.189058271007134,17.87286061378039,8.539937872577827
8.99,40.924488835493435,24.18856285861969,17.87115090072337,8.541898006766564
8.995000000000001,40.92488695778208,24.188069245798225,17.869443204855212,8.543857375155913
9.0,40.92528262955066,24.18757742447481,17.867737523967797,8.54581597610631
9.005,40.925675856499,24.18708738660434,17.866033855853278,8.54777380798339
9.01,40.92606664432,24.186599124164548,17.86433219830407,8.549730869157967
9.015,40.92645499869961,24.186112629155993,17.862632549112842,8.551687158006049
9.02,40.92684092531683,24.185627893602057,17.860934906072533,8.553642672908827
9.025,40.92722442984373,24.185144909548967,17.859239266976335,8.555597412252688
9.03,40.92760551794544,24.184663669065767,17.857545629617704,8.557551374429195
9.035,40.927984195280125,24.18418416424434,17.855853991790358,8.559504557835112
9.040000000000001,40.92836046749904,24.18370638719939,17.85416435128827,8.561456960872384
9.045,40.92873434024648,24.18323033006846,17.852476705905676,8.563408581948144
9.05,40.929105819159794,24.182755985011923,17.85079105343708,8.565359419474715
9.055,40.92947490986941,24.182283344212973,17.84910739167724,8.567309471869612
9.06,40.92984161799879,24.181812399877643,17.84742571842117,8.56925873755553
9.065,40.930205949164474,24.181343144234795,17.845746031464156,8.571207214960356
9.07,40.93056790897604,24.180875569536113,17.844068328601736,8.573154902517167
9.075000000000001,40.930927503036145,24.18040966805612,17.842392607629712,8.57510179866423
9.08,40.93128473694048,24.179945432092172,17.84071886634415,8.577047901844992
9.085,40.93163961627783,24.17948285396444,17.839047102541368,8.578993210508095
9.09,40.93199214663,24.179021926015942,17.837377314017957,8.580937723107366
9.095,40.932342333571874,24.17856264061252,17.83570949857075,8.582881438101824
9.1,40.932690182671394,24.178104990142838,17.834043653996865,8.584824353955671
9.105,40.93303569948955,24.177648967018403,17.832379778093657,8.586766469138302
9.11,40.933378889580396,24.177194563673545,17.830717868658763,8.588707782124297
9.115,40.93371975849106,24.176741772565425,17.829057923490062,8.590648291393425
9.120000000000001,40.93405831176169,24.176290586174037,17.827399940385707,8.592587995430643
9.125,40.934394554925525,24.175840997002197,17.825743917144102,8.594526892726098
9.13,40.93472849350885,24.175392997575564,17.824089851563922,8.59646498177512
9.135,40.935060133031016,24.174946580442615,17.822437741444098,8.598402261078235
9.14,40.93538947900442,24.174501738174666,17.820787584583815,8.600338729141152
9.145,40.93571653693453,24.174058463365856,17.819139378782527,8.602274384474766
9.15,40.93604131231986,24.173616748633158,17.81749312183995,8.60420922559517
9.155,40.93636381065198,24.17317658661638,17.81584881155605,8.606143251023632
9.16,40.936684037415546,24.172737969978144,17.81420644573107,8.608076459286618
9.165000000000001,40.937001998088235,24.172300891403925,17.8125660221655,8.610008848915777
9.17,40.9373176981408,24.171865343602008,17.810927538660092,8.61194041844795
9.175,40.937631143037066,24.17143131930352,17.809290993015864,8.613871166425165
9.18,40.93794233823389,24.17099881126241,17.807656383034097,8.615801091394633
9.185,40.93825128918119,24.17056781225547,17.80602370651632,8.617730191908763
9.19,40.938558001321965,24.170138315082305,17.80439296126434,8.619658466525143
9.195,40.938862480092254,24.169710312565364,17.80276414508021,8.621585913806555
9.200000000000001,40.93916473092116,24.16928379754992,17.801137255766253,8.623512532320968
9.205,40.93946475923084,24.168858762904073,17.799512291125048,8.625438320641534
9.21,40.93976257043651,24.16843520151876,17.797889248959432,8.627363277346602
9.215,40.94005816994644,24.16801310630775,17.796268127072516,8.629287401019702
9.22,40.94035156316198,24.167592470207634,17.79464892326765,8.631210690249556
9.225,40.940642755477505,24.167173286177835,17.793031635348466,8.633133143630074
9.23,40.94093175228048,24.16675554720061,17.791416261118847,8.635054759760353
9.235,40.9412185589514,24.16633924628104,17.789802798382937,8.636975537244675
9.24,40.94150318086383,24.165924376447045,17.788191244945136,8.638895474692516
9.245000000000001,40.94178562338441,24.16551093074937,17.786581598610116,8.64081457071854
9.25,40.942065891872815,24.165098902261587,17.784973857182802,8.642732823942593
9.255,40.94234399168178,24.164688284080103,17.78336801846838,8.644650232989715
9.26,40.94261992815711,24.164279069324156,17.7817640802723,8.646566796490132
9.265,40.94289370663766,24.16387125113581,17.780162040400267,8.64848251307926
9.27,40.943165332455344,24.16346482267996,17.778561896658257,8.650397381397699
9.275,40.94343481093514,24.16305977714433,17.776963646852494,8.652311400091241
9.28,40.94370214739507,24.162656107739483,17.77536728878947,8.654224567810864
9.285,40.94396734714624,24.1622538076988,17.77377282027594,8.656136883212737
9.290000000000001,40.94423041549278,24.1618528702785,17.772180239118914,8.658048344958216
9.295,40.94449135773191,24.16145328875763,17.770589543125666,8.65995895171384
9.3,40.944750179153885,24.161055056438062,17.769000730103727,8.661868702151345
9.305,40.945006885042034,24.160658166644513,17.767413797860897,8.663777594947648
9.31,40.94526148067273,24.16026261272451,17.765828744205223,8.66568562878486
9.315,40.945513971315414,24.159868388048423,17.76424556694503,8.667592802350276
9.32,40.94576436223259,24.159475486009452,17.762664263888887,8.66949911433638
9.325000000000001,40.946012658679805,24.15908390002362,17.761084832845633,8.671404563440845
9.33,40.94625886590567,24.158693623529793,17.75950727162437,8.67330914836653
9.335,40.94650298915187,24.158304649989653,17.75793157803445,8.675212867821486
9.34,40.946745033653116,24.157916972887715,17.756357749885503,8.677115720518948
9.345,40.946985004637206,24.157530585731333,17.754785784987398,8.679017705177346
9.35,40.947222907324985,24.15714548205068,17.75321568115028,8.680918820520287
9.355,40.94745874693036,24.15676165539877,17.75164743618455,8.682819065276577
9.36,40.94769252866029,24.15637909935144,17.750081047900878,8.684718438180205
9.365,40.94792425771479,24.155997807507354,17.748516514110175,8.686616937970348
9.370000000000001,40.94815393928695,24.155617773488018,17.74695383262363,8.688514563391374
9.375,40.94838157856289,24.155238990937757,17.745393001252687,8.690411313192834
9.38,40.948607180721815,24.15486145352373,17.743834017809053,8.692307186129474
9.385,40.948830750935976,24.154485154935927,17.74227688010469,8.694202180961222
9.39,40.94905229437069,24.154110088887165,17.740721585951828,8.6960962964532
9.395,40.949271816184314,24.1537362491131,17.739168133162956,8.697989531375711
9.4,40.94948932152829,24.1533636293722,17.737616519550816,8.699881884504254
9.405,40.94970481554709,24.15299222344579,17.73606674292842,8.701773354619512
9.41,40.94991830337827,24.152622025137997,17.734518801109036,8.703663940507354
9.415000000000001,40.95012979015242,24.1522530282758,17.732972691906195,8.705553640958842
9.42,40.9503392809932,24.151885226708995,17.73142841313369,8.70744245477022
9.425,40.95054678101734,24.151518614310213,17.729885962605568,8.70933038074293
9.43,40.950752295334595,24.151153184974913,17.728345338136148,8.711217417683594
9.435,40.95095582904783,24.15078893262139,17.726806537539993,8.713103564404022
9.44,40.95115738725291,24.15042585119076,17.725269558631947,8.714988819721217
9.445,40.9513569750388,24.150063934646976,17.723734399227094,8.716873182457368
9.450000000000001,40.95155459748751,24.14970317697682,17.7222010571408,8.718756651439852
9.455,40.95175025967409,24.149343572189903,17.720669530188673,8.720639225501232
9.46,40.95194396666668,24.148985114318666,17.71913981618659,8.722520903479264
9.465,40.95213572352647,24.14862779741838,17.717611912950694,8.724401684216888
9.47,40.952325535307686,24.148271615567147,17.716085818297376,8.726281566562234
9.475,40.95251340705764,24.1479165628659,17.7145615300433,8.72816054936862
9.48,40.95269934381667,24.147562633438397,17.71303904600538,8.730038631494553
9.485,40.952883350618215,24.147209821431236,17.711518364000803,8.731915811803724
9.49,40.953065432488735,24.14685812101384,17.709999481847003,8.73379208916502
9.495000000000001,40.953245594447765,24.146507526378453,17.708482397361685,8.73566746245251
9.5,40.9534238415079,24.146158031740164,17.70696710836281,8.737541930545449
9.505,40.95360017867478,24.14580963133688,17.705453612668602,8.739415492328288
9.51,40.95377461094713,24.145462319429353,17.703941908097544,8.741288146690662
9.515,40.95394714331669,24.14511609030115,17.70243199246838,8.743159892527393
9.52,40.95411778076829,24.144770938258674,17.700923863600114,8.745030728738492
9.525,40.95428652827983,24.14442685763116,17.699417519312014,8.74690065422916
9.53,40.95445339082222,24.144083842770673,17.697912957423604,8.748769667909784
9.535,40.95461837335949,24.1437418880521,17.696410175754675,8.750637768695942
9.540000000000001,40.954781480848666,24.14340098787317,17.69490917212527,8.752504955508394
9.545,40.95494271823988,24.14306113665444,17.693409944355704,8.754371227273095
9.55,40.955102090476295,24.142722328839287,17.69191249026654,8.756236582921188
9.555,40.95525960249414,24.142384558893927,17.69041680767861,8.758101021388997
9.56,40.95541525922271,24.142047821307408,17.688922894413004,8.759964541618041
9.565,40.95556906558435,24.141712110591598,17.687430748291074,8.761827142555026
9.57,40.95572102649446,24.14137742128121,17.68594036713443,8.763688823151842
9.575000000000001,40.95587114686151,24.14104374793377,17.684451748764953,8.765549582365574
9.58,40.95601943158701,24.14071108512965,17.68296489100477,8.767409419158492
9.585,40.956165885565554,24.140379427472038,17.681479791676274,8.76926833249805
9.59,40.95631051368476,24.140048769586965,17.679996448602125,8.771126321356896
9.595,40.95645332082535,24.139719106123284,17.678514859605233,8.772983384712864
9.6,40.956594311861046,24.139390431752684,17.67703502250878,8.774839521548977
9.605,40.95673349165868,24.139062741169674,17.675556935136196,8.776694730853444
9.61,40.956870865078116,24.138736029091604,17.67408059531119,8.778549011619665
9.615,40.957006436972286,24.138410290258648,17.67260600085771,8.780402362846226
9.620000000000001,40.95714021218717,24.13808551943381,17.671133149599974,8.782254783536905
9.625,40.95727219556181,24.137761711402934,17.669662039362475,8.784106272700658
9.63,40.957402391928326,24.13743886097468,17.66819266796994,8.785956829351644
9.635,40.957530806111855,24.137116962980542,17.666725033247378,8.787806452509198
9.64,40.95765744293063,24.136796012274853,17.66525913302005,8.78965514119785
9.645,40.95778230719593,24.136476003734767,17.66379496511348,8.791502894447314
9.65,40.957905403712076,24.13615693226027,17.662332527353442,8.793349711292496
9.655,40.95802673727648,24.135838792774184,17.660871817565994,8.795195590773487
9.66,40.958146312679574,24.135521580222147,17.65941283357743,8.797040531935567
9.665000000000001,40.958264134704876,24.135205289572642,17.657955573214323,8.798884533829206
9.67,40.95838020812896,24.134889915816977,17.656500034303498,8.800727595510061
9.675,40.95849453772144,24.134575453969287,17.655046214672037,8.802569716038974
9.68,40.958607128245006,24.13426189906654,17.653594112147292,8.804410894481983
9.685,40.958717984455404,24.133949246168537,17.652143724556872,8.806251129910304
9.69,40.95882711110143,24.133637490357902,17.650695049728647,8.80809042140035
9.695,40.958934514403595,24.13332662665999,17.649248084807436,8.809928768231433
9.700000000000001,40.95904020560535,24.133016649823627,17.647802824615283,8.811766170359977
9.705,40.95914419038454,24.132707554882895,17.646359266545417,8.813602627003025
9.71,40.95924647367362,24.132399336927108,17.644917408333473,8.815438137283252
9.715,40.95934706039807,24.132091991062573,17.643477247716177,8.817272700327731
9.72,40.959445955476404,24.131785512412566,17.642038782431356,8.819106315267943
9.725,40.959543163820136,24.13147989611736,17.640602010217926,8.820938981239761
9.73,40.95963869033383,24.131175137334203,17.639166928815893,8.82277069738347
9.735,40.95973253991509,24.130871231237336,17.637733535966355,8.824601462843745
9.74,40.959824717454524,24.130568173017977,17.636301829411508,8.826431276769673
9.745000000000001,40.959915227835765,24.130265957884333,17.63487180689464,8.828260138314734
9.75,40.9600040759355,24.129964581061593,17.63344346616013,8.830088046636813
9.755,40.96009126662342,24.129664037791933,17.63201680495345,8.831915000898196
9.76,40.96017680476225,24.129364323334507,17.63059182102117,8.83374100026557
9.765,40.960260695207744,24.129065432965465,17.62916851211094,8.835566043910022
9.77,40.96034294280869,24.12876736197793,17.62774687597152,8.837390131007044
9.775,40.96042355240688,24.12847010568201,17.626326910352752,8.839213260736525
9.78,40.96050252883717,24.128173659404805,17.624908613005573,8.841035432282757
9.785,40.96057987692741,24.127878018490392,17.623491981682015,8.842856644834434
9.790000000000001,40.960655601498495,24.12758317829984,17.622077014135197,8.844676897584648
9.795,40.96072970736434,24.127289134211196,17.62066370811934,8.846496189730898
9.8,40.960802199331894,24.126995881619493,17.61925206138975,8.84831452047508
9.805,40.960873082201125,24.12670341593675,17.61784207170283,8.85013188902349
9.81,40.960942360765046,24.12641173259196,17.61643373681608,8.851948294586833
9.815,40.96101003980967,24.126120827031123,17.615027054488085,8.853763736380204
9.82,40.96107612411407,24.125830694717198,17.613622022478523,8.855578213623108
9.825000000000001,40.961140618450315,24.125541331130147,17.612218638548168,8.857391725539447
9.83,40.96120352758352,24.125252731766906,17.610816900458893,8.859204271357527
9.835,40.96126485627182,24.1249648921414,17.60941680597365,8.861015850310052
9.84,40.961324609266384,24.124677807784533,17.608018352856504,8.86282646163413
9.845,40.961382791311415,24.124391474244202,17.606621538872588,8.864636104571272
9.85,40.96143940714411,24.124105887085282,17.605226361788148,8.866444778367383
9.855,40.96149446149474,24.12382104188963,17.603832819370513,8.868252482272776
9.86,40.96154795908657,24.123536934256094,17.602440909388108,8.870059215542163
9.865,40.961599904635904,24.123253559800506,17.60105062961045,8.871864977434658
9.870000000000001,40.96165030285207,24.12297091415568,17.59966197780815,8.873669767213777
9.875,40.96169915843743,24.12268899297141,17.598274951752916,8.87547358414743
9.88,40.96174647608738,24.12240779191448,17.59688954921754,8.877276427507942
9.885,40.961792260490306,24.122127306668656,17.59550576797591,8.879078296572027
9.89,40.96183651632767,24.12184753293469,17.594123605803013,8.880879190620805
9.895,40.96187924827393,24.121568466430322,17.59274306047492,8.882679108939797
9.9,40.961920460996595,24.121290102890264,17.591364129768802,8.884478050818926
9.905,40.96196015915617,24.121012438066227,17.58998681146292,8.886276015552514
9.91,40.96199834740622,24.12073546772689,17.58861110333663,8.888073002439288
9.915000000000001,40.96203503039332,24.12045918765794,17.587237003170372,8.889869010782373
9.92,40.96207021275706,24.120183593662023,17.585864508745694,8.891664039889296
9.925,40.96210389913009,24.119908681558783,17.584493617845226,8.893458089071986
9.93,40.96213609413807,24.11963444718485,17.58312432825269,8.89525115764677
9.935,40.96216680239968,24.119360886393828,17.581756637752914,8.897043244934384
9.94,40.962196028526634,24.119087995056315,17.580390544131802,8.898834350259957
9.945,40.96222377712369,24.11881576905989,17.579026045176363,8.900624472953023
9.950000000000001,40.9622500527886,24.118544204309117,17.57766313867469,8.902413612347518
9.955,40.96227486011217,24.11827329672554,17.57630182241598,8.904201767781775
9.96,40.96229820367822,24.118003042247693,17.574942094190515,8.905988938598535
9.965,40.96232008806362,24.117733436831095,17.57358395178967,8.907775124144935
9.97,40.962340517838236,24.11746447644824,17.572227393005914,8.909560323772515
9.975,40.96235949756497,24.11719615708862,17.57087241563281,8.911344536837216
9.98,40.96237703179977,24.116928474758698,17.569519017465012,8.91312776269938
9.985,40.96239312509159,24.116661425481933,17.568167196298273,8.91491000072375
9.99,40.96240778198242,24.11639500529876,17.566816949929432,8.916691250279476
9.995000000000001,40.962421007007286,24.1161292102666,17.565468276156423,8.918471510740098
10.0,40.96243280469423,24.11586403645986,17.564121172778272,8.920250781483563
