time,X,Y,Z
0.0,0.83,0.34,0.25
0.025003125390673835,0.8268767887607874,0.33821488617989237,0.250248545091464
0.05000625078134767,0.8240352380024031,0.33641496033970036,0.2504900591246217
0.0750093761720215,0.8214655106120629,0.334602707391738,0.25072446425351846
0.10001250156269534,0.8191521907204093,0.33278048539656807,0.25095170013039897
0.12501562695336918,0.8170783760464969,0.33095046771920134,0.2511717134803846
0.150018752344043,0.815225826710317,0.32911464161890613,0.2513844577117526
0.17502187773471684,0.8135749652327973,0.3272748082492089,0.25158989291593625
0.20002500312539068,0.8121048765358025,0.325432582657894,0.2517879858675248
0.22502812851606452,0.8107933079421343,0.32358939378700347,0.2519787100242635
0.25003125390673836,0.8096166691755308,0.32174648447283744,0.25216204552705346
0.2750343792974122,0.8085500323606668,0.3199049114459538,0.25233797919995177
0.300037504688086,0.8075671320231542,0.3180655453311684,0.25250650455017165
0.32504063007875983,0.8066422428439634,0.31622907331010747,0.25266761909927443
0.35004375546943367,0.8057543241435395,0.3143959227308813,0.25282131891601
0.3750468808601075,0.8048808596257184,0.31256630161832,0.2529676065174179
0.40005000625078135,0.804001487545131,0.31074031975665733,0.25310648473405734
0.4250531316414552,0.8030982869461544,0.3089179922283987,0.2532379562798106
0.45005625703212904,0.8021557776629118,0.30709923941432127,0.2533620237518832
0.4750593824228029,0.8011609203192729,0.3052838869934741,0.2534786896308038
0.5000625078134767,0.8001031163288533,0.3034716659431778,0.253587956280424
0.5250656332041506,0.7989742078950148,0.30166221253902503,0.2536898259479187
0.5500687585948244,0.7977684805031331,0.29985507404990125,0.2537843007665945
0.5750718839854982,0.796483336603837,0.2980498792796155,0.2538713819479938
0.600075009376172,0.7951201720112353,0.29624622251352484,0.25395106824020025
0.6250781347668458,0.793683031459557,0.29444371091863175,0.25402335784841995
0.6500812601575197,0.7921783919121531,0.29264203075349704,0.2540882488207635
0.6750843855481935,0.7906151625614971,0.2908409473682398,0.25414573904824606
0.7000875109388673,0.789004684829185,0.2890403052045372,0.2541958262647875
0.7250906363295412,0.7873607323659344,0.287240027795625,0.2542385080472121
0.750093761720215,0.7856995110515862,0.28544011776629685,0.2542737818152488
0.7750968871108889,0.7840396589951026,0.2836406568329048,0.25430164483153106
0.8001000125015627,0.7824000484961321,0.28184182007556224,0.2543220968529779
0.8251031378922365,0.7808006998834254,0.2800440039774193,0.2543351406960941
0.8501062632829104,0.7792652047971247,0.27824776348562935,0.2543407787272723
0.8751093886735842,0.7778157368781604,0.27645374205655504,0.2543390176075807
0.9001125140642581,0.7764729844574348,0.2746626712913881,0.2543298683639834
0.9251156394549319,0.7752561505558215,0.2728753709361495,0.25431334638933983
0.9501187648456058,0.7741829528841658,0.2710927488816895,0.2542894714424052
0.9751218902362796,0.7732696238432845,0.26931580116368753,0.2542582676478305
1.0001250156269534,0.7725309105239657,0.2675456119626522,0.2542197634961621
1.0251281410176272,0.7719800747069696,0.2657833536039214,0.25417399184384215
1.0501312664083011,0.7716286633390542,0.26403027165001397,0.2541209900009261
1.0751343917989749,0.7714824143577257,0.26228752361604435,0.2540608024229689
1.1001375171896488,0.7715426281246465,0.26055634239549696,0.2539934810303322
1.1251406425803225,0.7718077819704411,0.2588379191798173,0.2539190822458869
1.1501437679709965,0.7722732004778651,0.25713335681053223,0.25383766685228476
1.1751468933616702,0.772931055481805,0.25544366977925015,0.2537492999919586
1.200150018752344,0.7737703660692787,0.25376978422766067,0.2536540511671222
1.225153144143018,0.7747769985794352,0.25211253794753485,0.2535519942397704
1.2501562695336916,0.7759336666035545,0.2504726803807251,0.25344320743167875
1.2751593949243656,0.7772199309850477,0.24885087261916528,0.25332777332440404
1.3001625203150393,0.7786136694893044,0.24724766625451094,0.2532057767957943
1.3251656457057133,0.7800929898334471,0.24566337136357555,0.25307730221348707
1.350168771096387,0.7816319444810182,0.24409813402588773,0.25294243980444264
1.375171896487061,0.7832054130416102,0.24255198677404846,0.25280127915288114
1.4001750218777347,0.784789400668853,0.24102484795099066,0.25265390878980487
1.4251781472684086,0.7863610380604148,0.23951652170997934,0.2525004161929984
1.4501812726590824,0.7878985814580011,0.2380266980146115,0.2523408877870286
1.4751843980497563,0.7893814126473555,0.23655495263881607,0.2521754089432447
1.50018752344043,0.7907900389582592,0.23510074716685417,0.2520040639797779
1.525190648831104,0.7921060932645312,0.23366342899331877,0.2518269361615419
1.5501937742217777,0.7933134365274681,0.23224228024646884,0.2516441066080024
1.5751968996124517,0.7944007571073842,0.23083656233962532,0.2514556514075739
1.6002000250031254,0.7953585102009839,0.2294454230509568,0.251261644424192
1.6252031503937991,0.7961798962578269,0.22806802382163802,0.25106215646288216
1.650206275784473,0.796860934548401,0.22670354456144062,0.2508572552006137
1.6752094011751468,0.7974004631641223,0.2253511836487333,0.2506470051862997
1.7002125265658208,0.7978001390173346,0.2240101579304817,0.25043146784079684
1.7252156519564945,0.79806443784131,0.22267970272224852,0.25021070145690594
1.7502187773471685,0.7982006541902484,0.2213590718081933,0.24998476119937124
1.7752219027378422,0.7982188884630643,0.22004753786842743,0.24975369912045994
1.8002250281285161,0.7981304191383017,0.2187444834781018,0.24951756629005778
1.8252281535191899,0.7979502453504286,0.2174494093226941,0.24927641025431418
1.8502312789098638,0.7976958780664394,0.21616187939568823,0.24903027616517776
1.8752344043005376,0.7973855347135946,0.2148815547102218,0.24877920884188587
1.9002375296912115,0.7970381391794207,0.21360819329908584,0.24852325277096454
1.9252406550818852,0.7966733218117095,0.21234165021472512,0.24826245210622852
1.9502437804725592,0.7963114194185189,0.21108187752923785,0.24799685066878116
1.975246905863233,0.795973475268173,0.20982892433437586,0.2477264919470146
2.000250031253907,0.7956812390892611,0.20858293674154457,0.24745141909660961
2.0252531566445806,0.7954568362724252,0.2073441537998481,0.24717167522561792
2.0502562820352543,0.7953188345476383,0.2061128920113959,0.24688730716075966
2.075259407425928,0.7952857616646833,0.20488961039880235,0.24659836262412418
2.1002625328166022,0.7953742097098035,0.2036748144550471,0.24630489099741423
2.125265658207276,0.7955978571728796,0.20246903586172454,0.24600694406830828
2.1502687835979497,0.7959674689474291,0.20127283248904357,0.24570457603046053
2.1752719089886234,0.7964908963306071,0.20008678839582766,0.24539784348350097
2.2002750343792976,0.7971730770232057,0.19891151382951494,0.2450868054330353
2.2252781597699713,0.7980160351296544,0.19774764522615812,0.24477152329064503
2.250281285160645,0.7990189373258632,0.1965958380112511,0.24445206077280623
2.275284410551319,0.8001775957528459,0.19545665856198785,0.244128483423768
2.300287535941993,0.8014826266502095,0.19433064602713174,0.2438008606282394
2.3252906613326667,0.8029222802535978,0.1932182835784337,0.24346926328600016
2.3502937867233404,0.8044829515438654,0.19211997556494143,0.24313376324026606
2.375296912114014,0.8061491802470783,0.19103604751299932,0.24279443327768901
2.400300037504688,0.8079036508345132,0.18996674612624864,0.24245134712835714
2.425303162895362,0.809727192522658,0.1889122392856273,0.24210457946579467
2.450306288286036,0.8115987792732112,0.1878726160493701,0.24175420590696198
2.4753094136767095,0.8134957924656391,0.18684788749895243,0.2414003027913126
2.5003125390673833,0.8153977964268927,0.18583796516245063,0.2410429441345085
2.5253156644580574,0.8172831132500964,0.18484261609586083,0.24068220470415275
2.550318789848731,0.8191307843040568,0.18386153997792054,0.2403181581720997
2.575321915239405,0.8209217073478459,0.18289438213630274,0.23995087612757793
2.6003250406300786,0.8226386365308002,0.18194073354761606,0.23958042807719032
2.625328166020753,0.824266182392522,0.18100013083740457,0.23920688144491412
2.6503312914114265,0.8257908118628782,0.18007205628014802,0.23883030157210083
2.6753344168021003,0.8272008482620009,0.1791559377992617,0.23845075171747632
2.700337542192774,0.8284864713002875,0.1782511489670964,0.23806829305714072
2.725340667583448,0.8296399421433879,0.17735703358616853,0.2376829845995811
2.750343792974122,0.8306570633017695,0.17647297543883556,0.2372948819940827
2.7753469183647956,0.8315362334883906,0.17559830692467066,0.2369040377399865
2.8003500437554694,0.8322780136097877,0.1747323869184216,0.2365105020786977
2.825353169146143,0.8328851524724479,0.1738746087905306,0.23611432301660124
2.8503562945368173,0.8333625867828087,0.17302440040713404,0.2357155463250617
2.875359419927491,0.8337174411472587,0.1721812241300627,0.2353142155404235
2.9003625453181647,0.8339590280721362,0.17134457681684165,0.2349103719640107
2.9253656707088385,0.8340988479637307,0.17051398982069027,0.23450405466212712
2.9503687960995126,0.8341505891282821,0.16968902899052218,0.23409530046605628
2.9753719214901864,0.8341281292660224,0.1688693247344341,0.23368414572735208
3.00037504688086,0.8340477311115005,0.16805461910446923,0.23327062506375884
3.025378172271534,0.8339282700658603,0.16724471717030448,0.2328547709135774
3.050381297662208,0.8337882358311723,0.16643948725613528,0.23243661583861136
3.0753844230528817,0.8336457316052188,0.16563886094559682,0.23201619252481903
3.1003875484435555,0.8335184740814943,0.1648428330817638,0.23159353378231323
3.125390673834229,0.8334237934492051,0.16405146176715057,0.23116867254536153
3.1503937992249034,0.8333786333932699,0.16326486836371107,0.230741641872386
3.175396924615577,0.8333995510943191,0.16248323749283897,0.2303124749459635
3.200400050006251,0.8335027172286952,0.16170681703536746,0.22988120507282536
3.2254031753969246,0.8337035925500369,0.1609359114360357,0.22944786586408264
3.2504063007875983,0.8340129655879793,0.16017083409138605,0.22901249355892936
3.2754094261782725,0.8344396302712243,0.1594119816587339,0.22857512553633186
3.300412551568946,0.8349901933071613,0.158659757930534,0.22813580011806786
3.32541567695962,0.8356684944905945,0.1579145543982929,0.22769455686287982
3.3504188023502937,0.836475606703743,0.15717675025256925,0.22725143656647495
3.375421927740968,0.83740983591624,0.15644671238297342,0.22680648126152522
3.4004250531316416,0.8384667211851334,0.15572479537816789,0.22635973421766747
3.4254281785223153,0.839639034654886,0.15501134152586696,0.22591123994150317
3.450431303912989,0.8409167815573746,0.15430668081283688,0.22546104417659868
3.475434429303663,0.8422881108799494,0.15361110918504395,0.22500919321514146
3.500437554694337,0.8437395753733485,0.15292481494473334,0.22455573343904228
3.5254406800850107,0.8452541105897703,0.15224794225051683,0.22410071309536847
3.5504438054756844,0.8468145555332327,0.1515805805679141,0.2236441800350965
3.5754469308663586,0.8484038068380233,0.1509227628176179,0.22318618160558287
3.6004500562570323,0.8500048187686992,0.15027446537549422,0.22272676465056407
3.625453181647706,0.8516006032200867,0.14963560807258197,0.22226597551015664
3.6504563070383798,0.8531742297172816,0.1490060541950933,0.2218038600208571
3.6754594324290535,0.8547088254156496,0.1483856104844134,0.2213404635155421
3.7004625578197277,0.8561875857447261,0.14777402737475923,0.22087583081783607
3.7254656832104014,0.857596160291728,0.14717103084864588,0.22041000499084584
3.750468808601075,0.858922453872353,0.14657626921623704,0.21994302740745617
3.775471933991749,0.8601553265203477,0.14598934593627552,0.21947493831071455
3.800475059382423,0.8612856500794615,0.14540985916579544,0.2190057762346505
3.8254781847730968,0.862306308203446,0.1448374017601223,0.21853557800427553
3.8504813101637705,0.8632121963560553,0.14427156127287294,0.2180643787355831
3.875484435554444,0.8640002218110461,0.14371191995595553,0.21759221183554858
3.9004875609451184,0.8646693036521771,0.14315805475956966,0.21711910900212944
3.925490686335792,0.8652203727732098,0.14260953733220624,0.21664510022426506
3.950493811726466,0.865656371877908,0.14206593402064752,0.2161702137818768
3.9754969371171396,0.8659821905541328,0.1415268087327347,0.21569447630046648
4.000500062507814,0.8662036951600146,0.14099179793013242,0.21521791361277023
4.0255031878984875,0.8663298624603977,0.14046056329229706,0.21474054906083284
4.050506313289161,0.866371261316841,0.1399327898535646,0.21426240471228603
4.075509438679835,0.8663393207751936,0.13940820672808496,0.21378350196268892
4.100512564070509,0.8662463300655954,0.138886587109822,0.21330386153552805
4.125515689461182,0.8661054386024766,0.13836774827255352,0.21282350348221743
4.150518814851856,0.8659306559845579,0.13785155156987136,0.21234244718209835
4.175521940242531,0.8657368519948506,0.1373379024351812,0.21186071134243964
4.2005250656332045,0.8655397566006565,0.13682675038170283,0.21137831399843748
4.225528191023878,0.8653559599097724,0.1363180890022495,0.21089527251323828
4.250531316414552,0.8652006756054331,0.13581195552321929,0.21041160485085514
4.275534441805226,0.8650884238852469,0.1353084637833252,0.2099273295217886
4.300537567195899,0.8650339249038365,0.13480777219740314,0.2094424647590144
4.325540692586573,0.8650500077934425,0.13431006201725065,0.20895702949508163
4.350543817977247,0.8651476106639238,0.1338155373316269,0.2084710433621128
4.3755469433679215,0.8653357806027571,0.13332442506625272,0.20798452669180373
4.400550068758595,0.8656216736750373,0.13283697498381064,0.20749750051542373
4.425553194149269,0.8660105549234773,0.1323534596839448,0.2070099865638154
4.450556319539943,0.8665057983684086,0.13187417460326098,0.2065220072673947
4.475559444930616,0.8671088699214452,0.13139942483599074,0.20603358569461944
4.50056257032129,0.8678178830396566,0.13092947747644237,0.20554474588128888
4.525565695711964,0.8686275792818746,0.13046460921227124,0.20505551314102816
4.550568821102638,0.8695311180984554,0.13000506830251182,0.20456591319487025
4.575571946493311,0.8705201560641896,0.12955106991604856,0.20407597211668224
4.600575071883986,0.8715848468783024,0.12910279613161596,0.20358571633316533
4.62557819727466,0.8727138413644527,0.12866039593779863,0.20309517262385485
4.650581322665333,0.8738942874707344,0.12822398523303116,0.2026043681211202
4.675584448056007,0.8751118302696754,0.12779364682559816,0.20211333031016496
4.700587573446681,0.8763507133794193,0.1273694305326892,0.2016220869815497
4.725590698837355,0.8775967202181892,0.12695133904107306,0.20113066493107032
4.750593824228028,0.8788347056812402,0.12653929920811016,0.20063909126612492
4.775596949618702,0.880049558844581,0.12613320211823184,0.20014739282092697
4.800600075009376,0.881227446141336,0.1257329113492646,0.19965559554671236
4.82560320040005,0.8823558113617447,0.12533826297242995,0.19916372451173947
4.850606325790724,0.8834233756531621,0.12494906555234467,0.19867180390128927
4.875609451181398,0.8844201375200587,0.12456510014702055,0.19817985701766513
4.900612576572072,0.8853373728240198,0.12418612030786455,0.19768790628019287
4.925615701962745,0.8861676347837467,0.12381185207967876,0.1971959732252209
4.950618827353419,0.8869047539750557,0.12344199400066036,0.19670407850612004
4.975621952744093,0.8875441813212956,0.12307624142264716,0.19621224184167219
5.0006250781347665,0.8880839712797141,0.12271430186074259,0.1957204813933888
5.025628203525441,0.8885237691311771,0.1223558554853625,0.19522881402486647
5.050631328916115,0.8888646864311801,0.12200059850654754,0.19473725568990657
5.075634454306789,0.8891093069544647,0.1216482441374485,0.19424582143572292
5.100637579697462,0.8892616866950188,0.12129852259432652,0.19375452540294183
5.125640705088136,0.8893273538660769,0.12095118109655299,0.19326338082560207
5.15064383047881,0.8893133089001195,0.12060598386660955,0.1927724000311548
5.1756469558694835,0.8892280244488736,0.1202627121300881,0.19228159444046378
5.200650081260157,0.8890814453833127,0.11992116411569084,0.19179097456780514
5.225653206650831,0.8888845424123967,0.11958115712140854,0.19130055023326986
5.250656332041506,0.8886475499657557,0.11924256119082834,0.1908103315822442
5.275659457432179,0.8883844168290156,0.11890529756490649,0.19032032713834116
5.300662582822853,0.8881092227915602,0.11856931802333816,0.18983054527736531
5.325665708213527,0.8878354688361901,0.11823460483329554,0.18934099454308326
5.3506688336042005,0.8875760771391226,0.11790117074942784,0.18885168364722366
5.375671958994874,0.8873433910699915,0.11756905901386124,0.1883626214694772
5.400675084385548,0.8871491751918477,0.11723834335619891,0.18787381705749653
5.425678209776222,0.8870046152611586,0.1169091279935211,0.18738527962689647
5.450681335166896,0.8869203182278084,0.11658154763038496,0.18689701856125374
5.47568446055757,0.8869063122350979,0.11625576745882472,0.18640904341210712
5.500687585948244,0.8869720466197447,0.1159319831583516,0.1859213638989575
5.5256907113389175,0.8871250060721119,0.11561039668577756,0.18543399029969232
5.550693836729591,0.8873683086895058,0.11529122055945867,0.18494693419529296
5.575696962120265,0.8877037039749172,0.1149746983815082,0.18446020756074846
5.600700087510939,0.888131181449006,0.11466105859155858,0.18397382280955485
5.6257032129016125,0.8886489565398649,0.11435051401163186,0.1834877927973542
5.650706338292286,0.8892534705830183,0.11404326184613976,0.18300213082193467
5.675709463682961,0.8899393908214233,0.11373948368188358,0.18251685062323042
5.7007125890736345,0.8906996104054689,0.11343934548805427,0.18203196638332178
5.725715714464308,0.8915252483929762,0.11314299761623242,0.1815474927264351
5.750718839854982,0.8924056497491989,0.11285057480038821,0.18106344471894284
5.775721965245656,0.8933283853468227,0.11256219615688148,0.1805798378693634
5.8007250906363295,0.8942816039613612,0.11227794291470172,0.18009668717852853
5.825728216027003,0.8952529023605293,0.11199782796717797,0.17961400772604538
5.850731341417677,0.8962283400059292,0.11172183752363063,0.17913181510671583
5.8757344668083515,0.8971948453674384,0.11144993284628904,0.1786501244281628
5.900737592199025,0.898140215923467,0.11118205025029046,0.17816895031083038
5.925740717589699,0.8990531181609586,0.11091810110367997,0.1776883068879836
5.950743842980373,0.8999230875753892,0.11065797182741056,0.17720820780570848
5.9757469683710465,0.9007405286707678,0.11040152389534304,0.1767286662229121
6.00075009376172,0.9014967149596366,0.11014859383424609,0.17624969481132266
6.025753219152394,0.9021837889630703,0.10989899322379629,0.17577130575548924
6.050756344543068,0.9027947675452296,0.10965250892690372,0.17529351075229269
6.075759469933741,0.9033246479286597,0.10940893461285191,0.17481632076976616
6.100762595324416,0.9037705880855575,0.10916804577100607,0.17433974566510735
6.12576572071509,0.9041308284900723,0.10892960394980669,0.17386379459166618
6.1507688461057635,0.9044049544288985,0.10869338020056629,0.17338847606357477
6.175771971496437,0.9045938960012753,0.10845915507746946,0.17291379795574766
6.200775096887111,0.9046999281189876,0.10822671863757283,0.17243976750388165
6.225778222277785,0.904726670506365,0.10799587044080504,0.17196639130445587
6.250781347668458,0.9046790877002825,0.10776641954996685,0.17149367531473178
6.275784473059132,0.9045634890501599,0.107538184530731,0.17102162485275313
6.300787598449807,0.9043875287179627,0.1073109934516423,0.170550244597346
6.3257907238404805,0.9041599709859428,0.10708468554021752,0.1700795386782217
6.350793849231154,0.9038889726762666,0.10685914201822011,0.1696095114334419
6.375796974621828,0.9035859820571452,0.10663427937413889,0.16914016605245605
6.400800100012502,0.9032630049280238,0.10641003712055619,0.16867150549385623
6.425803225403175,0.9029317360857149,0.10618637997370722,0.16820353280038525
6.450806350793849,0.9026035593243996,0.10596329785348005,0.1677362510989365
6.475809476184523,0.9022895474356274,0.10574080588341558,0.16726966360055412
6.500812601575197,0.9020004622083156,0.10551894439070761,0.1668037736004328
6.525815726965871,0.90174675442875,0.10529777890620279,0.166338584477918
6.550818852356545,0.9015385638805843,0.10507740016440063,0.1658740996965057
6.575821977747219,0.9013857193448407,0.10485792410345349,0.16541032280384269
6.600825103137892,0.9012977385999094,0.1046394918651666,0.16494725743172628
6.625828228528566,0.9012829354760584,0.10442225638970314,0.16448490752468278
6.65083135391924,0.9013456942688793,0.10420638032051696,0.16402327803632935
6.675834479309914,0.9014892051513657,0.1039920651160922,0.16356237418912475
6.700837604700587,0.9017150914662331,0.1037795035533144,0.16310220154758562
6.725840730091262,0.9020233464937657,0.10356887785902319,0.16264276603415403
6.750843855481936,0.9024123334518154,0.10336035971001216,0.16218407392919768
6.775846980872609,0.9028787854958024,0.10315411023302894,0.16172613187100957
6.800850106263283,0.9034178057187149,0.10295028000477517,0.16126894685580828
6.825853231653957,0.9040228671511092,0.10274900905190647,0.16081252623773795
6.850856357044631,0.9046858127611099,0.10255042685103252,0.16035687772886809
6.875859482435304,0.9053968554544094,0.10235465232871697,0.15990200939919377
6.900862607825978,0.906144704911406,0.10216179292251813,0.15944792963295326
6.925865733216652,0.9069194091555693,0.10197190775532562,0.158994646175318
6.950868858607326,0.9077092140444265,0.10178501022883141,0.15854216731183438
6.975871983998,0.908501872116004,0.10160109590988461,0.15809050143946052
7.000875109388674,0.9092858795859561,0.10142013951743722,0.15763965663801094
7.025878234779348,0.9100504763475661,0.10124209492254407,0.15718964067015656
7.050881360170021,0.9107856459717455,0.1010668951483629,0.15674046098142463
7.075884485560695,0.9114821157070342,0.10089445237015428,0.15629212470019885
7.100887610951369,0.9121313564796004,0.1007246579152817,0.15584463863771927
7.1258907363420425,0.9127255828932413,0.10055738226321151,0.15539800928808237
7.150893861732717,0.9132577532293819,0.10039247504551291,0.15495224282824094
7.175896987123391,0.9137216582685238,0.10022976797275292,0.1545073451077481
7.200900112514065,0.9141132938357557,0.10006910220372978,0.1540633213494799
7.225903237904738,0.9144300801604077,0.09991029067662249,0.15362017606488115
7.250906363295412,0.9146704951534954,0.09975314415358925,0.15317791331043798
7.275909488686086,0.9148342299485395,0.09959748060207027,0.1527365366974856
7.3009126140767595,0.9149221889015661,0.09944312519478785,0.15229604939220834
7.325915739467433,0.9149364895911065,0.09928991030974632,0.15185645411563953
7.350918864858107,0.9148804628181979,0.0991376755302321,0.1514177531436617
7.375921990248782,0.9147586526063821,0.09898626764481365,0.1509799483070064
7.400925115639455,0.9145768162017069,0.0988355406473415,0.15054304099125426
7.425928241030129,0.914341924072725,0.0986853557369482,0.150107032136835
7.450931366420803,0.9140619147277018,0.09853558294840137,0.1496719223146281
7.4759344918114765,0.9137441025963023,0.09838612873688199,0.14923771229574714
7.50093761720215,0.9133989769772248,0.09823692861135713,0.14880440198567044
7.525940742592824,0.9130375077863202,0.09808793712787657,0.14837199114910143
7.550943867983498,0.9126703532741948,0.09793912983108712,0.14794047964036006
7.575946993374172,0.9123078600262096,0.09779050325423255,0.14750986740338284
7.600950118764846,0.911960062962481,0.09764207491915373,0.1470801544717229
7.62595324415552,0.9116366853378802,0.0974938833362885,0.14665134096854981
7.6509563695461935,0.9113471387420334,0.09734598800467169,0.14622342710664976
7.675959494936867,0.911100523099322,0.09719846941193516,0.1457964131884254
7.700962620327541,0.9109056266688822,0.09705142903430782,0.14537029960589598
7.725965745718215,0.9107709260446053,0.09690498933661555,0.14494508684069726
7.750968871108888,0.9107042030529577,0.09675928765804093,0.1445207755402723
7.775971996499562,0.9107096176920908,0.09661446024413989,0.1440973671075549
7.800975121890237,0.9107896835030175,0.09647068114002709,0.1436748632894871
7.8259782472809105,0.9109456206711314,0.09632812019400538,0.1432532660780169
7.850981372671584,0.9111771978737596,0.09618693746138773,0.1428325777401043
7.875984498062258,0.9114827322801622,0.09604728320449732,0.1424128008177211
7.900987623452932,0.9118590895515325,0.09590929789266753,0.14199393812785105
7.925990748843605,0.9123016838409971,0.09577311220224188,0.1415759927624897
7.950993874234279,0.9128044777936155,0.09563884701657413,0.14115896808864456
7.975996999624953,0.9133599825463806,0.09550661342602816,0.14074286774833494
8.001000125015628,0.9139592577282184,0.09537651272797808,0.1403276956585921
8.026003250406301,0.9145919114599881,0.09524863642680817,0.1399134560114591
8.051006375796975,0.9152478489025769,0.09512305120560792,0.139500152794539
8.076009501187649,0.9159173375193763,0.09499977017519069,0.13908778986169043
8.101012626578322,0.9165888932090809,0.09487878888823596,0.1386763715440999
8.126015751968996,0.9172517746223644,0.09476008589398617,0.13826590193446114
8.15101887735967,0.9178960036368203,0.09464362264958297,0.13785638488119015
8.176022002750344,0.9185123653569609,0.09452934352006713,0.1374478239884249
8.201025128141017,0.9190924081142173,0.09441717577837866,0.13704022261602553
8.226028253531691,0.9196284434669401,0.09430702960535668,0.13663358387957436
8.251031378922365,0.9201135462003986,0.09419879808973954,0.13622791065037573
8.276034504313039,0.9205415543267816,0.0940923572281647,0.13582320555545613
8.301037629703712,0.9209070690851967,0.09398756592516884,0.13541947097756424
8.326040755094388,0.9212057321864721,0.09388427539522996,0.13501670903050755
8.351043880485062,0.9214353484587114,0.09378234494425794,0.13461492128294056
8.376047005875735,0.9215947455147836,0.09368160931643446,0.13421410882163742
8.401050131266409,0.9216838000871157,0.09358190886255861,0.13381427242383434
8.426053256657083,0.9217034755317388,0.09348309178194769,0.13341541256029132
8.451056382047756,0.921655821828288,0.09338501412243722,0.13301752939529238
8.47605950743843,0.9215439755800022,0.0932875397803809,0.13262062278664524
8.501062632829104,0.9213721600137244,0.09319054050065069,0.13222469228568162
8.526065758219778,0.9211456849799016,0.09309389587663676,0.13182973713725707
8.551068883610451,0.9208709469525843,0.09299749335024746,0.13143575627975101
8.576072009001125,0.9205554290294277,0.09290122821190938,0.13104274834506674
8.601075134391799,0.9202071846600034,0.09280500577656098,0.1306507117869331
8.626078259782473,0.9198336511880706,0.09270876597337864,0.13025964526975478
8.651081385173146,0.9194455340158336,0.09261247744681692,0.1298695467655645
8.67608451056382,0.9190534924229107,0.09251612603753409,0.12948041426535106
8.701087635954494,0.9186676716837124,0.09241971499699037,0.1290922458873079
8.726090761345167,0.9182977030674427,0.09232326498744782,0.128705039876833
8.751093886735843,0.9179527038380983,0.09222681408197049,0.1283187946065289
8.776097012126517,0.917641277254469,0.09213041776442431,0.12793350857620278
8.80110013751719,0.9173715125701369,0.09203414892947713,0.1275491804128664
8.826103262907864,0.917150985033478,0.09193809788259871,0.12716580887073606
8.851106388298538,0.9169867558876605,0.09184237234006074,0.12678339283123263
8.876109513689212,0.9168853723706458,0.09174709742893679,0.12640193130298163
8.901112639079885,0.9168527932714653,0.09165241413073306,0.12602142342999528
8.926115764470559,0.9168919917318405,0.09155845368022693,0.12564186880886322
8.951118889861233,0.9170031907796913,0.09146536967738564,0.12526326753236752
8.976122015251907,0.9171855639312052,0.09137331609194264,0.12488561988855573
9.00112514064258,0.9174370738726386,0.09128243538236168,0.12450892636083498
9.026128266033254,0.9177544724603164,0.0911928584958368,0.12413318762797186
9.051131391423928,0.9181333007206318,0.09110470486829238,0.12375840456409247
9.076134516814601,0.9185678888500469,0.09101808242438306,0.12338457823868249
9.101137642205275,0.9190513562150923,0.09093308757749381,0.12301170991658705
9.126140767595949,0.9195756113523671,0.09084980522973993,0.12263980105801085
9.151143892986623,0.920131351968539,0.09076830877196697,0.12226885331851806
9.176147018377298,0.9207080649403443,0.09068866008375082,0.12189886854903238
9.201150143767972,0.9212961172029754,0.09061090043670375,0.12152984833892805
9.226153269158646,0.9218861964560502,0.09053502424513582,0.12116179425824335
9.25115639454932,0.9224676562982814,0.09046100485198122,0.12079470819534804
9.276159519939993,0.9230307230475872,0.09038880258051886,0.12042859182023329
9.301162645330667,0.9235664976060531,0.09031836473348989,0.1200634465840793
9.32616577072134,0.9240669554599329,0.09024962559309772,0.11969927371925548
9.351168896112014,0.9245249466796474,0.09018250642100796,0.1193360742393203
9.376172021502688,0.9249341959197853,0.09011691545834846,0.11897384893902138
9.401175146893362,0.9252893024191032,0.0900527479257093,0.11861259839429542
9.426178272284035,0.925585740000525,0.08998988602314283,0.11825232296226824
9.45118139767471,0.9258198570711423,0.08992819893016357,0.11789302278125482
9.476184523065383,0.9259888766222145,0.08986754280574832,0.11753469777075921
9.501187648456057,0.9260911127813737,0.08980777509143718,0.1171773476420051
9.52619077384673,0.9261267865392695,0.08974876822452618,0.1168209716885337
9.551193899237404,0.9260972346891991,0.08969037581113322,0.11646556879444558
9.576197024628078,0.9260047033406783,0.08963246114943031,0.11611113764885753
9.601200150018752,0.9258523536141947,0.08957489830964982,0.11575767675011832
9.626203275409427,0.9256442616412082,0.0895175721340844,0.11540518440580874
9.6512064008001,0.9253854185641501,0.08946037823708701,0.11505365873274165
9.676209526190775,0.9250817305364243,0.08940322300507096,0.11470309765696185
9.701212651581448,0.9247400187224062,0.08934602359650987,0.11435349891374619
9.726215776972122,0.9243680192974433,0.08928870794193765,0.11400486004760353
9.751218902362796,0.9239743834478551,0.08923121474394854,0.11365717841227477
9.77622202775347,0.9235682554525724,0.08917349546417357,0.1133104512576611
9.801225153144143,0.9231579308762208,0.08911553578179486,0.11296467608514
9.826228278534817,0.9227537696229767,0.08905734706244207,0.11261985008290354
9.85123140392549,0.9223657635568209,0.08899895533284459,0.11227597051715194
9.876234529316164,0.9220031646967033,0.0889404015280958,0.11193303480115863
9.901237654706838,0.9216744852165439,0.08888174149165314,0.11159104049527033
9.926240780097512,0.9213874974452325,0.08882304597533801,0.11124998530690697
9.951243905488186,0.9211492338666284,0.08876440063933586,0.11090986709056172
9.97624703087886,0.9209659871195605,0.08870590605219614,0.11057068384780099
10.001250156269533,0.9208433099978276,0.08864767769083232,0.11023243372726445
10.026253281660207,0.9207860154501981,0.08858984594052187,0.10989511502466497
10.051256407050882,0.9207976184203538,0.08853254281346706,0.109558726228715
10.076259532441556,0.9208786093369616,0.08847590074410648,0.10922326624561954
10.10126265783223,0.9210279612298679,0.08842006511292735,0.10888873423832662
10.126265783222903,0.9212435078615806,0.08836517055748362,0.10855512953299024
10.151268908613577,0.9215219407170397,0.08831134071132242,0.10822245161884705
10.176272034004251,0.9218588090036168,0.08825868820398397,0.10789070014821647
10.201275159394925,0.9222485196511145,0.08820731466100167,0.10755987493650065
10.226278284785598,0.9226843373117678,0.08815731070390205,0.10722997596218446
10.251281410176272,0.9231583843602424,0.08810875595020476,0.1069010033668355
10.276284535566946,0.9236616408936364,0.08806171901342263,0.10657295745510408
10.30128766095762,0.9241840435449824,0.088016257537069,0.1062458386752236
10.326290786348293,0.9247170843865586,0.08797240726689322,0.10591964714661709
10.351293911738967,0.9252509824503026,0.08793016149476168,0.10559438330596739
10.37629703712964,0.9257756184596377,0.08788949631110574,0.10527004766454634
10.401300162520315,0.926281710411634,0.08785037562070329,0.10494664056296185
10.426303287910988,0.9267608135770079,0.08781275114267882,0.10462416217115776
10.451306413301662,0.9272053205001219,0.08777656241050343,0.10430261248841396
10.476309538692337,0.9276084609989853,0.08774173677199479,0.10398199134334636
10.501312664083011,0.9279643021652533,0.08770818938931717,0.10366229839390687
10.526315789473685,0.9282677483642277,0.08767582323898143,0.10334353312738341
10.551318914864359,0.9285145412348565,0.08764452911184499,0.10302569486039988
10.576322040255032,0.9287012596897344,0.0876141856131119,0.10270878273891623
10.601325165645706,0.928825319915102,0.08758465916233278,0.1023927957382284
10.62632829103638,0.9288851183343659,0.08755581371112445,0.10207773267411775
10.651331416427054,0.9288809069753156,0.08752753315136115,0.10176359206482637
10.676334541817727,0.9288141186519729,0.08749968160953436,0.10145037205981378
10.701337667208401,0.928687043253877,0.08747213102680827,0.10113807065372592
10.726340792599075,0.928502839310013,0.08744476381781593,0.10082668569679216
10.751343917989749,0.9282655339888121,0.08741747287065921,0.10051621489482533
10.776347043380422,0.9279800230981514,0.08739016154690883,0.10020665580922167
10.801350168771096,0.9276520710853543,0.08736274368160438,0.0998980058569609
10.82635329416177,0.9272883110371899,0.0873351435832543,0.09959026231060615
10.851356419552443,0.9268962446798735,0.08730729603383586,0.099283422298304
10.876359544943117,0.9264842423790663,0.0872791462887952,0.09897748280378449
10.901362670333793,0.9260614025955023,0.08725065056810694,0.0986724406902682
10.926365795724466,0.9256357534426833,0.08722179288332553,0.09836829305372935
10.95136892111514,0.9252170651950548,0.08719258725172373,0.09806503680326312
10.976372046505814,0.9248151571075306,0.08716306174958385,0.09776266885645413
11.001375171896488,0.9244390758539203,0.08713325829025718,0.09746118626567193
11.026378297287161,0.9240970955269293,0.08710323262416401,0.09716058621807108
11.051381422677835,0.9237967176381587,0.08707305433879355,0.096860866035591
11.076384548068509,0.9235446711181053,0.087042806858704,0.09656202317495614
11.101387673459183,0.9233469123161616,0.08701258744552257,0.09626405522767582
11.126390798849856,0.9232086250006158,0.08698250719794537,0.09596695992004436
11.15139392424053,0.923134220358652,0.08695269105173756,0.09567073511314102
11.176397049631204,0.9231270862753792,0.08692327006047193,0.09537537881544525
11.201400175021877,0.9231878164004825,0.08689436841325357,0.09508088935526565
11.226403300412551,0.9233151390025185,0.08686612592023274,0.0947872653327404
11.251406425803225,0.9235067136090899,0.08683867306341514,0.09449450548767523
11.276409551193899,0.9237591281465588,0.08681212932457255,0.09420260869666179
11.301412676584572,0.9240678989400467,0.08678660318524282,0.09391157397307769
11.326415801975248,0.9244274707134347,0.08676219212672989,0.09362140046708642
11.351418927365922,0.9248312165893628,0.08673898263010374,0.09333208746563747
11.376422052756595,0.9252714380892311,0.08671705017620046,0.0930436343924662
11.401425178147269,0.9257393651331984,0.0866964592456222,0.09275604080809392
11.426428303537943,0.9262251630914223,0.08667726331105957,0.092469306408715
11.451431428928617,0.9267199648110265,0.08665949537186542,0.09218343072640965
11.47643455431929,0.9272146922626722,0.08664315115920121,0.09189841337758568
11.501437679709964,0.9276995986334964,0.08662820988128993,0.09161425409341625
11.526440805100638,0.9281657299714632,0.08661463826230727,0.09133095247501802
11.551443930491311,0.9286049251853642,0.08660239054238156,0.09104850799345102
11.576447055881985,0.9290098160448179,0.08659140847759383,0.09076691998971874
11.601450181272659,0.9293738271802705,0.08658162133997782,0.09048618767476808
11.626453306663333,0.9296911760829951,0.08657294591751989,0.0902063101294894
11.651456432054006,0.929956873105092,0.08656528651415912,0.08992728630471647
11.67645955744468,0.9301667214594889,0.08655853494978728,0.0896491150212265
11.701462682835354,0.9303173172199406,0.08655257056024879,0.08937179496974008
11.726465808226028,0.9304061858424184,0.08654726839642532,0.08909532471127371
11.751468933616703,0.9304325668050889,0.08654251525428971,0.0888197025489819
11.776472059007377,0.9303968233761925,0.08653817800706758,0.08854492650720375
11.80147518439805,0.9303002165254147,0.086534129881166,0.08827099447363922
11.826478309788724,0.9301449177322539,0.08653025269990805,0.0879979042049665
11.851481435179398,0.9299340089860209,0.08652643688353283,0.087725653326842
11.876484560570072,0.9296714827858396,0.08652258144919545,0.08745423933390033
11.901487685960745,0.9293622421406462,0.08651859401096704,0.0871836595897543
11.92649081135142,0.9290121005691904,0.08651439077983472,0.08691391132699494
11.951493936742093,0.9286277821000338,0.08650989656370164,0.08664499164719146
11.976497062132767,0.9282169212715514,0.08650504476738695,0.0863768975208913
12.00150018752344,0.9277879676150989,0.08649977780696266,0.08610962580174544
12.026503312914114,0.9273484780548712,0.08649406456615295,0.08584317351595981
12.051506438304788,0.9269078929776777,0.08648790276054816,0.08557753750969935
12.076509563695462,0.9264759884070336,0.08648130400559453,0.08531271460472199
12.101512689086135,0.9260619118928634,0.08647429438568922,0.0850487017282287
12.126515814476809,0.9256741825115008,0.08646691445418017,0.0847854959128635
12.151518939867483,0.9253206908656894,0.08645921923336625,0.08452309429671341
12.176522065258158,0.9250086990845815,0.08645127821449713,0.08426149412330852
12.201525190648832,0.9247448408237393,0.0864431753577734,0.08400069274162197
12.226528316039506,0.924535121265134,0.08643500909234648,0.08374068760606992
12.25153144143018,0.9243849171171464,0.08642689231631866,0.08348147627651155
12.276534566820853,0.9242989059538489,0.08641895024363418,0.08322305642226133
12.301537692211527,0.9242794107079457,0.08641130051733281,0.08296542595503856
12.3265408176022,0.9243264210807328,0.0864040803384126,0.08270858306507678
12.351543942992874,0.9244388180261159,0.08639742442028954,0.08245252607979288
12.376547068383548,0.9246143623226198,0.08639145768113592,0.0821972534558252
12.401550193774222,0.924849694573388,0.08638629524388015,0.08194276377903355
12.426553319164896,0.9251403352061827,0.08638204243620697,0.08168905576449925
12.45155644455557,0.9254806844733854,0.08637879479055721,0.08143612825652506
12.476559569946243,0.9258640224519962,0.08637663804412801,0.08118398022863527
12.501562695336917,0.9262825090436341,0.08637564813887269,0.0809326107835756
12.52656582072759,0.9267271839745367,0.08637589122150079,0.08068201915331324
12.551568946118264,0.9271883975056124,0.08637742295666165,0.08043220463675654
12.576572071508938,0.9276581829762575,0.08638026883274622,0.08018316630011685
12.601575196899613,0.928126707328128,0.08638442026380455,0.07993490353585049
12.626578322290287,0.9285844109826517,0.0863898555494092,0.07968741570461971
12.651581447680961,0.9290225302756977,0.08639654107795505,0.07944070205507185
12.676584573071635,0.9294330974575763,0.0864044313266594,0.07919476172383955
12.701587698462308,0.929808940693039,0.08641346886156191,0.07894959373554056
12.726590823852982,0.9301436840612786,0.08642358433752463,0.0787051970027779
12.751593949243656,0.9304317475559288,0.08643469649823197,0.07846157032613975
12.77659707463433,0.930668347085065,0.08644671217619077,0.07821871239419952
12.801600200025003,0.9308494944712034,0.08645952629273017,0.0779766217835158
12.826603325415677,0.9309719974513015,0.08647302185800178,0.07773529695863239
12.85160645080635,0.9310334596767582,0.08648706997097952,0.07749473627207831
12.876609576197025,0.9310327107197434,0.08650155190013062,0.07725493796176626
12.901612701587698,0.9309703523998335,0.08651635018856856,0.07701589998669733
12.926615826978372,0.9308478821825746,0.0865313357023008,0.07677762012123283
12.951618952369046,0.930667655483392,0.08654638906505127,0.07654009604004991
12.97662207775972,0.930432885671127,0.08656140065863749,0.07630332531814223
13.001625203150393,0.9301476440680367,0.08657627062297059,0.07606730543081998
13.026628328541069,0.9298168599497945,0.08659090885605536,0.07583203375370991
13.051631453931742,0.9294463205454895,0.0866052350139902,0.0755975075627553
13.076634579322416,0.9290426710376268,0.08661917851096712,0.07536372403421596
13.10163770471309,0.9286134145621278,0.0866326785192718,0.07513068024466824
13.126640830103764,0.9281669122083295,0.08664568396928347,0.07489837317100499
13.151643955494437,0.9277119163084118,0.08665815584486161,0.07466679975175533
13.176647080885111,0.9272563497894035,0.08667008823767679,0.07443595709765344
13.201650206275785,0.9268100903735677,0.08668149815308845,0.07420584214151103
13.226653331666459,0.9263825758298196,0.08669241597167554,0.07397645188497085
13.251656457057132,0.9259824934089227,0.08670288573533405,0.07374778343528787
13.276659582447806,0.9256177798434879,0.08671296514727708,0.07351983400532945
13.30166270783848,0.9252956213479745,0.08672272557203481,0.07329260091357516
13.326665833229153,0.9250224536186897,0.08673225203545445,0.07306608158411693
13.351668958619827,0.9248039618337888,0.08674164322470036,0.07284027354665894
13.376672084010501,0.9246450806532746,0.08675101148825391,0.07261517443651769
13.401675209401175,0.9245499942189984,0.0867604828359136,0.07239078199462194
13.426678334791848,0.9245216230037948,0.08677018395648783,0.07216709409143894
13.451681460182524,0.9245599667364739,0.08678024165998317,0.07194410886668504
13.476684585573198,0.9246635390217393,0.08679079396150115,0.07172182463429298
13.501687710963871,0.9248298037542136,0.08680196833072781,0.07150023981685996
13.526690836354545,0.9250551735270104,0.08681388149973582,0.07127935294550643
13.551693961745219,0.9253350096317334,0.08682663946298445,0.07105916265987602
13.576697087135893,0.9256636220584776,0.08684033747731958,0.07083966770813564
13.601700212526566,0.9260342694958279,0.08685506006197367,0.07062086694697538
13.62670333791724,0.9264391593308602,0.08687088099856584,0.07040275934160854
13.651706463307914,0.9268694476491408,0.08688786333110177,0.07018534396577168
13.676709588698587,0.9273153206612421,0.08690605921729419,0.06996861999203204
13.701712714089261,0.927768345663582,0.08692549635187732,0.06975258643356008
13.726715839479935,0.9282192547453464,0.0869461676572266,0.06953724245032149
13.751718964870609,0.9286585640942885,0.08696805157846722,0.06932258723719939
13.776722090261282,0.9290775757750857,0.08699111412386708,0.06910861989684157
13.801725215651956,0.9294683777293399,0.08701530886483667,0.0688953394396604
13.82672834104263,0.9298238437755774,0.08704057693592915,0.06868274478383286
13.851731466433304,0.9301376336092484,0.0870668470348403,0.06847083475530057
13.876734591823979,0.9304041928027281,0.08709403542240854,0.06825960808776971
13.901737717214653,0.9306187528053155,0.08712204592261494,0.06804906342271114
13.926740842605327,0.9307773309432343,0.08715076992258323,0.06783919930936026
13.951743967996,0.9308767304196324,0.08718008637257975,0.06763001420471715
13.976747093386674,0.9309147442547792,0.08720987342824701,0.06742150647053281
14.001750218777348,0.9308908876066901,0.08724001698330591,0.06721367425952
14.026753344168021,0.9308057067083942,0.08727038437244347,0.06700651553782971
14.051756469558695,0.9306606452367955,0.08730085065363838,0.066800028176366
14.076759594949369,0.930458050696244,0.08733129955041995,0.06659420995229817
14.101762720340043,0.9302011744185361,0.08736162345186815,0.06638905854906078
14.126765845730716,0.9298941715629148,0.08739172341261361,0.06618457155635371
14.15176897112139,0.9295421011160685,0.0874215091528376,0.06598074647014207
14.176772096512064,0.9291509258921326,0.08745089905827202,0.06577758069265623
14.201775221902738,0.9287275125326879,0.08747982018019944,0.06557507153239187
14.226778347293411,0.9282796315067622,0.08750820823545308,0.0653732162041099
14.251781472684085,0.9278157867355057,0.08753600843558705,0.06517201184823955
14.276784598074759,0.9273435646833188,0.08756319523458467,0.06497145575121918
14.301787723465434,0.9268725807845769,0.08758977020128891,0.0647715450473684
14.326790848856108,0.9264125471023065,0.08761574884447974,0.0645722768807734
14.351793974246782,0.9259725283995662,0.08764116131916358,0.06437364848226235
14.376797099637455,0.9255609421394473,0.08766605242657337,0.06417565716940547
14.40180022502813,0.9251855584850726,0.08769048161416855,0.06397830034651501
14.426803350418803,0.9248535002995976,0.08771452297563505,0.06378157550464526
14.451806475809477,0.9245712431462101,0.08773826525088527,0.06358548022159252
14.47680960120015,0.9243446152881296,0.08776181182605815,0.06339001216189515
14.501812726590824,0.9241787976886086,0.0877852807335191,0.06319516907683351
14.526815851981498,0.9240781874228993,0.08780880077595771,0.0630009488106823
14.551818977372172,0.9240445910808749,0.08783249360113016,0.06280734941593102
14.576822102762845,0.9240777036349991,0.08785650130321358,0.06261436914847054
14.601825228153519,0.9241761231410887,0.0878809606700869,0.06242200637102366
14.626828353544193,0.9243373329311947,0.0879059984419106,0.062230259549974555
14.651831478934866,0.9245577016136025,0.0879317313111267,0.062039127255368885
14.67683460432554,0.9248324830728312,0.08795826592245884,0.06184860816091373
14.701837729716214,0.925155816469634,0.08798569887291215,0.06165870104397763
14.72684085510689,0.9255207262409981,0.08801411671177337,0.06146940478559051
14.751843980497563,0.925919122100145,0.08804359594061077,0.0612807183704438
14.776847105888237,0.92634179903653,0.0880742030132742,0.06109264088689033
14.80185023127891,0.9267792136933956,0.08810599269436196,0.06090517144084675
14.826853356669584,0.9272232872951253,0.08813898458514176,0.06071830899925148
14.851856482060258,0.927663991755181,0.08817316752327137,0.060532052791833914
14.876859607450932,0.9280918498328685,0.08820851762643155,0.06034640199441832
14.901862732841606,0.9284981898665692,0.08824499876357843,0.06016135569877419
14.92686585823228,0.9288751457737401,0.08828256255494361,0.05997691291261626
14.951868983622953,0.9292156570509142,0.08832114837203406,0.05979307255960446
14.976872109013627,0.9295134687737003,0.08836068333763218,0.05960983347934398
15.0018752344043,0.929763131596783,0.08840108232579577,0.059427194427385206
15.026878359794974,0.9299600017539226,0.08844224796185804,0.05924515407522377
15.051881485185648,0.9301002410579552,0.08848407062242762,0.05906371101030052
15.076884610576322,0.9301808169007927,0.08852642843538852,0.05888286373600153
15.101887735966995,0.9301995044184627,0.08856918749679059,0.0587026106719274
15.12689086135767,0.9301554307817951,0.08861222910550928,0.05852295014452732
15.151893986748345,0.9300494315218398,0.08865542900087646,0.05834388025567153
15.176897112139018,0.9298832228756744,0.08869865528581553,0.058165398982877606
15.201900237529692,0.9296593863524922,0.0887417862799817,0.057987504229171795
15.226903362920366,0.9293813687336034,0.08878471051976201,0.05781019382308906
15.25190648831104,0.9290534820724343,0.08882732675827529,0.057633465518673106
15.276909613701713,0.9286809036945276,0.0888695439653722,0.057457316995476335
15.301912739092387,0.9282696761975424,0.08891128132763515,0.057281745858559885
15.32691586448306,0.9278267074512542,0.08895246824837844,0.057106749638493604
15.351918989873734,0.9273597705975548,0.08899304434764811,0.05693232579135605
15.376922115264408,0.9268775040504523,0.08903295946222207,0.05675847169873452
15.401925240655082,0.9263887345361521,0.08907217744200688,0.05658518473761259
15.426928366045756,0.9259016886854231,0.08911069840539128,0.0564124624062732
15.45193149143643,0.9254264484173883,0.08914854368115492,0.05624030207065251
15.476934616827103,0.9249724889689416,0.08918574863582239,0.05606870116817005
15.501937742217777,0.9245485084320432,0.0892223629150904,0.05589765722358849
15.52694086760845,0.9241624277537202,0.08925845044382776,0.055727167849013666
15.551943992999124,0.9238213907360656,0.08929408942607536,0.05555723074389454
15.5769471183898,0.9235317640362396,0.08932937234504626,0.055387843695023246
15.601950243780474,0.9232991371664685,0.08936440596312557,0.055219004576535065
15.626953369171147,0.9231283224940453,0.08939931132187055,0.055050711349908424
15.651956494561821,0.9230233545466042,0.08943422368606238,0.05488296206395074
15.676959619952495,0.9229866808700392,0.08946927358965513,0.05471575488713485
15.701962745343168,0.923017852452058,0.08950459942809988,0.05454908820924342
15.726965870733842,0.9231151011617463,0.0895403449925426,0.05438296054247877
15.751968996124516,0.9232755904717739,0.08957664280263035,0.054217370488370185
15.77697212151519,0.923495415458395,0.08961361410651132,0.05405231673777389
15.801975246905863,0.9237696028014478,0.08965136888083479,0.05388779807087302
15.826978372296537,0.924092110784355,0.08969000583075111,0.053723813357177706
15.85198149768721,0.9244558292941234,0.08972961238991178,0.053560361555524974
15.876984623077885,0.924852579821344,0.08977026472046937,0.05339744171407882
15.901987748468558,0.9252731154601916,0.08981202771307753,0.05323505297033018
15.926990873859232,0.9257074521751457,0.08985495405716296,0.053073194520634644
15.951993999249906,0.9261472031660103,0.08989906468184933,0.05291186542965542
15.97699712464058,0.9265825826689,0.08994434908594098,0.05275106492938906
16.002000250031255,0.9270040828821001,0.08999078287526971,0.05259079223196236
16.027003375421927,0.9274029947986574,0.09003832835611132,0.05243104647838006
16.052006500812602,0.9277714082063816,0.09008693453518564,0.052271826738524686
16.077009626203274,0.9281022116878438,0.0901365371196565,0.05211313201115679
16.10201275159395,0.9283890926203775,0.09018705851713178,0.051954961223914714
16.127015876984622,0.9286265371760781,0.09023840783566336,0.05179731323331479
16.152019002375297,0.9288098303218033,0.09029048088374714,0.05164018682475116
16.17702212776597,0.9289350558191728,0.09034316017032304,0.05148358071249595
16.202025253156645,0.928999096589673,0.09039631494104257,0.05132749353972459
16.22702837854732,0.9290000838080352,0.09044982324029625,0.05117192386251258
16.252031503937992,0.9289378163405572,0.09050355630156025,0.05101687004780232
16.277034629328668,0.928813029246023,0.09055737485315511,0.05086233034889649
16.30203775471934,0.9286273922367049,0.09061114865145015,0.05070830294426714
16.327040880110015,0.9283835096783626,0.09066475648086343,0.05055478593755546
16.352044005500687,0.9280849205902441,0.09071808615386177,0.050401777357571995
16.377047130891363,0.9277360986450849,0.09077103451096076,0.05024927515829645
16.402050256282035,0.9273424521691088,0.09082350742072474,0.05009727721887786
16.42705338167271,0.9269103241420272,0.0908754197797668,0.04994578134363446
16.452056507063382,0.9264469921970397,0.09092669551274883,0.049794785262053796
16.477059632454058,0.9259606686208335,0.09097726757238142,0.04964428662879259
16.50206275784473,0.9254598886827179,0.0910270820844041,0.049494283080501765
16.527065883235405,0.9249527478649417,0.09107612253445016,0.04934477234616459
16.552069008626077,0.924449475317036,0.09112439325939344,0.049195752013867444
16.577072134016753,0.9239598585150552,0.09117191400313149,0.0490472197252498
16.602075259407425,0.9234930368095483,0.09121872039766224,0.04889917319284857
16.6270783847981,0.9230575014255581,0.09126486396308404,0.04875161020009791
16.652081510188776,0.9226610954626222,0.09131041210759566,0.04860452860132941
16.677084635579448,0.922311013894772,0.0913554481274962,0.04845792632177199
16.702087760970123,0.9220138035705334,0.09140007120718524,0.04831180135755185
16.727090886360795,0.9217753632129267,0.0914443964191627,0.048166151775692626
16.75209401175147,0.9216009434194662,0.09148855472402895,0.04802097571411521
16.777097137142142,0.9214946130827528,0.09153268146851207,0.04787627140522004
16.802100262532818,0.9214573847907469,0.09157691342173904,0.04773203728350359
16.82710338792349,0.9214887581976958,0.09162140488463175,0.047588271908755087
16.852106513314165,0.9215870748579346,0.09166630031061813,0.047444973928610225
16.877109638704837,0.9217495091026725,0.09171173368086143,0.04730214207868309
16.902112764095513,0.9219720680399925,0.09175782850426015,0.047159775182566095
16.927115889486185,0.922249591554852,0.09180469781744809,0.04701787215183003
16.95211901487686,0.9225757523090821,0.09185244418479431,0.046876431986023995
16.977122140267532,0.922943055741388,0.09190115969840316,0.046735453772675524
17.002125265658208,0.9233428400673493,0.09195092597811429,0.046594936687290416
17.02712839104888,0.923765276279419,0.09200181417150259,0.046454879993352904
17.052131516439555,0.9242013188813215,0.09205387682132476,0.04631528287524659
17.07713464183023,0.9246418646705724,0.09210712249761221,0.04617614456067677
17.102137767220903,0.9250765640490738,0.09216153827595193,0.046037464410341344
17.12714089261158,0.9254958782637163,0.09221709752931757,0.04589924171955962
17.15214401800225,0.9258910798207605,0.09227375992801116,0.0457614757182345
17.177147143392926,0.926254252485837,0.09233147143966314,0.04562416557085233
17.202150268783598,0.9265782912839469,0.09239016432923233,0.04548731037648304
17.227153394174273,0.9268569024994608,0.09244975715900601,0.045350909168780026
17.252156519564945,0.9270846036761202,0.0925101547885998,0.04521496091598025
17.27715964495562,0.9272567236170359,0.09257124837495778,0.04507946452090413
17.302162770346293,0.9273694023846893,0.0926329153723524,0.04494441882095569
17.327165895736968,0.9274195913009319,0.09269501953238456,0.04480982258812237
17.35216902112764,0.927405221310177,0.09275742040695516,0.04467567452888713
17.377172146518316,0.9273261525126708,0.09281999503488682,0.0445419732096154
17.402175271908987,0.9271833833859755,0.09288259768639101,0.044408717044074196
17.427178397299663,0.9269788150933905,0.0929450900643122,0.04427590437836137
17.452181522690335,0.9267152732753328,0.09300734427426853,0.04414353349450478
17.47718464808101,0.9263965080493357,0.09306924282465188,0.04401160261046218
17.502187773471686,0.9260271940100503,0.09313067862662781,0.04388010988012131
17.527190898862358,0.9256129302292444,0.09319155499413559,0.043749053393299896
17.552194024253033,0.9251602402558031,0.09325178564388824,0.043618431175745535
17.577197149643705,0.9246765721157285,0.09331129469537242,0.043488241189135864
17.60220027503438,0.9241702983121395,0.09337001667084857,0.0433584813310784
17.627203400425053,0.9236505910096137,0.09342789707691927,0.043229149445042886
17.65220652581573,0.9231256206112819,0.0934849124433746,0.043100243485026876
17.6772096512064,0.9226054283465316,0.09354107154874952,0.04297176131580665
17.702212776597076,0.9221002180066306,0.0935963988707847,0.04284370080651999
17.727215901987748,0.9216194546433347,0.09365093508411233,0.0427160598958162
17.752219027378423,0.9211718645688877,0.09370473706025609,0.04258883659185599
17.777222152769095,0.9207654353560211,0.09375787786763112,0.04246202897231161
17.80222527815977,0.9204074158379542,0.09381044677154414,0.0423356351843667
17.827228403550443,0.9201043161083944,0.09386254923419327,0.04220965344471644
17.852231528941118,0.9198619075215367,0.09391430691466819,0.04208408203956739
17.87723465433179,0.9196852226920645,0.09396585766895005,0.041958919324637675
17.902237779722466,0.9195783100771664,0.09401734834797008,0.04183416373323409
17.92724090511314,0.9195423387317158,0.09406891968566779,0.04170981386551839
17.952244030503813,0.9195765274616885,0.09412073304113251,0.04158586846088829
17.97724715589449,0.9196789441880674,0.09417294088044083,0.04146232633886327
18.00225028128516,0.919846493124021,0.09422568415544652,0.04133918639808156
18.027253406675836,0.9200749147749042,0.09427909230378062,0.04121644761629995
18.052256532066508,0.9203587859382582,0.09433328324885137,0.04109410905039396
18.077259657457184,0.9206915197038097,0.09438836339984424,0.040972169836357694
18.102262782847856,0.9210653654534721,0.09444442765172194,0.04085062918930399
18.12726590823853,0.9214714088613445,0.0945015593852244,0.04072948640346425
18.152269033629203,0.9218995718937124,0.09455983046686878,0.04060874085218863
18.17727215901988,0.9223405601010113,0.09461929463725846,0.040488391837586256
18.20227528441055,0.9227850709410561,0.09467995972197935,0.040368438699842364
18.227278409801226,0.9232225247292263,0.09474180929708365,0.04024888090350613
18.252281535191898,0.9236431887416039,0.09480481283836191,0.04012971785158619
18.277284660582573,0.9240381781605956,0.09486892572207496,0.04001094888547212
18.302287785973245,0.9243994560749321,0.09493408922495376,0.039892573284934535
18.32729091136392,0.9247198334796689,0.09500023052419956,0.03977459026812501
18.352294036754596,0.9249929692761855,0.09506726269748383,0.03965699899157615
18.37729716214527,0.9252133702721855,0.09513508472294821,0.03953979855020158
18.402300287535944,0.9253763911816976,0.09520358147920463,0.039422987977295855
18.427303412926616,0.9254782346250742,0.09527262374533517,0.0393065662445346
18.45230653831729,0.9255159511289921,0.0953420682008922,0.03919053226197439
18.477309663707963,0.9254875201589291,0.09541176315048938,0.03907488487952256
18.50231278909864,0.9253927808423649,0.09548158002930805,0.038959622838179477
18.52731591448931,0.9252329429645507,0.09555136782405152,0.03884474472222962
18.552319039879986,0.9250101196257163,0.09562098036057495,0.038730249050197334
18.577322165270658,0.9247273546641244,0.0956902829222042,0.03861613428353267
18.602325290661334,0.9243886226560701,0.09575915224973584,0.03850239882661124
18.627328416052006,0.9239988289158819,0.09582747654143713,0.03838904102673431
18.65233154144268,0.9235638094959203,0.09589515545304605,0.038276059174128726
18.677334666833353,0.9230903311865791,0.09596210009777131,0.03816345150194702
18.70233779222403,0.9225860915162847,0.09602823304629231,0.03805121618626727
18.7273409176147,0.9220597187514963,0.09609348832675912,0.03793935134609324
18.752344043005376,0.9215207223807704,0.09615781162459898,0.03782785504685001
18.77734716839605,0.9209776484163269,0.09622117778456922,0.03771672544674868
18.802350293786724,0.9204405676884386,0.09628359870933932,0.03760596065141829
18.8273534191774,0.9199199847231173,0.09634510322862021,0.03749555875371358
18.85235654456807,0.9194256119742651,0.09640573703166445,0.03738551791242978
18.877359669958746,0.9189663698236733,0.0964655626672664,0.03727583635230239
18.90236279534942,0.9185503865810234,0.09652465954376202,0.037166512364007406
18.927365920740094,0.9181849984838862,0.09658312392902905,0.03705754430416116
18.952369046130766,0.9178767496977227,0.09664106895048695,0.036948930595320395
18.97737217152144,0.9176313923158835,0.09669862459509683,0.036840669725982225
19.002375296912113,0.9174538863596088,0.09675593770936156,0.036732760250584195
19.02737842230279,0.917348170625156,0.09681316457177659,0.03662520079590059
19.05238154769346,0.917315291696642,0.09687045432353843,0.036517990139659166
19.077384673084136,0.9173542663939263,0.09692797694444388,0.03641112718979594
19.10238779847481,0.9174629368449437,0.09698589287247397,0.03630461092818701
19.127390923865484,0.9176379620309052,0.09704435020923124,0.036198440409442374
19.152394049256156,0.917874817786296,0.09710348471993974,0.036092614760906035
19.17739717464683,0.918167796798877,0.09716341983344504,0.03598713318265589
19.202400300037503,0.9185100086096838,0.09722426664221426,0.03588199494750382
19.22740342542818,0.9188933796130275,0.09728612390233603,0.035777199400995635
19.252406550818854,0.9193086530564941,0.0973490780335205,0.035672745961411116
19.277409676209526,0.9197453991597212,0.09741320309665485,0.03556863411906862
19.3024128016002,0.9201941618650256,0.09747854737925313,0.03546486329856236
19.327415926990874,0.9206450787390053,0.09754511550427804,0.03536143298226402
19.35241905238155,0.9210875792675093,0.09761289286366243,0.03525834271220236
19.37742217777222,0.9215119072816148,0.09768184866687266,0.03515559197918524
19.402425303162897,0.9219091209576287,0.0977519359409087,0.03505318022279953
19.42742842855357,0.922271092817086,0.097823091530304,0.03495110683141122
19.452431553944244,0.9225905097267512,0.09789523609712558,0.0348493711421653
19.477434679334916,0.9228608728986173,0.09796827412097404,0.034747972440985854
19.50243780472559,0.9230764978899065,0.0980420938989835,0.034646909962575995
19.527440930116263,0.92323251460307,0.09811656754582161,0.034546182890417935
19.55244405550694,0.9233248672857874,0.09819155099368962,0.03444579035677289
19.57744718089761,0.9233506443037489,0.09826689923395736,0.03434573143288121
19.602450306288286,0.9233088557477052,0.09834247062639877,0.03424600505467262
19.62745343167896,0.9231995183630851,0.09841810160520317,0.03414661005832413
19.652456557069634,0.9230236786071241,0.09849363729978804,0.034047545217917745
19.67745968246031,0.9227834199786195,0.09856893218519137,0.033948809245657456
19.70246280785098,0.9224818630179307,0.09864385008207184,0.03385040079186921
19.727465933241657,0.9221231653069794,0.09871826415670874,0.033752318445000894
19.75246905863233,0.9217125214692494,0.09879205692100192,0.03365456073162237
19.777472184023004,0.9212561631697865,0.09886512023247193,0.03355712611642541
19.802475309413676,0.9207613591151989,0.09893735529425986,0.03346001300222382
19.827478434804352,0.9202364150536564,0.09900867265512746,0.03336321972995329
19.852481560195024,0.9196901588290425,0.09907899627767298,0.03326674461349057
19.8774846855857,0.9191309676725345,0.09914829199189595,0.03317058603235504
19.90248781097637,0.9185696706050249,0.09921654976797561,0.03307474224562617
19.927490936367047,0.91801681647748,0.0992837780385621,0.03297921154396597
19.95249406175772,0.9174823701047935,0.09935000461915201,0.032883992268335355
19.977497187148394,0.9169757122657854,0.09941527670808846,0.032789082809994034
20.002500312539066,0.9165056397032032,0.09947966088656099,0.03269448161050064
20.02750343792974,0.9160803651237209,0.09954324311860568,0.03260018716171258
20.052506563320414,0.9157075171979395,0.09960612875110506,0.03250619800578618
20.07750968871109,0.9153941405603869,0.09966844251378815,0.03241251273517658
20.102512814101765,0.915146695809518,0.09973032851923046,0.032319129992637786
20.127515939492437,0.914970633770067,0.09979194120391138,0.032226048487476906
20.152519064883112,0.9148681853841959,0.09985343514541184,0.03213326708877185
20.177522190273784,0.9148398925670875,0.0999149923756331,0.03204078476494094
20.20252531566446,0.914885010738281,0.09997678631859945,0.031948600557194146
20.22752844105513,0.9150014704784281,0.1000389794983829,0.0318567135806326
20.252531566445807,0.915185877529293,0.10010172353910321,0.031765123024248484
20.27753469183648,0.9154335127937524,0.10016515916492784,0.03167382815092515
20.302537817227154,0.9157383323357955,0.10022941620007203,0.03158282829743699
20.327540942617826,0.916092967380524,0.10029461356879876,0.03149212287444958
20.352544068008502,0.9164887243141523,0.10036085929541874,0.03140171136651952
20.377547193399174,0.916915584684007,0.1004282505042904,0.031311593332094594
20.40255031878985,0.917363418527911,0.10049686628965321,0.031221768326665386
20.42755344418052,0.9178229637625679,0.1005667355714189,0.03113223586686977
20.452556569571197,0.9182829610708493,0.1006378605342269,0.031042995618650416
20.47755969496187,0.9187328452374269,0.10071022592768646,0.030954047209233143
20.502562820352544,0.9191628467246891,0.1007837989224007,0.030865390220332602
20.52756594574322,0.9195639916727391,0.1008585291099664,0.030777024188152338
20.55256907113389,0.9199281018993964,0.10093434850297411,0.03068894860338476
20.577572196524567,0.9202477949001968,0.10101117153500819,0.03060116291121111
20.60257532191524,0.9205164838483912,0.10108889506064667,0.030513666511301548
20.627578447305915,0.920728377594947,0.10116739835546139,0.03042645875781504
20.652581572696587,0.9208784806685468,0.10124654311601793,0.030339538959399476
20.677584698087262,0.9209625932755898,0.1013261734598756,0.030252906379191556
20.702587823477934,0.9209779845021615,0.10140614006980211,0.030166560213786553
20.72759094886861,0.9209238824902872,0.10148628704830966,0.030080499524229955
20.75259407425928,0.9208004115685985,0.10156644194198935,0.029994723292477606
20.777597199649957,0.9206087669951272,0.10164644205866516,0.02990923044219898
20.80260032504063,0.9203512149714226,0.10172613446821209,0.029824019838777298
20.827603450431305,0.9200310926425512,0.10180537600255625,0.029739090289309416
20.852606575821977,0.9196528080970974,0.1018840332556748,0.02965444054260593
20.877609701212652,0.9192218403671623,0.10196198258359604,0.029570069289191075
20.902612826603324,0.9187447394283648,0.10203911010439924,0.029485975161302826
20.927615951994,0.9182291261998409,0.10211531169821486,0.029402156732892797
20.952619077384675,0.9176836925442443,0.1021904930072244,0.02931861251962633
20.977622202775347,0.9171172692593275,0.10226457830941992,0.029235341037337267
21.002625328166022,0.916538919993763,0.10233753771223386,0.029152340828022157
21.027628453556694,0.9159598636912797,0.10240936196960966,0.029069610335304967
21.05263157894737,0.9153908159440348,0.1024800622076157,0.028987148044214865
21.077634704338042,0.9148419105931733,0.10254967025160926,0.028904952485650094
21.102637829728717,0.9143226997288271,0.10261823862623648,0.028823022236377883
21.12764095511939,0.9138421536901155,0.10268584055543242,0.028741355919034515
21.152644080510065,0.9134086610651453,0.10275256996242103,0.02865995220212527
21.177647205900737,0.9130300286910105,0.10281854146971513,0.028578809800024484
21.202650331291412,0.9127134816537922,0.10288389039911644,0.028497927472975484
21.227653456682084,0.9124656632885593,0.10294877277171559,0.02841730402709066
21.25265658207276,0.912291744894756,0.10301334885722904,0.028336938346653507
21.27765970746343,0.9121935867810628,0.10307779031631528,0.028256829467841825
21.302662832854107,0.9121716729843239,0.10314229002451522,0.02817697650267821
21.32766595824478,0.9122251156869837,0.10320702985579049,0.028097378632756277
21.352669083635455,0.9123516497063405,0.10327218044668175,0.028018035109415897
21.37767220902613,0.9125476324945463,0.10333790119630874,0.027938945253743287
21.402675334416802,0.9128080441386075,0.10340434026637016,0.027860108456570967
21.427678459807478,0.913126487360384,0.10347163458114378,0.027781524178477745
21.45268158519815,0.9134951875165902,0.1035399098274864,0.027703191949788767
21.477684710588825,0.913904992598794,0.10360928045483382,0.02762511137057546
21.502687835979497,0.9143453734051341,0.10367984967467866,0.02754728211064531
21.527690961370173,0.9148065387891618,0.10375169341964129,0.027469703789679542
21.552694086760845,0.9152782705301503,0.10382483536837563,0.027392376073111038
21.57769721215152,0.915749072789054,0.10389927731406608,0.027315298714284533
21.602700337542192,0.9162082452440296,0.10397500202156229,0.027238471425482313
21.627703462932867,0.916645883090436,0.10405197322737919,0.027161893877924108
21.65270658832354,0.9170528770408344,0.10413013563969696,0.02708556570176719
21.677709713714215,0.9174209133249882,0.1042094149383611,0.02700948648610628
21.702712839104887,0.9177424736898631,0.10428971777488227,0.026933655778973647
21.727715964495562,0.9180108353996268,0.10437093177243656,0.026858073087339007
21.752719089886234,0.9182200712356495,0.10445292552586516,0.026782737877109615
21.77772221527691,0.9183650494965035,0.10453554860167466,0.026707649573130182
21.802725340667585,0.9184415101026396,0.10461863488019996,0.026632807557787144
21.827728466058257,0.9184472626904994,0.10470203379521986,0.0265582111207893
21.852731591448933,0.9183815210417291,0.10478556672577033,0.026483859439076968
21.877734716839605,0.918244496398376,0.10486905436129611,0.026409751629846597
21.90273784223028,0.9180375184414121,0.10495232704194905,0.026335886754031104
21.927740967620952,0.917763035290734,0.10503522475858798,0.026262263816299935
21.952744093011628,0.917424613505163,0.10511759715277885,0.026188881765059
21.9777472184023,0.9170269380824454,0.10519930351679457,0.026115739492450746
22.002750343792975,0.9165758124592518,0.10528021279361519,0.026042835834354086
22.027753469183647,0.9160781585111776,0.10536020357692771,0.025970169570384467
22.052756594574323,0.915542016552743,0.10543916411112628,0.025897739423893798
22.077759719964995,0.9149764700357977,0.10551699280974247,0.025825544066037723
22.10276284535567,0.9143898638132284,0.10559362390619002,0.02575358222448434
22.127765970746342,0.913792842206583,0.10566902912647784,0.02568185254274893
22.152769096137018,0.9131967134114944,0.10574319976017389,0.02561035364447011
22.17777222152769,0.9126122466355445,0.10581614940635302,0.025539084193519142
22.202775346918365,0.9120496720982633,0.10588791397359702,0.025468042893999825
22.22777847230904,0.9115186810311297,0.1059585516799946,0.0253972284902486
22.252781597699713,0.9110284256775713,0.10602814305314137,0.025326639766834493
22.277784723090388,0.9105875192929639,0.10609679093013989,0.025256275548559103
22.30278784848106,0.9102040361446324,0.10616462045759961,0.02518613470045665
22.327790973871736,0.9098855115118499,0.10623177909163693,0.02511621612779392
22.352794099262407,0.9096388870595741,0.1062984350879137,0.025046518777915597
22.377797224653083,0.9094685056714853,0.10636475184556297,0.024977041710964588
22.402800350043755,0.9093760869561547,0.1064309266484622,0.024907784103235606
22.42780347543443,0.9093620626234156,0.10649716061811816,0.02483874519356982
22.452806600825102,0.9094254204203407,0.10656364362517515,0.024769924287391467
22.477809726215778,0.9095637041312423,0.10663055428941502,0.024701320756707786
22.50281285160645,0.9097730135776727,0.10669805997975709,0.024632934040109085
22.527815976997125,0.9100480046184235,0.10676631681425831,0.02456476364276868
22.552819102387797,0.9103818891495259,0.10683546966011305,0.02449680913644295
22.577822227778473,0.910766435104251,0.10690565213365327,0.024429070159471274
22.602825353169145,0.9111919664531093,0.10697698660034845,0.02436154641677611
22.62782847855982,0.9116475460890159,0.10704958316351351,0.024294237670051497
22.652831603950496,0.9121236966355792,0.1071235081419384,0.024227143601716943
22.677834729341168,0.9126090624835671,0.10719878303045205,0.02416026401373349
22.702837854731843,0.9130920481842697,0.10727540934671637,0.02409359872869994
22.727840980122515,0.9135618408251578,0.10735336786152215,0.0240271475328047
22.75284410551319,0.9140084100298832,0.10743261859878922,0.023960910175825686
22.777847230903863,0.9144225079582782,0.10751310083556628,0.023894886371130422
22.802850356294538,0.9147956693063563,0.10759473310203105,0.02382907579567595
22.82785348168521,0.9151202113063115,0.10767741318149016,0.023763478090008908
22.852856607075886,0.9153892337265189,0.10776101811037922,0.023698092858265456
22.877859732466558,0.9155966188715344,0.10784540417826277,0.023632919668171354
22.902862857857233,0.9157370315820946,0.10793040692783436,0.023567958051041876
22.927865983247905,0.9158064858270313,0.1080158597591339,0.023503207485153582
22.95286910863858,0.9158032203177867,0.10810159412764306,0.02343866733371328
22.977872234029252,0.9157263728613537,0.10818741565306203,0.02337433688909637
23.002875359419928,0.9155762449415769,0.10827313863700631,0.02331021538889634
23.0278784848106,0.9153543106465313,0.10835858653434297,0.023246302015845308
23.052881610201275,0.9150632166685221,0.10844359195319062,0.02318259589781394
23.07788473559195,0.9147067823040848,0.1085279966549195,0.023119096107811536
23.102887860982623,0.9142899994539855,0.10861165155415133,0.02305580166398597
23.1278909863733,0.9138190326232203,0.1086944167187595,0.022992711529623705
23.15289411176397,0.9133012189210159,0.10877616136986888,0.02292982461314981
23.177897237154646,0.912745068060829,0.108856763881856,0.022867139768127924
23.202900362545318,0.9121592024898887,0.10893611946775347,0.022804655847083213
23.227903487935993,0.9115525598173815,0.10901417271266849,0.022742371717617078
23.252906613326665,0.9109371251151182,0.10909089596852321,0.022680286124567003
23.27790973871734,0.9103244303883297,0.10916628440003619,0.022618397845537618
23.302912864108013,0.9097254250525472,0.10924035627977165,0.022556705696996124
23.32791598949869,0.9091504759336017,0.10931315298813965,0.02249520853427223
23.35291911488936,0.9086093672676244,0.10938473901339606,0.02243390525155821
23.377922240280036,0.9081113007010466,0.10945520195164248,0.022372794781908848
23.402925365670708,0.9076648952905997,0.10952465250682634,0.022311876097241504
23.427928491061383,0.9072781875033147,0.10959322449074087,0.022251148208336034
23.452931616452055,0.9069586312165232,0.109661074823025,0.02219061016483487
23.47793474184273,0.9067130977178566,0.1097283835311636,0.022130261055242958
23.502937867233406,0.906547182888571,0.10979534125510212,0.0220701000260746
23.527940992624078,0.9064623026110379,0.1098621362639998,0.022010126372921972
23.552944118014754,0.9064582623942099,0.10992898790018761,0.021950339468078225
23.577947243405426,0.9065335515572487,0.10999610342316705,0.021890738740492466
23.6029503687961,0.9066852858123127,0.11006367562891195,0.02183132367701369
23.627953494186773,0.9069092072645569,0.11013188284986837,0.021772093822390853
23.65295661957745,0.9071996844121342,0.1102008889549547,0.021713048779272787
23.67795974496812,0.9075497121461934,0.11027084334956158,0.02165418820820829
23.702962870358796,0.9079509117508809,0.11034188097555203,0.021595511827646047
23.727965995749468,0.9083935309033399,0.11041412231126127,0.021537019413934686
23.752969121140143,0.9088664436737103,0.11048767337149686,0.02147871080132274
23.777972246530815,0.909358032155726,0.11056262114717207,0.021420585839844762
23.80297537192149,0.9098584363787949,0.11063899524981179,0.021362644307189243
23.827978497312163,0.9103555693266014,0.11071678623082008,0.02130488610974216
23.85298162270284,0.9108379653349362,0.11079596470523764,0.02124731112853737
23.87798474809351,0.9112950918446746,0.11087648125003706,0.02118991920345681
23.902987873484186,0.9117173494017766,0.11095826640412292,0.0211327101332304
23.92799099887486,0.9120960716572868,0.11104123066833171,0.02107568367543613
23.952994124265533,0.9124235253673346,0.11112526450543188,0.0210188395465
23.97799724965621,0.9126929103931343,0.11121023834012382,0.020962177421696024
24.00300037504688,0.9128983597009843,0.11129600255903985,0.020905696935146288
24.028003500437556,0.9130349393622683,0.11138238751074427,0.020849397679820858
24.05300662582823,0.9130986485534546,0.11146920350573324,0.020793279207537874
24.078009751218904,0.9130867896237821,0.11155626028478054,0.02073734102193388
24.103012876609576,0.9129989185477856,0.11164337838758626,0.020681582521094827
24.12801600200025,0.9128357168924628,0.11173035104382953,0.0206260030247977
24.153019127390923,0.9125989963481285,0.11181698345683645,0.020570601805967443
24.1780222527816,0.9122917098286539,0.1119030938992767,0.020515378090911838
24.20302537817227,0.9119179514714678,0.1119885137131635,0.020460331059321542
24.228028503562946,0.9114829566375556,0.1120730873098536,0.020405459844270057
24.253031628953618,0.9109931019114601,0.11215667217004731,0.020350763532213767
24.278034754344294,0.9104559051012806,0.1122391388437885,0.02029624116299188
24.303037879734966,0.909880025238674,0.11232037095046454,0.020241891729826506
24.32804100512564,0.9092752625788534,0.11240026517880644,0.020187714179322573
24.353044130516317,0.9086515284821428,0.11247874151447076,0.020133707460244437
24.37804725590699,0.9080189618171212,0.1125557739428625,0.02007987054350039
24.403050381297664,0.9073898104825805,0.11263136205596067,0.020026202328116312
24.428053506688336,0.9067757036900661,0.11270552970274383,0.019972701749120757
24.45305663207901,0.9061875827299429,0.11277832527738312,0.01991936778051761
24.478059757469683,0.9056357009713961,0.11284982171924203,0.01986619943528614
24.50306288286036,0.9051296238624307,0.11292011651287663,0.01981319576538094
24.52806600825103,0.9046782289298717,0.1129893316880354,0.019760355861731995
24.553069133641706,0.9042897057793642,0.11305761381965933,0.019707678854244605
24.57807225903238,0.9039715560953732,0.11312513402788184,0.019655163911799455
24.603075384423054,0.9037305713964879,0.11319208716112512,0.01960281024282384
24.628078509813726,0.9035711457036602,0.11325866279460066,0.019550617142599903
24.6530816352044,0.9034946950748209,0.11332508097849109,0.019498584014483778
24.678084760595073,0.9035012228952028,0.11339156830889954,0.01944671031910134
24.70308788598575,0.9035892232435442,0.11345833806013873,0.019394995574781394
24.72809101137642,0.9037556808920888,0.11352559018473081,0.01934343935755573
24.753094136767096,0.9039960713065861,0.11359351131340753,0.01929204130115905
24.77809726215777,0.9043043606462913,0.11366227475511011,0.019240801097029043
24.803100387548444,0.9046730057639649,0.11373204049698928,0.019189718494306354
24.82810351293912,0.9050929542058733,0.11380295520440534,0.019138793299834558
24.85310663832979,0.9055536442117885,0.11387515222092805,0.019088025378160213
24.878109763720467,0.9060436519496551,0.1139487474828132,0.019037414623190186
24.90311288911114,0.906552898044383,0.11402380041056914,0.018986960874558294
24.928116014501814,0.9070689041296144,0.11410033016893013,0.018936664093359028
24.953119139892486,0.9075796018408975,0.114178333019509,0.018886524227483558
24.97812226528316,0.9080737478950724,0.11425778181128751,0.018836541192594185
25.003125390673834,0.9085409240902708,0.11433862598061642,0.018786714872124372
25.02812851606451,0.9089715373059161,0.11442079155121543,0.01873704511727872
25.05313164145518,0.9093568195027233,0.11450418113417317,0.018687531747032998
25.078134766845857,0.9096888277226994,0.11458867392794729,0.018638174548134104
25.10313789223653,0.909960444089143,0.1146741257183643,0.018588973275100108
25.128141017627204,0.9101653758066441,0.11476036887861979,0.018539927650220205
25.153144143017876,0.9102981645624523,0.1148472128073258,0.018491037363410536
25.17814726840855,0.9103552774940942,0.11493447717172546,0.018442302040952374
25.203150393799227,0.9103350923009601,0.11502195892859474,0.018393721210768457
25.2281535191899,0.9102369814790183,0.1151094419037361,0.018345294347284206
25.253156644580574,0.9100615643875798,0.1151967200373804,0.018297020875652912
25.278159769971246,0.9098107072492994,0.11528359738418681,0.018248900171755775
25.303162895361922,0.9094875231501748,0.11536988811324285,0.01820093156220185
25.328166020752594,0.9090963720395472,0.11545541650806436,0.01815311432432812
25.35316914614327,0.9086428607301009,0.11554001696659554,0.018105447686199424
25.37817227153394,0.9081338428978639,0.11562353400120888,0.018057930826608507
25.403175396924617,0.907577419082207,0.1157058222387053,0.018010562875075985
25.42817852231529,0.9069828969651377,0.11578674661116939,0.017963342913457903
25.453181647705964,0.9063586944769498,0.11586620663122997,0.017916270069025894
25.478184773096636,0.9057159748055282,0.11594415097929808,0.017869343387335312
25.50318789848731,0.9050671958945351,0.11602055341098418,0.017822561875040468
25.528191023877984,0.9044242495312534,0.11609541404118714,0.017775924571007212
25.55319414926866,0.9037984613465871,0.11616875934409439,0.0177294305463129
25.57819727465933,0.9032005908150612,0.11624064215318178,0.017683078904246422
25.603200400050007,0.902640831254821,0.11631114166121365,0.017636868780308176
25.628203525440682,0.902128809827633,0.1163803634202428,0.017590799342210094
25.653206650831354,0.9016735875388847,0.11644843934161053,0.01754486978987563
25.67820977622203,0.9012836592375842,0.11651552769594661,0.017499079355439737
25.7032129016127,0.9009669536163607,0.11658181311316929,0.017453427303248916
25.728216027003377,0.9007307570238547,0.11664750470125275,0.017407912931715747
25.75321915239405,0.9005790517163988,0.11671280281097536,0.017362535642317406
25.778222277784725,0.9005127946229258,0.11677794504377517,0.01731729493795424
25.803225403175396,0.9005316810934818,0.11684317208902104,0.017272190370056416
25.828228528566072,0.900633901427301,0.11690870958116428,0.017227221542948944
25.853231653956744,0.9008161408728051,0.11697476809973864,0.017182388113851695
25.87823477934742,0.9010735796276038,0.11704154316936033,0.017137689792879374
25.90323790473809,0.9013998928384942,0.11710921525972798,0.017093126343041554
25.928241030128767,0.9017872506014616,0.11717794978562267,0.01704869758024264
25.95324415551944,0.9022263179616786,0.1172478971069079,0.017004403373281914
25.978247280910114,0.902706254913506,0.11731919252852964,0.016960243643853474
26.003250406300786,0.9032148153341534,0.11739195581678485,0.016916218362510345
26.028253531691462,0.9037413825634116,0.11746625945861014,0.016872327432691302
26.053256657082137,0.904273876490815,0.11754211678958244,0.016828570835153676
26.07825978247281,0.904799709198264,0.11761951696666799,0.016784948578121493
26.103262907863485,0.9053072112323965,0.11769842536556249,0.016741460636400786
26.128266033254157,0.9057856316045871,0.11777878358069116,0.01669810695137966
26.153269158644832,0.9062251377909476,0.11786050942520875,0.016654887431028227
26.178272284035504,0.9066168157323266,0.11794349693099944,0.01661180194989867
26.20327540942618,0.9069526698343097,0.11802761634867699,0.016568850349125176
26.22827853481685,0.9072256229672195,0.1181127141475846,0.016526032436424008
26.253281660207527,0.907429516466116,0.11819861301579504,0.016483347986093428
26.2782847855982,0.9075591101307955,0.11828511186011048,0.016440796739013767
26.303287910988875,0.9076104739599457,0.11837200315020886,0.016398378394428183
26.328291036379547,0.9075821080440435,0.11845908826000637,0.016356092558843162
26.353294161770222,0.9074736391198656,0.1185461355512613,0.01631393877259217
26.378297287160894,0.9072859265948414,0.1186329238078064,0.01627191653109753
26.40330041255157,0.9070210866325757,0.11871924407236362,0.016230025284879476
26.42830353794224,0.9066824921528486,0.11880489964654392,0.01618826443955619
26.453306663332917,0.9062747728316153,0.1188897060908475,0.01614663335584377
26.478309788723593,0.9058038151010064,0.1189734912246636,0.016105131349556268
26.503312914114264,0.905276762149328,0.11905609512627059,0.016063757691605656
26.52831603950494,0.9047020139210608,0.11913737013283604,0.01602251160800183
26.553319164895612,0.9040892271168616,0.11921718084041655,0.015981392279852635
26.578322290286287,0.9034478822550721,0.11929541490833326,0.01594039889923673
26.60332541567696,0.9027883102565404,0.11937201882937441,0.01589953065325475
26.628328541067635,0.9021236541562541,0.11944697196161258,0.015858786642873268
26.653331666458307,0.901466416641,0.11952028067713368,0.01581816600061443
26.678334791848982,0.9008284104383039,0.11959197846441051,0.01577766789234401
26.703337917239654,0.9002207583164308,0.11966212592830264,0.015737291517271428
26.72834104263033,0.8996538930843853,0.11973081079005653,0.015697036107949727
26.753344168021002,0.8991375575919109,0.1197981478873054,0.015656900930275594
26.778347293411677,0.8986808047294907,0.11986427917406939,0.015616885283489349
26.80335041880235,0.8982919974283471,0.11992937372075538,0.015576988500174948
26.828353544193025,0.8979788086604412,0.11999362771415714,0.015537209946259976
26.853356669583697,0.8977482214384743,0.12005726445745524,0.01549754902101567
26.878359794974372,0.8976051880914658,0.12012050965900073,0.015458005185418512
26.903362920365048,0.8975503361941026,0.12018359711944199,0.015418578021075238
26.92836604575572,0.8975829271447846,0.12024678503512222,0.015379267162190829
26.953369171146395,0.8977007437620187,0.1203103144427509,0.015340072290570321
26.978372296537067,0.8979000834962577,0.12037440896760868,0.0153009931357377
27.003375421927743,0.8981757584299013,0.12043927482354734,0.015262029474935853
27.028378547318415,0.898521095277295,0.12050510081298987,0.015223181133126613
27.05338167270909,0.8989279353847309,0.12057205832693046,0.015184447982990722
27.078384798099762,0.8993866347304473,0.12064030134493438,0.015145829944927866
27.103387923490438,0.8998860639246291,0.12070996643513816,0.015107326987056637
27.12839104888111,0.9004136224659209,0.12078117271685473,0.015068939124677843
27.153394174271785,0.9009580103053471,0.12085400025063715,0.015030666322342862
27.178397299662457,0.9015072299247271,0.12092846037785812,0.0149925085889226
27.203400425053132,0.9020482728120007,0.12100453505891189,0.014954465978896611
27.228403550443804,0.9025691222083462,0.12108218205761155,0.0149165385131198
27.25340667583448,0.9030587531081806,0.12116133494118923,0.014878726178822368
27.278409801225152,0.9035071322591598,0.12124190308029592,0.014841028929609864
27.303412926615827,0.9039052181621785,0.12132377164900156,0.01480344668546314
27.328416052006503,0.90424496107137,0.12140680162479503,0.014765979332738387
27.353419177397175,0.9045193029941064,0.12149082978858415,0.014728626724167122
27.37842230278785,0.9047221776909987,0.12157566872469566,0.014691388678856165
27.403425428178522,0.9048485106758966,0.12166110682087525,0.014654264982287687
27.428428553569198,0.9048943109627884,0.12174691391035632,0.014617255385252286
27.45343167895987,0.904857901302101,0.12183288441562223,0.01458035956827994
27.478434804350545,0.9047392339261673,0.12191877877961979,0.014543577129869372
27.503437929741217,0.9045394344694074,0.12200436020283341,0.014506907625191207
27.528441055131893,0.904260890684203,0.12208940637351373,0.014470350568628575
27.553444180522565,0.9039072524408979,0.1221737094676776,0.014433905433777152
27.57844730591324,0.9034834317277975,0.1222570761491081,0.014397571653445124
27.603450431303912,0.9029956026511698,0.1223393275693545,0.01436134861965323
27.628453556694588,0.9024512014352438,0.12242029936773235,0.014325235683634705
27.65345668208526,0.9018589264222112,0.12249984167132334,0.014289232155835345
27.678459807475935,0.9012287380722251,0.12257781909497546,0.014253337305913445
27.703462932866607,0.9005712894604404,0.12265411636954746,0.014217550383055841
27.728466058257283,0.8998968196641378,0.12272867786365384,0.014181870670600782
27.753469183647958,0.8992183426674688,0.12280148348216383,0.01414629737837774
27.77847230903863,0.8985485692995371,0.12287254143547188,0.014110829734245127
27.803475434429306,0.8978995628811494,0.12294188957393427,0.014075466995335684
27.828478559819978,0.897282739224816,0.1230095953878689,0.0140402084480565
27.853481685210653,0.8967088666347507,0.12307575600755544,0.014005053408088981
27.878484810601325,0.89618806590687,0.12314049820323522,0.013970001220388887
27.903487935992,0.895729810328794,0.12320397838511134,0.013935051259186293
27.928491061382672,0.8953429256798461,0.12326638260334856,0.013900202927985628
27.953494186773348,0.8950355902310527,0.12332792654807341,0.013865455659565635
27.97849731216402,0.8948141405182686,0.12338883148079037,0.013830808943541216
28.003500437554695,0.8946813126603188,0.12344934088977484,0.013796262368041132
28.028503562945367,0.8946383530930985,0.12350972504114938,0.013761815567818714
28.053506688336043,0.8946848221547951,0.12357024027061374,0.013727468227103844
28.078509813726715,0.8948185918977184,0.12363112889164639,0.013693220079651656
28.10351293911739,0.895035846088301,0.1236926191955045,0.013659070908742509
28.128516064508062,0.8953310802070971,0.12375492545122396,0.013625020547182018
28.153519189898738,0.8956971014487838,0.12381824790561935,0.013591068877301018
28.178522315289413,0.8961250287221603,0.12388277278328395,0.013557215830955597
28.203525440680085,0.896604292650148,0.12394867228658978,0.013523461389527081
28.22852856607076,0.8971228380476061,0.12401610307823936,0.013489805577040433
28.253531691461433,0.8976699083939358,0.1240851646320495,0.01345624837119504
28.27853481685211,0.8982325196536853,0.12415590191121453,0.013422789835200958
28.30353794224278,0.898797419515305,0.12422833299889963,0.01338943004605825
28.328541067633456,0.8993521508275537,0.12430244706298167,0.013356169057289726
28.353544193024128,0.8998850515994976,0.1243782043560491,0.013323006898940991
28.378547318414803,0.9003852550005117,0.12445553621540209,0.013289943577580397
28.403550443805475,0.9008426893602782,0.12453434506305244,0.013256979076299082
28.42855356919615,0.9012480781687882,0.12461450440572361,0.01322411335471094
28.453556694586823,0.9015929400763398,0.12469585883485071,0.013191346348952648
28.478559819977498,0.9018695888935402,0.12477822402658051,0.013158677971683639
28.50356294536817,0.9020711963917574,0.12486138908855934,0.013126108110901685
28.528566070758846,0.9021933206416909,0.12494515261030004,0.013093636590106261
28.553569196149517,0.9022331632492869,0.1250292735391542,0.01306126316361159
28.578572321540193,0.9021890613398583,0.1251135027955026,0.01302898754352581
28.60357544693087,0.9020607433129425,0.12519760006434943,0.012996809397967648
28.62857857232154,0.9018493288423013,0.12528133379532239,0.012964728351066405
28.653581697712216,0.9015573288759212,0.12536448120267274,0.012932743982961946
28.678584823102888,0.9011886456360133,0.1254468282652751,0.012900855829804726
28.703587948493563,0.9007485726190132,0.1255281697266277,0.012869063383755762
28.728591073884235,0.9002437945955812,0.12560830909485218,0.01283736609298666
28.75359419927491,0.899682387610602,0.12568705864269375,0.012805763361679583
28.778597324665583,0.8990735082116363,0.12576424286117874,0.012774254560154082
28.80360045005626,0.8984258527566974,0.12583974190689168,0.012742839084168987
28.82860357544693,0.8977516542078031,0.12591347104505413,0.012711516235441419
28.853606700837606,0.8970635635713028,0.1259853739942445,0.012680285311499161
28.878609826228278,0.8963739012694344,0.12605542689349464,0.012649145628718321
28.903612951618953,0.8956946571403243,0.12612363830228965,0.0126180965223233
28.928616077009625,0.8950374904379874,0.1261900492005679,0.012587137346386822
28.9536192024003,0.894413729832327,0.12625473298872114,0.012556267473829909
28.978622327790973,0.8938343734091354,0.12631779548759442,0.012525486296421905
29.003625453181648,0.8933100886700927,0.12637937493848608,0.01249479322478045
29.028628578572324,0.8928512125327679,0.12643964200314783,0.012464187688371502
29.053631703962996,0.8924677513306186,0.12649879976378464,0.012433669135509333
29.07863482935367,0.8921677030893114,0.1265570589656215,0.01240323707419989
29.103637954744343,0.8919552473185937,0.1266146667322117,0.012372891111262779
29.12864108013502,0.8918334441087669,0.12667190667779246,0.012342630884553453
29.15364420552569,0.8918035739018705,0.12672905032264029,0.012312456080349638
29.178647330916366,0.8918651338746598,0.12678635698901905,0.0122823664334419
29.203650456307038,0.8920158379386058,0.12684407380117993,0.01225236172713368
29.228653581697714,0.892251616739896,0.12690243568536147,0.012222441793241258
29.253656707088386,0.8925666176594328,0.12696166536978962,0.012192606512093791
29.27865983247906,0.8929532048128355,0.12702197338467752,0.012162855812533272
29.303662957869733,0.8934019590504386,0.1270835580622258,0.012133189671914572
29.32866608326041,0.893901677957293,0.12714660553662235,0.012103608116105398
29.35366920865108,0.8944401118826563,0.1272112800383565,0.012074111195950537
29.378672334041756,0.8950062480236329,0.12727766240819732,0.01204469892072148
29.403675459432428,0.8955864367499692,0.1273457985704507,0.012015371391142272
29.428678584823103,0.8961673854753904,0.1274157060878729,0.011986128700853376
29.45368171021378,0.8967365567279355,0.1274873713794346,0.011956970923404184
29.47868483560445,0.8972821681499566,0.12756074972032083,0.011927898112253003
29.503687960995126,0.8977931924981198,0.12763576524193113,0.011898910300767045
29.5286910863858,0.8982593576434041,0.12771231093187932,0.011870007502222458
29.553694211776474,0.8986711465711023,0.1277902486339937,0.011841189709804288
29.578697337167146,0.8990197973808203,0.12786940904831698,0.011812456896606515
29.60370046255782,0.8992973032864778,0.12794959173110618,0.01178380901563202
29.628703587948493,0.8994972832669396,0.12803058874680584,0.011755245980207786
29.65370671333917,0.8996157854419435,0.1281121729131308,0.011726767629434823
29.67870983872984,0.8996497943755604,0.1281940838041301,0.011698373762995685
29.703712964120516,0.8995977355876404,0.12827606791147717,0.01167006413801367
29.728716089511188,0.8994594798556268,0.1283578788262818,0.011641838468979577
29.753719214901864,0.8992363432145557,0.12843927723909043,0.011613696427751667
29.778722340292536,0.8989310869570563,0.12852003093988595,0.011585637643555705
29.80372546568321,0.8985479176333504,0.12859991481808788,0.01155766170298492
29.828728591073883,0.8980924870512529,0.12867871086255223,0.011529768150000046
29.85373171646456,0.8975718922761716,0.12875620816157146,0.011501956485929278
29.878734841855234,0.8969946667509445,0.1288322030057305,0.011474226169732551
29.903737967245906,0.896369112070424,0.1289065329637271,0.011446576671430432
29.92874109263658,0.8957060588083611,0.12897908457672905,0.011419007402146611
29.953744218027254,0.8950180794404907,0.12904976709048388,0.011391517731648771
29.97874734341793,0.8943175654781379,0.1291185242135947,0.011364107043270785
30.0037504688086,0.8936167274682186,0.12918533411751998,0.011336774733912746
30.028753594199276,0.8929275949932387,0.1292502094365738,0.011309520214040941
30.05375671958995,0.8922620166712949,0.12931319726792567,0.011282342907687875
30.078759844980624,0.891631660156074,0.1293743791716007,0.011255242252452245
30.103762970371296,0.8910480121368536,0.1294338711704794,0.011228217699498971
30.12876609576197,0.8905223783385013,0.1294918237502978,0.011201268713559158
30.153769221152643,0.8900658835214756,0.1295484218596475,0.011174394772930137
30.17877234654332,0.8896883031473637,0.12960387240217566,0.011147595396026921
30.20377547193399,0.8893954643583655,0.12965841116353324,0.011120870199807632
30.228778597324666,0.8891924718060674,0.12971232008830902,0.011094218823110555
30.25378172271534,0.8890825598448663,0.12976587614083848,0.011067640951390413
30.278784848106014,0.8890670136210806,0.12981934974337253,0.011041136318498372
30.30378797349669,0.8891451690729512,0.12987300477607744,0.011014704706682064
30.32879109888736,0.8893144129306406,0.12992709857703488,0.010988345946585576
30.353794224278037,0.8895701827162336,0.12998188194224194,0.010962059917249443
30.37879734966871,0.8899059667437365,0.13003759912561105,0.01093584654611067
30.403800475059384,0.8903133041190782,0.13009448783897004,0.010909705809002704
30.428803600450056,0.8907820363842475,0.13015277544408727,0.010883637722740393
30.45380672584073,0.891302197436781,0.1302126234033924,0.010857642289423803
30.478809851231404,0.8918608387284402,0.13027415302270984,0.010831719595703665
30.50381297662208,0.8924446288621737,0.13033745608996974,0.010805869742177874
30.52881610201275,0.8930406066703942,0.13040258904272506,0.010780092821585869
30.553819227403427,0.8936361812149796,0.13046957296815143,0.010754388918808613
30.5788223527941,0.8942191317872722,0.1305383936030472,0.010728758110868618
30.603825478184774,0.8947776079080793,0.13060900133383352,0.010703200466929916
30.628828603575446,0.8953001293276727,0.13068131119655424,0.010677716048298092
30.65383172896612,0.8957755860257891,0.130755202876876,0.010652304908420247
30.678834854356793,0.8961932403510915,0.13083052076116775,0.010626967092839163
30.70383797974747,0.8965443211503774,0.1309070972824015,0.010601702603367796
30.728841105138144,0.8968220851389251,0.13098471770508713,0.010576511388900008
30.753844230528816,0.8970205338810969,0.1310631353487425,0.010551393371817219
30.778847355919492,0.8971351852426046,0.13114210291074535,0.01052634843206718
30.803850481310164,0.8971630733905093,0.13122137246633345,0.010501376407163995
30.82885360670084,0.8971027487932215,0.1313006954686045,0.01047647709218809
30.85385673209151,0.8969542782205011,0.1313798227485162,0.010451650239786246
30.878859857482187,0.8967192447434572,0.1314585045148862,0.010426895560171573
30.90386298287286,0.8964007477345485,0.13153649035439205,0.010402212721123528
30.928866108263534,0.8960034028675827,0.1316135292315714,0.010377601347987896
30.953869233654206,0.8955333421177174,0.1316893694888218,0.010353061023676818
30.978872359044882,0.8949972795695443,0.1317637911937483,0.010328591317420673
31.003875484435554,0.8944037669195964,0.13183662613047406,0.010304191754456134
31.02887860982623,0.8937636908016685,0.13190771268927204,0.01027986180146586
31.0538817352169,0.893088233206607,0.13197692478182296,0.010255600925681028
31.078884860607577,0.8923888619328835,0.1320441720500402,0.010231408595162758
31.10388798599825,0.8916773305865954,0.1321093998660698,0.01020728427880215
31.128891111388924,0.8909656785814655,0.13217258933229037,0.010183227446320244
31.1538942367796,0.8902662311388422,0.13223375728131315,0.010159237568268057
31.17889736217027,0.8895915992876997,0.13229295627598206,0.010135314116026566
31.203900487560947,0.8889546798646375,0.13235027460937357,0.010111456561806698
31.22890361295162,0.8883686555138808,0.1324058363047968,0.010087664378649356
31.253906738342295,0.8878449871540659,0.1324597939437197,0.010063937087288909
31.278909863732967,0.8873928304000515,0.132512358719293,0.010040274272993381
31.303912989123642,0.8870211586490641,0.1325637792351375,0.010016675529318408
31.328916114514314,0.88673695148646,0.13261431069821353,0.009993140496518583
31.35391923990499,0.8865451899518063,0.13266421487578528,0.00996966886165423
31.37892236529566,0.886448856538881,0.1327137600954208,0.009946260358591412
31.403925490686337,0.8864489351956728,0.13276322124499199,0.009922914768001912
31.42892861607701,0.8865444113243818,0.1328128797726746,0.00989963191736326
31.453931741467684,0.8867322717814187,0.13286302368694836,0.009876411680958706
31.478934866858356,0.8870075078593945,0.13291394748358623,0.009853253979793095
31.503937992249032,0.8873639522978343,0.1329659113787838,0.009830158753643565
31.528941117639704,0.8877923053637096,0.13301913544186,0.00980712600858172
31.55394424303038,0.8882814144030138,0.13307382314053878,0.009784155798160261
31.578947368421055,0.8888197579684837,0.13313014127708123,0.009761248185738388
31.603950493811727,0.8893954458196,0.1331882199882854,0.009738403244481792
31.628953619202402,0.8899962189225872,0.13324815274548654,0.00971562105736264
31.653956744593074,0.8906094494504131,0.13330999635455687,0.009692901717159603
31.67895986998375,0.8912221407827898,0.13337377095590575,0.009670245326457827
31.70396299537442,0.8918209275061725,0.13343946002447957,0.009647651997648965
31.728966120765097,0.8923921125721701,0.13350701068426654,0.009625121852080873
31.75396924615577,0.8929240873769291,0.13357633949988934,0.009602654967801215
31.778972371546445,0.8934061883751386,0.13364729616227866,0.009580251409773557
31.803975496937117,0.893828246985954,0.1337196988568211,0.009557911229553432
31.828978622327792,0.894181577642321,0.13379335092894612,0.009535634440667459
31.853981747718464,0.8944589777909762,0.13386804088412613,0.009513421018613362
31.87898487310914,0.8946547278924469,0.1339435423878765,0.009491270900859954
31.90398799849981,0.8947645914210515,0.13401961426575557,0.009469183986847157
31.928991123890487,0.8947858148648984,0.1340960005033646,0.009447160137985973
31.95399424928116,0.8947171277258874,0.1341724302463478,0.00942519917765852
31.978997374671835,0.8945587425197086,0.13424861780039235,0.009403300891217997
32.00400050006251,0.8943122746122786,0.1343242699661004,0.009381465028799574
32.029003625453186,0.8939807083433267,0.13439914189961968,0.00935969130613515
32.054006750843854,0.8935695374990622,0.13447297285048573,0.00933797936539517
32.07900987623453,0.8930854651238875,0.1345455204876174,0.00931632882245904
32.104013001625205,0.8925361868367824,0.13461657253547693,0.009294739274630991
32.12901612701588,0.8919303908313034,0.1346859467740703,0.009273210300640053
32.15401925240655,0.8912777578755847,0.13475349103894707,0.009251741460640079
32.179022377797224,0.8905889613123369,0.13481908322120037,0.009230332296209705
32.2040255031879,0.8898756670588482,0.1348826312674669,0.0092089823303524
32.229028628578575,0.8891505336069839,0.134944073179927,0.009187691067496432
32.254031753969244,0.8884272120231865,0.13500337701630455,0.009166457993494888
32.27903487935992,0.8877191893664742,0.13506054677804866,0.009145282603884187
32.304038004750595,0.887038815988186,0.13511565800240086,0.009124164438806787
32.32904113014127,0.8863998396690916,0.13516883185332937,0.009103103016312508
32.35404425553194,0.8858146637425599,0.13522021652934513,0.009082097887471847
32.379047380922614,0.8852942435578814,0.13526998720287223,0.009061148638691311
32.40405050631329,0.8848480864802707,0.13531834602024778,0.009040254891713458
32.429053631703965,0.8844842518908644,0.13536552210172204,0.009019416303616868
32.45405675709464,0.8842093511867224,0.13541177154145828,0.008998632566816156
32.47905988248531,0.8840285477808268,0.13545737740753291,0.008977903409061972
32.504063007875985,0.8839455566120452,0.13550264936672465,0.008957228593393346
32.52906613326666,0.8839619045243513,0.1355478830646357,0.008936607924322493
32.554069258657336,0.8840754357334096,0.1355933828541961,0.008916041276976618
32.579072384048004,0.8842820934535901,0.13563945327313565,0.008895528568039131
32.60407550943868,0.8845763308012711,0.13568637252332594,0.008875069745215325
32.629078634829355,0.8849511107948387,0.13573439247078017,0.008854664787232425
32.65408176022003,0.8853979063546874,0.1357837386456532,0.008834313703839554
32.6790848856107,0.8859067003032193,0.1358346102422417,0.008814016535807752
32.704088011001375,0.8864659853648453,0.1358871801189839,0.00879377335492995
32.72909113639205,0.8870627641659837,0.13594159479845985,0.008773584264021
32.754094261782726,0.887682952849286,0.13599797284993329,0.008753449387890803
32.779097387173394,0.8883140630830998,0.13605637069918788,0.008733368820011538
32.80410051256407,0.8889418251033212,0.1361167818463187,0.008713342704260135
32.829103637954745,0.8895524308518825,0.1361791670940963,0.008693371175675984
32.85410676334542,0.8901331431641689,0.13624345564472382,0.008673454345942357
32.879109888736096,0.8906722957690176,0.1363095450998369,0.008653592303386406
32.904113014126764,0.8911592932887183,0.13637730146050372,0.008633785112979178
32.92911613951744,0.8915846112390133,0.1364465591272252,0.008614032816335587
32.954119264908115,0.8919397960290969,0.1365171208999346,0.008594335431714447
32.97912239029879,0.8922174649616159,0.13658875797799783,0.008574692954018455
33.00412551568946,0.8924113062326695,0.13666120996021336,0.008555105354794198
33.029128641080135,0.8925165889605873,0.1367342112759891,0.008535572573746923
33.05413176647081,0.8925310898211314,0.1368074936730026,0.008516094488160035
33.079134891861486,0.8924538939401782,0.13688075364073,0.008496670935116532
33.104138017252154,0.892285553787084,0.13695370117148684,0.008477301718855386
33.12914114264283,0.8920280967168853,0.13702606043653168,0.00845798661072368
33.154144268033505,0.8916850249702996,0.1370975697860659,0.008438725349176652
33.17914739342418,0.8912613156737244,0.13716798174923386,0.008419517639777654
33.20415051881485,0.8907634208392379,0.13723706303412272,0.008400363155198185
33.229153644205525,0.8901992673645984,0.1373045945277627,0.008381261535217854
33.2541567695962,0.8895782570332452,0.13737037129612675,0.008362212386724417
33.279159894986876,0.888911104943358,0.13743420384718105,0.008343215287370243
33.30416302037755,0.8882076976365831,0.13749595826809732,0.008324269839924982
33.32916614576822,0.887481449815487,0.1375555571225518,0.008305375583740202
33.354169271158895,0.8867465592096083,0.13761295729613768,0.008286532047455022
33.37917239654957,0.8860166841197572,0.1376681532040325,0.008267738777260029
33.404175521940246,0.8853049434180145,0.13772117679099846,0.008248995336897248
33.429178647330914,0.8846239165477318,0.1377720975313822,0.008230301307660153
33.45418177272159,0.8839856435235314,0.13782102242911498,0.00821165628839365
33.479184898112266,0.8834016249313066,0.13786809601771252,0.00819305989549411
33.50418802350294,0.8828828219282217,0.13791350036027514,0.008174511762909339
33.52919114889361,0.8824396562427115,0.13795745504948762,0.008156011542138596
33.554194274284285,0.8820820101744816,0.13800021720761937,0.008137558902232573
33.57919739967496,0.8818179729412404,0.13804205807271164,0.00811915354996962
33.604200525065636,0.8816510967941267,0.13808326865571438,0.008100795273258363
33.629203650456304,0.8815835121475185,0.13812418627742068,0.008082483889210968
33.65420677584698,0.8816154993441205,0.1381651326248484,0.008064219250653676
33.679209901237655,0.8817454569569707,0.13820641258355956,0.008046001246636446
33.70421302662833,0.8819699017894398,0.13824831423766062,0.008027829802432945
33.729216152019006,0.882283468875232,0.13829110886980225,0.008009704879540539
33.754219277409675,0.8826789114783846,0.13833505096117946,0.007991626475680311
33.77922240280035,0.8831471010932682,0.1383803781915315,0.007973594624797038
33.804225528191026,0.8836770274445863,0.13842731143914203,0.007955609397059216
33.8292286535817,0.8842557984873757,0.13847605478083885,0.007937670898859042
33.85423177897237,0.8848706384545219,0.1385267672170632,0.007919779229122147
33.879234904363045,0.8855086320855096,0.13857951771868,0.007901934493500325
33.90423802975372,0.8861548531712867,0.1386343434031559,0.007884136847100714
33.929241155144396,0.8867952106612341,0.13869124526285642,0.007866386428904165
33.954244280535065,0.8874164640896675,0.1387501880451481,0.007848683361416291
33.97924740592574,0.8880062235758378,0.13881110025239854,0.007831027750667456
34.004250531316416,0.8885529498239304,0.13887387414197624,0.007813419686212795
34.02925365670709,0.8890459541230656,0.1389383657262508,0.007795859241132204
34.05425678209776,0.8894753983472986,0.13900439477259277,0.007778346472030339
34.079259907488435,0.8898322949556196,0.13907174480337378,0.0077608814190366065
34.10426303287911,0.8901085508784506,0.13914016487074699,0.007743464105193075
34.129266158269786,0.8902985510055513,0.13920941059259564,0.007726094508481062
34.15426928366046,0.8903985805380102,0.1392791913067949,0.0077087725577846405
34.17927240905113,0.8904061664760745,0.13934920254615457,0.007691498151314914
34.204275534441805,0.8903203981679969,0.13941914886973814,0.007674271154121207
34.22927865983248,0.8901419273100364,0.13948874386286247,0.007657091398091095
34.25428178522316,0.8898729679464579,0.13955771013709795,0.007639958681950388
34.279284910613825,0.8895172964695324,0.1396257793302684,0.007622872771263136
34.3042880360045,0.8890802516195366,0.13969269210645122,0.00760583339843161
34.329291161395176,0.8885687344847535,0.13975819815597726,0.007588840262696334
34.35429428678585,0.887991208501472,0.13982205619543087,0.007571893030136064
34.37929741217652,0.8873571734859562,0.13988404274276772,0.00755499134521131
34.404300537567195,0.8866762548977841,0.13994400576308394,0.007538134857573456
34.42930366295787,0.8859616681168576,0.14000182319740542,0.0075213231512442835
34.454306788348546,0.8852268511077148,0.1400574097102007,0.007504555811612373
34.479309913739215,0.8844850596561149,0.14011072037878475,0.007487832433842297
34.50431303912989,0.883749367369037,0.14016175069331907,0.007471152622874597
34.529316164520566,0.8830326656746815,0.14021053655681165,0.007454515993425817
34.55431928991124,0.8823476638224698,0.14025715428511684,0.007437922169988479
34.57932241530192,0.8817068888830433,0.14030172060693555,0.00742137078683109
34.604325540692585,0.8811226857482647,0.14034439266381513,0.007404861487998148
34.62932866608326,0.8806072171312169,0.14038536801014942,0.007388393927310124
34.654331791473936,0.8801721260509168,0.14042488000841186,0.007371967773919005
34.67933491686461,0.8798250361706589,0.1404631793059496,0.007355582769960898
34.70433804225528,0.8795721673359502,0.14050058300297233,0.007339238685536226
34.729341167645956,0.8794180838592656,0.14053741370424558,0.007322935320793459
34.75434429303663,0.8793652368807976,0.14057398790732767,0.007306672513340174
34.77934741842731,0.879413964368457,0.14061061600256972,0.007290450138243041
34.804350543817975,0.8795624911178725,0.1406476022731157,0.0072742681080278275
34.82935366920865,0.8798069287523913,0.14068524489490247,0.007258126372679382
34.854356794599326,0.8801412757230779,0.14072383593665966,0.007242024919641666
34.87935991999,0.8805574173087152,0.14076366135990973,0.007225963773817726
34.90436304538067,0.8810452314370554,0.14080499927164408,0.007209942995355543
34.929366170771345,0.881594524497441,0.14084806269374578,0.007193962638359467
34.95436929616202,0.8821920726518758,0.14089301243173732,0.007178022815275514
34.979372421552696,0.8828237620180013,0.14093997751927978,0.00716212365838199
35.00437554694337,0.8834757512861552,0.1409890453761344,0.007146265296155919
35.02937867233404,0.8841344717193712,0.1410402618081628,0.007130447853273048
35.054381797724716,0.8847866271533794,0.14109363100732672,0.007114671450607828
35.07938492311539,0.885419193996606,0.14114911555168824,0.007098936205233443
35.10438804850607,0.8860194212301726,0.14120663640540976,0.007083242230421791
35.129391173896735,0.8865748304078978,0.14126607291875376,0.007067589635643493
35.15439429928741,0.887073230080443,0.14132726315029084,0.0070519785263294926
35.179397424678086,0.8875046849796692,0.14139002957902594,0.0070364089710323935
35.20440055006876,0.8878610912422171,0.14145413134827253,0.0070208810052799315
35.22940367545943,0.8881351823035666,0.14151929387476422,0.007005394644952989
35.254406800850106,0.8883213276067103,0.14158523913140456,0.006989949872827445
35.27940992624078,0.8884155326021534,0.14165168564726663,0.006974546638574199
35.30441305163146,0.8884154387479138,0.14171834850759352,0.006959184858759149
35.329416177022125,0.8883203235095221,0.141784939353798,0.006943864416843209
35.3544193024128,0.8881311003600211,0.14185116638346268,0.006928585163182287
35.379422427803476,0.887850318779967,0.14191673435033994,0.006913346915027307
35.40442555319415,0.8874821642574281,0.14198134456435196,0.0068981494565242005
35.42942867858483,0.8870324582879857,0.14204469489159074,0.0068829925387139035
35.454431803975496,0.8865076901887713,0.14210652591055348,0.006867875901467642
35.47943492936617,0.8859166469813512,0.14216662609262118,0.006852799241673175
35.50443805475685,0.885270231355632,0.1422247912929249,0.006837762217642891
35.52944118014752,0.884579814508729,0.14228085794211706,0.0068227644847637
35.55444430553819,0.8838572360739185,0.142334703048521,0.006807805695498589
35.579447430928866,0.8831148041206361,0.142386244198131,0.006792885499386615
35.60445055631954,0.8823652951544784,0.1424354395546122,0.006778003543042923
35.62945368171022,0.8816219541172018,0.14248228785930064,0.006763159470158732
35.654456807100885,0.8808984943867236,0.14252682843120335,0.006748352921501342
35.67945993249156,0.8802090977771205,0.14256914116699823,0.006733583534914121
35.704463057882236,0.8795682789286052,0.1426093458116224,0.006718850947600309
35.72946618327291,0.8789877403250748,0.14264760359023843,0.006704154851615459
35.75446930866358,0.878478833042023,0.1426841515004547,0.006689494954139454
35.779472434054256,0.8780518896269841,0.14271925267512733,0.006674870980991955
35.80447555944493,0.8777151886234105,0.14275318372893608,0.006660282692979929
35.82947868483561,0.8774749545706718,0.14278623475838448,0.006645729885897632
35.85448181022628,0.8773353580040556,0.1428187093417998,0.006631212390526617
35.87948493561695,0.877298515454767,0.14285092453933304,0.006616730072635735
35.904488061007626,0.8773644894499287,0.14288321089295894,0.0066022828329811165
35.9294911863983,0.8775312885125812,0.14291591242647603,0.006587870607306204
35.95449431178898,0.8777950884599561,0.1429493733204398,0.006573493360923929
35.979497437179646,0.8781496896485381,0.14298388164393447,0.006559151088925738
36.00450056257032,0.87858546728996,0.14301972148553097,0.0065448438437588005
36.029503687961,0.8790918620651673,0.14305714174675047,0.006530571694347432
36.05450681335167,0.8796575584118467,0.143096351282426,0.0065163347226750365
36.07950993874234,0.8802704845244248,0.1431375189007025,0.0065021330237841225
36.104513064133016,0.8809178123540696,0.14318077336303658,0.006487966705776279
36.12951618952369,0.8815859576086892,0.1432262033841968,0.006473835889812207
36.15451931491437,0.882260579752932,0.14327385763226347,0.006459740710111699
36.179522440305036,0.8829265820081873,0.14332374472862874,0.006445681313953645
36.20452556569571,0.8835699434709415,0.14337583420691746,0.006431657832213818
36.22952869108639,0.8841781933113383,0.14343002110686262,0.0064176703787521975
36.25453181647706,0.8847385445622126,0.14348615076391405,0.006403719074706978
36.27953494186774,0.8852396963299497,0.14354404497304682,0.0063898040143029545
36.304538067258406,0.8856718394969285,0.14360350202657807,0.006375925264752735
36.32954119264908,0.8860266567215219,0.14366429671416706,0.006362082866256719
36.35454431803976,0.8862973224380964,0.14372618032281503,0.0063482768320031295
36.37954744343043,0.8864785028570122,0.14378888063686532,0.006334507148167988
36.4045505688211,0.8865663559646231,0.14385210193800324,0.006320773773915128
36.429553694211776,0.8865585315232769,0.14391552500525626,0.00630707664139618
36.45455681960245,0.8864541538127969,0.14397881418179112,0.006293415656596274
36.47955994499313,0.8862541635261899,0.14404167714205307,0.0062797906925509345
36.504563070383796,0.8859618685451438,0.14410379438482368,0.006266201569420608
36.52956619577447,0.8855819868671423,0.14416486028810088,0.00625264808319652
36.55456932116515,0.8851205215040135,0.14422459782080724,0.00623913000996744
36.57957244655582,0.8845847604819298,0.14428275854278996,0.006225647105919655
36.60457557194649,0.8839832768414081,0.14433912260482099,0.006212199107336985
36.629578697337166,0.8833259286373085,0.1443934987485969,0.006198785730600767
36.65458182272784,0.8826238589388365,0.14444572430673897,0.006185406672189875
36.67958494811852,0.8818894958295412,0.14449566520279314,0.006172061608680709
36.70458807350919,0.8811365524073161,0.14454321595123004,0.006158750196747193
36.72959119889986,0.8803783674439679,0.14458831662484006,0.006145472103810534
36.75459432429054,0.8796287179305745,0.14463098989901868,0.006132227004654338
36.77959744968121,0.8789028115715012,0.14467130104933026,0.006119014556294237
36.80460057507189,0.8782147338448022,0.14470935233709473,0.006105834437337981
36.829603700462556,0.877577439871429,0.14474528303760423,0.006092686348121952
36.85460682585323,0.8770027544152297,0.1447792694401231,0.006079570010711155
36.87960995124391,0.8765013718829501,0.14481152484788798,0.006066485168899237
36.90461307663458,0.8760828563242328,0.14484229957810765,0.006053431588208472
36.92961620202525,0.8757556414316177,0.14487188096196318,0.006040409055889769
36.95461932741593,0.8755270290551589,0.14490059323335713,0.006027417380935502
36.9796224528066,0.8754019560832847,0.14492875769677388,0.006014456407005477
37.00462557819728,0.8753815765869095,0.14495672104996485,0.006001526030408073
37.029628703587946,0.8754651068153444,0.14498484494343644,0.0059886261776147575
37.05463182897862,0.8756498903061081,0.14501346842704146,0.005975756802851378
37.0796349543693,0.8759313978849262,0.14504290794997893,0.005962917888098181
37.10463807975997,0.8763032276657317,0.14507345736079413,0.0059501094430898
37.12964120515065,0.8767571050506645,0.14510538790737873,0.005937331505315257
37.154644330541316,0.8772828827300718,0.14513894823697057,0.005924584140017966
37.17964745593199,0.8778685406825081,0.1451743643961539,0.0059118674401957205
37.20465058132267,0.8785002557751691,0.14521183950544292,0.005899181525406747
37.22965370671334,0.879165282858964,0.145251519549759,0.0058865264950301414
37.25465683210401,0.8798488988019431,0.14529346796739703,0.00587390248803238
37.27965995749469,0.8805356284197166,0.14533770730380235,0.005861309658876802
37.30466308288536,0.8812109421678208,0.14538422137111245,0.005848748147411538
37.32966620827604,0.8818612561417186,0.14543295524815686,0.00583621807886949
37.354669333666706,0.8824739320767991,0.1454838152804572,0.005823719563868346
37.37967245905738,0.8830372773483789,0.14553666908022722,0.0058112526984105605
37.40467558444806,0.8835405449717,0.14559134552637262,0.005798817563883377
37.42967870983873,0.8839739336019313,0.14564763476449127,0.0057864142270588155
37.4546818352294,0.8843285875341683,0.1457052882068731,0.005774042740093676
37.47968496062008,0.8845966125156516,0.14576401926483276,0.005761703140372516
37.50468808601075,0.8847725710652414,0.14582354975131503,0.005749395430920336
37.52969121140143,0.8848533160752915,0.14588356261488028,0.005737119570244213
37.5546943367921,0.8848369324807255,0.14594372086827795,0.005724875491653305
37.57969746218277,0.8847231197887593,0.14600369968397,0.005712663101854941
37.60470058757345,0.8845131920789009,0.14606318639413118,0.005700482280954608
37.62970371296412,0.8842100780029505,0.1461218804906487,0.00568833288245597
37.6547068383548,0.8838183207850001,0.14617949362512245,0.005676214733260856
37.679709963745466,0.8833440782214345,0.14623574960886487,0.005664127633669264
37.70471308913614,0.8827951226809295,0.1462903844129011,0.00565207135737935
37.72971621452682,0.8821808411044542,0.14634314616796887,0.005640045651487449
37.75471933991749,0.8815116175388789,0.14639380475477126,0.005628050246983265
37.77972246530816,0.8807979444457167,0.146442207763155,0.005616084879950665
37.80472559069884,0.880054009976147,0.14648823957156681,0.00560414923446431
37.82972871608951,0.8792940920787325,0.14653182531646572,0.005592242997692428
37.85473184148019,0.8785321759616161,0.146572933942557,0.005580365866025872
37.879734966870856,0.8777819540925219,0.14661157820279228,0.005568517545078131
37.90473809226153,0.8770568261987538,0.1466478146583694,0.005556697749685314
37.92974121765221,0.8763698992671971,0.14668174367873252,0.005544906203906172
37.95474434304288,0.8757339875443177,0.14671350944157202,0.0055331426410220805
37.97974746843356,0.8751616125361623,0.1467432999328246,0.00552140680353705
38.00475059382423,0.8746650030083584,0.14677134694667324,0.005509698443177721
38.0297537192149,0.8742557077284469,0.14679791766035916,0.005498017326136315
38.05475684460558,0.8739410742840334,0.14682328863304947,0.0054863632785349115
38.07975996999625,0.8737266320300651,0.1468478218955567,0.005474736150467144
38.10476309538692,0.8736161211528721,0.14687188085046768,0.005463135816869518
38.1297662207776,0.8736111718977321,0.14689581629795348,0.005451562182047607
38.15476934616827,0.8737113045688696,0.1469199664357693,0.005440015179676071
38.17977247155895,0.8739139295294565,0.14694465685925445,0.005428494772798649
38.20477559694962,0.8742143472016115,0.1469702005613324,0.005417000953828158
38.22977872234029,0.8746057480664007,0.1469968979325108,0.005405533744546487
38.25478184773097,0.875079212663837,0.14702503676088144,0.005394093196104612
38.27978497312164,0.8756237115928807,0.14705489223212023,0.005382679389022583
38.30478809851231,0.8762262315206307,0.1470867248653356,0.005371292431070965
38.32979122390299,0.8768746165762489,0.1471207072066435,0.005359932410220725
38.35479434929366,0.877554260476137,0.1471569431192366,0.005348599454907805
38.37979747468434,0.8782498381539421,0.14719550475609502,0.005337293707895797
38.404800600075006,0.8789466773757034,0.14723642087114602,0.005326015303352466
38.42980372546568,0.8796307587398541,0.14727967681926415,0.005314764366849743
38.45480685085636,0.880288715677219,0.14732521455627123,0.0053035410153637365
38.47980997624703,0.8809078344510165,0.14737293263893625,0.005292345357274723
38.50481310163771,0.8814760541568576,0.1474226862249755,0.005281177492367152
38.52981622702838,0.8819819667227458,0.14747428707305252,0.005270037511829647
38.55481935241905,0.8824148213793797,0.147527503695492,0.00525892549820233
38.57982247780973,0.8827660532486853,0.14758209479254158,0.005247841505667339
38.6048256032004,0.883029345250076,0.14763776816708546,0.005236785553038508
38.62982872859107,0.8831994593639002,0.14769419845730367,0.005225757638953388
38.65483185398175,0.8832728536334394,0.14775106335455912,0.005214757735493707
38.67983497937242,0.883247682164909,0.1478080436033976,0.005203785788185392
38.7048381047631,0.8831237951274574,0.14786482300154777,0.0051928417159985505
38.72984123015377,0.8829027387531668,0.147921088399921,0.005181925411347485
38.75484435554444,0.8825877553370527,0.14797652970261166,0.005171036740090673
38.77984748093512,0.8821837832370639,0.14803083986689697,0.005160175541530789
38.80485060632579,0.8816974568740831,0.14808371490323688,0.0051493416284146935
38.82985373171646,0.8811369204877535,0.14813485862486292,0.005138534789964565
38.85485685710714,0.8805105579054154,0.148184047790027,0.005127754814799033
38.87985998249781,0.8798301998876962,0.14823108584456668,0.00511700144287382
38.90486310788849,0.8791086345531364,0.14827580961829054,0.005106274403940058
38.929866233279164,0.8783588661153053,0.14831810112185956,0.005095573429245667
38.95486935866983,0.8775941148828019,0.14835788754678744,0.005084898251535355
38.97987248406051,0.8768278172592527,0.14839514126544032,0.005074248605050609
39.00487560945118,0.8760736257433139,0.148429879831037,0.005063624225529713
39.02987873484186,0.8753454089286704,0.1484621659776488,0.005053024850207732
39.05488186023253,0.8746572515040361,0.1484921076201996,0.005042450217816522
39.0798849856232,0.874023454253153,0.14851985785446584,0.005031900068584718
39.10488811101388,0.873457816245821,0.1485456098153413,0.0050213741534513336
39.12989123640455,0.8729704506875867,0.14856960326694285,0.005010872276363139
39.15489436179522,0.8725713156134163,0.14859214846270632,0.005000394247266712
39.1798974871859,0.8722684710504871,0.14861356711644347,0.004989939900952361
39.20490061257657,0.8720677501093097,0.14863418758502603,0.004979509101112299
39.22990373796725,0.8719727589837267,0.1486543448683858,0.004969101740340633
39.25490686335792,0.8719848769509131,0.14867438060951468,0.0049587177401333666
39.27990998874859,0.8721032563713761,0.1486946430944645,0.004948357050888393
39.30491311413927,0.8723248226889558,0.14871548725234723,0.004938019651905509
39.32991623952994,0.8726442744308243,0.14873727465533482,0.004927705551386402
39.35491936492062,0.8730547372723664,0.14876034423763093,0.004917414775211164
39.37992249031129,0.8735467638767431,0.14878496806896857,0.0049071473766075105
39.40492561570196,0.8741080576694225,0.14881140363240702,0.004896903448151744
39.42992874109264,0.8747258744588811,0.14883986358463902,0.004886683088965225
39.454931866483314,0.8753870580795938,0.14887051492304154,0.004876486404179794
39.47993499187398,0.8760780403920341,0.1489034789856757,0.004866313504937782
39.50493811726466,0.8767848412826735,0.1489388314512868,0.004856164508391995
39.52994124265533,0.8774930686639816,0.14897660233930438,0.004846039537705734
39.55494436804601,0.8781879184744265,0.149016776009842,0.00483593872205278
39.57994749343668,0.8788541913853408,0.14905929132459753,0.004825862196399901
39.60495061882735,0.8794787060028627,0.14910404905006797,0.004815810071870281
39.62995374421803,0.8800495304187542,0.1491508706231769,0.004805782448769117
39.654956869608704,0.8805551836531735,0.14919953574311504,0.0047957794206845965
39.67995999499937,0.880985825604674,0.14924980489752396,0.0047858010576079186
39.70496312039005,0.881333257050205,0.14930141936249605,0.004775847405933288
39.72996624578072,0.8815909196451113,0.1493541012025745,0.004765918488457925
39.7549693711714,0.8817538959231331,0.1494075532707533,0.004756014304382065
39.779972496562074,0.8818189092964068,0.1494614592084773,0.00474613482930895
39.80497562195274,0.8817843240554639,0.14951548344564214,0.004736280015244837
39.82997874734342,0.8816501453692317,0.14956927120059432,0.004726449790598988
39.85498187273409,0.881417890193706,0.14962246663686396,0.004716644062735909
39.87998499812477,0.8810909285269486,0.14967476614373118,0.0047068627108172185
39.90498812351544,0.8806751317236571,0.14972584240662035,0.004697105573501028
39.92999124890611,0.8801776173624395,0.14977539767425413,0.0046873724746752535
39.95499437429679,0.8796066665074932,0.14982316983819288,0.004677663225127845
39.979997499687464,0.8789717237086048,0.14986893243283472,0.004667977622546775
40.00500062507813,0.8782833970011501,0.14991249463541556,0.004658315451520051
40.03000375046881,0.8775534579060937,0.14995370126600904,0.004648676483535697
40.05500687585948,0.8767948414299902,0.14999243278752655,0.004639060476981772
40.08001000125016,0.8760216460649827,0.1500286053057172,0.0046294671771463635
40.10501312664083,0.8752490530227071,0.15006217081060885,0.004619896317283296
40.1300162520315,0.8744907564792831,0.15009314329678708,0.004610347655972948
40.15501937742218,0.873761720647213,0.15012161910213984,0.0046008209462054805
40.180022502812854,0.8730768554653671,0.15014773468367992,0.004591315944355492
40.20502562820353,0.8724496274961261,0.15017166217838054,0.004581832426916908
40.2300287535942,0.8718920599253821,0.15019360940317547,0.004572370190502991
40.25503187898487,0.8714147325625375,0.15021381985495888,0.004562929051846323
40.28003500437555,0.871026781840506,0.1502325727105855,0.004553508847798825
40.305038129766224,0.8707359008157118,0.15025018282687044,0.004544109435331745
40.33004125515689,0.8705483391680903,0.1502670007405894,0.004534730691535665
40.35504438054757,0.870468697885273,0.15028339826609288,0.004525372514759193
40.38004750593824,0.8704979236375989,0.15029972848807494,0.004516034841081262
40.40505063132892,0.8706340295035657,0.15031637879760673,0.0045067176408938375
40.43005375671959,0.8708732238918827,0.15033371386644848,0.004497420905733514
40.45505688211026,0.871209917184074,0.15035206985275143,0.00448814464792188
40.48006000750094,0.8716367217344783,0.15037175440105768,0.00447888890056553
40.505063132891614,0.8721444518702486,0.1503930466423004,0.004469653717556057
40.53006625828228,0.8727221238913526,0.1504161971938037,0.004460439173570054
40.55506938367296,0.873356956070573,0.1504414281592826,0.004451245364069108
40.58007250906363,0.8740343704033039,0.15046893312863427,0.00444207240527584
40.60507563445431,0.8747405669574744,0.15049886005716356,0.004432920400929467
40.630078759844984,0.8754607762513997,0.15053126107442072,0.004423789473656076
40.65508188523565,0.8761788362448935,0.1505661353566042,0.004414679767957581
40.68008501062633,0.8768797016229678,0.15060344313220975,0.004405591414441267
40.705088136017004,0.8775494437958331,0.15064310568203035,0.004396524529819812
40.73009126140768,0.8781752508988986,0.15068500533915627,0.004387479216911274
40.75509438679835,0.8787454277927716,0.15072898548897506,0.004378455564639101
40.78009751218902,0.8792493960632587,0.1507748505691716,0.004369453648032113
40.8051006375797,0.8796776940213644,0.1508223660697279,0.004360473528224523
40.830103762970374,0.8800219767032919,0.1508712585329234,0.004351515252455926
40.85510688836104,0.8802750158704429,0.15092121555333474,0.004342578854071303
40.88011001375172,0.8804310259928969,0.1509719020531003,0.004333664349872502
40.905113139142394,0.8804873932850258,0.15102300577760072,0.0043247717181761815
40.93011626453307,0.8804430269285077,0.15107416122312023,0.004315900908577169
40.95511938992374,0.8802983638650491,0.15112501330108064,0.004307051850524648
40.98012251531441,0.8800554573717014,0.15117522476978984,0.00429822445306861
41.00512564070509,0.8797179770608617,0.15122447623444163,0.0042894186048598746
41.030128766095764,0.8792912088802725,0.15127246614711576,0.004280634174150077
41.05513189148644,0.8787820551130214,0.151318910806778,0.004271871008791674
41.08013501687711,0.8781990343775422,0.15136354435928004,0.004263128936237943
41.10513814226778,0.877552281627613,0.1514061187973596,0.004254407763542971
41.13014126765846,0.8768534869510247,0.15144640445592605,0.004245707278134594
41.155144393049135,0.8761135967060124,0.15148423077756604,0.0042370272796087675
41.1801475184398,0.8753468096914335,0.15151949998304043,0.0042283675356949105
41.20515064383048,0.87456864182298,0.15155215523357402,0.004219727801763632
41.230153769221154,0.873794045030197,0.15158218509326774,0.004211107843346038
41.25515689461183,0.873037407256481,0.15160962352909854,0.004202507436133718
41.2801600200025,0.8723125524590813,0.15163454991091946,0.004193926365978749
41.30516314539317,0.8716327406090982,0.1516570890114597,0.004185364428893691
41.33016627078385,0.8710106676914848,0.15167741100632437,0.004176821431051597
41.355169396174524,0.8704584657050463,0.15169573147399484,0.004168297188786006
41.38017252156519,0.8699877026624395,0.15171231139582847,0.004159791528590946
41.40517564695587,0.8696093825901734,0.1517274571560587,0.004151304287120923
41.430178772346544,0.8693322005173506,0.15174148698937787,0.004142835327546192
41.45518189773722,0.8691603471045777,0.1517547561404534,0.00413438455895153
41.480185023127895,0.869096586267284,0.15176766571226638,0.004125951906542577
41.50518814851856,0.8691415937665311,0.1517805986664661,0.004117537318007505
41.53019127390924,0.8692939502510941,0.15179391957308852,0.00410914076358307
41.555194399299914,0.8695501412574618,0.15180797461055637,0.004100762236054629
41.58019752469059,0.8699045572098358,0.15182309156567908,0.004092401750756133
41.60520065008126,0.8703494934201316,0.15183957983365284,0.004084059345570128
41.630203775471934,0.8708751500879778,0.15185773041806055,0.004075735080927748
41.65520690086261,0.8714696323007164,0.15187781593087188,0.004067429039808726
41.680210026253285,0.8721190077961017,0.15190008991025866,0.004059141327015388
41.70521315164395,0.8728102558865917,0.15192472874524052,0.004050872033204557
41.73021627703463,0.8735283723082923,0.15195182355999345,0.004042621275474788
41.755219402425304,0.8742573729762577,0.15198142902007572,0.004034389185036385
41.78022252781598,0.8749820831263561,0.15201355501960073,0.004026175884456967
41.80522565320665,0.8756881373152695,0.15204816668123677,0.004017981487661473
41.83022877859732,0.876361979420495,0.15208518435620733,0.004009806099932152
41.855231903988,0.8769908626403429,0.15212448362429076,0.004001649817908577
41.880235029378674,0.8775628494939381,0.1521658952938206,0.003993512729587635
41.90523815476935,0.8780668118212198,0.15220920540168534,0.003985394914323533
41.93024128016002,0.8784924307829407,0.15225415521332847,0.003977296442827796
41.955244405550694,0.8788308988024814,0.15230046205598727,0.003969217370418947
41.98024753094137,0.8790764855279645,0.15234782674744038,0.003961157717208208
42.005250656332045,0.8792245329556434,0.15239589338107584,0.0039531174855842325
42.03025378172271,0.879272071325593,0.15244431081443008,0.0039450966572347175
42.05525690711339,0.8792178639641276,0.15249273478098888,0.0039370951927811485
42.080260032504064,0.8790624072837999,0.15254082789018752,0.003929113031778813
42.10526315789474,0.8788079307834026,0.15258825962741066,0.003921150092716789
42.13026628328541,0.8784583970479667,0.15263470635399234,0.003913206273017955
42.155269408676084,0.8780195017487625,0.1526798513072162,0.0039052814490389757
42.18027253406676,0.8774986736432998,0.15272338460031512,0.0038973754760703158
42.205275659457435,0.8769050035113257,0.1527650046552746,0.003889488189214673
42.2302787848481,0.876247589186616,0.15280447697116933,0.0038816194254772084
42.25528191023878,0.8755388221148688,0.15284161381146869,0.003873768987230687
42.280285035629454,0.8747924612531348,0.1528762599542704,0.0038659366641292403
42.30528816102013,0.8740223325642941,0.15290830836361452,0.0038581222486527415
42.330291286410805,0.8732423290170556,0.15293770018948324,0.00385032553610681
42.355294411801474,0.872466410585958,0.1529644247678011,0.003842546324622811
42.38029753719215,0.8717086042513684,0.1529885196204348,0.003834784415157848
42.405300662582825,0.8709830039994839,0.15301007045519335,0.0038270396114947767
42.4303037879735,0.8703037708223305,0.15302921116582802,0.003819311720242194
42.45530691336417,0.8696851327177636,0.15304612383203225,0.0038116005508344454
42.480310038754844,0.8691410478477759,0.15306103515004954,0.0038039059188241754
42.50531316414552,0.8686816288717131,0.1530742059976581,0.0037962276814784003
42.530316289536195,0.8683160922542581,0.1530859768027626,0.003788565708132755
42.55531941492686,0.8680519527829601,0.15309670260907585,0.0037809198855712598
42.58032254031754,0.8678944155445947,0.15310674101817992,0.0037732901237665
42.605325665708214,0.8678463759251638,0.15311645218952594,0.0037656763558796408
42.63032879109889,0.867908419609896,0.15312619884043413,0.0037580785382604165
42.65533191648956,0.8680788225832459,0.15313634624609396,0.003750496650447136
42.680335041880234,0.8683535511288951,0.1531472622395639,0.003742930695166675
42.70533816727091,0.8687262618297514,0.15315931721177162,0.0037353806983344852
42.730341292661585,0.8691887818939071,0.15317286828874452,0.0037278467031024473
42.75534441805226,0.8697313346145901,0.1531881910397112,0.003720328763868938
42.78034754344293,0.8703406458906925,0.15320553832482325,0.0037128269722126253
42.805350668833604,0.8710029836820125,0.15322511808755934,0.0037053414252327522
42.83035379422428,0.871704387477078,0.15324708922688862,0.003697872222939843
42.855356919614955,0.8724306682931475,0.15327156159727082,0.003690419468255696
42.880360045005624,0.8731674086762099,0.153298596008656,0.0036829832670133883
42.9053631703963,0.8738999627009846,0.15332820422648485,0.003675563727957266
42.930366295786975,0.8746134559709211,0.15336034897168846,0.0036681609627429567
42.95536942117765,0.8752927856181993,0.15339494392068845,0.003660775085937363
42.98037254656832,0.8759239963525234,0.15343186315365873,0.0036534062017081403
43.005375671958994,0.8764957225044088,0.1534709152350449,0.0036460543917139292
43.03037879734967,0.8769966802320497,0.1535118477687596,0.0036387197365170907
43.055381922740345,0.8774172724311752,0.15355439103167617,0.0036314022975638093
43.08038504813101,0.8777496238676408,0.15359825848875347,0.0036241021168253577
43.10538817352169,0.8779875811774281,0.1536431467930357,0.0036168192167980893
43.130391298912365,0.8781267128666448,0.1536887357856525,0.0036095536005034514
43.15539442430304,0.8781643093115248,0.15373468849581892,0.003602305251487974
43.180397549693716,0.878099382758428,0.1537806511408354,0.003595074133823277
43.205400675084384,0.8779326673238411,0.1538262531260877,0.003587860192106066
43.23040380047506,0.8776665284028944,0.15387111510335869,0.0035806633527325966
43.255406925865735,0.8773048050141495,0.15391491902537727,0.003573483525562429
43.28041005125641,0.8768541754428253,0.15395733357093902,0.003566320584936168
43.30541317664708,0.8763226875926081,0.1539980523452641,0.0035591743919605417
43.330416302037754,0.8757194820411985,0.15403680889944443,0.0035520447985405846
43.35541942742843,0.8750547920403122,0.15407337673044375,0.0035449316473796476
43.380422552819105,0.8743399435156798,0.15410756928109745,0.0035378347719793894
43.405425678209774,0.8735873550670463,0.15413923994011283,0.003530753996639781
43.43042880360045,0.8728105379681714,0.1541682820420689,0.0035236891364590983
43.455431928991125,0.87202409616683,0.15419462886741642,0.003516639997333934
43.4804350543818,0.8712437252241795,0.15421825364307373,0.0035096063759698336
43.50543817977247,0.8704839961008465,0.15423918457199762,0.0035025880840220368
43.530441305163144,0.8697595622870461,0.1542575408695257,0.003495584941022659
43.55544443055382,0.8690855782552522,0.15427348866643176,0.0034885967641287434
43.580447555944495,0.868475585016124,0.15428722909480838,0.003481623387539398
43.60545068133517,0.8679415101185056,0.1542989982880669,0.0034746646624957927
43.63045380672584,0.8674936676494268,0.15430906738093753,0.0034677204572811666
43.655456932116515,0.8671407582341023,0.15431774250946922,0.0034607906572208156
43.68046005750719,0.8668898690359328,0.15432536481102976,0.0034538751646821073
43.705463182897866,0.8667464737565039,0.15433231042430579,0.0034469738990744706
43.730466308288534,0.866714316188525,0.1543389779201911,0.003440086797109418
43.75546943367921,0.8667936329578466,0.15434573969171048,0.0034332138234985923
43.780472559069885,0.8669814336311208,0.1543529986090681,0.0034263549720903344
43.80547568446056,0.8672729301710926,0.15436113285336173,0.0034195102532525714
43.83047880985123,0.8676615786612261,0.15437048826931138,0.003412679693224006
43.855481935241905,0.868139079305704,0.15438137836525936,0.0034058633341141078
43.88048506063258,0.8686953764294285,0.15439408431317006,0.0033990612339031253
43.905488186023256,0.8693186584780203,0.1544088549486302,0.003392273466442079
43.930491311413924,0.869995358017819,0.15442590677084864,0.0033855001214527646
43.9554944368046,0.8707101729029681,0.15444542387606178,0.0033787413043160283
43.980497562195275,0.8714486931527338,0.1544675324598449,0.0033719971113765315
44.00550068758595,0.8721955232497749,0.15449226689336923,0.0033652676531821008
44.030503812976626,0.872934556276671,0.15451961351358803,0.0033585530488933453
44.055506938367294,0.8736507941804004,0.15454951638871875,0.0033518534071726395
44.08051006375797,0.8743303477723406,0.154581877318243,0.0033451688261841145
44.105513189148645,0.8749604367282681,0.1546165558329066,0.003338499393593672
44.13051631453932,0.8755293895883576,0.15465336919471961,0.0033318451865689738
44.15551943992999,0.8760266437571833,0.15469209239695622,0.0033252062717794473
44.180522565320665,0.8764427455037186,0.15473245816415493,0.0033185827053962783
44.20552569071134,0.876769349961335,0.15477415695211832,0.0033119745330924205
44.230528816102016,0.8769996843007847,0.15481685938058717,0.003305381786392619
44.255531941492684,0.8771299097517873,0.15486023681787367,0.003298804466746748
44.28053506688336,0.8771576283992563,0.15490390805774076,0.003292242556241529
44.305538192274035,0.8770821147131099,0.15494750318810704,0.0032856960198982344
44.33054131766471,0.8769043512088754,0.15499066648705886,0.003279164805496322
44.35554444305538,0.8766270284476887,0.15503305642285015,0.003272648843573441
44.380547568446055,0.8762545450362936,0.15507434565390257,0.0032661480474254242
44.40555069383673,0.8757930076270436,0.1551142210288054,0.0032596623131062982
44.430553819227406,0.8752502309179002,0.1551523835863156,0.0032531915194282768
44.45555694461808,0.874635737652434,0.15518854855535785,0.0032467355279617634
44.48056007000875,0.8739604822385633,0.15522244935513155,0.0032402941858570237
44.505563195399425,0.8732350919416721,0.15525389643082263,0.0032338673464560037
44.5305663207901,0.8724740180709712,0.15528275171010192,0.0032274548305919644
44.555569446180776,0.871692328313617,0.15530891976885888,0.003221056455921407
44.580572571571444,0.8709048072414105,0.1553323543138631,0.0032146720456506196
44.60557569696212,0.8701259563107977,0.15535305818276435,0.003208301428535671
44.630578822352795,0.8693699938628698,0.15537108334409253,0.0032019444388824226
44.65558194774347,0.8686508551233627,0.15538653089725768,0.0031956009165465178
44.68058507313414,0.8679821922026575,0.15539955107255002,0.0031892707069333883
44.705588198524815,0.8673773740957796,0.15541034323113992,0.0031829536609982462
44.73059132391549,0.8668494866823998,0.15541915586507785,0.0031766496352460954
44.755594449306166,0.8664110360611711,0.1554262816824205,0.0031703584940481343
44.780597574696834,0.8660702803931482,0.15543203026988273,0.0031640801382651347
44.80560070008751,0.8658337100328362,0.15543678821404747,0.003157814484927302
44.830603825478185,0.8657060204162923,0.15544094944764852,0.0031515614665065792
44.85560695086886,0.8656895966698244,0.15544489956081745,0.00314532103488347
44.880610076259536,0.8657845136099902,0.15544901580108342,0.003139093161347044
44.905613201650205,0.8659885357435978,0.15545366707337335,0.0031328778365949344
44.93061632704088,0.8662971172677061,0.15545921394001178,0.0031266750707333343
44.955619452431556,0.8667034020696236,0.155466008620721,0.003120484893277006
44.98062257782223,0.8671982237269098,0.15547439499262095,0.0031143073531492735
45.0056257032129,0.8677703603567883,0.15548470360725566,0.0031081425161744725
45.030628828603575,0.8684084372792003,0.15549717855105633,0.0031019904459673956
45.05563195399425,0.869097630199613,0.15551201140434948,0.003095851237973092
45.080635079384926,0.8698225653949816,0.15552935165303375,0.0030897249936950007
45.105638204775595,0.8705681389141747,0.15554929827241776,0.0030836118128493087
45.13064133016627,0.8713195165779747,0.15557189972721994,0.003077511793364946
45.155644455556946,0.8720621339790765,0.15559715397156867,0.003071425031383594
45.18064758094762,0.8727816964820887,0.15562500844900218,0.003065351621259679
45.20565070633829,0.8734641792235328,0.1556553600924686,0.0030592916555603764
45.230653831728965,0.8740958271118444,0.15568805532432597,0.0030532452250656033
45.25565695711964,0.8746633866046877,0.15572289482923768,0.003047212416878021
45.280660082510316,0.8751567176588065,0.15575965693925384,0.0030411932931119516
45.30566320790099,0.8755667017855816,0.15579803392833547,0.0030351879064218035
45.33066633329166,0.8758855953782899,0.15583769791265847,0.0030291962955799998
45.355669458682335,0.8761074532498369,0.15587831570292066,0.003023218481928699
45.38067258407301,0.8762281286327561,0.1559195488043415,0.003017254469379805
45.40567570946369,0.8762452731792094,0.1559610534166622,0.0030113042444149603
45.430678834854355,0.8761583369609868,0.15600248043414572,0.0030053677760855484
45.45568196024503,0.8759685684695064,0.15604347544557678,0.002999445016012689
45.480685085635706,0.8756790146158148,0.15608367873426188,0.002993535898387247
45.50568821102638,0.8752945207305868,0.15612272527802917,0.0029876403399698246
45.53069133641705,0.874821530501292,0.15616025376312098,0.0029817582422205086
45.555694461807725,0.8742673323701284,0.15619598650387065,0.00297588950007797
45.5806975871984,0.873642532540219,0.15622965374236528,0.0029700339772245794
45.605700712589076,0.8729588088506657,0.15626102021902033,0.0029641915297509824
45.630703837979745,0.8722284470691397,0.15628989869729767,0.0029583620110267034
45.65570696337042,0.87146434089188,0.15631614996370544,0.0029525452717001402
45.680710088761096,0.8706799919436945,0.15633968282779814,0.0029467411596985713
45.70571321415177,0.8698895097779601,0.1563604541221766,0.00294094952022815
45.73071633954245,0.8691076118766218,0.156378468702488,0.0029351701957739083
45.755719464933115,0.8683496236501935,0.15639377944742586,0.0029294030260997557
45.78072259032379,0.8676314784377571,0.15640648725872994,0.0029236478482484738
45.805725715714466,0.8669677162995021,0.15641673951471147,0.0029179045134533396
45.83072884110514,0.8663709848292099,0.15642476776598807,0.002912172893881572
45.85573196649581,0.8658540904609255,0.15643085670725662,0.0029064528622282644
45.880735091886486,0.8654277099664766,0.15643531171958075,0.002900744308656036
45.90573821727716,0.8651003789015548,0.15643845879235108,0.002895047140887501
45.93074134266784,0.8648784916057162,0.15644064452328524,0.0028893612842052644
45.955744468058505,0.864766301202381,0.156442236118428,0.002883686681451927
45.98074759344918,0.8647659195988332,0.1564436213921511,0.0028780232930300737
46.005750718839856,0.8648773174862211,0.1564452087671534,0.00287237109690229
46.03075384423053,0.8650984274991957,0.15644741788734362,0.0028667300873020567
46.0557569696212,0.8654245924138569,0.15645061283521644,0.002861100274493232
46.080760095011875,0.8658473046745586,0.15645515780657177,0.0028554816981508383
46.10576322040255,0.8663566734112162,0.15646138208091545,0.002849874409212596
46.130766345793226,0.8669417045621282,0.15646957000539347,0.0028442784673775898
46.1557694711839,0.867590300873975,0.15647996099479172,0.002838693941106269
46.18077259657457,0.8682892619018202,0.15649274953153613,0.0028331209076204503
46.205775721965246,0.8690242840091099,0.15650808516569265,0.002827559452903311
46.23077884735592,0.8697799603676727,0.15652607251496722,0.0028220096716993982
46.2557819727466,0.8705397821845638,0.15654677126938515,0.002816471667504394
46.280785098137265,0.8712884906292391,0.15657019048157056,0.002810945534347212
46.30578822352794,0.8720115573117122,0.1565962459776661,0.00280543136509939
46.330791348918616,0.8726941600733962,0.15662480003233598,0.0027999292561001047
46.35579447430929,0.8733229840989826,0.15665568165631685,0.0027944392908967153
46.38079759969996,0.8738862219164415,0.15668868659641783,0.0027889615402447664
46.405800725090636,0.8743735733970215,0.15672357733552048,0.0027834960621079836
46.43080385048131,0.874776245755249,0.15676008309257886,0.0027780429016582824
46.45580697587199,0.8750869535489293,0.15679789982261944,0.00277260209127576
46.480810101262655,0.8752999186791456,0.15683669021674115,0.0027671736505487004
46.50581322665333,0.8754108703902599,0.1568760837021154,0.002761757586273568
46.530816352044006,0.8754171571532663,0.1569156992199698,0.0027563538920500155
46.55581947743468,0.8753186325253463,0.15695518644233275,0.0027509625381577215
46.58082260282536,0.8751171911172277,0.15699415342542777,0.00274558347309621
46.605825728216026,0.8748162740418716,0.15703223128380664,0.0027402166327920026
46.6308288536067,0.874420865876802,0.15706907877859502,0.0027348619408516786
46.65583197899738,0.8739374946641075,0.15710438231749235,0.0027295193085618823
46.68083510438805,0.8733742319104405,0.15713785595477195,0.002724188634889321
46.70583822977872,0.8727406925870171,0.15716924139128097,0.002718869806480763
46.730841355169396,0.8720480351296174,0.15719830797444034,0.002713562697663036
46.75584448056007,0.8713089614385853,0.1572248526982449,0.0027082671704430324
46.78084760595075,0.8705373952611836,0.1572487033329841,0.002702983077245214
46.805850731341415,0.8697464234701181,0.1572697695188487,0.002697710281539225
46.83085385673209,0.8689521293187661,0.15728803049144618,0.0026924486281810094
46.855856982122766,0.8681705477872312,0.15730351069573928,0.002687197964402923
46.88086010751344,0.8674168597206113,0.15731628193719951,0.0026819581461328124
46.90586323290411,0.866705391828998,0.15732646338180706,0.0026767290379940177
46.930866358294786,0.8660496166874763,0.157334221556051,0.002671510513305368
46.95586948368546,0.8654621527361258,0.15733977034692911,0.00266630245408119
46.98087260907614,0.8649547642800202,0.15734337100194798,0.0026611047510313
47.00587573446681,0.8645383614892265,0.1573453321291229,0.0026559173035610086
47.03087885985748,0.8642229333876525,0.15734600702116625,0.002650740020169759
47.055881985248156,0.8640151366691332,0.15734574485982805,0.002645572832803956
47.08088511063883,0.863918382552727,0.15734495794660946,0.0026404156958664384
47.10588823602951,0.863934169421747,0.15734406685135696,0.002635268577657695
47.130891361420176,0.8640618195369925,0.15734347226659523,0.0026301314618851113
47.15589448681085,0.8642984790367501,0.1573435550075271,0.002625004347662959
47.18089761220153,0.8646391179367925,0.1573446760120336,0.0026198872495124094
47.2059007375922,0.8650765301303791,0.15734717634067397,0.0026147801973615253
47.23090386298287,0.865601333388256,0.15735137717668554,0.002609683236545264
47.255906988373546,0.8662019693586558,0.1573575798259839,0.0026045964278054723
47.28091011376422,0.8668647259510212,0.1573660654882897,0.002599519847108303
47.3059132391549,0.8675763580054308,0.15737704714632617,0.002594453564834751
47.330916364545566,0.8683216432240148,0.15739064607912598,0.0025893976682001517
47.35591948993624,0.8690840638236256,0.15740694143214237,0.0025843522560189637
47.38092261532692,0.8698478567547808,0.15742596364200231,0.002579317421816276
47.40592574071759,0.8705980137016651,0.15744769443650652,0.002574293253827804
47.43092886610827,0.8713202810821296,0.1574720668346294,0.002569279834999889
47.455931991498936,0.8720011600476915,0.15749896514651904,0.002564277242989501
47.48093511688961,0.8726279064835353,0.15752822497349728,0.002559285550164233
47.50593824228029,0.8731885310085113,0.1575596332080597,0.002554304823602309
47.53094136767096,0.8736717989751366,0.1575929280338756,0.002549335125092578
47.55594449306163,0.8740678998986112,0.1576278175934729,0.0025443765068132616
47.580947618452306,0.8743702965141074,0.15766399234420087,0.0025394289967491635
47.60595074384298,0.874573502418332,0.15770107818815307,0.0025344926114371797
47.63095386923366,0.8746737602911836,0.15773870316557748,0.002529567353206729
47.655956994624326,0.8746691152992987,0.15777650072245106,0.002524653209760145
47.680960120015,0.8745594150960521,0.15781410971047993,0.002519750154172672
47.70596324540568,0.8743463098215564,0.15785117438709928,0.002514858144892472
47.73096637079635,0.8740332521026626,0.15788734441547334,0.0025099771257406224
47.75596949618702,0.8736254970529598,0.15792227486449542,0.0025051070259111134
47.780972621577696,0.8731301022727748,0.15795562620878803,0.0025002477599708472
47.80597574696837,0.8725558799643595,0.15798706544188218,0.0024953992282566112
47.83097887235905,0.8719118209266523,0.15801632821441614,0.0024905613308219676
47.85598199774972,0.8712101296906182,0.15804319898843158,0.0024857339447893327
47.88098512314039,0.8704645635573226,0.15806749382910115,0.0024809169372499965
47.90598824853107,0.8696890616803203,0.15808908008044473,0.0024761101763173727
47.93099137392174,0.8688977450656569,0.15810787636532941,0.0024713135311270075
47.95599449931242,0.8681049165718675,0.15812385258546957,0.002466526871836574
47.980997624703086,0.8673250609099777,0.15813702992142678,0.002461750069625873
48.00600075009376,0.8665728446435024,0.15814748083260988,0.0024569829966968313
48.03100387548444,0.865863116188447,0.1581553290572749,0.0024522255262735063
48.05600700087511,0.8652109058133071,0.15816074961252513,0.0024474775326020826
48.08101012626578,0.8646308901260874,0.15816396413007636,0.002442738894500393
48.10601325165646,0.864133895875254,0.15816524037558263,0.002438009519209426
48.13101637704713,0.8637303402289472,0.15816492790430436,0.0024332893189123244
48.15601950243781,0.8634287526893997,0.1581633912436028,0.002428578218595063
48.181022627828476,0.863235304841833,0.1581610018835804,0.002423876159041671
48.20602575321915,0.863153810354457,0.1581581382770808,0.002419183096834228
48.23102887860983,0.8631857249784711,0.15815518583968885,0.002414499004352871
48.2560320040005,0.8633301465480625,0.15815253694973053,0.002409823869775789
48.28103512939118,0.8635838149804079,0.15815059094827302,0.0024051576970792253
48.306038254781846,0.863941112275672,0.15814975413912472,0.002400500506037477
48.33104138017252,0.864394758335539,0.15815040631477653,0.002395852326116585
48.3560445055632,0.8649347252954923,0.1581528538697712,0.0023912132020889668
48.38104763095387,0.8655480615050425,0.15815738595154444,0.002386583199477396
48.40605075634454,0.8662213257720545,0.15816424112468488,0.002381962387455012
48.43105388173522,0.8669406180241529,0.15817360659916305,0.0023773508386095116
48.45605700712589,0.8676915793087204,0.15818561823033145,0.002372748628943156
48.48106013251657,0.8684593917928983,0.15820036051892442,0.0023681558378727645
48.506063257907236,0.8692287787635867,0.15821786661105822,0.002363572548229719
48.53106638329791,0.869984004627445,0.1582381182982311,0.0023589988462599577
48.55606950868859,0.870708952156422,0.15826104671098493,0.0023544348211027685
48.58107263407926,0.871389944105182,0.15828653752215102,0.00234988054689045
48.60607575946993,0.8720141024385625,0.158314386122277,0.002345336095114426
48.63107888486061,0.8725693054393838,0.15834434757959423,0.0023408015315261317
48.65608201025128,0.873045160416589,0.15837615450895529,0.0023362769090048904
48.68108513564196,0.8734330037052443,0.1584095170718341,0.002331762267557908
48.70608826103263,0.8737259006665394,0.1584441229763258,0.0023272576343202735
48.7310913864233,0.8739186456877868,0.15847963747714688,0.002322763023554961
48.75609451181398,0.874007762182422,0.1585157033756351,0.002318278436652825
48.78109763720465,0.8739915025900042,0.15855194101974945,0.002313803862132607
48.80610076259533,0.8738698483762153,0.1585879483040703,0.0023093392756409316
48.831103887985996,0.873644338055296,0.15862333976558887,0.0023048846417372125
48.85610701337667,0.8733188723133426,0.15865776749865396,0.0023004399052933724
48.88111013876735,0.8728995883818617,0.15869086418202386,0.002296004993164278
48.90611326415802,0.8723939077174544,0.15872230037209303,0.0022915798243838253
48.93111638954869,0.8718105271034845,0.15875178537925252,0.002287164310259259
48.95611951493937,0.8711594186500775,0.15877906726789015,0.002282758354371173
48.98112264033004,0.8704518297941212,0.15880393285639022,0.0022783618525735122
49.00612576572072,0.8697002832992655,0.15882620771713374,0.0022739746929935716
49.031128891111386,0.8689185772559227,0.15884575617649832,0.0022695967560319966
49.05613201650206,0.8681217850812664,0.15886248131485828,0.0022652279143627785
49.08113514189274,0.8673255895515682,0.15887632920713732,0.0022608680376788514
49.10613826728341,0.8665443015962365,0.15888733504090552,0.002256517009903375
49.13114139267409,0.8657943159620095,0.15889560509045694,0.0022521747050745704
49.15614451806476,0.8650910070713107,0.1589012873283051,0.0022478410050385165
49.18114764345543,0.8644483337124886,0.15890457123041948,0.002243515802019603
49.20615076884611,0.8638788390398175,0.1589056877762255,0.0022391989986205413
49.23115389423678,0.8633936505734965,0.15890490944860455,0.002234890507822356
49.25615701962745,0.8630024801996503,0.158902550233894,0.0022305902529843914
49.28116014501813,0.8627136241703286,0.1588989656218871,0.0022262981678443016
49.3061632704088,0.8625339631035065,0.15889455260583316,0.002222014196518063
49.33116639579948,0.8624680271908035,0.15888970710012867,0.002217738297174199
49.35616952119015,0.862516250507013,0.1588848397466784,0.0022134704507424537
49.38117264658082,0.8626768248464995,0.1588803790400097,0.0022092106521288935
49.4061757719715,0.8629459627129685,0.15887672424233082,0.002204958908063588
49.43117889736217,0.8633178973192542,0.15887424538350264,0.002200715237100609
49.45618202275284,0.8637848825873193,0.15887328326103847,0.002196479669618029
49.48118514814352,0.8643371931482554,0.15887414944010428,0.0021922522478179194
49.50618827353419,0.8649631243422826,0.15887712625351852,0.002188033025726358
49.53119139892487,0.8656489922187495,0.15888246680175222,0.002183822069193421
49.55619452431554,0.866379572465268,0.15889039264126742,0.0021796194528946196
49.58119764970621,0.8671410158524863,0.15890104376780959,0.002175425242240758
49.60620077509689,0.8679165553648259,0.15891447381626608,0.002171239525239082
49.63120390048756,0.8686896368508629,0.15893068969532537,0.0021670623892176754
49.65620702587824,0.869444759693428,0.1589496527411705,0.002162893914848972
49.68121015126891,0.8701674768096063,0.15897127871747926,0.0021587341761497574
49.70621327665958,0.8708443946507378,0.15899543781542394,0.0021545832404811648
49.73121640205026,0.8714631732024163,0.15902195465367144,0.0021504411685486827
49.75621952744093,0.8720125259844906,0.15905060827838335,0.002146308014402148
49.7812226528316,0.8724822200510634,0.1590811321632158,0.0021421838254357503
49.80622577822228,0.8728630759904925,0.15911321420931954,0.0021380686423880277
49.83122890361295,0.8731471239239098,0.15914650388863688,0.002133962498627027
49.85623202900363,0.8733295800067613,0.1591806683790073,0.00212986540838241
49.8812351543943,0.8734075149671855,0.15921531476353704,0.0021257773695285602
49.90623827978497,0.873379530162974,0.1592500475378052,0.0021216983687360204
49.93124140517565,0.8732459821661656,0.15928448613070564,0.0021176283808875913
49.95624453056632,0.8730089827630465,0.15931826490444703,0.0021135673690783263
49.981247655957,0.8726723989541509,0.15935103315455287,0.002109515284615533
50.00625078134767,0.8722418529542605,0.1593824551098615,0.0021054720670187757
50.03125390673834,0.8717247221924036,0.15941220993252603,0.0021014376440198685
50.05625703212902,0.8711301393118572,0.15943999171801448,0.0020974119315628837
50.081260157519694,0.8704689910700202,0.15946550950851635,0.002093394833811461
50.10626328291036,0.8697520953744335,0.15948852758660356,0.002089386256152412
50.13126640830104,0.8689928054315438,0.1595088888505099,0.0020853860910306572
50.15626953369171,0.8682066388288721,0.15952647374501022,0.0020813942189569588
50.18127265908239,0.8674088344867917,0.1595412145093663,0.0020774105240969295
50.20627578447306,0.8666143526585286,0.15955309517732694,0.0020734348942710356
50.23127890986373,0.8658378749301608,0.15956215157712775,0.002069467220954591
50.25628203525441,0.8650938042206192,0.1595684713314913,0.0020655073992777665
50.28128516064508,0.8643962647816872,0.1595721938576271,0.002061555328025581
50.30628828603575,0.8637591021980007,0.15957351036723158,0.002057610909637909
50.33129141142643,0.8631958833870473,0.15957266386648808,0.0020536740502094717
50.3562945368171,0.8627198789225813,0.15956994880623404,0.002049744659581774
50.38129766220778,0.8623411667696631,0.15956567828721394,0.0020458226664552682
50.406300787598454,0.8620667670781482,0.15956023630404428,0.0020419080173169953
50.43130391298912,0.8619023849826287,0.15955403758659464,0.002038000666497194
50.4563070383798,0.8618513528579361,0.15954748895471163,0.002034100581546891
50.48131016377047,0.8619146303191414,0.15954098931821908,0.0020302077432379066
50.50631328916115,0.8620908042215549,0.15953492967691782,0.0020263221455628496
50.53131641455182,0.8623760886607265,0.15952969312058582,0.002022443795735121
50.55631953994249,0.8627643249724454,0.15952565482897815,0.002018572714188909
50.58132266533317,0.8632469817327402,0.15952318207182692,0.0020147089345791953
50.606325790723844,0.8638131996420422,0.1595226333859026,0.0020108525034909196
50.63132891611451,0.8644517688493094,0.15952429601898938,0.002007003467309339
50.65633204150519,0.8651483948317721,0.15952838556213791,0.002003161890356518
50.68133516689586,0.865887423650393,0.1595350791954438,0.001999327845964515
50.70633829228654,0.8666534190379525,0.15954450087202435,0.001995501406583993
50.73134141767721,0.8674311623990482,0.15955672131801865,0.0019916826437842185
50.75634454306788,0.8682056528100952,0.15957175803258758,0.001987871628253061
50.78134766845856,0.8689621070193256,0.15958957528791376,0.001984068429796996
50.806350793849234,0.8696859594467888,0.15961008412920155,0.001980273117341103
50.83135391923991,0.8703628621843515,0.15963314237467716,0.0019764857589290646
50.85635704463058,0.8709787722205963,0.15965855653589525,0.0019727064212412574
50.88136017002125,0.8715224909363952,0.15968611097673985,0.001968935155776174
50.90636329541193,0.8719842513652978,0.1597155007122406,0.00196517200613746
50.931366420802604,0.8723554491699961,0.15974638852134587,0.0019614170079967916
50.95636954619327,0.8726293211647376,0.15977843035119774,0.0019576701851702146
50.98137267158395,0.8728009453153256,0.15981127531713196,0.0019539315496181426
51.00637579697462,0.8728672407391185,0.15984456570267805,0.001950201101445364
51.0313789223653,0.8728269677050302,0.15987793695955924,0.0019464788289010341
51.05638204775597,0.8726807276335306,0.15991101770769245,0.0019427647083786815
51.08138517314664,0.8724309630966443,0.15994342973518835,0.0019390587044162005
51.10638829853732,0.8720819578179518,0.15997478799835135,0.0019353607696958595
51.131391423927994,0.8716397643944993,0.16000470395596075,0.0019316708455590279
51.15639454931866,0.8711112259275849,0.16003286740558076,0.0019279888692720379
51.18139767470934,0.8705063990984658,0.16005898915627134,0.0019243147577597812
51.20640080010001,0.8698368140885181,0.16008280586010018,0.0019206484200669192
51.23140392549069,0.8691146793119962,0.1601041040060711,0.0019169897629775399
51.256407050881364,0.868352881416033,0.16012271992012395,0.0019133386910151584
51.28141017627203,0.8675649852806401,0.1601385397651346,0.0019096951064427187
51.30641330166271,0.8667652340187068,0.16015149954091507,0.0019060589092625888
51.331416427053384,0.8659685489760014,0.16016158508421338,0.0019024299972165675
51.35641955244406,0.8651905297311706,0.16016883206871366,0.0018988082657858795
51.38142267783473,0.8644474540957399,0.16017332600503603,0.001895193608191179
51.4064258032254,0.8637547059424071,0.16017520136991983,0.0018915859242621996
51.43142892861608,0.8631254287228572,0.16017467766277357,0.001887985129808207
51.456432054006754,0.8625732718918495,0.1601720369536126,0.0018843911394796078
51.48143517939742,0.8621098127170254,0.16016758552943489,0.001880803879289375
51.5064383047881,0.8617444927404635,0.16016165346045452,0.0018772232869504303
51.53144143017877,0.8614846177786804,0.16015459460010176,0.001873649311875651
51.55644455556945,0.86133535792263,0.16014678658502302,0.0018700819151778636
51.58144768096012,0.861299747537704,0.16013863083508081,0.0018665210696698483
51.60645080635079,0.8613786852637314,0.16013055255335382,0.0018629667598643333
51.63145393174147,0.8615710048052393,0.16012299255685508,0.0018594189813455723
51.656457057132144,0.8618728516598982,0.16011633875518075,0.0018558777409643425
51.68146018252282,0.8622764267699371,0.16011098201207477,0.0018523430653116634
51.70646330791349,0.8627723853254389,0.16010727986543502,0.001848814989250976
51.73146643330416,0.8633501367520654,0.160105544356939,0.0018452935541460422
51.75646955869484,0.8639978447110568,0.16010604203204382,0.0018417788078609525
51.781472684085514,0.8647024270992315,0.16010899393998634,0.0018382708047601196
51.80647580947618,0.8654495560489864,0.1601145756337831,0.001834769605708283
51.83147893486686,0.8662236579282975,0.16012291717023017,0.0018312752780705027
51.856482060257534,0.8670079180776495,0.16013410312217383,0.001827787895685916
51.88148518564821,0.8677867730957843,0.16014816324314798,0.0018243075260237736
51.90648831103888,0.8685450549557026,0.160165029171185,0.0018208342375959762
51.93149143642955,0.8692672813586789,0.16018457785363244,0.0018173681013669803
51.95649456182023,0.8699394517601426,0.16020664932414155,0.0018139091800294682
51.981497687210904,0.8705490473696779,0.1602310467026672,0.001810457528004343
52.00650081260157,0.8710850311510238,0.16025753619546795,0.0018070131914407312
52.03150393799225,0.8715378478220748,0.16028584709510604,0.0018035762082159786
52.056507063382924,0.87189942385488,0.1603156717804474,0.0018001466079356555
52.0815101887736,0.8721631674756435,0.16034666571666154,0.0017967244119335539
52.106513314164275,0.8723239686647244,0.16037844745522173,0.0017933096332716878
52.13151643955494,0.8723784209944953,0.16041062782310347,0.0017899022759042644
52.15651956494562,0.8723257959278294,0.16044283790952177,0.001786502327027661
52.181522690336294,0.8721672714632681,0.16047466623944023,0.0017831097604107877
52.20652581572697,0.8719056461548741,0.16050572503215835,0.0017797245409788775
52.23152894111764,0.8715453440541229,0.16053565272181577,0.001776346624861511
52.25653206650831,0.8710924147099012,0.16056411395739234,0.0017729759593926144
52.28153519189899,0.8705545331685084,0.16059079960270797,0.001769612483110463
52.306538317289665,0.8699409999736556,0.1606154267364228,0.0017662561257576787
52.33154144268033,0.8692627411664663,0.16063773865203707,0.0017629068082812326
52.35654456807101,0.8685323082854755,0.16065750485789124,0.0017595644428324393
52.381547693461684,0.8677632052524397,0.16067452537393317,0.0017562289365359908
52.40655081885236,0.8669681640171827,0.16068868526350258,0.001752900203707764
52.43155394424303,0.866164068179911,0.16069994678254884,0.0017495781398586478
52.4565570696337,0.8653675261025242,0.16070832015051356,0.001746262643253612
52.48156019502438,0.8645942356065391,0.16071386356313772,0.0017429536182374437
52.506563320415054,0.8638589839730888,0.16071668319246146,0.0017396509752347455
52.53156644580573,0.8631756479429228,0.16071693318682417,0.001736354630749935
52.5565695711964,0.8625571937164074,0.1607148156708645,0.0017330645073672457
52.581572696587074,0.8620156769535247,0.16071058074552041,0.001729780533750725
52.60657582197775,0.8615622427738738,0.16070452648802896,0.0017265026446442373
52.631578947368425,0.8612071257566708,0.1606969989519266,0.0017232307808714622
52.65658207275909,0.8609596298725862,0.16068839138859606,0.001719964889404305
52.68158519814977,0.8608254877798421,0.1606790862146077,0.0017167049328265613
52.706588323540444,0.8608061341538743,0.1606695102438109,0.0017134508926818647
52.73159144893112,0.8609013027779252,0.1606601063617926,0.001710202759282409
52.75659457432179,0.8611086587682777,0.16065129054490643,0.0017069605326644345
52.781597699712464,0.8614237985742543,0.16064345186027276,0.0017037242225882245
52.80660082510314,0.861840249978218,0.16063695246577875,0.0017004938485381115
52.831603950493815,0.862349472095571,0.1606321276100782,0.0016972694397224726
52.85660707588448,0.8629408553747562,0.16062928563259168,0.001694051035073731
52.88161020127516,0.8636017215972561,0.1606287079635065,0.0016908386832483544
52.906613326665834,0.8643173238775935,0.1606306491237767,0.0016876324426268578
52.93161645205651,0.8650725923276704,0.16063531515805732,0.0016844323721297771
52.956619577447185,0.8658528575565908,0.16064279857124164,0.0016812385296165683
52.98162270283785,0.8666409413800137,0.16065313778646756,0.0016780509877640471
53.00662582822853,0.867420612434724,0.16066632424948202,0.0016748698146767914
53.031628953619204,0.8681766636891926,0.16068230202901235,0.0016716950734631435
53.05663207900988,0.8688949124435772,0.16070096781676607,0.0016685268222352083
53.08163520440055,0.869562200329722,0.16072217092743113,0.0016653651141088535
53.106638329791224,0.8701663933111584,0.1607457132986758,0.0016622099972037068
53.1316414551819,0.8706963816831038,0.16077134949114866,0.0016590615146431609
53.156644580572575,0.8711420800724626,0.1607987866884786,0.0016559197045543702
53.18164770596324,0.8714944437019058,0.16082768551580787,0.0016527846000104409
53.20665083135392,0.8717470370123179,0.1608577125970275,0.0016496562221472932
53.231653956744594,0.8718958938727915,0.16088848710290526,0.001646534577281525
53.25665708213527,0.8719384353577482,0.1609196041247537,0.0016434196630308814
53.28166020752594,0.8718738759118665,0.16095067172619879,0.0016403114675168841
53.306663332916614,0.8717032233500824,0.16098131094318013,0.0016372099693648266
53.33166645830729,0.8714292788575887,0.16101115578395092,0.00163411513770378
53.356669583697965,0.8710566369898353,0.16103985322907788,0.0016310269321665898
53.38167270908864,0.870591685672529,0.16106706323144135,0.0016279453028898766
53.40667583447931,0.8700426062016339,0.1610924587162352,0.0016248701905140365
53.431678959869984,0.8694193732433707,0.1611157255809669,0.001621801526183238
53.45668208526066,0.8687327506447992,0.16113658486214066,0.0016187392370759937
53.481685210651335,0.8679945763364392,0.161154848346201,0.0016156832471333209
53.506688336042004,0.8672200366465073,0.16117036097350157,0.0016126334649959606
53.53169146143268,0.86642427955343,0.16118301946569322,0.0016095898009884889
53.556694586823355,0.8656222998595133,0.1611927737481321,0.0016065521677157838
53.58169771221403,0.8648289391909411,0.16119962694987944,0.0016035204800630217
53.6067008376047,0.8640588859977754,0.1612036354037017,0.0016004946551956797
53.631703962995374,0.8633266755539564,0.16120490864607057,0.001597474612559532
53.65670708838605,0.8626466899573032,0.16120360941716283,0.0015944602738806539
53.681710213776725,0.8620331581295129,0.16119995366086054,0.0015914515631654208
53.70671333916739,0.861500155816161,0.16119421052475086,0.0015884484067005072
53.73171646455807,0.861059487273655,0.16118667964520922,0.0015854507419350219
53.756719589948744,0.8607193034203943,0.1611777230348025,0.0015824585232095424
53.78172271533942,0.8604868952268244,0.16116775267548544,0.0015794717092047804
53.806725840730095,0.8603671432803593,0.16115717700501453,0.0015764902691447395
53.831728966120764,0.8603625109810402,0.16114640078708908,0.0015735141828249364
53.85673209151144,0.8604730445415352,0.16113582511135152,0.0015705434406123972
53.881735216902115,0.8606963729871393,0.16112584739338712,0.0015675780434456627
53.90673834229279,0.8610277081557751,0.16111686137472406,0.0015646180028347847
53.93174146768346,0.861459844697992,0.16110925712283358,0.0015616633408613281
53.956744593074134,0.8619831837565991,0.1611034205355374,0.0015587140900578617
53.98174771846481,0.8625874014627031,0.16109967235815853,0.001555770284479596
54.006750843855485,0.8632589428044426,0.16109826403476693,0.0015528319722648081
54.031753969246154,0.8639826116767236,0.16109941102647396,0.0015498992097955162
54.05675709463683,0.8647432269507728,0.16110327432921107,0.001546972053672077
54.081760220027505,0.8655256224741364,0.16110996047372994,0.0015440505607131904
54.10676334541818,0.8663146470706816,0.1611195215256024,0.0015411347879558971
54.13176647080885,0.8670951645405954,0.16113195508522046,0.0015382247926555787
54.156769596199524,0.8678520536603855,0.1611472042877963,0.0015353206322859558
54.1817727215902,0.8685702081828798,0.1611651578033622,0.0015324223645390921
54.206775846980875,0.8692346975282683,0.16118565288680453,0.0015295300466041434
54.23177897237155,0.8698335909929554,0.16120849826056058,0.0015266437230655346
54.25678209776222,0.8703559186690699,0.16123340213601473,0.0015237634351695061
54.281785223152895,0.8707919113582572,0.16126004097691157,0.0015208892179588624
54.30678834854357,0.8711336470197584,0.16128808060796238,0.0015180210971610882
54.331791473934246,0.8713750507704108,0.16131717621484506,0.001515159089188344
54.356794599324914,0.8715118948846483,0.16134697234420423,0.0015123032011374687
54.38179772471559,0.8715417987945009,0.1613771029036512,0.001509453430789976
54.406800850106265,0.8714642290895946,0.16140719116176394,0.0015066097666120589
54.43180397549694,0.871280499517152,0.16143684974808709,0.001503772187754587
54.45680710088761,0.8709937709819917,0.16146568065313197,0.0015009406640531084
54.481810226278284,0.8706090434803649,0.16149327565465307,0.0014981151560747575
54.50681335166896,0.8701323050959671,0.16151929116327635,0.0014952956202031423
54.531816477059635,0.8695723970870604,0.16154342188459198,0.001492481998411514
54.556819602450304,0.8689400949604109,0.16156537271479127,0.001489674223715986
54.58182272784098,0.8682469761910957,0.16158489802515982,0.0014868722267232263
54.606825853231655,0.8675054202225041,0.16160180166207777,0.001484075935630463
54.63182897862233,0.8667286084663368,0.16161593694701953,0.00148128527622548
54.656832104013006,0.8659305243026061,0.16162720667655397,0.0014785001718866184
54.681835229403674,0.865125953079636,0.16163556312234442,0.0014757205435827773
54.70683835479435,0.8643304821140618,0.1616410080311485,0.0014729463098734105
54.731841480185025,0.8635605006908307,0.16164359262481834,0.0014701773869085315
54.7568446055757,0.8628320280369388,0.161643418140584,0.0014674136936657987
54.78184773096637,0.862158771226881,0.1616406712916626,0.0014646551621555596
54.806850856357045,0.8615553158307326,0.1616356087442144,0.0014619017222872472
54.83185398174772,0.8610343619257813,0.16162851637749254,0.001459153312208345
54.856857107138396,0.8606065625197845,0.16161970831655015,0.001456409878977697
54.881860232529064,0.8602805235509697,0.16160952693224026,0.0014536713785655074
54.90686335791974,0.8600628038880339,0.16159834284121585,0.0014509377758533393
54.931866483310415,0.859957915330144,0.16158655490592982,0.0014482090446341184
54.95686960870109,0.859968322606937,0.161574590234635,0.0014454851676121302
54.98187273409176,0.8600944744050111,0.1615628978022312,0.0014427661361245572
55.006875859482435,0.8603340176409123,0.16155188126495118,0.0014400519509754654
55.03187898487311,0.8606806221852209,0.16154195317046083,0.001437342628317606
55.056882110263786,0.8611262134791178,0.1615334977546922,0.0014346381915285008
55.08188523565446,0.8616612725730363,0.1615268558203677,0.0014319386698119023
55.10688836104513,0.8622748361266618,0.16152232473699987,0.001429244098197795
55.131891486435805,0.8629544964089323,0.16152015844089163,0.001426554517542392
55.15689461182648,0.8636864012980376,0.16152056743513607,0.0014238699745281389
55.181897737217156,0.8644552542814198,0.16152371878961655,0.0014211905216637121
55.206900862607824,0.8652443194757595,0.16152973614525507,0.001418516217262167
55.2319039879985,0.8660379287425545,0.16153868578278677,0.0014158471152656488
55.256907113389175,0.8668204589292052,0.16155053366071326,0.0014131832718252632
55.28191023877985,0.8675757890222812,0.16156519022670415,0.0014105247458952883
55.30691336417052,0.8682891910287782,0.16158252522837213,0.0014078715904353243
55.331916489561195,0.8689473299761195,0.1616023677132732,0.0014052238524102903
55.35691961495187,0.8695382639121542,0.16162450602890643,0.0014025815727904283
55.381922740342546,0.8700514439051583,0.16164868782271424,0.0013999447865513015
55.406925865733214,0.8704777140438348,0.16167462004208222,0.0013973135226737936
55.43192899112389,0.8708093114373131,0.16170196893433905,0.0013946878041441082
55.456932116514565,0.8710398662151493,0.1617303600467568,0.001392067647953772
55.48193524190524,0.8711647620787396,0.1617594095760735,0.0013894530638751447
55.506938367295916,0.8711821872691502,0.1617887429473971,0.0013868440480824151
55.531941492686585,0.8710920850405462,0.16181794047096015,0.001384240586996308
55.55694461807726,0.8708960888043972,0.1618466033973838,0.0013816426596793324
55.581947743467936,0.8705975316337469,0.16187435567971878,0.0013790502378342622
55.60695086885861,0.8702014462632142,0.1619008439734456,0.0013764632858041315
55.63195399424928,0.8697145650889927,0.16192573763647433,0.0013738817605722367
55.656957119639955,0.8691453201688505,0.16194872872914487,0.0013713056117621342
55.68196024503063,0.8685038432221307,0.1619695320142267,0.0013687347816376434
55.706963370421306,0.867801965629751,0.16198788495691904,0.0013661692051028453
55.731966495811974,0.8670525105369655,0.16200355507832745,0.0013636088128499062
55.75696962120265,0.866267982801623,0.16201639996565723,0.001361053539141771
55.781972746593325,0.8654649308642336,0.16202634112351963,0.0013585033035297136
55.806975871984,0.8646597266167902,0.1620333495039658,0.0013559580274018338
55.83197899737467,0.8638680706591599,0.16203744715144253,0.001353417636044365
55.856982122765345,0.8631049922990838,0.16203870720279237,0.001350882058641671
55.88198524815602,0.8623848495521771,0.16203725388725354,0.0013483512282762508
55.906988373546696,0.8617213291419299,0.16203326252646003,0.0013458250819287348
55.93199149893737,0.861127446499706,0.1620269595344414,0.0013433035604778867
55.95699462432804,0.8606155457647435,0.16201862241762313,0.0013407866087006028
55.981997749718715,0.8601972997841545,0.1620085797748262,0.0013382741752719109
56.00700087510939,0.8598834574402333,0.1619972041034197,0.0013357662135711143
56.032004000500066,0.859680223461803,0.16198486230060974,0.0013332626931055343
56.057007125890735,0.8595909840117878,0.16197199965897452,0.001330763593580669
56.08201025128141,0.8596172429274632,0.16195906049879805,0.0013282689018096656
56.107013376672086,0.8597582893528493,0.1619464675939716,0.0013257786127778054
56.13201650206276,0.8600111977387096,0.16193462217199361,0.001323292729642501
56.15701962745343,0.8603708278425526,0.16192390391396969,0.0013208112637332979
56.182022752844105,0.8608298247286308,0.1619146709546127,0.001318334234551871
56.20702587823478,0.8613786187679408,0.16190725988224264,0.00131586166977203
56.232029003625456,0.8620054256382235,0.1619019857387867,0.0013133936052397155
56.257032129016125,0.8626962463239637,0.1618991420197793,0.001310930084973001
56.2820352544068,0.8634365462573541,0.16189897138164486,0.0013084711540949567
56.307038379797476,0.8642117893106631,0.16190159811330768,0.0013060168577985118
56.33204150518815,0.8650048406893047,0.1619071022482997,0.0013035672530759708
56.35704463057883,0.8657993314114504,0.1619155136222793,0.0013011223941493612
56.382047755969495,0.8665797273875322,0.16192681121414712,0.0012986823321732444
56.40705088136017,0.8673313294202436,0.1619409231460462,0.0012962471152347139
56.432054006750846,0.8680402732045377,0.16195772668336195,0.001293816788353399
56.45705713214152,0.8686935293276289,0.16197704823472212,0.0012913913934814618
56.48206025753219,0.8692789032689917,0.16199866335199686,0.0012889709695035995
56.507063382922865,0.869785035400362,0.1620222967302987,0.0012865555522370402
56.53206650831354,0.8702017286425343,0.16204763318107268,0.0012841451733463798
56.55706963370422,0.8705220792688482,0.1620743526991475,0.0012817398521329125
56.582072759094885,0.8707405800671522,0.16210206246790682,0.0012793396005502517
56.60707588448556,0.8708533903353122,0.162130366533282,0.0012769444232909846
56.632079009876236,0.8708585167733844,0.16215887574787727,0.0012745543172720767
56.65708213526691,0.870755813483616,0.16218720777096962,0.0012721692716348692
56.68208526065758,0.8705469819704443,0.16221498706850893,0.0012697892677450803
56.707088386048255,0.8702355711404975,0.1622418449131179,0.001267414279192803
56.73209151143893,0.8698269773025943,0.16226741938409206,0.001265044271792508
56.757094636829606,0.8693284441677441,0.16229135536739983,0.0012626792035830424
56.78209776222028,0.8687490542901597,0.16231330474177694,0.0012603190248641064
56.80710088761095,0.8680981796316739,0.1623329815151899,0.0012579636851822102
56.832104013001626,0.8673880586274139,0.1623501626528307,0.0012556131237219039
56.8571071383923,0.8666329097729674,0.16236465490741359,0.0012532672727226086
56.88211026378298,0.8658471083489462,0.16237631910359543,0.0012509260650474816
56.907113389173645,0.8650451864209865,0.16238507013797573,0.001248589434183419
56.93211651456432,0.864241832839748,0.16239087697909657,0.0012462573142410526
56.957119639954996,0.8634518932409152,0.16239376266744274,0.001243929639954753
56.98212276534567,0.8626903700451968,0.1623938043154415,0.001241606346682628
57.00712589073634,0.8619724224583255,0.1623911331074629,0.001239287370406524
57.032129016127016,0.8613133664710578,0.16238593429981943,0.0012369726477320223
57.05713214151769,0.8607282704880588,0.16237844327673417,0.001234662117275056
57.08213526690837,0.8602283311054341,0.16236893958142973,0.0012323557324135607
57.107138392299035,0.8598241035043614,0.1623577902892555,0.0012300534499397216
57.13214151768971,0.8595243208196995,0.1623453803201107,0.0012277552330746445
57.157144643080386,0.8593352995802079,0.16233210136752146,0.0012254610534269078
57.18214776847106,0.8592609397085464,0.162318351898641,0.0012231708909925605
57.20715089386174,0.8593027245212752,0.16230453715424947,0.0012208847341551223
57.232154019252405,0.8594597207288548,0.16229106914875407,0.0012186025796855847
57.25715714464308,0.8597285784356464,0.16227836667018897,0.001216324432742408
57.282160270033756,0.8601035311399116,0.16226685528021537,0.0012140503068715255
57.30716339542443,0.8605770690517789,0.16225693520170012,0.0012117802209842608
57.3321665208151,0.8611390096763515,0.16224892776561023,0.0012095142016148338
57.357169646205776,0.8617760848723109,0.16224313606361446,0.0012072522865920257
57.38217277159645,0.8624745153342473,0.16223981032705326,0.0012049945157209235
57.40717589698713,0.8632200564281848,0.1622391467760134,0.0012027409306015415
57.432179022377795,0.8639979981915811,0.16224128761932785,0.0012004915746288228
57.45718214776847,0.8647931653333286,0.16224632105457593,0.001198246492992637
57.482185273159146,0.8655899172337531,0.1622542812680831,0.0011960057326777832
57.50718839854982,0.8663721479446145,0.16226514843492124,0.0011937693424639887
57.53219152394049,0.8671233671685054,0.1622788494637482,0.0011915373726417064
57.557194649331166,0.8678295687394733,0.16229526342141526,0.0011893098655463299
57.58219777472184,0.8684775525960418,0.16231417521302577,0.0011870868621264568
57.60720090011252,0.8690549111270042,0.16233532770006945,0.001184868400218423
57.63220402550319,0.8695510070475595,0.1623584400755893,0.0011826545108189516
57.65720715089386,0.8699569733993124,0.16238320786418142,0.0011804452180851537
57.682210276284536,0.8702657135502742,0.1624093029219952,0.0011782405393345257
57.70721340167521,0.870471901194861,0.1624363734367332,0.0011760404850449536
57.73221652706589,0.8705719803538952,0.16246404392765124,0.00117384505885471
57.757219652456556,0.8705641653746052,0.1624919152455583,0.0011716542575624551
57.78222277784723,0.8704484409306251,0.1625195645728166,0.001169468071127235
57.80722590323791,0.8702263849869428,0.16254659179788403,0.001167286483615121
57.83222902862858,0.8699020780371282,0.162572628671717,0.0011651094681683998
57.85723215401925,0.8694817822093532,0.1625972909423734,0.0011629369889457188
57.882235279409926,0.8689730786394911,0.16262023438980147,0.001160769005905234
57.9072384048006,0.8683848645699304,0.16264115513606456,0.0011586054748205315
57.93224153019128,0.8677273533495744,0.16265978964534133,0.0011564463472806257
57.957244655581945,0.8670120744338421,0.1626759147239255,0.001154291570689961
57.98224778097262,0.8662518733846665,0.1626893475202261,0.0011521410882684086
58.007250906363296,0.8654609118704963,0.16269994552476721,0.0011499948390512706
58.03225403175397,0.8646546676662955,0.16270760657018823,0.0011478527578892771
58.05725715714465,0.8638489813230138,0.16271227593517884,0.0011457147790163555
58.082260282535316,0.8630586401877958,0.16271399610936016,0.0011435808431837248
58.10726340792599,0.8623004529916402,0.16271287729927747,0.0011414508859364338
58.13226653331667,0.86159003335154,0.16270907355362843,0.0011393248474718333
58.15726965870734,0.8609415799338281,0.16270278284237588,0.0011372026733906357
58.18227278409801,0.8603678764541776,0.16269424705674795,0.0011350843146969174
58.207275909488686,0.8598802916776013,0.1626837520092381,0.0011329697277981153
58.23227903487936,0.8594887794184529,0.16267162743360503,0.001130858874505031
58.25728216027004,0.8592018785404261,0.16265824698487272,0.0011287517220318283
58.282285285660706,0.8590267065930393,0.16264402760081415,0.0011266482430064497
58.30728841105138,0.858967647651035,0.16262937659185508,0.0011245484182957081
58.33229153644206,0.8590250946694692,0.16261473155443507,0.001122452240490219
58.35729466183273,0.8591972746324396,0.1626005375355154,0.0011203597091420778
58.3822977872234,0.8594803662770589,0.16258720985464933,0.0011182708301504226
58.407300912614076,0.8598685000934561,0.16257513410398192,0.0011161856157614314
58.43230403800475,0.8603537583247747,0.1625646661482502,0.0011141040845683268
58.45730716339543,0.8609261749671742,0.16255613212478295,0.001112026261511372
58.4823102887861,0.8615737357698293,0.16254982844350097,0.001109952177877872
58.50731341417677,0.8622823782349298,0.16254602178691688,0.0011078818713021745
58.53231653956745,0.86303675352815,0.1625449436705577,0.001105815383093181
58.55731966495812,0.8638226156954749,0.16254673085197058,0.0011037527509452718
58.5823227903488,0.8646226572560762,0.16255144075083358,0.0011016940245603846
58.607325915739466,0.8654201169121175,0.16255908252249862,0.0010996392520526874
58.63232904113014,0.8661992658680884,0.16256961697994982,0.0010975884781745787
58.65733216652082,0.866945407830803,0.16258295659380356,0.001095541744316691
58.68233529191149,0.8676448790094013,0.1625989654923085,0.0010934990885078878
58.70733841730216,0.8682850481153486,0.16261745946134565,0.0010914605454152655
58.732341542692836,0.8688543163624357,0.16263820594442813,0.0010894261463441509
58.75734466808351,0.8693421174667787,0.1626609240427014,0.0010873959192381046
58.78234779347419,0.8697389176468191,0.16268528451494327,0.0010853698886789183
58.807350918864856,0.8700367159142909,0.16271092956359426,0.0010833480745712377
58.83235404425553,0.8702309558074685,0.16273750661123154,0.0010813304854060532
58.85735716964621,0.8703184604598497,0.1627645996343291,0.0010793171229000799
58.88236029503688,0.8702977739574678,0.16279180102233956,0.0010773079825867054
58.90736342042756,0.8701692487807223,0.1628187170894224,0.001075303053648507
58.932366545818226,0.8699350458043801,0.16284496807444385,0.0010733023189172506
58.9573696712089,0.8695991342975741,0.16287018814097715,0.0010713057548738902
58.98237279659958,0.8691672919238042,0.16289402537730222,0.00106931333164857
59.00737592199025,0.8686471047409368,0.16291614179640587,0.0010673250130206228
59.03237904738092,0.8680479672012051,0.16293621333598177,0.0010653407564185711
59.0573821727716,0.8673809013157027,0.16295393290235868,0.0010633605135602065
59.08238529816227,0.8666566787461317,0.16296907443832742,0.0010613842378638
59.10738842355295,0.8658898256387159,0.1629814682709868,0.0010594118716107256
59.132391548943616,0.8650957997736958,0.16299098906556872,0.001057443354919569
59.15739467433429,0.8642898773266446,0.16299756579132102,0.001055478629509649
59.18239779972497,0.8634871528684707,0.16300118172150743,0.001053517638701022
59.20740092511564,0.8627025393654153,0.16300187443340763,0.00105156032741448
59.23240405050631,0.8619507681790541,0.1629997358083173,0.0010496066421715505
59.25740717589699,0.861246389066296,0.16299491203154795,0.0010476565310944957
59.28241030128766,0.860603770179384,0.1629876035924271,0.0010457099439063146
59.30741342667834,0.8600370980658952,0.16297806528429817,0.0010437668319307415
59.33241655206901,0.85955987079585,0.16296659893215526,0.0010418271494949624
59.35741967745968,0.8591811673521639,0.16295353579878852,0.0010398908642929182
59.38242280285036,0.8589088460881861,0.16293928994399598,0.0010379579481578347
59.40742592824103,0.858748742358853,0.16292428173871337,0.0010360283788681628
59.43242905363171,0.8587042529361607,0.16290892710963517,0.0010341021412762713
59.457432179022376,0.8587763360091645,0.16289363753921457,0.001032179227308449
59.48243530441305,0.8589635111839795,0.16287882006566354,0.0010302596359649013
59.50743842980373,0.8592618594837803,0.1628648772829529,0.001028343373319755
59.5324415551944,0.8596650233488009,0.1628522073408121,0.001026430452521054
59.55744468058507,0.860164206636335,0.16284120394472945,0.0010245208937907627
59.58244780597575,0.8607488771176051,0.1628322364739127,0.0010226147219962746
59.60745093136642,0.861407227635423,0.1628255753563166,0.0010207119645850072
59.6324540567571,0.8621240216914161,0.16282145789256453,0.0010188126599151477
59.657457182147766,0.8628838593362713,0.16282006895284992,0.0010169168470869725
59.68246030753844,0.8636713780044257,0.16282153780379843,0.0010150245652804015
59.70746343292912,0.864471252514065,0.1628259381084679,0.0010131358537550012
59.73246655831979,0.8652681950671246,0.16283328792634844,0.0010112507518499816
59.75746968371047,0.8660469552492899,0.16284354971336226,0.001009369298984198
59.78247280910114,0.866792320029995,0.16285663032186387,0.0010074915346561506
59.80747593449181,0.8674891137624244,0.1628723810006399,0.0010056174984439828
59.83247905988249,0.8681236376564384,0.1628906175375157,0.0010037472258191094
59.85748218527316,0.8686849945414026,0.16291108725052025,0.001001880744759056
59.88248531066383,0.8691626378523393,0.1629334631784337,0.001000018082044303
59.90748843605451,0.8695478639540011,0.16295740720621507,0.000998159258276895
59.93249156144518,0.8698338366388364,0.16298257067361552,0.0009963042878056642
59.95749468683586,0.8700155871269899,0.16300859437517862,0.0009944531787262271
59.982497812226526,0.8700900140663026,0.1630351085602401,0.0009926059328809866
60.0075009376172,0.8700558835323113,0.16306173293292797,0.0009907625458591292
60.03250406300788,0.8699138290282493,0.1630880766521626,0.000988923006996629
60.05750718839855,0.869666351485046,0.1631137383316565,0.0009870872993762443
60.08251031378922,0.8693178192613269,0.1631383060399145,0.0009852553998275203
60.1075134391799,0.8688740508572986,0.16316138681545078,0.0009834272805487921
60.13251656457057,0.868342540040065,0.16318267550937982,0.0009816029085506694
60.15751968996125,0.8677337755198788,0.16320185699730663,0.0009797822408539605
60.18252281535192,0.8670591568381462,0.16321866202472063,0.0009779652324652885
60.20752594074259,0.8663308896561609,0.16323287183964538,0.0009761518367779766
60.23252906613327,0.8655619857551053,0.1632443181926388,0.0009743420055720465
60.25753219152394,0.86476626303605,0.16325288333679308,0.0009725356890142212
60.28253531691462,0.8639583455199538,0.16325850002773465,0.0009707328356579232
60.30753844230529,0.863153663347664,0.16326115152362422,0.0009689333924432752
60.33254156769596,0.8623684527799156,0.16326087158515676,0.0009671373046970985
60.35754469308664,0.8616194886603219,0.16325774398821832,0.0009653445169087434
60.38254781847731,0.8609209118487972,0.16325192080287676,0.0009635549826446339
60.40755094386798,0.8602874735832603,0.16324364614464615,0.0009617686555513087
60.43255406925866,0.8597327515629083,0.16323320068596583,0.0009599854928474668
60.45755719464933,0.8592682595137099,0.16322089390131767,0.0009582054577149695
60.48256032004001,0.858903447188405,0.16320706406722593,0.0009564285192988377
60.50756344543068,0.8586457003665044,0.1631920782622574,0.0009546546527072536
60.53256657082135,0.8585003408542904,0.16317633236702137,0.0009528838390115581
60.55756969621203,0.8584706264848162,0.16316025106416956,0.000951116065246254
60.5825728216027,0.8585577514498208,0.16314428780454318,0.0009493513244076707
60.60757594699338,0.858760689149376,0.16312887365458006,0.0009475896148969869
60.63257907238405,0.8590742812217538,0.1631144213840283,0.0009458309450212768
60.65758219777472,0.8594909448863227,0.1631013385218475,0.0009440753297764271
60.6825853231654,0.8600016332050784,0.16308998844304973,0.0009423227880775779
60.70758844855607,0.8605958350826447,0.16308069036869977,0.0009405733427591192
60.73259157394674,0.861261575266273,0.16307371936591478,0.0009388270205746926
60.75759469933742,0.8619854143458431,0.1630693063478646,0.0009370838521971895
60.78259782472809,0.8627524487538624,0.1630676380737716,0.0009353438722187536
60.80760095011877,0.8635463107654658,0.16306885714891067,0.0009336071191507792
60.83260407550944,0.86435026932701,0.16307305803605246,0.0009318736323859452
60.85760720090011,0.8651492547251669,0.16308024156500261,0.0009301434478186486
60.88261032629079,0.8659266816770574,0.1630903330998794,0.000928416606643556
60.90761345168146,0.8666671851409958,0.16310321579914985,0.0009266931465904601
60.93261657707213,0.8673567991490585,0.16311873119376516,0.0009249731013947946
60.95761970246281,0.8679829568070845,0.1631366791871607,0.0009232565007976319
60.98262282785348,0.8685344902946743,0.163156818055256,0.000921543370545686
61.00762595324416,0.8690016308651904,0.1631788644464548,0.000919833732391311
61.032629078634834,0.8693760088457578,0.16320249338164494,0.0009181276040925011
61.0576322040255,0.8696506536372631,0.16322733825419858,0.0009164249994128913
61.08263532941618,0.8698201029952406,0.1632530020352169,0.0009147259279140053
61.10763845480685,0.8698815804283196,0.16327911529378403,0.0009130303912259764
61.13264158019753,0.8698344132616795,0.1633052548436956,0.0009113383830706032
61.1576447055882,0.8696796008630888,0.1633310071335078,0.0009096498921300045
61.18264783097887,0.8694198620715753,0.16335598140556112,0.0009079649021291715
61.20765095636955,0.8690596351974258,0.16337980969598054,0.0009062833918359705
61.232654081760224,0.8686050780221863,0.16340214683467524,0.0009046053350611412
61.25765720715089,0.8680640677986625,0.1634226704453389,0.0009029307006582977
61.28266033254157,0.8674462012509181,0.16344108094544943,0.0009012594525239263
61.30766345793224,0.866762794574277,0.16345710154626922,0.0008995915495973887
61.33266658332292,0.8660267261190464,0.1634704795651413,0.0008979269463156691
61.35766970871359,0.8652500193756288,0.1634810357461317,0.0008962656003854565
61.38267283410426,0.8644484633415511,0.16348867147063564,0.0008946074608238784
61.40767595949494,0.8636387194443735,0.163493337172544,0.0008929524750247853
61.43267908488561,0.862836798751501,0.16349503547878855,0.0008913005929206512
61.45768221027629,0.8620580619701839,0.1634938212093421,0.0008896517669825747
61.48268533566696,0.8613172194475174,0.16348980137721827,0.0008880059522202788
61.50768846105763,0.8606283311704414,0.16348313518847166,0.0008863631061821099
61.53269158644831,0.8600048067657413,0.16347403404219776,0.0008847231889550397
61.557694711838984,0.8594594055000474,0.16346276153053296,0.0008830861631646639
61.58269783722965,0.859004236279835,0.16344963343865465,0.0008814519939752031
61.60770096262033,0.8586507352845214,0.1634350169902868,0.0008798206491378105
61.632704088011,0.8584068790337318,0.16341927854373456,0.0008781921049376657
61.65770721340168,0.8582767289586594,0.16340285025852924,0.0008765663468426727
61.68271033879235,0.8582626798063216,0.1633861892770548,0.0008749433645623637
61.70771346418302,0.8583648798467719,0.16336973156713505,0.0008733231533135143
61.7327165895737,0.8585812308730991,0.1633538919220335,0.0008717057138201465
61.757719714964374,0.8589073882014276,0.1633390639604535,0.000870091052313526
61.78272284035504,0.8593367606709174,0.16332562012653812,0.000868479180532164
61.80772596574572,0.8598605106437642,0.1633139116898702,0.0008668701157218147
61.83272909113639,0.8604675540051994,0.16330426874547238,0.0008652638806354786
61.85773221652707,0.8611445601634895,0.16329700021380705,0.0008636605035334001
61.882735341917744,0.8618766702709887,0.16329238233917284,0.000862060016153931
61.90773846730841,0.8626500137886423,0.16329057379236503,0.0008604624470874877
61.93274159269909,0.8634475671787879,0.16329167308194875,0.000858867834309019
61.957744718089764,0.8642526085488829,0.16329573072165957,0.0008572762152868855
61.98274784348044,0.8650492275356354,0.16330274518139343,0.0008556876255208431
62.00775096887111,0.8658223253050048,0.16331266288720658,0.0008541020985420453
62.03275409426178,0.866557614552202,0.16332537822131563,0.0008525196659130409
62.05775721965246,0.8672416195016882,0.16334073352209758,0.0008509403572277761
62.082760345043134,0.867861675907176,0.16335851908408972,0.0008493642001115939
62.1077634704338,0.8684059310516287,0.16337847315798967,0.0008477912202212337
62.13276659582448,0.8688634435289436,0.16340028555825614,0.000846221441028182
62.15776972121515,0.8692262776160367,0.16342364367095927,0.0008446548787475306
62.18277284660583,0.8694883699587307,0.16344816279425867,0.0008430915437111314
62.2077759719965,0.8696451463968823,0.16347344113894002,0.0008415314417291117
62.23277909738717,0.8696938996293968,0.1634990829098217,0.000839974573382153
62.25778222277785,0.8696337892142275,0.16352469830575467,0.0008384209340214935
62.282785348168524,0.8694658415683764,0.16354990351962237,0.0008368705137689261
62.3077884735592,0.8691929499678932,0.16357432073834097,0.0008353232975167993
62.33279159894987,0.8688198745478767,0.16359757814285916,0.0008337792649280174
62.35779472434054,0.8683532423024733,0.16361930990815818,0.0008322383904360388
62.38279784973122,0.8678015470848783,0.16363915620325195,0.0008307006432448782
62.407800975121894,0.8671741542817187,0.1636567964571967,0.0008291659902698506
62.43280410051256,0.8664821292516669,0.16367199492863618,0.0008276343946319982
62.45780722590324,0.8657395151348379,0.16368453618699824,0.0008261058120696518
62.482810351293914,0.8649606037339385,0.16369425873287477,0.0008245801984874387
62.50781347668459,0.8641598914109444,0.16370105590713732,0.0008230575100807984
62.53281660207526,0.8633520790871022,0.16370487589093705,0.0008215377033359828
62.55781972746593,0.862552072242927,0.16370572170570485,0.0008200207350300543
62.58282285285661,0.8617749809182045,0.16370365121315122,0.0008185065622308887
62.607825978247284,0.86103611971199,0.16369877711526631,0.0008169951422971735
62.63282910363795,0.8603510077826089,0.16369126695431996,0.0008154864328784088
62.65783222902863,0.8597352483521755,0.16368134183766067,0.0008139803921895811
62.6828353544193,0.8592010849749119,0.16366926355509825,0.0008124769870748137
62.70783847980998,0.8587595286780062,0.16365538555402698,0.0008109761882025161
62.732841605200655,0.8584202293809899,0.1636400909052095,0.0008094779695352327
62.75784473059132,0.8581904153261634,0.1636237712664805,0.0008079823106336034
62.782847855982,0.8580748930785959,0.1636068268827465,0.0008064891966563626
62.807850981372674,0.8580760475261262,0.16358966658598603,0.0008049986183603409
62.83285410676335,0.8581938418793623,0.16357270779524954,0.0008035105721004638
62.85785723215402,0.858425817671681,0.1635563765166594,0.0008020250598297529
62.88286035754469,0.8587670947592286,0.16354110734340996,0.0008005420890993234
62.90786348293537,0.8592108094620697,0.1635273227457552,0.000799061671760156
62.932866608326044,0.8597477817491043,0.16351536318594595,0.0007975838237513805
62.95786973371671,0.8603652437934038,0.16350555244394435,0.0007961085695159326
62.98287285910739,0.8610497168604637,0.163498163814819,0.0007946359352908304
63.007875984498064,0.8617871700619871,0.1634934162083472,0.0007931659486960561
63.03287910988874,0.8625630203558863,0.1634914741490153,0.0007916986387345549
63.05788223527941,0.8633621325462819,0.16349244777601843,0.0007902340357922352
63.08288536067008,0.8641688192835042,0.16349639284326073,0.0007887721716379672
63.10788848606076,0.8649668410640912,0.16350331071935512,0.0007873130794235853
63.132891611451434,0.8657394241906343,0.16351314855360843,0.0007858567936414532
63.15789473684211,0.866471841152918,0.16352580519271356,0.000784403344397455
63.18289786223278,0.8671505631791369,0.16354108492126934,0.0007829527601060492
63.207900987623454,0.8677625157883003,0.1635587417150994,0.000781505068042257
63.23290411301413,0.8682963871433879,0.16357850385472897,0.0007800602909740313
63.257907238404805,0.8687426280513493,0.16360007392538475,0.0007786184471622555
63.28291036379547,0.8690934519631048,0.16362312881699503,0.0007771795503607444
63.30791348918615,0.8693428349735456,0.16364731972418955,0.0007757436098162421
63.332916614576824,0.8694865158215326,0.16367227214629965,0.0007743106302684245
63.3579197399675,0.8695219958898972,0.16369758588735814,0.0007728806119498984
63.38292286535817,0.8694485392054417,0.1637228350560994,0.0007714535505862012
63.40792599074884,0.8692670606673794,0.1637476056022918,0.0007700294378405854
63.43292911613952,0.8689808963664617,0.16377152336379278,0.0007686082584350065
63.457932241530195,0.8685956781737237,0.16379418987947628,0.0007671899906059714
63.48293536692086,0.8681184227342471,0.1638152447569082,0.0007657746095842671
63.50793849231154,0.8675575193833083,0.16383436710926072,0.000764362087641435
63.532941617702214,0.8669227301463798,0.16385127555531237,0.0007629523940897735
63.55794474309289,0.8662251897391299,0.16386572821944806,0.0007615454952823362
63.582947868483565,0.8654774055674223,0.16387752273165895,0.0007601413546129322
63.60795099387423,0.8646932577273164,0.1638864962275426,0.0007587399325161268
63.63295411926491,0.8638879990050669,0.16389252534830293,0.0007573411864672397
63.657957244655584,0.8630774829129915,0.16389553222904668,0.0007559450729006507
63.68296037004626,0.8622764598741951,0.16389553556390518,0.0007545515526098895
63.70796349543693,0.8615019331019659,0.16389262550432424,0.000753160582511408
63.732966620827604,0.8607698910731267,0.16388693787109287,0.0007517721222432933
63.75796974621828,0.8600949822455753,0.16387865433198764,0.0007503861349029316
63.782972871608955,0.859490515058283,0.16386800240177277,0.0007490025870470065
63.80797599699962,0.858968457931295,0.16385525544219998,0.0007476214486914999
63.8329791223903,0.8585394392657302,0.16384073266200866,0.0007462426933116908
63.857982247780974,0.8582127474437816,0.16382479911692577,0.0007448662978421568
63.88298537317165,0.8579963308287164,0.16380786570966582,0.0007434922426767736
63.90798849856232,0.8578957130668992,0.16379034507044493,0.00074212051327748
63.932991623952994,0.857912262043864,0.1637726712906554,0.0007407511031361665
63.95799474934367,0.8580451116813743,0.16375530091712803,0.0007393840105332117
63.982997874734345,0.8582912890206619,0.16373866200823012,0.0007380192380855413
64.00800100012502,0.8586457142212366,0.16372315413374752,0.0007366567927466297
64.03300412551569,0.8591012005608858,0.1637091483748847,0.0007352966858065005
64.05800725090637,0.8596484544356752,0.16369698732426474,0.0007339389328917254
64.08301037629704,0.8602760753599473,0.1636869850859293,0.000732583553965427
64.10801350168771,0.8609705559663232,0.16367942727533866,0.0007312305733272749
64.13301662707839,0.8617166317718451,0.16367456849679887,0.0007298800187948892
64.15801975246906,0.8625002432315253,0.16367257700242688,0.0007285319152665987
64.18302287785973,0.8633043548942839,0.16367353329412,0.0007271862953459445
64.20802600325041,0.864111928926628,0.16367746817549148,0.0007258431919127888
64.23302912864108,0.8649069049644638,0.16368436248393803,0.0007245026357564654
64.25803225403176,0.8656742001130993,0.1636941470906397,0.000723164655575775
64.28303537942243,0.8663997089472414,0.16370670290056014,0.0007218292779789908
64.3080385048131,0.8670703035109989,0.16372186085244633,0.0007204965274838542
64.33304163020378,0.8676738333178804,0.16373940191882874,0.0007191664265175758
64.35804475559445,0.8681991253507944,0.1637590571060213,0.0007178389954168386
64.38304788098512,0.8686359840620503,0.16378050745412132,0.000716514252427793
64.4080510063758,0.8689756572941927,0.1638034013285382,0.0007151922128738498
64.43305413176647,0.869212859576777,0.1638273890850247,0.0007138728845489546
64.45805725715715,0.8693436801464082,0.16385205404947165,0.0007125562708465584
64.48306038254782,0.8693659346255386,0.16387698490510264,0.0007112423710000424
64.50806350793849,0.8692792757542112,0.16390178227177318,0.0007099311799290833
64.53306663332917,0.8690851933900589,0.16392605870597068,0.0007086226882396558
64.55806975871984,0.8687870145083046,0.16394943870081446,0.0007073168822240346
64.58307288411052,0.8683899032017615,0.1639715586860558,0.0007060137438607893
64.60807600950119,0.8679008606808328,0.1639920670280779,0.00070471325081479
64.63307913489186,0.8673287252735119,0.16401062402989583,0.0007034153764372028
64.65808226028254,0.8666840494247622,0.16402690423446162,0.0007021200900566867
64.68308538567321,0.8659772593159765,0.16404066129444012,0.0007008273617568835
64.70808851106388,0.8652223956373748,0.16405170478169495,0.0006995371543927325
64.73309163645456,0.864434665576243,0.16405988647226388,0.0006982494288410656
64.75809476184523,0.8636292063681825,0.16406511334776203,0.0006969641468114832
64.78309788723591,0.8628210852971075,0.16406734759538205,0.0006956812708463495
64.80810101262658,0.8620252996952489,0.16406660660789396,0.0006944007643207983
64.83310413801725,0.86125677694315,0.16406296298364528,0.0006931225914427278
64.85810726340793,0.8605303744696692,0.16405654452656096,0.0006918467172528029
64.8831103887986,0.8598608797519807,0.16404753424614335,0.0006905731076244573
64.90811351418928,0.8592630103155713,0.16403617035747226,0.0006893017292638884
64.93311663957995,0.858750827350914,0.1640227389834141,0.0006880325508096189
64.95811976497062,0.8583340767512028,0.16400756376325365,0.0006867655497658366
64.9831228903613,0.8580215962340846,0.16399105213300685,0.0006855007058568036
65.00812601575197,0.8578201592046449,0.16397361989603884,0.0006842380028428173
65.03312914114264,0.8577340788818587,0.16395568225434531,0.0006829774292445329
65.05813226653332,0.8577652082985905,0.16393765380855274,0.0006817189783429656
65.08313539192399,0.8579129403015949,0.16391994855791833,0.0006804626481794926
65.10813851731467,0.8581742075515163,0.1639029799003299,0.000679208441555848
65.13314164270534,0.8585434825228883,0.163887160632306,0.0006779563660341293
65.15814476809601,0.8590127775041347,0.16387290294899587,0.0006767064339367911
65.18314789348669,0.8595724951999197,0.16386058884608576,0.0006754586603391856
65.20815101887736,0.8602109891539863,0.16385050773253862,0.00067421306355044
65.23315414426803,0.8609134712839799,0.1638429223102851,0.0006729696684972693
65.25815726965871,0.8616649408316598,0.1638380405512363,0.0006717285006634888
65.28316039504938,0.8624502573511492,0.16383601427795924,0.0006704895859291007
65.30816352044006,0.8632541407089384,0.16383693916367703,0.00066925295057029
65.33316664583073,0.8640611710838803,0.16384085473226878,0.0006680186212594291
65.3581697712214,0.8648557889671947,0.16384774435826954,0.0006667866250650741
65.38317289661208,0.8656222951624665,0.16385753526687044,0.0006655569894519658
65.40817602200275,0.8663448587753328,0.16387009869981653,0.0006643297422644018
65.43317914739343,0.8670098832314589,0.16388527582195106,0.0006631049070922241
65.4581822727841,0.8676055268090331,0.16390281017177258,0.0006618825048608175
65.48318539817477,0.8681205444270546,0.16392238768072964,0.0006606625552322624
65.50818852356545,0.868545555386159,0.16394368071213855,0.0006594450737184278
65.53319164895612,0.8688730433686183,0.16396634806118326,0.0006582300716809726
65.55819477434679,0.8690973564383421,0.16399003495491554,0.0006570175563313421
65.58319789973747,0.869214707040877,0.1640143730522549,0.0006558075307307696
65.60820102512814,0.8692231720034059,0.16403898044398849,0.0006545999937902789
65.63320415051882,0.8691226925347492,0.16406346165277128,0.0006533949402706789
65.65820727590949,0.868915074225364,0.16408740763312585,0.0006521923607825697
65.68321040130016,0.8686039870473444,0.16411039577144265,0.0006509922417863375
65.70821352669084,0.8681946462327789,0.16413201654081566,0.0006497945664602141
65.73321665208151,0.8676939336060062,0.16415195343987685,0.0006485993145962111
65.75821977747219,0.867111749572051,0.16416987501093516,0.0006474064590958799
65.78322290286286,0.8664590190925778,0.16418549299606472,0.000646215971234575
65.80822602825353,0.8657475572567891,0.1641985691953809,0.000645027821019045
65.83322915364421,0.8649900692814246,0.1642089154670401,0.0006438419771874352
65.85823227903488,0.8642001505107638,0.16421639372723992,0.0006426584072092893
65.88323540442555,0.8633922864166231,0.164220915950219,0.0006414770772855456
65.90823852981623,0.8625818525983568,0.1642224441682572,0.0006402979523485383
65.9332416552069,0.8617851147828589,0.1642209904716754,0.0006391209960620006
65.95824478059758,0.8610189800118886,0.16421661679732147,0.0006379461713047911
65.98324790598825,0.8602978948143856,0.1642094561886374,0.0006367734467077818
66.00825103137892,0.8596370768496013,0.16419973466191848,0.0006356027907168937
66.0332541567696,0.8590506834824571,0.1641877172413171,0.000634434173977042
66.05825728216027,0.858550879036181,0.1641737007794783,0.0006332675710054771
66.08326040755094,0.8581478347923066,0.16415801395754,0.0006321029601917807
66.10826353294162,0.8578497289906736,0.1641410172851328,0.0006309403237978683
66.13326665833229,0.8576627468294281,0.16412310310038014,0.0006297796479579902
66.15826978372297,0.8575910804650221,0.16410469556989815,0.0006286209226787281
66.18327290911364,0.8576369294357044,0.16408625062459864,0.0006274641418376976
66.20827603450431,0.8578001851141407,0.1640682041465182,0.0006263093030840205
66.23327915989499,0.858076563994995,0.1640509809301051,0.0006251564107460626
66.25828228528566,0.8584593752974031,0.16403500272477303,0.0006240054735447896
66.28328541067634,0.8589403368678779,0.1640206487966247,0.0006228565030146803
66.30828853606701,0.8595095751803072,0.16400825592845153,0.0006217095135037311
66.33329166145768,0.8601556253359559,0.16399811841973386,0.0006205645221734516
66.35829478684836,0.8608654310634649,0.16399048808664085,0.0006194215489988671
66.38329791223903,0.8616243447188499,0.16398557426203053,0.0006182806167685196
66.4083010376297,0.8624161272855039,0.16398354379544977,0.000617141751084465
66.43330416302038,0.8632241633741704,0.1639845150066575,0.0006160049781285024
66.45830728841105,0.8640332011565156,0.16398850857413208,0.0006148703222854514
66.48331041380173,0.864826328560149,0.1639954722305569,0.0006137378117089329
66.5083135391924,0.8655878217107574,0.16400530942968902,0.0006126074723335921
66.53331666458307,0.8663032896236191,0.16401787961658254,0.0006114793275908022
66.55831978997375,0.8669596742036018,0.1640329982275888,0.0006103533984086664
66.58332291536442,0.8675452502451616,0.16405043669035607,0.0006092297032120195
66.6083260407551,0.8680496254323461,0.16406992242382992,0.0006081082579224241
66.63332916614577,0.8684637403387914,0.1640911388382529,0.0006069890759581747
66.65833229153644,0.8687798684277239,0.16411372533516477,0.0006058721682342944
66.68333541692712,0.8689917796941423,0.16413729040084937,0.0006047575429322696
66.70833854231779,0.8690960782608487,0.16416146428503314,0.000603645202688725
66.73334166770846,0.8690913338545849,0.1641858195612111,0.0006025351452096418
66.75834479309914,0.8689778136949716,0.1642099382250588,0.0006014273647920069
66.78334791848981,0.8687575472447042,0.16423342264794757,0.0006003218523160615
66.80835104388049,0.8684343262095536,0.16425589557694453,0.0005992185952452975
66.83335416927116,0.8680137045383663,0.16427700013481256,0.000598117577626462
66.85835729466183,0.8675029984230637,0.1642963998200103,0.0005970187800895529
66.88336042005251,0.8669112862986422,0.16431377850669218,0.0005959221798478212
66.90836354544318,0.8662494088431747,0.16432884044470836,0.0005948277506977727
66.93336667083385,0.8655297540403614,0.16434131265966667,0.0005937354634373969
66.95836979622453,0.8647640807696181,0.16435100150824272,0.0005926452906318721
66.9833729216152,0.863968038088306,0.164357784459162,0.0005915571986587091
67.00837604700588,0.8631580078917608,0.16436158749964522,0.0005904711530647584
67.03337917239655,0.8623498765741618,0.1643623904486003,0.0005893871208306306
67.05838229778722,0.8615590350285299,0.16436022695662217,0.0005883050703706917
67.0833854231779,0.860800378646728,0.16435518450599285,0.0005872249715330652
67.10838854856857,0.8600883073194626,0.16434740441068146,0.0005861467955996339
67.13339167395925,0.8594367254362812,0.1643370818163442,0.0005850705152860353
67.15839479934992,0.8588590418855752,0.16432446570032436,0.0005839961047416671
67.18339792474059,0.8583681700545766,0.1643098588716523,0.0005829235395496822
67.20840105013127,0.8579763716674498,0.16429361358214295,0.0005818527969675284
67.23340417552194,0.857691764428478,0.16427608303444316,0.0005807838611496738
67.25840730091261,0.8575196222664264,0.16425771076656784,0.0005797167207510443
67.28341042630329,0.8574633995130548,0.1642389515958421,0.0005786513674237212
67.30841355169396,0.8575242340787131,0.1642202426656296,0.0005775877966087099
67.33341667708464,0.8577009474523414,0.16420200344533242,0.0005765260075359353
67.35841980247531,0.8579900447014689,0.16418463573039127,0.0005754660032242463
67.38342292786598,0.8583857144722155,0.16416852364228524,0.0005744077904814128
67.40842605325666,0.858879828989291,0.1641540336285319,0.0005733513799041263
67.43342917864733,0.8594619440559944,0.1641415144626874,0.0005722967858780021
67.45843230403801,0.8601192990542157,0.16413129724434633,0.0005712440265775752
67.48343542942868,0.86083747506298,0.16412368273654857,0.0005701931227003202
67.50843855481935,0.8616028183742893,0.1641188488336344,0.0005691440930044703
67.53344168021003,0.8623984410487957,0.16411691825216843,0.00056809696258284
67.5584448056007,0.8632076226586054,0.1641179654398113,0.000567051756454699
67.58344793099137,0.8640143373113938,0.16412201105390162,0.0005660084985500773
67.60845105638205,0.8648032536504043,0.16412902196145596,0.0005649672117097668
67.63345418177272,0.8655597348544465,0.16413891123916877,0.0005639279176853226
67.6584573071634,0.8662698386378996,0.16415153817341246,0.0005628906371390599
67.68346043255407,0.8669203172507092,0.16416670826023744,0.0005618553896440577
67.70846355794474,0.8674986174783894,0.16418417320537196,0.0005608221936841551
67.73346668333542,0.8679931581601755,0.1642036392379306,0.0005597910662327163
67.75846980872609,0.8683956179394517,0.16422480088949465,0.0005587620189628694
67.78347293411676,0.8686990434361035,0.16424727244281187,0.0005577350605930124
67.80847605950744,0.8688981164591626,0.16427065822424866,0.0005567101966657227
67.83347918489811,0.8689894069336589,0.16429456515876995,0.0005556874291901405
67.85848231028879,0.8689713729006203,0.16431860276993937,0.0005546667566419633
67.88348543567946,0.8688443605170731,0.16434238317991906,0.0005536481739634519
67.90848856107013,0.8686106040560418,0.16436552110946986,0.0005526316725634259
67.93349168646081,0.8682742259065485,0.16438763387795113,0.0005516172403172649
67.95849481185148,0.8678412365736139,0.16440834140332083,0.0005506048615669108
67.98349793724216,0.8673195346782565,0.1644272662021356,0.0005495945171208637
68.00850106263283,0.8667177865314014,0.1644440795774124,0.0005485861864957958
68.0335041880235,0.8660469250159054,0.1644585262272075,0.0005475798455071004
68.05850731341418,0.8653204308348492,0.16447036906937096,0.00054657546574967
68.08351043880485,0.8645521447517042,0.16447942576653576,0.0005455730187397689
68.10851356419552,0.8637562627055575,0.16448556885288845,0.000544572475924417
68.1335166895862,0.8629473358111132,0.16448872573416903,0.0005435738086813913
68.15851981497687,0.8621402703586938,0.164488878687671,0.0005425769883192284
68.18352294036755,0.8613503278142374,0.16448606486224132,0.0005415819860772197
68.20852606575822,0.8605931248193007,0.16448037627828044,0.0005405887731254164
68.23352919114889,0.8598846331910562,0.16447195982774235,0.0005395973205646251
68.25853231653957,0.8592407831949497,0.1644610143721576,0.00053860760004295
68.28353544193024,0.8586739339699577,0.16444779297140924,0.0005376195894695262
68.30853856732092,0.8581962124768346,0.16443263951070225,0.0005366332677705337
68.33354169271159,0.8578180182172462,0.1644159216969018,0.0005356486166033731
68.35854481810226,0.8575473701374903,0.16439802106401008,0.000534665621320305
68.38354794349294,0.8573899066284976,0.1643793329731662,0.0005336842709684523
68.40855106888361,0.857348885525832,0.16436026661264627,0.0005327045582898014
68.43355419427428,0.85742518410969,0.16434124499786343,0.0005317264797211994
68.45855731966496,0.857617299104901,0.16432270497136764,0.0005307500353943553
68.48356044505563,0.8579213466809271,0.16430509720284606,0.0005297752291358418
68.50856357044631,0.858331620468186,0.16428884214702816,0.0005288020671915259
68.53356669583698,0.8588389199322529,0.1642743001105296,0.0005278305604144313
68.55856982122765,0.8594313261009877,0.1642618164523841,0.0005268607240050226
68.58357294661833,0.8600961246765123,0.16425168348463665,0.0005258925744349611
68.608576072009,0.8608198107588988,0.164244140304099,0.0005249261294385903
68.63357919739967,0.861588088846172,0.16423937279234999,0.0005239614080129328
68.65858232279035,0.8623858728343083,0.16423751361573513,0.0005229984304176912
68.68358544818102,0.863197286017234,0.16423864222536697,0.0005220372181752508
68.7085885735717,0.864005661086829,0.16424278485712493,0.0005210777940706749
68.73359169896237,0.8647939433659068,0.16424991623093055,0.0005201201815275557
68.75859482435304,0.8655478137778294,0.16425994441058642,0.0005191644002155502
68.78359794974372,0.8662525935701927,0.16427268359012978,0.0005182104710260805
68.80860107513439,0.8668947632171103,0.16428791084558453,0.0005172584129010672
68.83360420052507,0.867462506493497,0.16430537286430116,0.0005163082419196984
68.85860732591574,0.8679457104750649,0.16432478594495684,0.0005153599712984347
68.88361045130641,0.8683359655383261,0.16434583599755542,0.0005144136113910045
68.90861357669709,0.8686265653605921,0.16436817854342742,0.0005134691696884065
68.93361670208776,0.8688125069199724,0.16439143871522993,0.0005125266508189106
68.95861982747843,0.8688904904953761,0.16441521125694683,0.0005115860565480552
68.98362295286911,0.868858914134764,0.16443906251021717,0.0005106473857995111
69.00862607825978,0.8687180635828693,0.16446260185780545,0.0005097106343981981
69.03362920365046,0.8684709414072422,0.16448542257461998,0.0005087757926737662
69.05863232904113,0.8681223089652359,0.16450712088743144,0.0005078428479310878
69.0836354544318,0.8676784180867381,0.1645273289306326,0.0005069117852463689
69.10863857982248,0.8671470110741708,0.16454571474623822,0.0005059825874671512
69.13364170521315,0.8665373207024921,0.1645619822838851,0.0005050552352123135
69.15864483060383,0.8658600702191934,0.16457587140083202,0.0005041297068720678
69.1836479559945,0.8651274733443024,0.16458715786195985,0.0005032059786079639
69.20865108138517,0.8643532342703802,0.16459565333977141,0.0005022840243528855
69.23365420677585,0.8635525475996504,0.16460120541469994,0.0005013638158111507
69.25865733216652,0.8627400845603918,0.1646037232750114,0.0005004453259464247
69.28366045755719,0.8619316281280501,0.16460321658354343,0.000499528527359177
69.30866358294787,0.8611442390154606,0.16459974771654612,0.0004986133911837273
69.33366670833854,0.8603938436850292,0.16459342813696626,0.0004976998906048598
69.35866983372922,0.8596952343487296,0.16458441839444737,0.0004967880008578201
69.38367295911989,0.8590620689681064,0.16457292812532967,0.0004958776992283189
69.40867608451056,0.8585068712542726,0.1645592160526501,0.0004949689650525292
69.43367920990124,0.8580410306679106,0.1645435899861422,0.0004940617797170869
69.45868233529191,0.8576748024192729,0.16452640682223638,0.0004931561266590927
69.48368546068258,0.8574172747673251,0.16450807071268775,0.0004922519914004404
69.50868858607326,0.8572744009009046,0.16448897856703665,0.0004913493636938202
69.53369171146393,0.8572484682337331,0.1644695799516306,0.0004904482381540532
69.55869483685461,0.8573396948011799,0.16445033233505688,0.0004895486123173869
69.58369796224528,0.8575460940693544,0.16443166824098476,0.0004886504867401475
69.60870108763595,0.8578634749351065,0.16441399524816533,0.00048775386499873676
69.63370421302663,0.8582854417260262,0.1643976959904317,0.0004868587536896333
69.6587073384173,0.8588033942004434,0.1643831281566989,0.00048596516242939403
69.68371046380798,0.8594065275474291,0.16437062449096382,0.00048507310385465104
69.70871358919865,0.8600818323867934,0.16436049279230533,0.0004841825936221152
69.73371671458932,0.8608144649688982,0.16435301206316233,0.00048329364983339546
69.75871983998,0.8615905691154779,0.16434836765488722,0.00048240628891075703
69.78372296537067,0.8623931852815155,0.1643466648003614,0.00048152053244502837
69.80872609076134,0.8632052988352374,0.1643479593679036,0.00048063640228674265
69.83372921615202,0.8640107478880239,0.16435225510038912,0.00047975391910414677
69.85873234154269,0.8647942232944079,0.16435950361524962,0.000478873102383203
69.88373546693337,0.8655412686520784,0.16436960440447337,0.0004779939704275852
69.90873859232404,0.8662382803018763,0.16438240483460498,0.0004771165403586832
69.93374171771471,0.8668725073277983,0.16439770014674568,0.000476240828115599
69.95874484310539,0.8674320515569945,0.1644152334565531,0.00047536684845514833
69.98374796849606,0.8679058675597686,0.16443469575424133,0.0004744946149518623
70.00875109388674,0.8682849178952207,0.16445575927090061,0.00047362413852407396
70.03375421927741,0.8685632877322113,0.1644780632913508,0.00047275542531667413
70.05875734466808,0.8687361780280749,0.1645011943382438,0.00047188847918079927
70.08376047005876,0.8688006518797549,0.16452474639808987,0.0004710233010297002
70.10876359544943,0.8687556425127538,0.16454832127563565,0.0004701598888297801
70.1337667208401,0.8686019532811341,0.16457152859386448,0.00046929823760059175
70.15876984623078,0.8683422576675168,0.1645939857939962,0.0004684383394148385
70.18377297162145,0.8679810992830834,0.16461531813548716,0.0004675801833983763
70.20877609701213,0.8675248918675739,0.16463515869603032,0.00046672375573020964
70.2337792224028,0.8669819192892884,0.16465314837155512,0.0004658690396424962
70.25878234779347,0.8663619672811552,0.16466894553460532,0.0004650160160180429
70.28378547318415,0.8656752082872688,0.1646823004603842,0.0004641646655379266
70.30878859857482,0.8649355703327872,0.16469299553031855,0.0004633149636240142
70.33379172396549,0.8641576360910027,0.16470086044073953,0.0004624668851508433
70.35879484935617,0.8633561181761532,0.16470578051390028,0.0004616204052645835
70.38379797474684,0.8625458591434235,0.16470769669797589,0.0004607754993830381
70.40880110013752,0.8617418314889418,0.1647066055670633,0.0004599321431956404
70.43380422552819,0.8609591376497834,0.1647025593211814,0.00045909031266345784
70.45880735091886,0.8602130100039675,0.1646956657862711,0.00045824998401918844
70.48381047630954,0.8595188108704592,0.16468608841419513,0.0004574111337671623
70.50881360170021,0.8588920325091697,0.16467404628273818,0.0004565737386833431
70.5338167270909,0.8583465256579604,0.16465980066557087,0.0004557377781061295
70.55881985248156,0.8578926901832244,0.16464368303756632,0.0004549032363920028
70.58382297787223,0.8575405502536482,0.16462608711850224,0.0004540700986182447
70.60882610326291,0.8572977202637271,0.16460741346795846,0.000453238352992705
70.63382922865358,0.8571693640358189,0.16458806887155017,0.0004524079909051189
70.65883235404425,0.857158194820142,0.16456846634092798,0.0004515790069271039
70.68383547943493,0.8572644752947769,0.1645490251137779,0.00045075139881216124
70.7088386048256,0.8574860175656651,0.16453017065382133,0.0004499251674956777
70.73384173021628,0.8578181831666105,0.16451233465081508,0.0004491003170949217
70.75884485560695,0.8582539660108888,0.16449595229829114,0.00044827685478058323
70.78384798099762,0.8587850031309583,0.16448138797525194,0.00044745478888978766
70.8088511063883,0.8593989325797103,0.16446896407998002,0.00044663413279485883
70.83385423177897,0.8600819665528524,0.1644589649532566,0.00044581490189532594
70.85885735716965,0.8608198679630275,0.1644516193648017,0.0004449971122440029
70.88386048256032,0.861597950439811,0.16444710051327413,0.0004441807805469919
70.90886360795099,0.8624010783297137,0.16444552602627152,0.00044336592416368013
70.93386673334167,0.8632136666961802,0.16444695796033018,0.0004425525611067414
70.95886985873234,0.864019681319588,0.1644514028009253,0.00044174071004213726
70.98387298412301,0.8648026386972498,0.16445881146247077,0.00044093039028911447
71.0088761095137,0.8655464664317188,0.1644690846343347,0.00044012162071924567
71.03387923490436,0.8662380577003732,0.16448205430689716,0.00043931441682421273
71.05888236029504,0.866864136384258,0.16449746996816517,0.0004385087945484479
71.08388548568571,0.867413030653694,0.16451505432991242,0.0004377047674977962
71.10888861107638,0.8678748657189267,0.16453450614706652,0.0004369023466749523
71.13389173646706,0.8682415638301235,0.16455550021770873,0.00043610154047946223
71.15889486185773,0.8685068442773748,0.1645776873830741,0.00043530235470772477
71.1838979872484,0.8686662233906943,0.16460069452755144,0.0004345047925529887
71.20890111263908,0.8687170145400187,0.16462412457868333,0.000433708854605354
71.23390423802975,0.8686583281352075,0.16464755650716612,0.00043291453885177327
71.25890736342043,0.8684910173161561,0.16467055346270523,0.00043212184078506754
71.2839104888111,0.8682177309126958,0.16469273937574994,0.00043133075326119377
71.30891361420177,0.8678439494059207,0.16471371721770198,0.0004305412644237809
71.33391673959245,0.8673767096097891,0.1647331132984509,0.00042975336036411523
71.35891986498312,0.8668243760351562,0.16475059544579582,0.00042896702558930096
71.3839229903738,0.8661966408897719,0.16476587300544554,0.0004281822430222567
71.40892611576447,0.8655045240782835,0.16477869684101837,0.00042739899400171926
71.43392924115514,0.8647603732022332,0.16478885933404228,0.0004266172582822404
71.45893236654582,0.863977863560059,0.16479619438395476,0.00042583701403418813
71.48393549193649,0.8631719981470961,0.16480057740810294,0.00042505823784374825
71.50893861732716,0.8623590397082752,0.16480192560247134,0.00042428090480399683
71.53394174271784,0.8615539109915278,0.16480022866689847,0.0004235049923546152
71.55894486810851,0.8607729972199359,0.16479557308943954,0.0004227304771460117
71.5839479934992,0.8600327984315654,0.16478809480764578,0.0004219573359761244
71.60895111888986,0.8593483830121725,0.16477797473460212,0.00042118554768814194
71.63395424428053,0.8587333876952005,0.16476543875892743,0.00042041509317049995
71.65895736967121,0.8582000175617812,0.16475075774477418,0.0004196459553568828
71.68396049506188,0.8577590460407363,0.16473424753182883,0.0004188781192262247
71.70896362045256,0.8574198149085746,0.16471626893531144,0.00041811157180270657
71.73396674584323,0.8571902342894941,0.16469722774597598,0.0004173463021557599
71.7589698712339,0.8570764689546818,0.16467755661079814,0.00041658230163837766
71.78397299662458,0.8570806536586726,0.1646576745409721,0.0004158195659041266
71.80897612201525,0.8572020119099382,0.16463804586387662,0.00041505809403562504
71.83397924740592,0.8574377104313468,0.1646191104866928,0.00041429788752614453
71.8589823727966,0.8577828399091073,0.16460127800134788,0.0004135389502794449
71.88398549818727,0.8582304149927684,0.164584927684515,0.00041278128860977565
71.90898862357795,0.85877137429522,0.16457040849761329,0.0004120249112418729
71.93399174896862,0.8593945803926911,0.16455803908680797,0.0004112698293109628
71.95899487435929,0.8600868198247522,0.16454810778301016,0.0004105160563627586
71.98399799974997,0.8608328285227372,0.16454087250027388,0.00040976360831941237
72.00900112514064,0.8616181458500854,0.1645365276003003,0.0004090124998392967
72.03400425053131,0.8624264917099599,0.16453516233322152,0.00040826274842427503
72.059007375922,0.8632404428467795,0.16453681099634118,0.00040751437331920166
72.08401050131266,0.8640436081336804,0.16454145820948501,0.0004067673925118697
72.10901362670334,0.8648206285725191,0.16454903891500086,0.0004060218227330077
72.13401675209401,0.8655571772938688,0.16455943837775855,0.00040527767945628356
72.15901987748468,0.866239959557023,0.16457249218515,0.00040453497689830125
72.18402300287536,0.8668567127499931,0.16458798624708923,0.000403793728018602
72.20902612826603,0.8673962063895082,0.16460565679601227,0.0004030539445196658
72.23402925365671,0.8678482421210174,0.16462519038687728,0.0004023156368469085
72.25903237904738,0.8682037104295024,0.16464622654020186,0.00040157881413712424
72.28403550443805,0.8684564950219641,0.16466841635152887,0.0004008434821008704
72.30903862982873,0.8686027436956815,0.16469135323027542,0.0004001096429128161
72.3340417552194,0.8686400730907463,0.16471461472094515,0.00039937729653543463
72.35904488061007,0.8685679332967251,0.16473779213541334,0.0003986464405123709
72.38404800600075,0.8683876078526592,0.16476049055292696,0.00039791706996844273
72.40905113139142,0.8681022137470646,0.16478232882010463,0.000397189177609642
72.4340542567821,0.8677167014179321,0.16480293955093664,0.0003964627537231317
72.45905738217277,0.8672378547527275,0.16482196912678496,0.00039573778617724945
72.48406050756344,0.866674291088391,0.16483907769638323,0.00039501426042150436
72.50906363295412,0.8660364612113371,0.16485393917583677,0.0003942921594865785
72.53406675834479,0.8653352615412184,0.16486627506035018,0.0003935714659068958
72.55906988373548,0.8645834400585276,0.16487589560553484,0.00039285216046162203
72.58407300912614,0.8637965655972863,0.16488264540777817,0.00039213422075698326
72.60907613451681,0.8629900748515307,0.1648864244083602,0.0003914176249390543
72.6340792599075,0.862179253687011,0.16488718815268127,0.0003907023517180842
72.65908238529816,0.8613792371411925,0.16488494779026192,0.0003899883803684974
72.68408551068883,0.8606050094232532,0.164879770074743,0.00038927569072889104
72.70908863607951,0.8598714039140855,0.16487177736388556,0.00038856426320203654
72.73409176147018,0.8591931031662965,0.16486114761957102,0.00038785407875488047
72.75909488686086,0.8585846389042059,0.16484811440780095,0.00038714511891854204
72.78409801225153,0.8580603611742319,0.16483296636587402,0.00038643736582038885
72.8091011376422,0.8576313388454898,0.16481601779500174,0.0003857308054348069
72.83410426303288,0.8573060039426236,0.16479766404464571,0.00038502542686571334
72.85910738842355,0.8570914657306942,0.16477833271744005,0.0003843212207482414
72.88411051381422,0.8569923662630358,0.16475844818368662,0.0003836181804032497
72.9091136392049,0.8570108803812567,0.16473843158135504,0.00038291630183732403
72.93411676459557,0.857146715715239,0.16471870081608272,0.00038221558374277817
72.95911988998625,0.8573971126831391,0.16469967056117474,0.00038151602749765133
72.98412301537692,0.8577568444913862,0.16468175225760404,0.0003808176371657111
73.00912614076759,0.8582182171346844,0.1646653541140112,0.0003801204194964509
73.03412926615827,0.8587712721557446,0.16465087599439726,0.00037942438366550226
73.05913239154894,0.859405300680113,0.1646386299268665,0.0003787295391747947
73.08413551693963,0.8601057887887701,0.1646288781441673,0.0003780358998463596
73.1091386423303,0.8608573658200206,0.16462183743521377,0.0003773434806105421
73.13414176772096,0.8616446326017912,0.16461766779420337,0.00037665229650036706
73.15914489311164,0.8624521614516305,0.16461647242061683,0.00037596236265153974
73.18414801850231,0.8632644961767063,0.1646182977192182,0.0003752736943024474
73.20915114389298,0.8640661520738092,0.1646231333000549,0.0003745863067941568
73.23415426928366,0.8648416159293512,0.16463091197845756,0.00037390021557041534
73.25915739467433,0.8655753460193636,0.16464150977504013,0.00037321543617765225
73.28416052006502,0.866252425027197,0.16465475636745575,0.00037253198353724286
73.30916364545568,0.866861234514487,0.1646704345673178,0.00037184986917861916
73.33416677084635,0.8673904364438157,0.16468822761851495,0.00037116910447559736
73.35916989623703,0.867830334992947,0.16470780004254484,0.0003704896987240536
73.3841730216277,0.868173116453971,0.16472880441264404,0.0003698116588564635
73.40917614701839,0.8684128492333064,0.16475088135378813,0.00036913498944189964
73.43417927240905,0.8685454838516982,0.1647736595426916,0.0003684596926860345
73.45918239779972,0.868568852944219,0.164796755707808,0.00036778576843113787
73.4841855231904,0.8684826712602689,0.16481977462932987,0.0003671132141560777
73.50918864858107,0.8682885356635749,0.16484230913918863,0.0003664420249763217
73.53419177397174,0.8679899251321914,0.16486394012105476,0.0003657721936439348
73.55919489936242,0.867592088387871,0.16488424379950958,0.00036510371071289243
73.58419802475309,0.8671013900350428,0.16490288681652995,0.0003644365655622245
73.60920115014378,0.8665274522450067,0.16491954101879844,0.0003637707433942128
73.63420427553444,0.8658812682800424,0.16493390787762705,0.0003631062279903208
73.65920740092511,0.8651746831945939,0.1649457399344889,0.00036244300246748525
73.6842105263158,0.8644203938352704,0.16495484080101844,0.0003617810492781173
73.70921365170646,0.863631948840847,0.16496106515901118,0.00036112035021010385
73.73421677709713,0.8628237486422633,0.16496431876042386,0.0003604608863868048
73.75921990248781,0.8620110454626234,0.16496455842737442,0.0003598026382670547
73.78422302787848,0.8612099433171986,0.16496179205214198,0.0003591455856451637
73.80922615326917,0.8604373947500387,0.1649560785860175,0.00035848970765440125
73.83422927865983,0.859708686011581,0.1649475348017174,0.00035783498563222364
73.8592324040505,0.8590384429632266,0.16493637660648633,0.00035718140245751527
73.88423552944118,0.8584412518327947,0.16492287144881623,0.00035652894126248234
73.90923865483185,0.8579296572220496,0.16490731754652302,0.00035587758740331256
73.93424178022254,0.857514162106698,0.1648900438867467,0.00035522732846017215
73.9592449056132,0.8572032278363912,0.16487141022595128,0.0003545781542372089
73.98424803100387,0.8570032741347244,0.16485180708992492,0.0003539300567625496
74.00925115639455,0.8569186790992361,0.16483165577377973,0.00035328303028830124
74.03425428178522,0.8569517792014092,0.16481140834195196,0.00035263707129055196
74.05925740717589,0.8571028358270044,0.1647915222044289,0.0003519921783371719
74.08426053256657,0.8573683942623249,0.16477241410279433,0.0003513483531844815
74.10926365795724,0.857741791744935,0.1647545148502106,0.00035070560082596037
74.13426678334793,0.8582147864836377,0.1647382142390712,0.00035006392784571114
74.1592699087386,0.8587775926462202,0.164723858201068,0.0003494233423721589
74.18427303412926,0.8594188803594562,0.16471174880719086,0.0003487838540780485
74.20927615951994,0.8601257757091052,0.164702144267728,0.00034814547418044546
74.23427928491061,0.860883860739911,0.16469525893226564,0.00034750821544073725
74.2592824103013,0.8616771734556042,0.16469126328968833,0.00034687209216463066
74.28428553569196,0.862488628217728,0.16469028289174872,0.00034623711975809125
74.30928866108263,0.8633030319038197,0.16469236107523508,0.00034560331187392354
74.33429178647332,0.8641036188001585,0.1646974497898264,0.00034497068435581144
74.35929491186398,0.8648743325046417,0.16470545445314408,0.0003443392523353717
74.38429803725465,0.8656004867642154,0.1647162369213362,0.0003437090294859065
74.40930116264533,0.8662687654748721,0.16472961548907733,0.00034308002802240433
74.434304288036,0.8668672226816501,0.1647453648895687,0.0003424522587015414
74.45930741342669,0.8673852825786358,0.1647632162945381,0.00034182573082167876
74.48431053881735,0.8678137395089617,0.16478285731423997,0.0003412004522228654
74.50931366420802,0.8681447579648075,0.16480393199745522,0.00034057642928683556
74.5343167895987,0.8683718985658354,0.16482604355375313,0.0003399536669204711
74.55931991498937,0.8684911789749993,0.16484881762999612,0.00033933216746026383
74.58432304038004,0.8685010330449914,0.16487183489326993,0.00033871192996639475
74.60932616577072,0.8684015530711141,0.16489466805327035,0.0003380929514985153
74.6343292911614,0.8681945878403864,0.1649169114349035,0.00033747522720198265
74.65933241655208,0.8678837426315432,0.16493818097828575,0.0003368587503078571
74.68433554194274,0.8674743792150361,0.16495811423874365,0.00033624351213290505
74.70933866733341,0.8669736158530327,0.16497637038681418,0.00033562950207959615
74.7343417927241,0.8663903272994163,0.16499263020824445,0.0003350167076361049
74.75934491811476,0.8657351447997882,0.1650065961039919,0.0003344051143763113
74.78434804350545,0.8650204529781288,0.16501799211549004,0.00033379470596314346
74.80935116889611,0.8642582683786666,0.16502660027357974,0.0003331854666066735
74.83435429428678,0.8634632257315779,0.16503229307183678,0.00033257737844384107
74.85935741967747,0.862652046845702,0.1650349909259745,0.0003319704217689811
74.88436054506813,0.861840898555968,0.16503466813553658,0.000331364577740979
74.9093636704588,0.8610453927233921,0.16503135288389686,0.000330759828383269
74.93436679584948,0.8602805862350787,0.1650251272382596,0.00033015615658383494
74.95936992124015,0.859560981004222,0.16501612714965924,0.00032955354609521116
74.98437304663084,0.8589005239701024,0.1650045424529606,0.0003289519815344805
75.0093761720215,0.8583126070980909,0.16499061686685867,0.00032835144838327674
75.03437929741217,0.857810067379645,0.16497464799387884,0.0003277519329877822
75.05938242280286,0.8574051868323113,0.1649569873203767,0.0003271534225587289
75.08438554819352,0.8571075045066122,0.16493799718032995,0.0003265559070025264
75.1093886735842,0.8569222083695416,0.16491809673526012,0.00032595938009034696
75.13439179897487,0.8568529817154388,0.16489775146147084,0.0003253638370093525
75.15939492436554,0.8569012014141625,0.16487740776690363,0.0003247692750722845
75.18439804975623,0.8570659378027781,0.16485749298728714,0.0003241756937175575
75.2094011751469,0.8573439546855575,0.16483841538613744,0.0003235830945092606
75.23440430053756,0.8577297093339799,0.16482056415475788,0.0003229914811371549
75.25940742592825,0.8582153524867311,0.16480430941223906,0.00032240085941667485
75.28441055131891,0.8587907283497032,0.16479000220545895,0.0003218112372889291
75.3094136767096,0.8594433745959958,0.16477797450908274,0.00032122262482069813
75.33441680210026,0.8601587412320039,0.16476853567973435,0.0003206350339684676
75.35941992749093,0.8609232178323094,0.16476188951657017,0.0003200484753958227
75.38442305288162,0.8617203085958136,0.16475816070771074,0.00031946296291782513
75.40942617827228,0.8625330343519919,0.16475742963376258,0.0003188785110093945
75.43442930366295,0.8633451491414178,0.16475972282864454,0.0003182951334906485
75.45943242905363,0.8641411402157608,0.16476501297958784,0.00031771284352690376
75.4844355544443,0.864906228037786,0.164773218927136,0.0003171316536286768
75.50943867983499,0.8656263662813563,0.164784205665145,0.00031655157565168196
75.53444180522565,0.8662882418314293,0.1647977843407831,0.0003159726207968336
75.55944493061632,0.8668792747840607,0.16481371225453093,0.00031539479961024427
75.584448056007,0.8673876605620177,0.16483169434823167,0.000314818121948158
75.60945118139767,0.8678043637946887,0.1648514273338807,0.00031424259518729165
75.63445430678836,0.8681224538543488,0.16487253659780546,0.0003136682243997595
75.65945743217902,0.8683363698294645,0.16489461974805936,0.0003130950130576871
75.6844605575697,0.8684424430678058,0.164917278001085,0.0003125229626368698
75.70946368296038,0.8684388971764464,0.16494011618171425,0.0003119520726167741
75.73446680835104,0.8683258480217629,0.1649627427231682,0.00031138234048053815
75.75946993374171,0.8681053037294358,0.1649847696670572,0.0003108137617149702
75.7844730591324,0.8677811646844488,0.1650058126633808,0.00031024632981054934
75.80947618452306,0.867359223531089,0.16502549097052788,0.00030968003626142675
75.83447930991375,0.8668471651729468,0.16504342745527645,0.000309114870565423
75.85948243530441,0.8662539076609164,0.16505927193952846,0.0003085508209557312
75.88448556069508,0.8655895765510118,0.1650727656835563,0.00030798787467590366
75.90948868608577,0.8648676557086475,0.16508366607401945,0.0003074260157542552
75.93449181147643,0.8641021019975734,0.1650917824790802,0.00030686522805075766
75.95949493686712,0.8633071901055291,0.165096979688961,0.00030630549542333125
75.98449806225779,0.8624975125442478,0.16509917791594456,0.00030574680172784684
76.00950118764845,0.8616879796494531,0.16509835279437368,0.0003051891308181239
76.03450431303914,0.8608938195808602,0.16509453538065147,0.00030463246654593133
76.0595074384298,0.8601305783221773,0.16508781215324117,0.00030407679276098855
76.08451056382047,0.8594141196811032,0.16507832501266628,0.00030352209331096353
76.10951368921116,0.8587605673988584,0.16506627072153038,0.00030296835209151147
76.13451681460182,0.858183083793944,0.1650518905786813,0.0003024155559245122
76.1595199399925,0.8576935172106128,0.16503551969066593,0.00030186369321536324
76.18452306538317,0.8573026397977306,0.16501753033179775,0.0003013127533846963
76.20952619077384,0.8570188211155286,0.1649983074471055,0.0003007627279520375
76.23452931616453,0.8568480281356041,0.16497824865233332,0.00030021361053580797
76.2595324415552,0.8567938252409205,0.1649577642339407,0.00029966539685332506
76.28453556694586,0.856857374225807,0.1649372771491025,0.0002991180847208001
76.30953869233655,0.8570374342959589,0.16491722302570894,0.00029857167405333986
76.33454181772721,0.8573303620684372,0.1648980501623655,0.000298026166864947
76.3595449431179,0.8577304698955398,0.1648801986193074,0.00029748156685088415
76.38454806850856,0.8582294728935154,0.16486403146583148,0.0002969378794579562
76.40955119389923,0.8588154647014548,0.1648499002189602,0.0002963951133110092
76.43455431928992,0.859475653223998,0.16483810655793388,0.0002958532778490412
76.45955744468058,0.8601965066918991,0.16482889814689966,0.0002953123831828174
76.48456057007127,0.860963753662028,0.1648224686349115,0.00029477244009486794
76.50956369546194,0.861762383017369,0.16481895765593035,0.00029423346003949047
76.5345668208526,0.8625766439670218,0.16481845082882385,0.00029369545514274794
76.55956994624329,0.8633900460462015,0.16482097975736662,0.00029315843820246933
76.58457307163395,0.8641854124365068,0.1648265223940126,0.00029262242264078297
76.60957619702462,0.8649477468752302,0.16483500263352366,0.00029208742012385916
76.6345793224153,0.8656626926139079,0.1648462448999432,0.00029155344221373926
76.65958244780597,0.8663164177091789,0.16486002518501625,0.00029102049999488335
76.68458557319666,0.8668968151508996,0.1648760898472954,0.0002904886029112886
76.70958869858732,0.8673935028621422,0.1648941556121408,0.0002899577587664919
76.734591823978,0.8677978236991967,0.16491390957172017,0.00028942797372356774
76.75959494936868,0.8681028454515687,0.1649350091850088,0.00028889925230512895
76.78459807475934,0.8683033608419808,0.16495708227778955,0.000288371597393328
76.80960120015001,0.8683958875263722,0.16497972704265282,0.0002878450102298547
76.8346043255407,0.8683786680938989,0.16500251203899663,0.00028731949041593726
76.85960745093136,0.8682516746690566,0.16502502314451434,0.00028679503597397294
76.88461057632205,0.8680174878301162,0.16504686924388048,0.00028627164206502295
76.90961370171271,0.8676807765145507,0.165067636945098,0.0002857493016436046
76.93461682710338,0.8672476846599672,0.1650869495384599,0.000285228006426935
76.95961995249407,0.8667258296719642,0.16510446730311715,0.00028470774689759817
76.98462307788473,0.8661243024241334,0.16511988750707865,0.0002841885123035461
77.00962620327542,0.8654536672580567,0.16513294440721138,0.00028367029065809663
77.03462932866609,0.8647259619833095,0.16514340924924023,0.00028315306873993564
77.05963245405675,0.8639546978774578,0.16515109026774807,0.0002826368320931152
77.08463557944744,0.8631548596860594,0.16515583268617584,0.00028212156502705436
77.1096387048381,0.8623418165887634,0.16515752988352012,0.00028160725165296866
77.13464183022877,0.861530521378911,0.16515617757219553,0.0002810938771671472
77.15964495561946,0.8607382275716944,0.16515183497972002,0.0002805814251862312
77.18464808101012,0.859981162252232,0.16514460981828927,0.0002800698803834266
77.2096512064008,0.8592743737890305,0.16513465868816213,0.0002795592286207272
77.23465433179148,0.8586317318339881,0.16512218707766077,0.0002790494569489165
77.25965745718214,0.8580659273223918,0.1651074493631705,0.00027854055360756596
77.28466058257283,0.8575884724729188,0.1650907488091399,0.00027803250802503594
77.3096637079635,0.8572097007876369,0.16507243756808077,0.0002775253108184764
77.33466683335418,0.856938767052003,0.165052916680568,0.0002770189537938249
77.35966995874485,0.8567824308051777,0.16503259394404227,0.00027651343067905046
77.38467308413551,0.856743275379914,0.1650119047200974,0.00027600873825838157
77.4096762095262,0.8568217386129071,0.16499131466469077,0.00027550487504282974
77.43467933491686,0.8570160617269339,0.16497126369223866,0.00027500184124134945
77.45968246030753,0.8573222890317959,0.16495216595348192,0.0002744996387610049
77.48468558569822,0.8577342679243196,0.16493440983548582,0.000273998271206971
77.50968871108888,0.8582436488883554,0.16491835796164028,0.0002734977438825342
77.53469183647957,0.8588398854947796,0.16490434719165967,0.0002729980637890905
77.55969496187024,0.859510234401492,0.16489268862158285,0.0002724992396261474
77.5846980872609,0.8602398698986675,0.16488366660816073,0.00027200128169041504
77.60970121265159,0.861014846064698,0.16487748637126903,0.000271504199376745
77.63470433804225,0.8618186266440054,0.16487425944341974,0.0002710080045456133
77.65970746343292,0.8626339774107898,0.16487404748493886,0.00027051270978440946
77.6847105888236,0.8634445385160793,0.16487685995235918,0.0002700183269935
77.70971371421427,0.8642348244877284,0.1648826540984203,0.00026952486738622875
77.73471683960496,0.8649902242304215,0.16489133497206845,0.0002690323414889152
77.75971996499563,0.8656970010256692,0.16490275541845684,0.00026854075914085684
77.7847230903863,0.8663422925318115,0.1649167160789453,0.00026805012949432676
77.80972621577698,0.866914110784016,0.1649329653911005,0.000267560461014575
77.83472934116764,0.8674013421942776,0.1649511995886958,0.0002670717614798291
77.85973246655833,0.8677943747728513,0.16497108275152111,0.00026658403754092327
77.884735591949,0.8680870525804916,0.1649922676282225,0.00026609729302062076
77.90973871733966,0.868274420643526,0.1650143387816075,0.0002656115303122832
77.93474184273035,0.8683533138804523,0.16503688503147834,0.00026512675019490394
77.95974496812102,0.8683224399662279,0.16505950365644015,0.0002646429517833185
77.98474809351168,0.8681823793322699,0.16508180039390105,0.00026416013252820265
78.00975121890237,0.8679355851664543,0.1651033894400722,0.0002636782882160735
78.03475434429303,0.8675863834131176,0.16512389344996756,0.0002631974129692901
78.05975746968372,0.8671409727730546,0.16514294353740427,0.0002627174992460517
78.08476059507439,0.866607424703521,0.1651601792750023,0.0002622385378403998
78.10976372046505,0.8659955472825752,0.16517525185205306,0.0002617605180053364
78.13476684585574,0.8653152467261206,0.16518789493649286,0.00026128342907248627
78.1597699712464,0.8645800478429398,0.16519788926304957,0.00026080725755432953
78.18477309663709,0.8638046426645901,0.16520505678531536,0.000260331989208552
78.20977622202776,0.8630038287387453,0.1652092754387103,0.00025985760996585647
78.23477934741842,0.8621925091291928,0.16521047914048234,0.00025938410592996037
78.2597824728091,0.8613856924158353,0.16520865778970728,0.0002589114633775969
78.28478559819978,0.8605984926946918,0.16520385726728876,0.00025843966875851586
78.30978872359044,0.8598461295778945,0.16519617943595835,0.0002579687086954819
78.33479184898113,0.8591439281936913,0.16518578214027543,0.0002574985699842753
78.3597949743718,0.8585073191864458,0.16517287920662727,0.000257029239593693
78.38479809976248,0.8579508580192694,0.16515773148476887,0.00025656070537642147
78.40980122515315,0.8574850749862016,0.165140655002234,0.0002560929584144228
78.43480435054381,0.8571201497095636,0.16512204437152664,0.00025562599022910254
78.4598074759345,0.8568640283173299,0.16510230367069478,0.0002551597939835715
78.48481060132517,0.856722195878295,0.16508184245137095,0.00025469436464250334
78.50981372671583,0.8566976764020731,0.1650610757387721,0.0002542296989721328
78.53481685210652,0.8567910328390983,0.16504042403169972,0.00025376579554025675
78.55981997749718,0.8570003670806242,0.16502031330253983,0.00025330265471623474
78.58482310288787,0.8573213199587251,0.16500117499726294,0.00025284027867098727
78.60982622827854,0.8577470741273542,0.16498344595465592,0.0002523786713745451
78.6348293536692,0.8582694333382558,0.1649675115915776,0.0002519178375583591
78.65983247905989,0.8588766953628111,0.16495369357119885,0.00025145778431013183
78.68483560445056,0.8595549843823461,0.16494228494907925,0.00025099852043863983
78.70983872984124,0.860290007039123,0.16493352274081038,0.0002505400550992858
78.7348418552319,0.8610670524363366,0.1649275879220159,0.00025008239779410093
78.75984498062257,0.8618709921381179,0.16492460542835136,0.00024962555837174273
78.78484810601326,0.8626862801695324,0.16492464415550434,0.0002491695470274961
78.80985123140393,0.8634969530165786,0.16492771695919445,0.00024871437430327406
78.8348543567946,0.864286629626191,0.16493378065517328,0.000248260051087616
78.85985748218528,0.8650388754257444,0.16494273898689557,0.00024780658834966135
78.88486060757594,0.8657402649245615,0.16495443942810462,0.00024735399505580914
78.90986373296663,0.866377543735607,0.16496863625265043,0.00024690228025942387
78.9348668583573,0.8669387645106885,0.16498505153859172,0.0002464514519283239
78.95986998374796,0.8674137889505175,0.16500338390838654,0.0002460015165491867
78.98487310913865,0.867794287804708,0.1650233085288924,0.00024555247912755
79.00987623452932,0.8680737408717764,0.16504447711136624,0.00024510434318781205
79.03487935992,0.8682474369991426,0.1650665179114644,0.0002446571107732304
79.05988248531067,0.868312474083129,0.1650890357292426,0.0002442107824459235
79.08488561070133,0.8682677590689608,0.16511161190915605,0.00024376535728686913
79.10988873609202,0.8681139942735234,0.16513380597718647,0.0002433208329111971
79.13489186148269,0.8678534893267557,0.16515522858700918,0.0002428772056595788
79.15989498687335,0.8674913951718239,0.16517548888592,0.00024243446920292882
79.18489811226404,0.8670346598490938,0.16519420463743742,0.00024199261578056975
79.2099012376547,0.8664915461431235,0.16521103581885932,0.00024155163675140565
79.23490436304539,0.865871631582663,0.16522568462126344,0.00024111152259392057
79.25990748843606,0.8651858084406554,0.16523789544950707,0.00024067226290618038
79.28491061382672,0.8644462837342352,0.16524745492222712,0.00024023384640583105
79.30991373921741,0.8636665792247286,0.16525419187184018,0.00023979626093009943
79.33491686460808,0.8628615314176561,0.16525797734454248,0.000239359493435794
79.35991998999874,0.8620472915627285,0.16525872460030985,0.00023892352999930339
79.38492311538943,0.8612393653631621,0.16525640719396734,0.00023848835740316338
79.4099262407801,0.8604534874277525,0.16525110201075038,0.0002380539629268159
79.43492936617078,0.8597064559858016,0.16524294174655238,0.00023762033330475504
79.45993249156145,0.8590136113515946,0.16523210387847734,0.00023718745644092583
79.48493561695211,0.8583888335532132,0.16521881066978217,0.0002367553214104792
79.5099387423428,0.8578445423325367,0.16520332916987662,0.00023632391845977282
79.53494186773347,0.8573916971452435,0.16518597121432352,0.00023589323900637186
79.55994499312415,0.8570397971608082,0.1651670934248385,0.00023546327563904717
79.58494811851482,0.8567968812625042,0.16514709720929022,0.00023503402211777735
79.60995124390548,0.856669402890155,0.16512641980998977,0.0002346054734236756
79.63495436929617,0.8566601822467127,0.16510547864875796,0.00023417762674115327
79.65995749468684,0.8567686597490738,0.16508473763891876,0.00023375048144484364
79.6849606200775,0.8569922113322048,0.165064643893376,0.0002333240382888755
79.70996374546819,0.8573261444813007,0.16504561360065423,0.00023289829938329053
79.73496687085886,0.8577636982317838,0.16502803202489877,0.0002324732681940441
79.75996999624954,0.8582960431693052,0.16501225350587564,0.0002320489495430036
79.7849731216402,0.8589122814297433,0.1649986014589716,0.0002316253496079503
79.80997624703087,0.8595994466992051,0.16498736837519412,0.00023120247592257767
79.83497937242156,0.8603425042140261,0.16497881582117144,0.00023078033737649218
79.85998249781223,0.8611264884707596,0.16497315358703235,0.0002303589426589294
79.88498562320291,0.8619358214207474,0.1649704823590889,0.00022993830112761165
79.90998874859358,0.8627528666972863,0.16497084163693362,0.000229518423849752
79.93499187398425,0.8635610262580278,0.16497422125838143,0.0002290993211775171
79.95999499937493,0.8643447510171786,0.16498056137316958,0.00022868100273992892
79.9849981247656,0.8650895408454992,0.16498975244295752,0.00022826347744286569
80.01000125015626,0.8657819445703065,0.16500163524132705,0.00022784675346906012
80.03500437554695,0.8664095599754728,0.16501600085378218,0.0002274308382781004
80.06000750093762,0.8669610338014238,0.1650325906777492,0.00022701573860643085
80.0850106263283,0.8674260617451423,0.1650510964225767,0.00022660146046735014
80.11001375171897,0.8677953899459004,0.16507116018715212,0.0002261880091503005
80.13501687710963,0.8680622435677203,0.16509242499312304,0.0002257753883689607
80.16002000250032,0.8682227006625967,0.1651144974298416,0.0002253635995418772
80.18502312789099,0.8682741630060117,0.16513694950151347,0.00022495264284675467
80.21002625328165,0.8682158664086335,0.16515936754710495,0.0002245425170969271
80.23502937867234,0.8680488807163156,0.165181352240343,0.00022413321974135858
80.260032504063,0.8677761098100978,0.16520251858971524,0.00022372474686464407
80.28503562945369,0.8674022916062046,0.16522249593846997,0.00022331709318700762
80.31003875484436,0.8669339980560473,0.16524092796461604,0.00022291025206430434
80.33504188023502,0.8663796351462221,0.16525747268092308,0.00022250421548801873
80.36004500562571,0.8657494428985103,0.16527180243492134,0.00022209897408526533
80.38504813101638,0.8650545860198143,0.165283623574204,0.00022169451781903646
80.41005125640706,0.864307081455355,0.1652927383514147,0.00022129083635295693
80.43505438179773,0.8635224924824779,0.1652989859700319,0.00022088791707258122
80.4600575071884,0.8627163796474406,0.16530225940005666,0.0002204857475725883
80.48506063257908,0.8619041292725345,0.1653025074327239,0.00022008431578145158
80.51006375796975,0.8611009534560855,0.16529973468050238,0.00021968360996143946
80.53506688336041,0.8603218900724525,0.16529400157709473,0.0002192836187086142
80.5600700087511,0.859581802772028,0.16528542437743743,0.0002188843309528323
80.58507313414177,0.8588953809812393,0.1652741751577008,0.00021848573595774544
80.61007625953245,0.8582771399025461,0.165260481815289,0.00021808782332079875
80.63507938492312,0.8577414205144428,0.16524462806884008,0.00021769058297323266
80.66008251031379,0.8573002919348117,0.16522692981699807,0.00021729400641624396
80.68508563570447,0.8569620552458967,0.16520776645837928,0.00021689808759206127
80.71008876109514,0.8567341223496556,0.16518757022889796,0.00021650282107006674
80.73509188648582,0.8566214434723795,0.1651667695616616,0.00021610820293171878
80.76009501187649,0.8566264983000254,0.16514578891042295,0.0002157142307757232
80.78509813726716,0.8567492959782156,0.16512504874957992,0.00021532090371803158
80.81010126265784,0.856987375112239,0.16510496557417567,0.00021492822239184187
80.8351043880485,0.857335803767049,0.16508595189989858,0.00021453618894759908
80.86010751343917,0.8577871794672655,0.16506841626308222,0.00021414480705299408
80.88511063882986,0.8583316673390514,0.16505276238407654,0.00021375408186574828
80.91011376422053,0.8589587105421134,0.1650393228996613,0.00021336401874782581
80.93511688961121,0.8596543529439166,0.16502836137434598,0.00021297462515621436
80.96012001500188,0.8604030963125057,0.1650201024175778,0.00021258590963596806
80.98512314039255,0.8611894440158765,0.16501471356779918,0.00021219788077154366
81.01012626578323,0.8619979010219756,0.16501230529244781,0.00021181054718680113
81.0351293911739,0.8628129738986983,0.16501293098795658,0.00021142391754500444
81.06013251656456,0.8636191708138918,0.16501658697975363,0.0002110380005488201
81.08513564195525,0.8644010015353536,0.1650232125222624,0.00021065280494031796
81.11013876734592,0.8651429774308302,0.16503268979890148,0.00021026833950097171
81.1351418927366,0.8658298639163597,0.16504484859661347,0.0002098846128917447
81.16014501812727,0.8664496040212988,0.1650594856866124,0.00020950163189593915
81.18514814351794,0.8669908890983311,0.16507629226834913,0.0002091194029603138
81.21015126890862,0.8674437621458175,0.1650949308275321,0.00020873793155753135
81.23515439429929,0.8678001548194677,0.16511505233354146,0.00020835722182132338
81.26015751968997,0.8680538874323414,0.16513629623942908,0.00020797727654648892
81.28516064508064,0.8682006689548466,0.16515829048191843,0.00020759809718889617
81.3101637704713,0.8682380970147414,0.16518065148140462,0.00020721968386548095
81.33516689586199,0.8681656578971327,0.1652029841419545,0.00020684203535424744
81.36017002125266,0.8679847265444767,0.16522488185130652,0.00020646514909426867
81.38517314664333,0.867698566556579,0.1652459264808708,0.0002060890211856854
81.41017627203401,0.8673122975970973,0.16526569028698682,0.0002057136464164913
81.43517939742468,0.8668320543998375,0.16528382299903008,0.00020533901897630248
81.46018252281536,0.866267069234533,0.1652999999632264,0.00020496513083012805
81.48518564820603,0.8656282960888827,0.1653139146842811,0.00020459197285684023
81.5101887735967,0.8649275306390016,0.16532531211972432,0.00020421953556772418
81.53519189898738,0.8641774102494219,0.16533398867991075,0.00020384780910647857
81.56019502437805,0.8633914139730937,0.16533979222801992,0.00020347678324921637
81.58519814976873,0.8625838625513831,0.16534262208005593,0.00020310644740446332
81.6102012751594,0.8617699184140746,0.16534242900484764,0.00020273679061315949
81.63520440055007,0.8609655856793685,0.1653392152240486,0.000202367801548658
81.66020752594075,0.8601877101538828,0.16533303441213704,0.00020199946851672549
81.68521065133142,0.8594522379026116,0.16532399449523358,0.00020163178056368372
81.71021377672209,0.85877342968988,0.16531229878290943,0.0002012647282228271
81.73521690211277,0.858166148215983,0.1652982131932648,0.00020089830184069727
81.76022002750344,0.8576432355896609,0.1652820343504253,0.00020053249300514206
81.78522315289412,0.8572154775311962,0.16526408941431647,0.0002001672945666063
81.81022627828479,0.8568916033724154,0.16524473608066406,0.00019980270063813354
81.83522940367546,0.8566782860566879,0.16522436258099374,0.00019943870659536452
81.86023252906614,0.8565801421389264,0.16520338768263124,0.00019907530907653775
81.8852356544568,0.8565997317855868,0.16518226068870237,0.0001987125059824903
81.91023877984748,0.8567375749013751,0.16516144655270662,0.00019835029641599242
81.93524190523816,0.8569908550877552,0.16514136356124587,0.00019798868107546086
81.96024503062883,0.8573531139627376,0.16512244572533022,0.00019762766268785012
81.98524815601951,0.8578162442305649,0.16510509040683052,0.0001972672449269812
82.01025128141018,0.858370605728521,0.1650896506555028,0.00019690743233294862
82.03525440680085,0.8590050254269322,0.16507643520898813,0.00019654823031211915
82.06025753219153,0.8597067974291676,0.16506570849281266,0.00019618964513713232
82.0852606575822,0.8604616829716367,0.16505769062038766,0.000195831683946901
82.11026378297288,0.8612539104237928,0.16505255739300947,0.00019547435474661013
82.13526690836355,0.8620663360506905,0.16505044009101055,0.0001951176663107741
82.16027003375422,0.8628835422824734,0.1650513976328648,0.00019476162646416418
82.1852731591449,0.8636889825778182,0.16505538957977425,0.00019440624403418202
82.21027628453557,0.864466373578687,0.16506232547911104,0.00019405152773732288
82.23527940992624,0.8652008128535004,0.1650720713460943,0.0001936974854593156
82.26028253531692,0.8658787788971347,0.16508444966379013,0.00019334412425512317
82.28528566070759,0.8664881311309219,0.1650992393831115,0.00019299145034894333
82.31028878609827,0.8670181099026517,0.16511617592281844,0.0001926394691342071
82.33529191148894,0.8674593364865688,0.16513495116951782,0.0001922881851735805
82.3602950368796,0.8678038130833754,0.16515521347766352,0.00019193760219896307
82.38529816227029,0.8680449251322524,0.16517656795021002,0.00019158772311081055
82.41030128766096,0.8681782532908513,0.1651986326223208,0.00019123854953824663
82.43530441305164,0.868202030348903,0.16522099752365932,0.00019089008116211266
82.46030753844231,0.8681161475943256,0.1652432300899945,0.00019054231647321998
82.48531066383298,0.8679222531141373,0.16526491972812657,0.00019019525288227053
82.51031378922366,0.8676237517944542,0.16528567781588707,0.00018984888671985745
82.53531691461433,0.8672258053204923,0.16530513770213887,0.00018950321323646564
82.560320040005,0.8667353321765662,0.1653229547067761,0.00018915822660247063
82.58532316539568,0.8661610076460892,0.16533880612072435,0.00018881391990813908
82.61032629078635,0.8655132638115745,0.16535239120594042,0.00018847028516362952
82.63532941617703,0.8648042895546332,0.16536343119541244,0.0001881273132989908
82.6603325415677,0.8640464545420119,0.16537169334190638,0.00018778499518030953
82.68533566695837,0.8632535830590056,0.16537704226263533,0.00018744332118682779
82.71033879234905,0.8624425148695888,0.1653793922173946,0.00018710228013595585
82.73534191773972,0.8616295556055019,0.16537871123014636,0.00018676186131966159
82.76034504313039,0.8608304412668087,0.16537502133047507,0.00018642205452578506
82.78534816852107,0.8600603382218983,0.16536839855358745,0.0001860828500380393
82.81035129391174,0.8593338432074857,0.1653589729403125,0.00018574423863601059
82.83535441930242,0.8586649833286091,0.16534692853710134,0.0001854062115951574
82.86035754469309,0.8580672160586331,0.16533250339602748,0.00018506876068681176
82.88536067008376,0.8575534292392465,0.1653159895747866,0.00018473187817817798
82.91036379547444,0.8571359410804625,0.16529773313669666,0.00018439555683233324
82.9353669208651,0.8568250742361723,0.16527810344695043,0.0001840597905809861
82.96037004625579,0.8566262651800675,0.16525750325139732,0.000183724575808526
82.98537317164646,0.8565434267925618,0.16523640175367815,0.00018338990970550643
83.01037629703713,0.8565782045964114,0.1652152503063224,0.00018305579064342598
83.03537942242781,0.8567299376272535,0.1651944808320453,0.00018272221819361597
83.06038254781848,0.8569956584336054,0.16517450582374793,0.00018238919312724104
83.08538567320915,0.8573700930768655,0.16515571834451714,0.0001820567174152981
83.11038879859983,0.8578456611313129,0.1651384920276256,0.00018172479422861676
83.1353919239905,0.8584124756841066,0.16512318107653173,0.00018139342793786008
83.16039504938118,0.8590583433352872,0.16511012026487978,0.00018106262411352305
83.18539817477185,0.859768826676703,0.16509962401455772,0.00018073238948791622
83.21040130016252,0.8605301778185174,0.16509191592902522,0.00018040273020357173
83.2354044255532,0.8613263376229926,0.16508712495547906,0.00018007365381263632
83.26040755094387,0.862140182562854,0.1650853380085536,0.00017974516859254816
83.28541067633455,0.8629553309950765,0.1650865880243887,0.00017941728244596445
83.31041380172522,0.8637561431608813,0.16509085396062947,0.0001790900029007628
83.33541692711589,0.8645277211857387,0.16509806079642647,0.00017876333711004
83.36042005250657,0.8652559090793669,0.1651080795324356,0.0001784372918521125
83.38542317789724,0.8659272927357303,0.1651207271908181,0.00017811187353051713
83.4104263032879,0.866529199933043,0.16513576681524061,0.0001777870881740097
83.43542942867859,0.8670497021384572,0.1651529075401395,0.00017746294143572956
83.46043255406926,0.8674792051152742,0.16517184407673383,0.00017713943779959086
83.48543567945994,0.8678107129051028,0.16519221359909836,0.0001768165802298156
83.51043880485061,0.8680384276440578,0.16521361101776927,0.00017649437085372397
83.53544193024128,0.8681584466897149,0.16523563506483013,0.0001761728106698128
83.56044505563196,0.8681687626211099,0.1652578882939119,0.0001758518995477559
83.58544818102263,0.8680692632387386,0.16527997708019274,0.00017553163622840471
83.6104513064133,0.8678617315645574,0.16530151162039836,0.0001752120183237872
83.63545443180398,0.8675498458419821,0.16532210593280167,0.00017489304231710844
83.66045755719465,0.86713917953589,0.16534137785722297,0.00017457470356275099
83.68546068258533,0.8666372013326173,0.16535894905502993,0.00017425699628627388
83.710463807976,0.8660528455547435,0.1653744591507004,0.00017393991385162102
83.73546693336667,0.8653958089028398,0.16538764105409176,0.0001736234493101064
83.76047005875735,0.8646793942491954,0.16539824828998564,0.00017330759375602602
83.78547318414802,0.8639175669893401,0.16540608279751376,0.0001729923380744773
83.8104763095387,0.8631246037635674,0.16541100216840768,0.0001726776731530511
83.83547943492937,0.862315092456937,0.16541291964699875,0.00017236358988183294
83.86048256032004,0.8615039321992723,0.1654118041302181,0.0001720500791534019
83.88548568571072,0.8607063333651612,0.16540768016759677,0.0001717371318628311
83.91048881110139,0.8599378175739579,0.16540062796126553,0.00017142473890768828
83.93549193649206,0.8592142176897799,0.16539078336595495,0.00017111289118803462
83.96049506188274,0.8585516768796554,0.16537833787872622,0.00017080157960688193
83.98549818727341,0.8579640343224322,0.16536352692584635,0.0001704907963807087
84.01050131266409,0.8574629816930674,0.16534667456747063,0.00017018053504139267
84.03550443805476,0.8570596066738125,0.1653281535452041,0.0001698707894843139
84.06050756344543,0.8567625881734048,0.16530834910506984,0.00016956155479257542
84.08551068883611,0.8565781963270677,0.16528765899750864,0.00016925282723700378
84.11051381422678,0.8565102924965117,0.16526649347737937,0.00016894460427614965
84.13551693961746,0.8565603292699334,0.16524527530395866,0.0001686368845562865
84.16052006500813,0.8567273504620156,0.16522443974094111,0.00016832966791141213
84.1855231903988,0.8570079911139278,0.16520443455643924,0.00016802295536324718
84.21052631578948,0.8573967177069637,0.16518570760370113,0.00016771674896872555
84.23552944118015,0.8578857878062324,0.16516862961906503,0.0001674110515887825
84.26053256657082,0.8584635077310623,0.16515355593013947,0.00016710586800244216
84.2855356919615,0.8591171314471465,0.16514079592779282,0.00016680120353778412
84.31053881735217,0.8598331800949683,0.16513060473299157,0.0001664970638991759
84.33554194274285,0.8605974419898037,0.1651231831968003,0.00016619345516727152
84.36054506813352,0.861394972621718,0.16511867790038176,0.00016589038379901313
84.38554819352419,0.8622100946555695,0.1651171811549967,0.00016558785662762967
84.41055131891487,0.8630263979310071,0.1651187310020041,0.00016528588086263738
84.43555444430554,0.8638267404779587,0.16512331122105506,0.00016498446408932423
84.4605575696962,0.8645955813333145,0.165130854229434,0.00016468361316037292
84.48556069508689,0.8653187564156842,0.16514119601962568,0.00016438333450969703
84.51056382047756,0.8659821934675316,0.165154114876361,0.00016408363454932978
84.53556694586824,0.8665735502931567,0.1651693594848387,0.0001637845187618676
84.56057007125891,0.867082214758694,0.1651866489307254,0.00016348599170047141
84.58557319664958,0.8674993047921136,0.16520567270015546,0.0001631880569888656
84.61057632204026,0.8678176683832207,0.16522609067973112,0.00016289071732133832
84.63557944743093,0.8680318835836554,0.16524753315652246,0.0001625939744627422
84.66058257282161,0.8681382585068933,0.1652696008180674,0.00016229782924849303
84.68558569821228,0.8681348313282449,0.16529186475237162,0.00016200228158457118
84.71058882360295,0.8680213489213229,0.16531389973310617,0.00016170733049127568
84.73559194899363,0.8678000290116739,0.16533531967894355,0.00016141297350123006
84.7605950743843,0.8674753686774442,0.16535570705959696,0.0001611192067417163
84.78559819977497,0.8670533522409065,0.16537467915371928,0.000160826025630002
84.81060132516565,0.8665414371441587,0.1653918904610547,0.00016053342488677803
84.83560445055632,0.8659485539491253,0.16540703270243848,0.0001602413985361589
84.860607575947,0.8652851063375552,0.16541983481979725,0.0001599499399056817
84.88561070133767,0.8645629711110244,0.1654300629761487,0.00015965904162630737
84.91061382672834,0.8637954981909334,0.16543752055560187,0.00015936869563241954
84.93561695211902,0.8629975106185079,0.16544204816335698,0.00015907889316182512
84.96062007750969,0.8621845793821435,0.16544353025300834,0.00015878962514047278
84.98562320290037,0.8613713938826516,0.16544194957895295,0.00015850088329867588
85.01062632829104,0.8605751892091412,0.16543736011993715,0.00015821265840240293
85.03562945368171,0.8598123728077864,0.16542986424583359,0.0001579249417184032
85.06063257907239,0.8590981671455508,0.16541961331710275,0.00015763772518735347
85.08563570446306,0.8584466097101884,0.1654068076847929,0.00015735100142385864
85.11063882985373,0.8578705530102418,0.16539169669054019,0.00015706476371645073
85.13564195524441,0.8573816645750434,0.1653745786665684,0.00015677900602758935
85.16064508063508,0.8569904269547154,0.1653558009356893,0.0001564937229936622
85.18564820602576,0.8567061377201691,0.16533575981130233,0.00015620890992498396
85.21065133141643,0.8565360619744758,0.16531486892013214,0.00015592456309286503
85.2356544568071,0.8564831633520571,0.16529355444603744,0.00015564068053410573
85.26065758219778,0.8565481286165769,0.16527228580149658,0.00015535726131733586
85.28566070758845,0.8567294578320069,0.16525150757215062,0.00015507430546722847
85.31066383297912,0.8570234519695865,0.16523163844076194,0.0001547918139683428
85.3356669583698,0.8574242129078237,0.16521307118721426,0.00015450978876512493
85.36067008376047,0.8579236434324938,0.16519617268851275,0.00015422823276190812
85.38567320915115,0.8585114472366414,0.1651812839187838,0.0001539471498229118
85.41067633454182,0.8591751289205779,0.1651687199492753,0.00015366654477224275
85.43567945993249,0.859900016584132,0.16515876977793095,0.00015338642338261755
85.46068258532317,0.8606719901554364,0.16515165375325225,0.00015310679106186222
85.48568571071384,0.8614749530973258,0.16514749077076177,0.00015282765429444728
85.51068883610452,0.8622915369377435,0.16514634892779936,0.0001525490202682065
85.53569196149519,0.8631052495828729,0.16514824396205874,0.00015227089578204086
85.56069508688586,0.8639004753171408,0.1651531392515877,0.00015199328724591743
85.58569821227654,0.8646624748032161,0.1651609458147879,0.0001517162006808698
85.61070133766721,0.8653773850820081,0.16517152231041515,0.00015143964171899862
85.63570446305788,0.86603221957267,0.16518467503757908,0.00015116361560347057
85.66070758844856,0.866614868072596,0.1652001579357434,0.00015088812718851895
85.68571071383923,0.8671140967574221,0.16521767258472583,0.000150613180939444
85.71071383922991,0.8675199561982123,0.16523688191717487,0.00015033878077307808
85.73571696462058,0.8678259678559997,0.16525744523821892,0.00015006492904072845
85.76072009001125,0.8680270171663302,0.16527894900009904,0.00014979162720597363
85.78572321540193,0.86811970901709,0.1653009796653494,0.0001495188758426815
85.8107263407926,0.8681025239244363,0.16532313219716946,0.0001492466745834146
85.83572946618328,0.8679758180327983,0.16534501005942387,0.00014897502211942907
85.86073259157395,0.8677418231148765,0.16536622521664246,0.00014870391620067585
85.88573571696462,0.8674046465716431,0.1653863981340204,0.00014843335363579963
85.9107388423553,0.8669702714323411,0.16540515777741802,0.0001481633302921393
85.93574196774597,0.8664465563544861,0.16542214161336086,0.00014789384109572837
85.96074509313664,0.8658431886073044,0.165436996636828,0.0001476248800551729
85.98574821852732,0.865169978320973,0.16544944311622398,0.00014735644118904078
86.01075134391799,0.8644400289891468,0.16545925913535714,0.00014708851708656999
86.03575446930867,0.8636680403765766,0.16546625938167267,0.00014682109970074717
86.06075759469934,0.8628688182641273,0.16547031469503254,0.00014655418108202572
86.08576072009001,0.8620572744487758,0.16547135206771552,0.00014628775337832483
86.11076384548069,0.8612484267436119,0.16546935464441725,0.00014602180883502985
86.13576697087136,0.8604573989778397,0.16546436172225015,0.00014575633979499288
86.16077009626203,0.8596994209967751,0.1654564687507434,0.00014549133869853166
86.18577322165271,0.8589898286618469,0.16544582733184307,0.00014522679808343022
86.21077634704338,0.8583440638505984,0.165432645219912,0.0001449627105849392
86.23577947243406,0.8577770303335529,0.16541717993736285,0.00014469906919888832
86.26078259782473,0.8572995564634367,0.16539973741071884,0.0001444358687614316
86.2857857232154,0.8569219603140711,0.16538070913511724,0.000144173104439685
86.31078884860608,0.8566524939826309,0.16536049962265362,0.00014391077226238576
86.33579197399675,0.8564969453812779,0.16533951891485,0.00014364886927704983
86.36079509938743,0.8564586382371598,0.16531818258265477,0.00014338739354997077
86.3857982247781,0.8565384320924114,0.16529691172644279,0.00014312634416622103
86.41080135016877,0.8567347223041537,0.1652761329760154,0.00014286572122965095
86.43580447555945,0.8570434400444945,0.16525627849060034,0.000142605525862889
86.46080760095012,0.8574580523005276,0.1652377859588518,0.00014234576020734246
86.48581072634079,0.8579704595216076,0.16522105459175795,0.00014208642694368384
86.51081385173147,0.8585695098438949,0.1652064079828208,0.00014182752985451456
86.53581697712214,0.8592413748028712,0.16519414657573409,0.000141569073908043
86.56082010251282,0.8599717982752478,0.16518451479471633,0.00014131106427281353
86.58582322790349,0.8607461030623429,0.16517770087191977,0.0001410535063145789
86.61082635329416,0.8615491908900839,0.16517383684743028,0.00014079640559629909
86.63582947868484,0.8623655424090069,0.16517299856926743,0.00014053976787814187
86.66083260407551,0.8631792171942546,0.16517520569338442,0.00014028359911748305
86.68583572946619,0.8639738537455801,0.1651804216836682,0.00014002790546890567
86.71083885485686,0.864732869516853,0.16518855560887102,0.00013977269320104678
86.73584198024753,0.8654425204372018,0.1651994646512288,0.00013951796750371793
86.76084510563821,0.8660895280400236,0.16521290995081703,0.00013926373351632972
86.78584823102888,0.8666617132753688,0.16522861582897386,0.00013900999586096116
86.81085135641955,0.8671487079505159,0.165246283012688,0.0001387567583224845
86.83585448181023,0.8675419547299702,0.1652655886345986,0.00013850402384856571
86.8608576072009,0.8678347071354626,0.16528618623299524,0.0001382517945496648
86.88586073259158,0.8680220295459521,0.165307705751818,0.00013800007169903478
86.91086385798225,0.8681007971976237,0.16532975354065746,0.00013774885573272303
86.93586698337292,0.8680696961838894,0.16535191235475458,0.00013749814624957008
86.9608701087636,0.867929221128185,0.16537374161616714,0.00013724794201268675
86.98587323415427,0.8676814505426278,0.1653948421435252,0.00013699824108367924
87.01087635954494,0.8673312149499435,0.16541482668108987,0.00013674904007002233
87.03587948493562,0.8668853060836735,0.16543330707154488,0.00013650033466409465
87.06088261032629,0.8663518346556407,0.165449937422992,0.0001362521200587714
87.08588573571697,0.8657402303559462,0.16546441410895107,0.00013600439094742353
87.11088886110764,0.8650612418529727,0.16547647576835986,0.00013575714152391885
87.13589198649831,0.864326936793382,0.16548590330557422,0.00013551036548262093
87.16089511188899,0.8635507018021157,0.165492519890368,0.00013526405601838965
87.18589823727966,0.8627472424823964,0.16549619095793308,0.00013501820582658154
87.21090136267034,0.8619325834157257,0.16549682420887932,0.00013477280710304888
87.23590448806101,0.8611225117295781,0.1654943829441256,0.00013452785224983668
87.26090761345168,0.8603324644794977,0.16548893420202773,0.0001342833341852501
87.28591073884236,0.859579382201841,0.1654806054380694,0.00013403924536441885
87.31091386423303,0.8588787881074442,0.16546956903893295,0.0001337955788865552
87.3359169896237,0.8582447479738333,0.16545604237801784,0.0001335523285115831
87.36092011501438,0.857689870145227,0.16544028781544054,0.00013330948866013842
87.38592324040505,0.8572253055325361,0.16542261269803463,0.00013306705441356955
87.41092636579573,0.8568607476133622,0.16540336935935077,0.00013282502151393632
87.4359294911864,0.8566044324319999,0.1653829551196567,0.00013258338636401118
87.46093261657707,0.8564630720879072,0.1653618070065083,0.00013234214604181354
87.48593574196775,0.8564400027123074,0.16534034283268895,0.00013210129879450135
87.51093886735842,0.8565349466566369,0.16531902483963373,0.00013186084417371216
87.5359419927491,0.8567455342415718,0.16529830474090693,0.00013162078252496308
87.56094511813977,0.8570673215959524,0.16527860334955327,0.00013138111496168955
87.58594824353044,0.8574937906567832,0.16526031057809773,0.0001311418433652444
87.61095136892112,0.858016349169233,0.16524378543854554,0.00013090297038489832
87.63595449431179,0.858624330686634,0.1652293560423823,0.00013066449943784021
87.66095761970246,0.8593049945704834,0.16521731960057395,0.00013042643470917637
87.68596074509314,0.8600435259904426,0.16520794242356662,0.00013018878115193098
87.71096387048381,0.860824708530929,0.16520144471336137,0.00012995154379576864
87.73596699587449,0.8616333719498562,0.16519793839171767,0.0001297147277469711
87.76097012126516,0.8624518127164995,0.1651974692288197,0.00012947833929139208
87.78597324665583,0.8632632993124786,0.16520003323346424,0.0001292423843398708
87.81097637204651,0.8640521459015261,0.1652055765184814,0.0001290068683964355
87.83597949743718,0.8648037123294864,0.1652139953007343,0.00012877179655830382
87.86098262282785,0.8655044041243174,0.16522513590111942,0.00012853717351588208
87.88598574821853,0.86614167249609,0.1652387947445664,0.00012830300355276555
87.9109888736092,0.8667040143369867,0.16525471836003797,0.000128069290545739
87.93599199899988,0.8671809722213043,0.16527260338053015,0.00012783603796477557
87.96099512439055,0.8675631344054509,0.16529209654307211,0.00012760324887303804
87.98599824978122,0.86784328902112,0.165312836569635,0.0001273709255431448
88.0110013751719,0.86801735144233,0.1653344386140775,0.00012713906888912093
88.03600450056257,0.8680824977908169,0.1653564726076455,0.00012690767912105951
88.06100762595325,0.8680377394794258,0.16537852254462068,0.00012667675567709638
88.08601075134392,0.8678839257497872,0.16540018662056905,0.00012644629722274138
88.11101387673459,0.8676237436723183,0.1654210772323411,0.00012621630165087747
88.13601700212527,0.8672617181462212,0.1654408209780717,0.0001259867660817612
88.16102012751594,0.8668042118994844,0.1654590586571802,0.00012575768686302292
88.18602325290661,0.866259425488882,0.16547544527037022,0.00012552905956966613
88.21102637829729,0.8656373972999735,0.16548965001962998,0.0001253008790040679
88.23602950368796,0.864949308533287,0.16550137075062019,0.00012507313949644788
88.26103262907864,0.8642068160060117,0.1655104013095681,0.00012484583534481969
88.28603575446931,0.8634253460167829,0.16551657516166338,0.0001246189594775727
88.31103887985998,0.8626204690506347,0.16551977821710767,0.0001243925048816388
88.33604200525066,0.861807590634911,0.16551995237136982,0.00012416646472905682
88.36104513064133,0.8610019513392664,0.16551709550518587,0.00012394083237697302
88.38604825603201,0.8602186267756636,0.16551126148455902,0.00012371560136764016
88.41105138142268,0.8594725275983768,0.16550256016075968,0.00012349076542841845
88.43605450681335,0.8587783995039885,0.1654911573703254,0.00012326631847177483
88.46105763220403,0.858150823231391,0.16547727493506095,0.0001230422545952831
88.4860607575947,0.8576042145617875,0.16546119066203827,0.0001228185680816246
88.51106388298537,0.8571511347057694,0.16544321862394748,0.00012259525396187662
88.53606700837605,0.8568000464530526,0.16542372905504765,0.00012237230876153767
88.56107013376672,0.8565586336795443,0.16540315383695414,0.00012214972932931244
88.5860732591574,0.8564321491354032,0.1653819221039678,0.00012192751335823178
88.61107638454807,0.8564233712130701,0.16536045934515448,0.00012170565939988673
88.63607950993874,0.8565326039472668,0.16533918740434497,0.00012148416686442763
88.66108263532942,0.8567576770149968,0.1653185244801351,0.0001212630360205645
88.68608576072009,0.8570939457355449,0.1652988851258856,0.00012104226799556737
88.71108888611076,0.8575342910704771,0.1652806802497222,0.00012082186477526561
88.73609201150144,0.8580691289507667,0.16526431691660046,0.00012060182920030273
88.76109513689211,0.8586880155961164,0.16525013936771174,0.00012038216428756749
88.78609826228279,0.8593773668295293,0.16523841569821654,0.00012016287411901321
88.81110138767346,0.8601217196783786,0.1652293779424996,0.00011994396351672123
88.83610451306413,0.8609055967333293,0.16522320092888518,0.00011972543733066948
88.86110763845481,0.8617135061483383,0.16522000227963737,0.00011950730043873287
88.88611076384548,0.8625299416406517,0.16521984241095986,0.00011928955774668368
88.91111388923616,0.8633393824908085,0.16522272453299594,0.00011907221418819069
88.93611701462683,0.8641262935426376,0.16522859464982864,0.00011885527472482016
88.9611201400175,0.8648751252032597,0.16523734155948067,0.00011863874434603499
88.98612326540818,0.8655704823512274,0.16524880008719195,0.00011842262800835077
89.01112639079885,0.8662000182547287,0.16526277419828603,0.00011820692964590722
89.03612951618952,0.8667523162455796,0.16527896169392917,0.00011799165295310686
89.0611326415802,0.8672171873379747,0.1652970267563293,0.00011777680112439952
89.08613576697087,0.867586332234128,0.1653166217474414,0.00011756237659753615
89.11113889236155,0.8678533413242742,0.16533738720896754,0.00011734838105356797
89.13614201775222,0.868013694686667,0.16535895186235688,0.00011713481541684741
89.16114514314289,0.8680647620875804,0.16538093260880554,0.00011692167985502734
89.18614826853357,0.8680058029813084,0.16540293452925686,0.0001167089737790613
89.21115139392424,0.8678379665101642,0.16542455088440108,0.00011649669584320401
89.23615451931492,0.8675642915044812,0.16544536311467561,0.00011628484394501043
89.26115764470559,0.8671896976552423,0.16546494134249826,0.0001160734152294458
89.28616077009626,0.8667201590918682,0.16548292353869185,0.00011586240648393647
89.31116389548694,0.8661645617026661,0.16549898612324293,0.00011565181332043099
89.33616702087761,0.8655337435121301,0.16551281605014512,0.00011544163062965401
89.36117014626828,0.8648393932262921,0.16552415174352927,0.00011523185309094276
89.38617327165896,0.8640940502327218,0.16553278309766364,0.00011502247517224739
89.41117639704963,0.8633111046005287,0.16553855147695373,0.0001148134911301313
89.43617952244031,0.8625047970803594,0.1655413497159423,0.00011460489500977041
89.46118264783098,0.8616902191044002,0.16554112211930944,0.000114396680644954
89.48618577322165,0.8608833127863748,0.16553786446187255,0.00011418884165808392
89.51118889861233,0.8601008709215451,0.16553162398858629,0.00011398137146017496
89.536192024003,0.8593591284538215,0.16552250118962542,0.00011377426375540651
89.56119514939367,0.858672294260182,0.16551068928557405,0.00011356751320026979
89.58619827478435,0.8580554029230578,0.16549644984769118,0.00011336111428898793
89.61120140017502,0.8575215352687388,0.16548007584053867,0.00011315506219543614
89.6362045255657,0.8570817220441621,0.16546189111744258,0.0001129493528053156
89.66120765095637,0.8567449439169152,0.16544225042049326,0.0001127439827161544
89.68621077634704,0.8565181314752339,0.16542153938054532,0.00011253894923730673
89.71121390173772,0.8564061652280025,0.1654001745172176,0.00011233425038995324
89.73621702712839,0.856411875604755,0.16537860323889322,0.00011212988490710135
89.76122015251907,0.8565360625631379,0.16535729294136456,0.00011192585220668468
89.78622327790974,0.8567763603458151,0.16533666464525815,0.00011172215256260498
89.81122640330041,0.8571265904557248,0.16531715469100963,0.00011151878743373772
89.83622952869109,0.8575788544062483,0.16529916606862696,0.00011131575883877078
89.86123265408176,0.8581237064433876,0.16528305758798947,0.00011111306928998855
89.88623577947243,0.8587501535457682,0.16526914387884772,0.00011091072179327133
89.91123890486311,0.859445655424638,0.16525769539082372,0.00011070871984809564
89.93624203025378,0.8601961245238655,0.16524893839341068,0.00011050706744753455
89.96124515564446,0.8609859260199435,0.1652430549759732,0.00011030576907825693
89.98624828103513,0.8617979608396762,0.16524018297443763,0.00011010482969209132
90.0112514064258,0.8626166555240063,0.16524039201221385,0.00010990425375641468
90.03625453181648,0.8634255756146841,0.1652436497634432,0.00010970404621746504
90.06125765720715,0.864208283876116,0.1652498715358428,0.00010950421205803552
90.08626078259783,0.8649497174157411,0.1652589287970114,0.00010930475579442305
90.1112639079885,0.8656361876840274,0.16527064917442919,0.00010910568147642929
90.13626703337917,0.8662553804744748,0.1652848164554578,0.0001089069926873598
90.16127015876985,0.8667963559236138,0.16530117058734048,0.00010870869254402441
90.18627328416052,0.8672495485110047,0.16531940767720182,0.00010851078369673758
90.21127640955119,0.8676067670592391,0.16533917999204803,0.00010831326832931767
90.23627953494187,0.8678611947349668,0.16536009595889517,0.00010811614815908715
90.26128266033254,0.8680080907350196,0.16538176965730175,0.00010791942422740542
90.28628578572322,0.868045466807603,0.16540379689629078,0.00010772309646215097
90.31128891111389,0.867972991286419,0.1654257425800005,0.00010752716410032487
90.33629203650456,0.8677920949115299,0.1654471933339291,0.00010733162576606069
90.36129516189524,0.8675059708293575,0.1654677575049344,0.0001071364794706248
90.38629828728591,0.8671195745926844,0.16548706516123413,0.00010694172261241675
90.41130141267658,0.8666396241606525,0.16550476809240575,0.00010674735197696861
90.43630453806726,0.8660745998987636,0.16552053980938655,0.00010655336373694522
90.46130766345793,0.8654347445788804,0.1655340755444736,0.00010635975345214463
90.48631078884861,0.8647320633792241,0.1655450922513238,0.00010616651606949725
90.51131391423928,0.8639789930733242,0.16555334838402547,0.0001059736464052676
90.53631703962995,0.8631889762166608,0.16555870055200822,0.00010578113914132044
90.56132016502063,0.8623788085219897,0.16556105618087646,0.00010558898797167884
90.5863232904113,0.8615648246014582,0.16556037633937548,0.00010539718683450859
90.61132641580198,0.8607628067200466,0.16555667633780827,0.00010520572994297701
90.63632954119265,0.8599879847955709,0.16555002572803565,0.00010501461178525383
90.66133266658332,0.8592550363986813,0.1655405483034762,0.0001048238271245104
90.686335791974,0.8585780867528618,0.16552842209910631,0.00010463337099892009
90.71133891736467,0.8579707087344329,0.1655138793914601,0.00010444323872165853
90.73634204275534,0.857445922872548,0.1654972066986295,0.00010425342588090303
90.76134516814602,0.8570161973491954,0.1654787447802642,0.00010406392833983287
90.78634829353669,0.8566922371264659,0.1654588619563023,0.0001038747425620752
90.81135141892737,0.8564798005041343,0.165437954429648,0.00010368586642223099
90.83635454431804,0.8563830772899259,0.1654164915918796,0.00010349729825889965
90.86135766970871,0.856404010201533,0.1653949266443145,0.00010330903707253751
90.88636079509939,0.8565422266604584,0.1653736937488313,0.00010312108254425235
90.91136392049006,0.856795038792016,0.1653532080278699,0.0001029334350358037
90.93636704588074,0.8571574434253306,0.16533386556443147,0.00010274609558960212
90.96137017127141,0.8576221220933377,0.16531604340207837,0.00010255906592871005
90.98637329666208,0.8581794410327837,0.16530009954493421,0.00010237234845684102
91.01137642205276,0.8588174511842263,0.16528637295768384,0.00010218594625836001
91.03637954744343,0.8595219048612746,0.16527518332504545,0.00010199986309253816
91.0613826728341,0.8602789655294383,0.16526676808238888,0.00010181410247339763
91.08638579822478,0.8610729043187596,0.16526126172222366,0.00010162866855522081
91.11138892361545,0.8618865410053285,0.16525875830918144,0.00010144356603507208
91.13639204900613,0.8627034237084652,0.1652592976799628,0.00010125879940287162
91.1613951743968,0.8635078288907176,0.16526286544333765,0.00010107437294139622
91.18639829978747,0.864284761357864,0.16526939298014487,0.00010089029072627861
91.21140142517815,0.8650199542589112,0.16527875744329248,0.00010070655662600775
91.23640455056882,0.8656998690860944,0.1652907817577576,0.00010052317430192908
91.26140767595949,0.8663116956748786,0.16530523462058652,0.00010034014720824399
91.28641080135017,0.866843352203958,0.1653218305008946,0.00010015747859201008
91.31141392674084,0.8672848976162014,0.16534026506034905,9.99751710959024e-05
91.33641705213152,0.8676291770622228,0.1653601824941139,9.979322646333598e-05
91.36142017752219,0.8678701566987309,0.16538117799342872,9.96116459843768e-05
91.38642330291286,0.8680037008078627,0.16540285016252146,9.943043031009099e-05
91.41142642830354,0.868027572076902,0.16542480102952922,9.924957945247183e-05
91.43642955369421,0.8679414315982801,0.1654466360464981,9.906909278444012e-05
91.4614326790849,0.867746838869576,0.16546796408938316,9.888896903984338e-05
91.48643580447556,0.8674472517935162,0.16548839745804858,9.870920631345671e-05
91.51143892986623,0.8670480266779746,0.16550755187626753,9.85298020609821e-05
91.53644205525691,0.8665564182359721,0.16552504649172226,9.835075309904866e-05
91.56144518064758,0.8659812436638308,0.16554051482000784,9.817205572312161e-05
91.58644830603825,0.8653319526202107,0.16555368272822088,9.799370608875452e-05
91.61145143142893,0.8646216389307556,0.1655642990565809,9.781569923018813e-05
91.6364545568196,0.8638641886540063,0.16557215885767476,9.763803001950582e-05
91.66145768221028,0.863073816798319,0.16557711287965465,9.746069332460016e-05
91.68646080760095,0.8622650673218687,0.1655790675662382,9.728368400917363e-05
91.71146393299162,0.8614528131326462,0.16557798505670845,9.710699693273801e-05
91.7364670583823,0.8606522560884593,0.16557388318591384,9.693062695061462e-05
91.76147018377297,0.8598789269969342,0.16556683548426823,9.67545689139346e-05
91.78647330916365,0.8591486856155125,0.16555697117775092,9.657881766963832e-05
91.81147643455432,0.8584777206514543,0.16554447518790652,9.640336806047604e-05
91.83647955994499,0.8578802318001102,0.16552957759032247,9.622821558236714e-05
91.86148268533567,0.8573679675377984,0.16551259437834234,9.605335656353132e-05
91.88648581072634,0.8569522855749959,0.165493895498244,9.587878748493899e-05
91.91148893611701,0.8566421419010278,0.1654738640617881,9.570450549737045e-05
91.93649206150769,0.8564440884671743,0.16545289632049195,9.553050842204999e-05
91.96149518689836,0.8563622731866704,0.16543140166562945,9.535679475064613e-05
91.98649831228904,0.8563984399347052,0.165409802628231,9.518336364527101e-05
92.01150143767971,0.8565519285484227,0.16538853487908362,9.501021493848112e-05
92.03650456307038,0.856819674826921,0.16536804722873086,9.483734913327661e-05
92.06150768846106,0.8571964100845689,0.16534879133430788,9.466476733175352e-05
92.08651081385173,0.8576747163662839,0.16533114360988027,9.449247107591615e-05
92.1115139392424,0.8582431470576433,0.16531546418072837,9.432046300268409e-05
92.13651706463308,0.8588891105365551,0.16530206899325434,9.414874608551899e-05
92.16152019002375,0.8595992536212933,0.16529121984086495,9.397732351787513e-05
92.18652331541443,0.8603594615704996,0.16528312436397166,9.380619871319878e-05
92.2115264408051,0.8611548580831815,0.1652779360499905,9.363537530492897e-05
92.23652956619577,0.8619698052987143,0.16527575423334218,9.346485714649676e-05
92.26153269158645,0.8627879037968404,0.16527662409545205,9.329464831132557e-05
92.28653581697712,0.8635919925976676,0.16528053666475004,9.312475309283146e-05
92.3115389423678,0.8643663231413922,0.16528743139025995,9.295517541930561e-05
92.33654206775847,0.865096687408555,0.16529715213788704,9.27859189375181e-05
92.36154519314914,0.8657688283115713,0.16530948226916828,9.261698732890847e-05
92.38654831853982,0.8663702115400918,0.16532417495979704,9.244838375283148e-05
92.41155144393049,0.8668900258093241,0.16534095320162773,9.22801108464857e-05
92.43655456932116,0.8673191828600346,0.1653595098026757,9.211217072491301e-05
92.46155769471184,0.8676503174585477,0.16537950738711735,9.194456498099883e-05
92.48656082010251,0.8678777873967447,0.16540057839529,9.177729468547247e-05
92.5115639454932,0.8679976734920657,0.16542232508369203,9.16103603869064e-05
92.53656707088386,0.8680077795875079,0.16544431952498284,9.144376211171706e-05
92.56157019627453,0.8679076206899667,0.16546613409480768,9.127749938527928e-05
92.58657332166521,0.8676991661790787,0.16548738220245401,9.111157090446975e-05
92.61157644705588,0.8673866901250386,0.16550764368759063,9.09459745560755e-05
92.63657957244656,0.8669759716602851,0.16552653201155637,9.07807078178568e-05
92.66158269783723,0.8664742771655773,0.16554369743726685,9.06157677684047e-05
92.6865858232279,0.8658903602699939,0.16555882702921437,9.04511510871404e-05
92.71158894861858,0.8652344618509327,0.16557164465346808,9.028685405431553e-05
92.73659207400925,0.8645183100341127,0.1655819109776738,9.012287255101243e-05
92.76159519939992,0.8637551201935715,0.16558942347105413,8.995920205914357e-05
92.7865983247906,0.8629595949516665,0.1655940164044084,8.97958376614519e-05
92.81160145018127,0.8621472673217095,0.16559556685140683,8.963277423807274e-05
92.83660457557195,0.8613327549337667,0.16559404920863485,8.947000712674485e-05
92.86160770096262,0.8605332901449501,0.16558951045559422,8.930753110625648e-05
92.88661082635329,0.8597653575177545,0.16558204627754675,8.91453412178483e-05
92.91161395174397,0.8590442811461702,0.16557180175700953,8.898343287806904e-05
92.93661707713464,0.8583842246556841,0.16555897137375508,8.882180187877578e-05
92.96162020252531,0.8577981912032776,0.16554379900481125,8.86604443871334e-05
92.98662332791599,0.8572980234774276,0.16552657792446118,8.84993569456148e-05
93.01162645330666,0.8568944036981072,0.16550765080424354,8.833853647200126e-05
93.03662957869734,0.8565968536167843,0.1654874097129522,8.817798025938176e-05
93.06163270408801,0.8564129923072067,0.16546626822748867,8.801768611950235e-05
93.08663582947868,0.8563461239397087,0.16544464864812897,8.785765286577518e-05
93.11163895486936,0.8563972251701607,0.16542302172145254,8.769787990538729e-05
93.13664208026003,0.8565650841039203,0.16540183466061867,8.753836718681757e-05
93.16164520565071,0.8568462781091258,0.16538150918275932,8.737911520378566e-05
93.18664833104138,0.8572351738166959,0.16536244150897944,8.722012499525268e-05
93.21165145643205,0.8577239271203301,0.16534500236435684,8.706139814542067e-05
93.23665458182273,0.8583024831765088,0.1653295369779421,8.690293678373281e-05
93.2616577072134,0.8589585764044921,0.16531636508275876,8.674474358487366e-05
93.28666083260407,0.8596777316491353,0.16530578090729095,8.65868217684402e-05
93.31166395799475,0.8604457050556756,0.16529801619482404,8.642917443147577e-05
93.33666708338542,0.8612467502405722,0.165293197265326,8.627180513713365e-05
93.3616702087761,0.8620634352718272,0.1652913993237837,8.611471796438155e-05
93.38667333416677,0.8628791900786541,0.16529264493477983,8.595791677678185e-05
93.41167645955744,0.8636783064514817,0.1652969040224927,8.580140522249117e-05
93.43667958494812,0.8644459380419521,0.16530409387069633,8.56451867342605e-05
93.46168271033879,0.8651681003629195,0.16531407912276042,8.548926452943553e-05
93.48668583572947,0.8658316707884531,0.16532667178165042,8.5333641609956e-05
93.51168896112014,0.8664243885538343,0.1653416312099274,8.517832076235646e-05
93.53669208651081,0.8669348547555589,0.16535866412974817,8.502330455776554e-05
93.5616952119015,0.8673528756626528,0.16537743619324954,8.486859527611101e-05
93.58669833729216,0.8676717041342811,0.1653976103859911,8.471419432708146e-05
93.61170146268283,0.8678860215258518,0.16541877542507916,8.45601026060308e-05
93.63670458807351,0.8679921988337627,0.16544051761394132,8.440632051054537e-05
93.66170771346418,0.8679884868142222,0.16546243128458857,8.425284790477393e-05
93.68671083885486,0.8678750159832507,0.16548411879761526,8.409968411942705e-05
93.71171396424553,0.8676537966166797,0.1655051905421991,8.394682795177777e-05
93.7367170896362,0.8673287187501524,0.16552526493610112,8.379427766566103e-05
93.76172021502688,0.8669055521791226,0.1655439684256658,8.364203099147388e-05
93.78672334041755,0.8663919464588566,0.1655609354858209,8.34900851261758e-05
93.81172646580822,0.8657974089071403,0.1655758091006142,8.333843673960009e-05
93.8367295911989,0.8651316528627129,0.165588300830037,8.318708247834216e-05
93.86173271658957,0.8644074802498354,0.16559818444614566,8.303601823451593e-05
93.88673584198025,0.8636395085898806,0.1656052676452313,8.28852394791254e-05
93.91173896737092,0.8628424840004341,0.16560941434334778,8.273474173240635e-05
93.93674209276159,0.862031281195291,0.1656105446763117,8.25845205638256e-05
93.96174521815227,0.8612209034844579,0.1656086349997025,8.243457159208133e-05
93.98674834354294,0.8604264827741538,0.16560371788886238,8.228489048510337e-05
94.01175146893362,0.8596632795668068,0.1655958821388963,8.213547296005251e-05
94.0367545943243,0.8589466829610581,0.16558527276467205,8.198631478332127e-05
94.06175771971496,0.8582922106517588,0.16557209100082015,8.183741177053328e-05
94.08676084510564,0.8577149594212437,0.16555658887067637,8.168875991364357e-05
94.11176397049631,0.8572260051238849,0.1655390659494283,8.154035623458278e-05
94.13676709588698,0.8568358772780384,0.1655199094471944,8.139219795574047e-05
94.16177022127766,0.8565531128340502,0.16549952171709778,8.124428277056091e-05
94.18677334666833,0.8563837868484862,0.1654783114305745,8.109660894817732e-05
94.21177647205901,0.8563315124841313,0.16545669357737372,8.094917533341146e-05
94.23677959744968,0.8563974410099907,0.16543508946555757,8.080198134677415e-05
94.26178272284035,0.8565802618012887,0.16541392672150118,8.065502698446476e-05
94.28678584823103,0.8568762023394694,0.16539363928989273,8.050831281837146e-05
94.3117889736217,0.8572790282121963,0.1653746674337334,8.036183999607145e-05
94.33679209901238,0.857780869542076,0.16535741632241654,8.021560999006032e-05
94.36179522440305,0.8583708562153016,0.16534221455678239,8.006962487643382e-05
94.38679834979372,0.8590353267742699,0.1653293691639544,7.992388742631528e-05
94.4118014751844,0.8597601506128504,0.16531913138231383,7.977840053355842e-05
94.43680460057507,0.8605307402944682,0.16531169633464388,7.963316721144421e-05
94.46180772596574,0.8613320515521067,0.1653072030281298,7.948819059268025e-05
94.48681085135642,0.862148583288306,0.16530573435435875,7.934347392940115e-05
94.51181397674709,0.8629643775751615,0.16530731708932,7.919902059316869e-05
94.53681710213777,0.8637630196543277,0.16531192189340477,7.905483407497126e-05
94.56182022752844,0.8645278251583305,0.16531946493585412,7.89109179411431e-05
94.58682335291911,0.8652449037065895,0.16532980984531162,7.876727515778173e-05
94.6118264783098,0.865900821367452,0.16534272359999733,7.86239086696841e-05
94.63682960370046,0.8664832039350235,0.16535793529209963,7.848082114088393e-05
94.66183272909113,0.8669814814630868,0.1653751496689501,7.83380147648383e-05
94.68683585448181,0.8673868882651008,0.16539404713302322,7.819549126442789e-05
94.71183897987248,0.8676924629141992,0.16541428374193667,7.805325189195734e-05
94.73684210526316,0.8678930482431932,0.16543549120845116,7.791129742915453e-05
94.76184523065383,0.8679852913445693,0.16545727690047035,7.77696281871713e-05
94.7868483560445,0.8679676435704904,0.16547922384104108,7.762824400658293e-05
94.81185148143518,0.8678403587532298,0.16550089092041098,7.748714425803932e-05
94.83685460682585,0.8676052989359322,0.16552187690626888,7.734632791018924e-05
94.86185773221654,0.8672670681937434,0.16554179225705956,7.720579311112769e-05
94.8868608576072,0.8668322386439865,0.1655602451022626,7.706553748688418e-05
94.91186398299787,0.8663087220487843,0.16557688533618797,7.692555837458713e-05
94.93686710838855,0.8657057698150592,0.16559140461797575,7.678585282246421e-05
94.96187023377922,0.8650339729945353,0.16560353637159642,7.664641758984257e-05
94.98687335916989,0.8643052622837358,0.1656130557858507,7.650724914714834e-05
95.01187648456057,0.8635329080239837,0.16561977981436962,7.636834367590689e-05
95.03687960995124,0.862731520201404,0.16562356717561447,7.622969706874304e-05
95.06188273534192,0.8619170484469195,0.16562431835287678,7.609130492938053e-05
95.0868858607326,0.8611052385028828,0.1656219893040691,7.595316296893531e-05
95.11188898612326,0.8603115417193604,0.1656166399768245,7.581526717733904e-05
95.13689211151394,0.8595529646269269,0.1656083906781921,7.567761327141674e-05
95.16189523690461,0.8588451289427078,0.1655974072423462,7.554019732598221e-05
95.1868983622953,0.8582022304295437,0.16558390109776355,7.540301578349129e-05
95.21190148768596,0.8576370388959929,0.16556812926722364,7.526606545404248e-05
95.23690461307663,0.857160898196329,0.16555039436780833,7.512934351537633e-05
95.26190773846731,0.8567837262305424,0.1655310446109022,7.499284751287581e-05
95.28691086385798,0.8565140149443404,0.16551047380219233,7.485657535956644e-05
95.31191398924865,0.8563587711659251,0.1654891167921777,7.472052534370215e-05
95.33691711463933,0.8563216695861694,0.16546739063255958,7.458469640976065e-05
95.36192024003,0.8564027429376186,0.1654457575627069,7.444908824319493e-05
95.38692336542069,0.8565999208045434,0.16542467172909142,7.431370098081405e-05
95.41192649081135,0.8569090394417876,0.16540455696562587,7.417853519723872e-05
95.43692961620202,0.8573238417747696,0.16538580679366374,7.404359190490078e-05
95.4619327415927,0.8578359773994818,0.1653687844219995,7.390887255404337e-05
95.48693586698337,0.8584350025824894,0.16535382274686844,7.377437903272125e-05
95.51193899237404,0.8591083802609326,0.16534122435194676,7.364011366680028e-05
95.53694211776472,0.8598414800425256,0.16533126150835145,7.350607921995766e-05
95.56194524315539,0.8606190505562109,0.16532416253043677,7.337227854939202e-05
95.58694836854608,0.8614261064376626,0.1653200481743193,7.323871449366111e-05
95.61195149393674,0.8622449472543732,0.16531897166539034,7.310539060138596e-05
95.63695461932741,0.8630587750086642,0.16532093612819845,7.297231022666325e-05
95.6619577447181,0.8638518154561067,0.16532589434676567,7.283947649950806e-05
95.68696087010876,0.8646093181055188,0.16533374876458728,7.270689232585419e-05
95.71196399549945,0.8653175562189699,0.16534435148463203,7.257456038755351e-05
95.73696712089011,0.8659638268117764,0.16535750426934187,7.24424831423767e-05
95.76197024628078,0.8665364506525052,0.16537295854063228,7.23106628240126e-05
95.78697337167146,0.8670247722629717,0.16539041537989196,7.217910144206848e-05
95.81197649706213,0.8674191599182397,0.16540952552798305,7.204780078207033e-05
95.8369796224528,0.8677121870828979,0.1654299309189349,7.191676218192968e-05
95.86198274784348,0.8678995378797387,0.16545124755379767,7.178598621802858e-05
95.88698587323415,0.8679781454693162,0.16547304604280277,7.165547307441546e-05
95.91198899862484,0.8679467862738172,0.16549491029344846,7.152522249618194e-05
95.9369921240155,0.8678060822093578,0.16551643762834392,7.13952337891222e-05
95.96199524940617,0.867558500685983,0.16553723878520948,7.126550581973251e-05
95.98699837479685,0.8672083546076662,0.16555693791687645,7.113603701521135e-05
96.01200150018752,0.8667618023723108,0.16557517259128715,7.100682536345975e-05
96.0370046255782,0.8662268478717482,0.16559159379149496,7.087786841308066e-05
96.06200775096887,0.8656133404917398,0.16560586591566429,7.074916327337964e-05
96.08701087635954,0.8649323030826228,0.16561768131437274,7.062070677892477e-05
96.11201400175023,0.8641952584406972,0.1656268282657255,7.049249573684333e-05
96.1370171271409,0.8634174899200647,0.1656331331097506,7.036452617810877e-05
96.16202025253156,0.8626144686707833,0.1656364745480769,7.023679415727176e-05
96.18702337792224,0.8618015411840433,0.1656367874287274,7.010929582502641e-05
96.21202650331291,0.8609939292921688,0.16563406274611933,6.99820274282105e-05
96.2370296287036,0.8602067301686139,0.16562834764106418,6.985498530980494e-05
96.26203275409426,0.8594549163279674,0.16561974540076754,6.97281659089344e-05
96.28703587948493,0.8587533356259488,0.1656084154588292,6.960156576086683e-05
96.31203900487561,0.8581167112594097,0.16559457339524314,6.947518149701354e-05
96.33704213026628,0.8575596417663355,0.1655784909363976,6.934900984492959e-05
96.36204525565695,0.8570948127468464,0.1655604763221497,6.922304796762904e-05
96.38704838104763,0.8567309597443425,0.16554089776620973,6.909729385074943e-05
96.4120515064383,0.8564760783139299,0.16552018364225496,6.897174565484096e-05
96.43705463182899,0.8563357186764124,0.16549876071426203,6.884640202079476e-05
96.46205775721965,0.8563129521299881,0.16547705347514502,6.872126207612703e-05
96.48706088261032,0.8564083710502479,0.16545548414675543,6.859632543497868e-05
96.512064008001,0.8566200888901763,0.1654344726798822,6.847159219811538e-05
96.53706713339167,0.8569437401801504,0.16541443675425174,6.834706295292789e-05
96.56207025878236,0.8573724805279418,0.16539579177852787,6.822273877343151e-05
96.58707338417302,0.8578970113346803,0.1653789503264172,6.80986212146319e-05
96.61207650956369,0.8585071683649206,0.16536425795934284,6.797471192712548e-05
96.63707963495438,0.8591893833199906,0.16535199109207033,6.7851013219375e-05
96.66208276034504,0.8599283887224722,0.16534238891945519,6.772752777793173e-05
96.68708588573571,0.8607088418268091,0.16533563339655297,6.760425831709848e-05
96.7120890111264,0.8615153246193057,0.16533184923861924,6.748120757892982e-05
96.73709213651706,0.8623323438181261,0.16533110392110953,6.735837833323227e-05
96.76209526190775,0.8631443308732968,0.16533340767967944,6.723577337756383e-05
96.78709838729841,0.8639356419667035,0.16533871351018453,6.711339553723451e-05
96.81210151268908,0.8646905580120939,0.16534691716868033,6.699124766530589e-05
96.83710463807977,0.8653935505329489,0.16535786191369267,6.686933258812697e-05
96.86210776347043,0.86603226518418,0.1653713559963233,6.674765253204397e-05
96.88711088886112,0.8665949750936679,0.16538709869698695,6.662620965504583e-05
96.91211401425178,0.8670712850309232,0.16540475929674275,6.650500581100141e-05
96.93711713964245,0.8674526858123638,0.16542399424474769,6.638404242703472e-05
96.96212026503314,0.8677325543013135,0.16544444715825657,6.626332050352523e-05
96.9871233904238,0.8679061534080017,0.1654657488226222,6.614284061410792e-05
97.01212651581447,0.8679706320895649,0.16548751719129515,6.602260290567298e-05
97.03712964120515,0.8679250253500453,0.16550935738582395,6.590260709836597e-05
97.06213276659582,0.8677702542403916,0.165530861695855,6.578285248558806e-05
97.0871358919865,0.867509125858458,0.16555160957913265,6.566333793399552e-05
97.11213901737717,0.8671463271994583,0.1655711680294206,6.554406188514352e-05
97.13714214276784,0.8666876457125114,0.16558917060700315,6.542502256995051e-05
97.16214526815853,0.8661417446053281,0.16560529090538337,6.530621756059301e-05
97.1871483935492,0.8655192755773782,0.16561921048958858,6.518764400881658e-05
97.21215151893986,0.8648317678734232,0.16563066211100247,6.506929894052573e-05
97.23715464433054,0.8640916282835173,0.16563942970736495,6.495117925578411e-05
97.26215776972121,0.8633121411430081,0.16564534840277234,6.483328172881474e-05
97.2871608951119,0.8625074683325346,0.16564830450767726,6.471560300799952e-05
97.31216402050256,0.8616926492780295,0.16564823551888863,6.459813961587978e-05
97.33716714589323,0.8608836009507171,0.1656451301195717,6.448088794915578e-05
97.36217027128392,0.8600971178671142,0.16563902817924805,6.436384427868695e-05
97.38717339667458,0.8593494819706703,0.16563002298271262,6.424700503183503e-05
97.41217652206527,0.8586550057763961,0.1656183012484498,6.413036716577009e-05
97.43717964745593,0.8580288782941679,0.165604118187444,6.401392753758013e-05
97.4621827728466,0.8574843634351034,0.16558776130729355,6.389768338428521e-05
97.48718589823729,0.8570327006156603,0.16556954992411774,6.37816323416352e-05
97.51218902362795,0.856683104757637,0.16554983516255667,6.366577244411011e-05
97.53719214901862,0.856442766288171,0.16552899995577128,6.355010212491956e-05
97.5621952744093,0.8563168511397398,0.16550745904544345,6.343462021600312e-05
97.58719839979997,0.856308500750161,0.16548565898177592,6.331932594803035e-05
97.61220152519066,0.8564188415573425,0.16546406716560585,6.320421893698791e-05
97.63720465058132,0.8566457904662769,0.1654431062160669,6.308929929138835e-05
97.66220777597199,0.8569834757718064,0.16542321580638378,6.297456778471983e-05
97.68721090136268,0.8574242787916829,0.16540480291173246,6.286002551104012e-05
97.71221402675334,0.8579589950703401,0.16538823097704067,6.274567384970822e-05
97.73721715214403,0.858576834378895,0.16537381991698766,6.263151446538398e-05
97.7622202775347,0.8592654207151462,0.16536184611600435,6.251754930802864e-05
97.78722340292536,0.8600107923035757,0.16535254242827332,6.240378061290428e-05
97.81222652831605,0.860797401595348,0.16534609817772875,6.229021090057408e-05
97.83722965370671,0.8616082039932319,0.16534265904486461,6.217684295972185e-05
97.86223277909738,0.8624276546405372,0.1653423016234501,6.206367930896871e-05
97.88723590448807,0.8632392443776546,0.1653450008390885,6.195072275595686e-05
97.91223902987873,0.8640264485383677,0.16535067925278935,6.183797613179257e-05
97.93724215526942,0.8647740942360004,0.16535921493435812,6.17254420091642e-05
97.96224528066008,0.8654683603634138,0.1653704414623965,6.161312270234269e-05
97.98724840605075,0.8660967775930095,0.1653841479243021,6.150102026718117e-05
98.01225153144144,0.8666482283767274,0.16540007891626865,6.138913650111505e-05
98.0372546568321,0.8671129469460458,0.165417934543286,6.127747294316228e-05
98.06225778222277,0.8674825193119825,0.16543737041913995,6.1166030873923e-05
98.08726090761346,0.867749883294165,0.1654579976697386,6.105481131557684e-05
98.11226403300412,0.8679100780935174,0.1654794326578133,6.0943814904824795e-05
98.1372671583948,0.867960890979891,0.16550127100575282,6.083304165159528e-05
98.16227028378547,0.8679017466386107,0.1655230774332951,6.072249117988859e-05
98.18727340917614,0.8677338431591564,0.1655444375826948,6.0612162764106014e-05
98.21227653456683,0.8674601520351635,0.16556495801872287,6.050205532905001e-05
98.2372796599575,0.867085418164424,0.16558426622866695,6.039216744992436e-05
98.26228278534818,0.8666161598488844,0.16560201062233118,6.02824973523338e-05
98.28728591073885,0.866060668794648,0.1656178605320362,6.017304291228445e-05
98.31228903612951,0.8654290101119729,0.16563150621261913,6.006380165618342e-05
98.3372921615202,0.8647330223152727,0.16564265884143375,5.9954770760838985e-05
98.36229528691086,0.8639849894350906,0.16565107143426397,5.984594732610652e-05
98.38729841230153,0.8631982835618965,0.16565659459666887,5.9737328356961115e-05
98.41230153769222,0.8623895886230137,0.16565912781753583,5.962891030501532e-05
98.43730466308288,0.8615751661551926,0.16565862459053093,5.952068975346156e-05
98.46230778847357,0.8607707721329503,0.16565509301818132,5.941266343302309e-05
98.48731091386423,0.859991656968574,0.16564859581187524,5.9304828221954486e-05
98.5123140392549,0.8592525655121179,0.16563925029186213,5.9197181146041176e-05
98.53731716464559,0.8585677370514045,0.16562722838725244,5.908971937859967e-05
98.56232029003625,0.8579509053120257,0.16561275663601774,5.8982440240477725e-05
98.58732341542694,0.8574152984573403,0.1655961161849907,5.8875341200053916e-05
98.6123265408176,0.8569736390884767,0.16557764278986514,5.876841987323812e-05
98.63732966620827,0.8566367632410985,0.16555769764099004,5.8661674236826594e-05
98.66233279159896,0.8564106830972553,0.16553667779890766,5.855510305138209e-05
98.68733591698962,0.8562999490189336,0.1655150516596287,5.844870531988267e-05
98.7123390423803,0.8563068271123827,0.16549327156036156,5.8342480425571895e-05
98.73734216777098,0.8564312511281456,0.16547177187471543,5.8236428139601675e-05
98.76234529316164,0.8566708224610579,0.1654509690127004,5.8130548621032454e-05
98.78734841855233,0.8570208101502488,0.16543126142072742,5.802484241683281e-05
98.812351543943,0.8574741508791404,0.1654130295816084,5.7919310461879924e-05
98.83735466933366,0.8580214489754481,0.16539663601455598,5.7813954078959144e-05
98.86235779472435,0.8586509764111809,0.1653824252751838,5.77087749787642e-05
98.88736092011501,0.859348682577428,0.16537072380747642,5.760377525798164e-05
98.91236404550568,0.8601008000001708,0.16536177713755276,5.7498956894149066e-05
98.93736717089637,0.8608917416368731,0.16535572611313218,5.739432220532246e-05
98.96237029628703,0.8617043508220158,0.16535267256359062,5.728987383999022e-05
98.98737342167772,0.8625221651390136,0.16535266370443272,5.71856143360198e-05
99.01237654706838,0.8633294164202123,0.1653556921372918,5.708154612065818e-05
99.03737967245905,0.8641110307468911,0.1653616958499298,5.6977671510531466e-05
99.06238279784974,0.8648526284492619,0.1653705582162374,5.6873992711645027e-05
99.0873859232404,0.8655405241064676,0.16538210799623385,5.677051181938372e-05
99.11238904863109,0.8661617265465854,0.16539611933606713,5.666723081851147e-05
99.13739217402176,0.8667039390349837,0.16541231177505167,5.656415158314335e-05
99.16239529941242,0.8671570912479231,0.16543038694665163,5.646127563196973e-05
99.1873984248031,0.8675137753044944,0.165449989415208,5.635860399779692e-05
99.21240155019377,0.8677677205371015,0.1654707171763062,5.625613745847003e-05
99.23740467558444,0.8679145584533294,0.16549217069477462,5.615387642960843e-05
99.26240780097513,0.8679518227359433,0.1655139529046843,5.605182096460591e-05
99.2874109263658,0.8678789492428883,0.16553566920934915,5.59499707546309e-05
99.31241405175648,0.8676972760072902,0.16555692748132592,5.584832512862601e-05
99.33741717714715,0.8674100432374554,0.1655773380624141,5.5746883053308534e-05
99.36242030253781,0.8670223933168701,0.16559651376365603,5.564564313317002e-05
99.3874234279285,0.866541370804201,0.16561406986533686,5.5544603610476444e-05
99.41242655331916,0.86597558520158,0.16562963564251898,5.544376243247284e-05
99.43742967870985,0.8653343404086703,0.16564293289008108,5.534311745423091e-05
99.46243280410052,0.8646305566886527,0.1656537041121954,5.524266589748373e-05
99.48743592949118,0.8638779618791597,0.1656617379242565,5.514240488933334e-05
99.51243905488187,0.8630906524578864,0.16566687853175202,5.504233154738676e-05
99.53744218027254,0.8622830935425935,0.1656690257302627,5.4942442979756206e-05
99.5624453056632,0.8614701188911029,0.1656681349054624,5.48427362850587e-05
99.58744843105389,0.8606669309013008,0.16566421703311807,5.4743208552416284e-05
99.61245155644455,0.8598891006111374,0.16565733867908977,5.464385686145616e-05
99.63745468183524,0.859152567698625,0.1656476219993306,5.454467828231032e-05
99.6624578072259,0.8584736404818407,0.16563524473988686,5.444566987561599e-05
99.68746093261657,0.8578665392882346,0.1656204305867128,5.434682908881235e-05
99.71246405800726,0.8573432934617002,0.16560349201443267,5.424815380299526e-05
99.73746718339792,0.8569154937586155,0.16558479340095253,5.414964199223943e-05
99.7624703087886,0.8565923421399644,0.1655647136382384,5.4051292008123276e-05
99.78747343417928,0.8563806516761834,0.1655436461313326,5.395310257974388e-05
99.81247655956994,0.856284846547162,0.16552199879835394,5.385507281371714e-05
99.83747968496063,0.8563069620422412,0.1655001940704976,5.375720219417738e-05
99.8624828103513,0.8564466445602152,0.16547866889203514,5.365949058277783e-05
99.88748593574196,0.85670115160933,0.16545787472031454,5.3561938218690175e-05
99.91248906113265,0.8570655697833364,0.16543826498024153,5.346454567333142e-05
99.93749218652331,0.8575326408687074,0.16542021866795575,5.336731379486488e-05
99.962495311914,0.8580911516570217,0.1654041025104997,5.327024404090365e-05
99.98749843730467,0.8587287642454563,0.1653902380175291,5.317333805444684e-05
100.01250156269533,0.85943231764648,0.16537889299678085,5.3076597611737784e-05
100.03750468808602,0.8601878277878524,0.16537028155407316,5.298002462226423e-05
100.06250781347669,0.8609804875126225,0.16536456409330552,5.2883621128758455e-05
100.08751093886735,0.8617946665791312,0.16536184731645873,5.2787389307196995e-05
100.11251406425804,0.8626139116610104,0.16536218422359486,5.2691331466800765e-05
100.1375171896487,0.8634209518131192,0.16536557415074588,5.2595450049147045e-05
100.16252031503939,0.8642001895146448,0.16537196327995837,5.2499747250407595e-05
100.18752344043006,0.8649371152379993,0.1653811987209706,5.240422518200798e-05
100.21252656582072,0.8656173370737325,0.16539307134616452,5.230888594511852e-05
100.2375296912114,0.8662281676945266,0.16540734068231627,5.221373134994636e-05
100.26253281660208,0.866758624355196,0.16542373491059634,5.211876291573565e-05
100.28753594199276,0.8671994288926889,0.16544195086656954,5.2023981870767166e-05
100.31253906738343,0.8675430077260853,0.16546165404019494,5.192938915235873e-05
100.3375421927741,0.8677834918565986,0.1654824785758259,5.183498540686483e-05
100.36254531816478,0.8679167168675753,0.1655040272722101,5.17407709896768e-05
100.38754844355545,0.8679402229244938,0.16552587158248958,5.1646745965222976e-05
100.41255156894611,0.8678532836487797,0.16554758796959915,5.155291011296089e-05
100.4375546943368,0.8676577255327189,0.16556878565505534,5.145926271883329e-05
100.46255781972746,0.8673575614591715,0.16558904208417513,5.1365802637620444e-05
100.48756094511815,0.8669583261242949,0.16560796879140333,5.127252848968462e-05
100.51256407050882,0.866467068654158,0.16562521310251752,5.117943866353848e-05
100.53756719589948,0.8658923526047407,0.16564045813462808,5.108653131584473e-05
100.56257032129017,0.8652442559619338,0.16565342279617828,5.099380437141624e-05
100.58757344668084,0.8645343711415401,0.1656638617869442,5.090125552321619e-05
100.6125765720715,0.8637758049892729,0.16567156559803464,5.080888223235782e-05
100.63757969746219,0.8629831787807563,0.16567636051189139,5.071668172810453e-05
100.66258282285285,0.8621718038517349,0.1656781169886879,5.062465114851619e-05
100.68758594824354,0.8613563535518941,0.16567680580009025,5.053278785239622e-05
100.7125890736342,0.8605541170980872,0.1656724654633791,5.0441088873758484e-05
100.73759219902487,0.8597815616568195,0.1656651838540815,5.034955140749178e-05
100.76259532441556,0.8590540464913905,0.16565509893416103,5.025817285392172e-05
100.78759844980623,0.8583858229618941,0.16564239875201817,5.016695081881096e-05
100.81260157519691,0.8577900345252166,0.16562732144248993,5.007588311335879e-05
100.83760470058758,0.8572787167350392,0.16561015522685008,4.998496775420156e-05
100.86260782597824,0.8568627972418356,0.16559123841280912,4.989420296341231e-05
100.88761095136893,0.8565520957928733,0.16557095939451416,4.980358716850095e-05
100.9126140767596,0.8563545000749478,0.16554972753335828,4.971311909430117e-05
100.93761720215026,0.8562735668427411,0.16552796493719427,4.962279803646538e-05
100.96262032754095,0.8563106081360418,0.1655061427151143,4.953262361480578e-05
100.98762345293162,0.8564647259299869,0.16548470900059592,4.944259575797915e-05
101.0126265783223,0.8567327914260527,0.16546408731553222,4.935271470567558e-05
101.03762970371297,0.8571094450520538,0.16544467657023176,4.926298100861886e-05
101.06263282910363,0.857587096462144,0.16542685106341856,4.917339552856613e-05
101.08763595449432,0.8581559245368169,0.1654109604822322,4.908395943830803e-05
101.11263907988499,0.8588038773829033,0.16539732990222766,4.899467422166886e-05
101.13764220527567,0.8595166723335749,0.16538625978737553,4.8905541673506213e-05
101.16264533066634,0.8602800609255888,0.16537799047035218,4.881656354835194e-05
101.187648456057,0.861078507705849,0.16537265519588393,4.872774182431761e-05
101.21265158144769,0.8618945787730184,0.16537033688008115,4.8639078804766227e-05
101.23765470683836,0.8627116727871204,0.16537106539447946,4.85505766762111e-05
101.26265783222902,0.8635140213258798,0.16537481756327643,4.846223750825855e-05
101.2876609576197,0.8642866888847228,0.16538151716333177,4.837406325360811e-05
101.31266408301038,0.8650155728767744,0.1653910349241671,4.828605574805265e-05
101.33766720840106,0.8656874036328622,0.16540318852796623,4.819821671047802e-05
101.36267033379173,0.8662897444015126,0.16541774260957487,4.811054774286349e-05
101.3876734591824,0.8668109913489541,0.16543440875650092,4.8023050330281335e-05
101.41267658457308,0.8672407537055751,0.1654528578308035,4.793572579293769e-05
101.43767970996375,0.8675720961773591,0.16547275502688596,4.784857495741553e-05
101.46268283535441,0.8677994456823415,0.16549369055131866,4.776159837299412e-05
101.4876859607451,0.8679189359359756,0.16551525232569433,4.7674796305703144e-05
101.51268908613577,0.867928585818208,0.1655370353872526,4.7588168718795797e-05
101.53769221152645,0.8678282993734784,0.16555864188887992,4.7501715272748384e-05
101.56269533691712,0.8676198658107199,0.16557968109910953,4.7415435325260776e-05
101.58769846230778,0.8673069595033586,0.1655997694021216,4.732932793125601e-05
101.61270158769847,0.8668951399893132,0.16561853029774304,4.724339184288047e-05
101.63770471308914,0.8663918519709968,0.16563559440144768,4.715762550950403e-05
101.66270783847982,0.8658064015580291,0.16565059998984188,4.707202708159017e-05
101.68771096387049,0.8651483395337692,0.1656632545588645,4.698659469029962e-05
101.71271408926115,0.864430324377771,0.16567332576517946,4.690132603311271e-05
101.73771721465184,0.8636668151172013,0.16568061454217145,4.681621857073341e-05
101.7627203400425,0.8628724407315017,0.1656849780321517,4.673126978561813e-05
101.78772346543317,0.8620620001523862,0.165686329586358,4.664647718197537e-05
101.81272659082386,0.8612504622638427,0.16568463876495462,4.656183828576591e-05
101.83772971621453,0.8604529659021342,0.16567993133703243,4.647735064470292e-05
101.86273284160521,0.8596848198557954,0.16567228928060873,4.639301182825165e-05
101.88773596699588,0.8589615028656368,0.1656618507826275,4.630881942762979e-05
101.91273909238654,0.8582986636247409,0.16564881023895914,4.622477105580717e-05
101.93774221777723,0.8577115030675314,0.16563341260511272,4.614086442875072e-05
101.9627453431679,0.8572112522806346,0.16561595393434836,4.6057097842228083e-05
101.98774846855858,0.8568087394512529,0.16559681698452128,4.5973469687048954e-05
102.01275159394925,0.8565127658264211,0.16557639982883307,4.588997862495905e-05
102.03775471933992,0.8563296784554983,0.16555510827871026,4.5806623642714715e-05
102.0627578447306,0.8562633701901693,0.1655333558838043,4.572340405208306e-05
102.08776097012127,0.8563152796844442,0.16551156393199162,4.5640319489842104e-05
102.11276409551193,0.8564843913946585,0.1654901614493736,4.555736991778051e-05
102.13776722090262,0.8567672355794732,0.1654695852002765,4.547455562269768e-05
102.16277034629329,0.8571578882998745,0.16545027968725157,4.5391877216403954e-05
102.18777347168397,0.857648816566242,0.16543265021784373,4.530933548699825e-05
102.21277659707464,0.8582292096822252,0.1654170323459478,4.5226931602749726e-05
102.2377797224653,0.8588856606809216,0.16540373938945585,4.514466709724735e-05
102.26278284785599,0.8596042396349659,0.16539302890090762,4.506254357996412e-05
102.28778597324666,0.8603704961447879,0.16538510259587122,4.498056273587693e-05
102.31278909863732,0.8611694593386162,0.16538010635294328,4.4898726325466334e-05
102.33779222402801,0.8619856378724764,0.16537813021374892,4.481703618471661e-05
102.36279534941868,0.8628030199301897,0.16537920838294165,4.473549422511597e-05
102.38779847480936,0.8636050732233768,0.16538331922820354,4.46541024336562e-05
102.41280160020003,0.8643750358351591,0.16539038743694465,4.457286283421089e-05
102.4378047255907,0.8650990325502264,0.16540028035410617,4.449177710332104e-05
102.46280785098138,0.8657633467752769,0.16541276958735443,4.441084694431179e-05
102.48781097637205,0.8663554410937637,0.16542759104318544,4.433007388519111e-05
102.51281410176273,0.8668645681346913,0.1654444550066424,4.424945919085431e-05
102.5378172271534,0.8672817705726121,0.1654630461413157,4.416900386308447e-05
102.56282035254407,0.8675998811276299,0.16548302348934288,4.408870864055207e-05
102.58782347793475,0.8678135225653973,0.1655040204714087,4.4008573998815156e-05
102.61282660332542,0.8679191076971168,0.16552564488674495,4.392860015031945e-05
102.63782972871608,0.8679148393795406,0.16554747891313074,4.384878704439811e-05
102.66283285410677,0.8678007031890753,0.1655690801566798,4.376913436885024e-05
102.68783597949744,0.8675783584687419,0.16559005215809255,4.368964157369352e-05
102.71283910488812,0.8672522615878239,0.16560999756788158,4.361030763117979e-05
102.73784223027879,0.8668287150117108,0.16562852262411504,4.353113124211623e-05
102.76284535566946,0.8663153949593592,0.16564527435522303,4.345211093771076e-05
102.78784848106014,0.8657213514032926,0.16565994057999753,4.337324507957229e-05
102.8128516064508,0.8650570080696033,0.16567224990759236,4.329453185971076e-05
102.83785473184147,0.8643341624379498,0.1656819717375233,4.3215969300536935e-05
102.86285785723216,0.863565985741558,0.165688916259668,4.313755525486249e-05
102.88786098262283,0.8627670229672223,0.16569293445426594,4.305928740590019e-05
102.91286410801351,0.8619531928553033,0.16569391809191858,4.298116326726353e-05
102.93786723340418,0.8611399339936471,0.16569181837384844,4.2903180454984064e-05
102.96287035879485,0.8603429801591859,0.16568669050115528,4.2825336665976914e-05
102.98787348418553,0.8595793436380003,0.1656786461228172,4.274762947285456e-05
103.0128766095762,0.8588646727797078,0.1656678434054136,4.2670056649431866e-05
103.03787973496688,0.8582132459567258,0.16565448704939453,4.259261617153554e-05
103.06288286035755,0.8576379715642751,0.16563882828908105,4.251530621700454e-05
103.08788598574822,0.8571503880203777,0.16562116489266507,4.2438125165689705e-05
103.1128891111389,0.856760663765857,0.16560184116220927,4.236107159945392e-05
103.13789223652957,0.8564775972643394,0.1655812479336473,4.2284144302172266e-05
103.16289536192023,0.8563085303998923,0.1655598167744067,4.22073422665104e-05
103.18789848731092,0.8562573248348182,0.16553796251449707,4.213066487269842e-05
103.21290161270159,0.8563243424261949,0.16551614954306137,4.205411190609526e-05
103.23790473809227,0.8565078474298755,0.16549483270983695,4.197768340578315e-05
103.26290786348294,0.856803981201716,0.16547443760042935,4.190137966172826e-05
103.2879109888736,0.8572067621975757,0.1654553605363123,4.182520121478037e-05
103.31291411426429,0.8577080859733176,0.16543796857482773,4.174914885667303e-05
103.33791723965496,0.8582977251848065,0.16542259950918586,4.167322363002365e-05
103.36292036504564,0.8589633295879119,0.16540956186846503,4.159742682833324e-05
103.38792349043631,0.8596904260385049,0.1653991349176119,4.152175999598671e-05
103.41292661582698,0.8604638659662828,0.16539155399312994,4.1446224737149107e-05
103.43792974121766,0.8612687204903505,0.16538694621957392,4.137082264815722e-05
103.46293286660833,0.8620873160343281,0.16538537317914878,4.129555572779903e-05
103.487935991999,0.8629028418461394,0.16538684582577703,4.122042587066124e-05
103.51293911738968,0.8636994738853108,0.1653913241437334,4.114543485013361e-05
103.53794224278035,0.8644623748229698,0.16539871714764476,4.1070584318409045e-05
103.56294536817103,0.865177694041848,0.16540888288249028,4.0995875806483315e-05
103.5879484935617,0.8658325676362773,0.16542162842360128,4.092131072415536e-05
103.61295161895237,0.8664151184121935,0.16543670987666134,4.084689036002706e-05
103.63795474434305,0.8669144558871348,0.16545383237770622,4.077261588150329e-05
103.66295786973372,0.8673206771488929,0.16547265013469528,4.069848833471369e-05
103.68796099512439,0.8676263191259662,0.165492813775331,4.0624508486065526e-05
103.71296412051507,0.8678267734403349,0.16551393407577086,4.0550676695651584e-05
103.73796724590574,0.8679187190086811,0.16553558440049365,4.047699310600733e-05
103.76297037129642,0.8679006905618122,0.16555735023855797,4.040345760922042e-05
103.78797349668709,0.8677730786446604,0.165578829203602,4.0330069846930996e-05
103.81297662207776,0.867538129616283,0.16559963103384367,4.025682921033142e-05
103.83797974746844,0.8671999456498618,0.1656193775920805,4.018373484016641e-05
103.8629828728591,0.8667644847327047,0.16563770286568968,4.011078562673313e-05
103.88798599824979,0.8662395606662435,0.16565425296662814,4.003798020988093e-05
103.91298912364046,0.8656348430660358,0.16566868613143235,3.996531697901166e-05
103.93799224903113,0.8649610738653407,0.16568069143371572,3.9892794182462154e-05
103.96299537442181,0.864229800542264,0.16569005371022655,3.982041001322345e-05
103.98799849981248,0.8634561665448005,0.16569659102336254,3.974816224129715e-05
104.01300162520315,0.8626554630645256,0.16570017484845345,3.967604865576458e-05
104.03800475059383,0.8618429201428809,0.16570073294421708,3.960406709245808e-05
104.0630078759845,0.8610337066711752,0.1656982493527593,3.953221543396114e-05
104.08801100137518,0.8602429303905818,0.16569276439957414,3.946049160960814e-05
104.11301412676585,0.8594856378921416,0.16568437469354366,3.938889359548465e-05
104.13801725215652,0.8587768146167607,0.1656732331269381,3.931741941442714e-05
104.1630203775472,0.8581313848552111,0.1656595488754157,3.9246067136023124e-05
104.18802350293787,0.8575642117481318,0.16564358739802282,3.917483487661126e-05
104.21302662832855,0.8570877982654815,0.16562564852096998,3.910372104868659e-05
104.23802975371922,0.856711290200482,0.1656061039080554,3.903272447050128e-05
104.26303287910989,0.8564430034824495,0.16558537584454022,3.896184406679673e-05
104.28803600450057,0.8562887751604695,0.16556388654497706,3.889107903795376e-05
104.31303912989124,0.856251960950256,0.16554205811061806,3.8820428860254754e-05
104.3380422552819,0.8563334352341505,0.16552031252941457,3.8749893285883446e-05
104.36304538067259,0.8565315910611225,0.16549907167601732,3.867947234292506e-05
104.38804850606326,0.8568423401467696,0.16547875731177641,3.86091663353664e-05
104.41305163145394,0.8572591128733174,0.1654597910847413,3.853897584309559e-05
104.43805475684461,0.8577729637380479,0.1654425917253613,3.846890170812213e-05
104.46305788223528,0.8583740051817861,0.16542749946981386,3.839894482805933e-05
104.48806100762596,0.8590485158950049,0.16541480198641367,3.8329106529345666e-05
104.51306413301663,0.8597815397298366,0.16540474526338647,3.8259388294895803e-05
104.5380672584073,0.8605579498595359,0.16539751814817372,3.818979163384909e-05
104.56307038379798,0.8613624487784778,0.1653932523474326,3.812031808156972e-05
104.58807350918865,0.8621795683021568,0.16539202242703602,3.805096919964678e-05
104.61307663457933,0.8629936695671898,0.16539384581207264,3.798174657589404e-05
104.63807975997,0.8637889430313126,0.16539868278684677,3.791265182435022e-05
104.66308288536067,0.8645494084733831,0.16540643649487854,3.7843686585278746e-05
104.68808601075135,0.8652595029332606,0.16541695895279673,3.7774852460537626e-05
104.71308913614202,0.8659068808546891,0.1654300475095195,3.770615072336869e-05
104.7380922615327,0.8664794440938328,0.16544541237578855,3.76375826305307e-05
104.76309538692337,0.8669666721159079,0.16546273965204558,3.7569149236748216e-05
104.78809851231404,0.8673599048101566,0.16548169697621418,3.7500851361672414e-05
104.81310163770472,0.8676523424898452,0.16550193352369966,3.7432689589881213e-05
104.83810476309539,0.8678390458922642,0.16552308000738916,3.736466427087939e-05
104.86310788848606,0.8679169361787293,0.1655447486776516,3.729677551909835e-05
104.88811101387674,0.8678847949345805,0.16556653332233773,3.722902321389623e-05
104.9131141392674,0.8677432641691825,0.16558800926678008,3.7161406999558024e-05
104.93811726465809,0.8674947982411004,0.16560873752937003,3.70939262926733e-05
104.96312039004876,0.8671433121921577,0.16562834329663667,3.702658032978941e-05
104.98812351543943,0.8666957243077116,0.16564644858769012,3.6959367929450954e-05
105.01312664083011,0.8661605796754073,0.1656626968015256,3.689228772479988e-05
105.03812976622078,0.8655475935095988,0.16567677744998593,3.6825338236329916e-05
105.06313289161146,0.8648676511513478,0.16568842615776164,3.675851787188629e-05
105.08813601700213,0.8641328080684257,0.16569742466239096,3.669182492666601e-05
105.1131391423928,0.8633562898553115,0.1657036008142598,3.662525758321767e-05
105.13814226778348,0.8625524922331929,0.16570682857660174,3.6558813911441484e-05
105.16314539317415,0.8617369810499667,0.16570702802549805,3.6492491868589447e-05
105.18814851856482,0.8609264881386411,0.16570416535291846,3.642628929973133e-05
105.2131516439555,0.8601365395897954,0.16569827048517866,3.636020422734177e-05
105.23815476934617,0.8593829135329311,0.16568947576361695,3.629423474378214e-05
105.26315789473685,0.8586817968082858,0.16567796670375698,3.622837892382406e-05
105.28816102012752,0.8580476946852788,0.16566396966547206,3.616263504024422e-05
105.31316414551819,0.8574934308625071,0.1656477518529853,3.6097001563824194e-05
105.33816727090887,0.8570301474677476,0.16562962131486944,3.603147716335049e-05
105.36317039629954,0.8566673050579579,0.16560992694404697,3.59660607056147e-05
105.3881735216902,0.8564126826192736,0.1655890584777901,3.590075125541326e-05
105.41317664708089,0.8562723775670105,0.1655674464977207,3.583554807554757e-05
105.43817977247156,0.8562505742057168,0.16554554213979086,3.5770450637326355e-05
105.46318289786224,0.8563475223112619,0.16552377361870751,3.570545876729107e-05
105.48818602325291,0.8565603895298852,0.16550260307693004,3.564057260552822e-05
105.51318914864358,0.8568843996303072,0.1654824619574465,3.557579248923553e-05
105.53819227403426,0.8573128422650167,0.16546374623102092,3.551111895002697e-05
105.56319539942493,0.8578370729702699,0.16544681639619335,3.544655271393287e-05
105.58819852481561,0.8584465131660917,0.16543199747927964,3.5382094701399643e-05
105.61320165020628,0.8591286501562739,0.1654195790343718,3.531774602729011e-05
105.63820477559695,0.8598690371283775,0.16540981514333758,3.5253508000883204e-05
105.66320790098763,0.8606515208257879,0.16540292407473853,3.518938209922669e-05
105.6882110263783,0.8614615184748763,0.1653990522966414,3.5125369613595955e-05
105.71321415176897,0.8622818568372189,0.1653982385768976,3.506147219295737e-05
105.73821727715965,0.8630952428768184,0.16540046805741637,3.499769151757925e-05
105.76322040255032,0.8638855929281641,0.16540567900429762,3.4934029136486085e-05
105.788223527941,0.8646380326962356,0.16541376280783154,3.4870486467458265e-05
105.81322665333167,0.8653388972564984,0.16542456398249888,3.480706479703238e-05
105.83822977872234,0.8659757310549077,0.16543788016697078,3.474376528050095e-05
105.86323290411302,0.8665372879079066,0.16545346212410894,3.468058894191258e-05
105.88823602950369,0.8670135310024254,0.16547101374096537,3.461753667407199e-05
105.91323915489437,0.8673956328958837,0.16549019202878268,3.4554609238539834e-05
105.93824228028504,0.8676759755161881,0.16551060712299384,3.4491807265632954e-05
105.9632454056757,0.8678493125683543,0.16553187590261087,3.44291311554024e-05
105.98824853106639,0.8679134531806563,0.1655535983905532,3.436658092947054e-05
106.01325165645706,0.8678675889743995,0.1655753385580033,3.430415640396867e-05
106.03825478184773,0.8677126910832871,0.16559668079983247,3.424185719639152e-05
106.06325790723841,0.8674515101618456,0.1656172299351812,3.417968272559689e-05
106.08826103262908,0.8670885763854255,0.16563661120745904,3.411763221180579e-05
106.11326415801976,0.8666301994502004,0.16565447028434474,3.405570467660212e-05
106.13826728341043,0.8660844685731683,0.16567047325778617,3.399389894293305e-05
106.1632704088011,0.8654612524921503,0.1656843066440003,3.393221363510868e-05
106.18827353419178,0.8647721994657909,0.16569567738347332,3.387064717880219e-05
106.21327665958245,0.8640296345271335,0.165704330099385,3.3809197928670254e-05
106.23827978497312,0.8632465557188158,0.1657101079689167,3.3747864227402635e-05
106.2632829103638,0.8624395577223729,0.16571290395800867,3.368664407635715e-05
106.28828603575447,0.8616249118622377,0.16571266459782466,3.362553554075008e-05
106.31328916114515,0.860818401681269,0.16570939117687275,3.356453676746169e-05
106.33829228653582,0.8600353229407547,0.16570313974100526,3.3503645985036514e-05
106.36329541192649,0.8592904836204089,0.16569402109341885,3.3442861503683146e-05
106.38829853731717,0.8585982039183735,0.16568220079465448,3.338218171527428e-05
106.41330166270784,0.8579723162512187,0.1656678991625974,3.332160509334687e-05
106.43830478809852,0.8574261652539409,0.16565139127247713,3.326113019310186e-05
106.46330791348919,0.8569726077799652,0.16563300695686753,3.320075565140448e-05
106.48831103887986,0.8566228372213393,0.16561310537425847,3.314048029028165e-05
106.51331416427054,0.8563831788794833,0.16559207626190633,3.3080303381796697e-05
106.53831728966121,0.8562584564432931,0.16557038720186912,3.302022433731163e-05
106.56332041505188,0.8562512335441611,0.16554849147926026,3.296024278094996e-05
106.58832354044256,0.8563617347267882,0.16552682484659254,3.290035855676465e-05
106.61332666583323,0.8565878454491832,0.16550580552377814,3.284057172873818e-05
106.63832979122391,0.8569251120826633,0.16548583419812862,3.2780882580782364e-05
106.66333291661458,0.8573667419118536,0.1654672940243549,3.272129161673859e-05
106.68833604200525,0.8579036031346872,0.16545055062456734,3.266179956037757e-05
106.71333916739593,0.8585242248624062,0.16543595208827566,3.260240735539948e-05
106.7383422927866,0.8592147971195594,0.16542382897238894,3.254311616543402e-05
106.76334541817728,0.8599614225534499,0.16541444084863713,3.248392712600036e-05
106.78834854356795,0.860748911878693,0.1654079336687102,3.242484150219359e-05
106.81335166895862,0.861560069883802,0.1654044163235553,3.236586079374982e-05
106.8383547943493,0.8623783813026777,0.16540394293835284,3.2306986439417846e-05
106.86335791973997,0.8631880113186645,0.16540651286506305,3.224821981690323e-05
106.88836104513064,0.8639738055645525,0.1654120706824259,3.218956224286814e-05
106.91336417052132,0.8647212901225764,0.16542050619596108,3.213101497293143e-05
106.93836729591199,0.8654166715244146,0.16543165443796812,3.2072579201668744e-05
106.96337042130267,0.8660468367511915,0.16544529566752625,3.2014256062612285e-05
106.98837354669334,0.866599353233475,0.16546115537049447,3.195604662825108e-05
107.01337667208401,0.8670638077319207,0.1654789366470448,3.1897951789353796e-05
107.03837979747469,0.8674326424229958,0.16549829205936506,3.183997214850179e-05
107.06338292286536,0.8676993571314094,0.16551882063227094,3.1782108170988004e-05
107.08838604825603,0.8678593530117074,0.16554012338774649,3.172436011738432e-05
107.11338917364671,0.867909934937849,0.1655618034359506,3.166672804333818e-05
107.13839229903738,0.8678503115032076,0.1655834659752168,3.1609211799572674e-05
107.16339542442806,0.8676815950205703,0.16560471829205362,3.155181103188631e-05
107.18839854981873,0.8674068015221382,0.16562516976114403,3.149452518115331e-05
107.2134016752094,0.8670308507595262,0.16564443184534597,3.1437353483323325e-05
107.23840480060008,0.8665605662037629,0.16566211809569212,3.138029496942156e-05
107.26340792599075,0.86600442419194,0.16567785260291645,3.13233484937713e-05
107.28841105138143,0.8653714864622828,0.16569134999966817,3.126651286831171e-05
107.3134141767721,0.8646744337397657,0.1657023489945706,3.120978654574367e-05
107.33841730216277,0.8639269034172211,0.1657106316137437,3.115316790896722e-05
107.36342042755345,0.8631429172378299,0.16571603543455682,3.1096655333914286e-05
107.38842355294412,0.8623368812951231,0.16571845358562873,3.104024718954876e-05
107.41342667833479,0.8615235860329794,0.16571783474682758,3.0983941837866274e-05
107.43842980372547,0.8607182062456263,0.16571418314927094,3.0927737633894345e-05
107.46343292911614,0.8599363010776414,0.16570755857532574,3.0871632925692444e-05
107.48843605450682,0.8591938140239495,0.16569807635860836,3.081562605435177e-05
107.51343917989749,0.8585070729298259,0.16568590738398456,3.0759715353995496e-05
107.53844230528816,0.8578906572312339,0.16567126946784397,3.07038993463307e-05
107.56344543067884,0.8573566258663805,0.16565446607581924,3.0648176828753736e-05
107.58844855606951,0.8569168231438289,0.1656358581991563,3.0592546633827864e-05
107.61345168146019,0.8565807204842957,0.165615821991932,3.053700780626709e-05
107.63845480685086,0.8563554067035469,0.1655947486679904,3.0481559603788047e-05
107.66345793224153,0.8562455880123976,0.16557304450094254,3.042620149710979e-05
107.68846105763221,0.8562535880167116,0.16555113082416664,3.037093316995389e-05
107.71346418302288,0.856379347717402,0.16552944403080797,3.0315754519044527e-05
107.73846730841355,0.856620425510431,0.1655084355737789,3.0260665654108296e-05
107.76347043380423,0.8569721729907033,0.16548856199835288,3.0205666877384474e-05
107.7884735591949,0.8574276862001093,0.16547020746421254,3.015075864073763e-05
107.81347668458558,0.8579760144802938,0.16545374259840304,3.0095941744845086e-05
107.83847980997625,0.8586049821228708,0.1654394950062657,3.004121710432231e-05
107.86348293536692,0.8593015658623503,0.16542773877309164,2.9986585711078136e-05
107.8884860607576,0.8600518948761362,0.1654186944641218,2.9932048634314855e-05
107.91348918614827,0.860841250784526,0.16541252912454696,2.98776070205283e-05
107.93849231153894,0.861654067650713,0.16540935627950773,2.982326209350767e-05
107.96349543692962,0.8624739319807844,0.16540923593409454,2.9769015154335614e-05
107.98849856232029,0.8632835828135847,0.16541217457398272,2.971486758138004e-05
108.01350168771097,0.864067196220088,0.16541812585572868,2.9660820633762e-05
108.03850481310164,0.8648102667628168,0.16542694549839948,2.9606875502185347e-05
108.06350793849231,0.8654982265667507,0.16543842963555688,2.9553033390544517e-05
108.08851106388299,0.8661182048388482,0.1654523425923067,2.9499295339261243e-05
108.11351418927366,0.8666590278680454,0.16546841688529879,2.944566222528462e-05
108.13851731466434,0.867111219025259,0.16548635322272706,2.939213476209091e-05
108.16352044005501,0.8674669987633833,0.1655058205043295,2.9338713499683777e-05
108.18852356544568,0.8677202846172923,0.16552645582138806,2.928539882459407e-05
108.21352669083636,0.8678666912038389,0.16554786445672887,2.9232190959879922e-05
108.23852981622703,0.8679035302218542,0.16556961988472202,2.917908996512684e-05
108.2635329416177,0.8678298404038816,0.16559129597516054,2.9126095739424606e-05
108.28853606700838,0.8676471852646686,0.16561250292206964,2.907320790908045e-05
108.31353919239905,0.8673593564886769,0.16563281617293651,2.9020425849118223e-05
108.33854231778973,0.8669716820699952,0.16565184390718923,2.8967748799881932e-05
108.3635454431804,0.8664910150772701,0.16566922969410383,2.891517586930884e-05
108.38854856857107,0.8659257336537052,0.16568465249280442,2.8862706032929253e-05
108.41355169396175,0.8652857410170613,0.16569782665226312,2.8810338133866617e-05
108.43855481935242,0.864582465459658,0.16570850191130004,2.8758070882837602e-05
108.4635579447431,0.8638288603483706,0.1657164633985833,2.8705902858151892e-05
108.48856107013377,0.8630394041246338,0.1657215316326291,2.8653832505712423e-05
108.51356419552444,0.8622293852827714,0.16572356967055454,2.8601858207719777e-05
108.53856732091512,0.8614133557454122,0.16572253932240985,2.8549978477100336e-05
108.56357044630579,0.8606085783250355,0.16571847226020908,2.8498191637313112e-05
108.58857357169646,0.8598315918979567,0.16571144963916104,2.8446496094495618e-05
108.61357669708714,0.8590978482459835,0.16570160297167474,2.8394890369375287e-05
108.63857982247781,0.858421712056416,0.16568911412735923,2.8343373097269537e-05
108.66358294786849,0.8578164609220447,0.1656742153330237,2.8291943028085583e-05
108.68858607325916,0.8572942853411525,0.16565718917267747,2.8240599026320667e-05
108.71358919864983,0.8568662887175132,0.16563836858752998,2.818934007106184e-05
108.73859232404051,0.8565424873603926,0.16561813687599078,2.8138165255986074e-05
108.76359544943118,0.8563311260034114,0.1655969030740006,2.8087073832774286e-05
108.78859857482185,0.856236118225559,0.16557508396486828,2.8036065376255245e-05
108.81360170021253,0.8562590540201914,0.16555315107750718,2.7985139649846097e-05
108.8386048256032,0.8563993217331533,0.16553155470664943,2.793429659114048e-05
108.86360795099388,0.8566540711914623,0.16551072087880025,2.7883536314129812e-05
108.88861107638455,0.8570182137033086,0.16549105135223838,2.783285910920355e-05
108.91361420177522,0.8574844220580553,0.16547292361701568,2.7782265443148947e-05
108.9386173271659,0.8580431305262389,0.1654566908949574,2.7731755959151176e-05
108.96362045255657,0.8586825348595675,0.1654426821396621,2.768133147679339e-05
108.98862357794725,0.8593885922909236,0.16543120203650158,2.763099299205654e-05
109.01362670333792,0.8601468943163717,0.16542250230370786,2.7580741512475293e-05
109.03862982872859,0.8609423173739194,0.1654167240545937,2.7530578117147415e-05
109.06363295411927,0.8617573891753096,0.1654139569487276,2.7480504110132057e-05
109.08863607950994,0.8625754356828157,0.16541423760971585,2.7430520732600516e-05
109.11363920490061,0.863380604592933,0.1654175494523631,2.7380629160711992e-05
109.13864233029129,0.8641578653363782,0.16542382268267228,2.733083050561369e-05
109.16364545568196,0.8648930090780879,0.16543293429784478,2.728112581344088e-05
109.18864858107264,0.8655726487172212,0.1654447080862802,2.7231516065316732e-05
109.21365170646331,0.8661842188871572,0.16545891462757656,2.7182002177352504e-05
109.23865483185398,0.866715975955497,0.16547527129253017,2.7132585000647374e-05
109.26365795724466,0.8671572879685228,0.16549345179337832,2.708326530069248e-05
109.28866108263533,0.8675009272556671,0.16551312600507442,2.7034043571214744e-05
109.31366420802601,0.8677411397127608,0.16553388762113427,2.698492014148752e-05
109.33866733341668,0.8678738282745335,0.1655553246500918,2.6935895183625674e-05
109.36367045880735,0.8678967831572002,0.165577031866165,2.6886968698366703e-05
109.38867358419803,0.8678096818584603,0.16559861080925584,2.6838140515070838e-05
109.4136767095887,0.8676140891574983,0.16561966978495027,2.6789410291721117e-05
109.43867983497937,0.8673134571149829,0.16563982386451828,2.6740777514923228e-05
109.46368296037005,0.8669131250730676,0.1656586948849139,2.6692241499905585e-05
109.48868608576072,0.8664203196553916,0.16567591144877503,2.6643801390519414e-05
109.5136892111514,0.8658441509792447,0.16569110900987752,2.6595456159586895e-05
109.53869233654207,0.8651941085609428,0.1657039849439151,2.6547204754819814e-05
109.56369546193274,0.8644824658074368,0.1657143040098038,2.649904590680064e-05
109.58869858732342,0.8637236074919383,0.16572186037881595,2.6450978184326283e-05
109.61370171271409,0.8629321041118344,0.16572650442969572,2.6403000167170634e-05
109.63870483810476,0.8621227118886842,0.16572814274865932,2.63551104460844e-05
109.66370796349544,0.8613103727682205,0.16572673812939487,2.6307307622795195e-05
109.68871108888611,0.8605102144203515,0.16572230957306233,2.6259590310007605e-05
109.71371421427679,0.8597375502391567,0.16571493228829376,2.621195713140302e-05
109.73871733966746,0.8590078793428914,0.16570473769119298,2.616440672163983e-05
109.76372046505813,0.858336886573983,0.16569191340533587,2.611693772635325e-05
109.78872359044881,0.8577399713543599,0.16567669884721092,2.6069548837184864e-05
109.81372671583948,0.8572286322860436,0.16565938210089468,2.6022239068372167e-05
109.83872984123016,0.8568138567650521,0.1656403408339678,2.5975007498192704e-05
109.86373296662083,0.8565047280233707,0.16561997089454786,2.59278533494756e-05
109.8887360920115,0.8563078783207203,0.16559867641321324,2.5880776028620466e-05
109.91373921740218,0.8562274889445567,0.16557686980300335,2.5833775125597485e-05
109.93874234279285,0.8562652902100719,0.1655549717594184,2.578685041394749e-05
109.96374546818352,0.8564205614601931,0.16553341126041965,2.5740001850781817e-05
109.9887485935742,0.8566901310655834,0.16551262556642915,2.5693229576782358e-05
110.01375171896487,0.8570683764246408,0.16549306022032997,2.5646533916201664e-05
110.03875484435555,0.8575479699157686,0.1654751279838217,2.559991530283001e-05
110.06375796974622,0.8581184839967486,0.1654591678523736,2.5553374368576013e-05
110.08876109513689,0.8587666638061381,0.16544549929368116,2.5506911968657783e-05
110.11376422052757,0.8594786966532693,0.1654343864146879,2.5460529003801972e-05
110.13876734591824,0.8602402249506659,0.16542603759494975,2.5414226419132694e-05
110.16377047130892,0.8610363462140461,0.16542060548663493,2.536800520417132e-05
110.18877359669959,0.861851613062319,0.16541818701452396,2.5321866392836692e-05
110.21377672209026,0.8626700332175881,0.1654188233760098,2.5275811063444953e-05
110.23877984748094,0.8634750695051491,0.16542250004109768,2.5229840338709607e-05
110.26378297287161,0.8642498650307744,0.16542914844281423,2.5183955368774755e-05
110.28878609826228,0.864980356373538,0.1654386439548103,2.513815711293019e-05
110.31378922365296,0.8656527365955555,0.16545076490920924,2.5092446540652907e-05
110.33879234904363,0.866254273813015,0.16546525172345625,2.5046824531304955e-05
110.36379547443431,0.8667740205915162,0.1654818187047975,2.5001291816196485e-05
110.38879859982498,0.867202813946068,0.1655001540502801,2.4955848978585936e-05
110.41380172521565,0.8675332753410903,0.16551991984675207,2.491049645367987e-05
110.43880485060633,0.8677598106904131,0.16554075207086244,2.486523452863304e-05
110.463807975997,0.8678786103572762,0.165562260589061,2.4820063342548464e-05
110.48881110138767,0.8678876491543305,0.1655840291575987,2.4774982886477286e-05
110.51381422677835,0.8677866829210887,0.16560561592119658,2.4729993003843266e-05
110.53881735216902,0.8675771417496485,0.16562662037207798,2.4685093404410744e-05
110.5638204775597,0.8672632194697054,0.16564664592164932,2.464028353140739e-05
110.58882360295037,0.8668510138231311,0.16566529506526959,2.4595562667101514e-05
110.61382672834104,0.8663480091224048,0.16568221071528802,2.4550929996570297e-05
110.63882985373172,0.8657630762506136,0.1656970762010439,2.450638460769985e-05
110.66383297912239,0.865106472661453,0.16570961526886666,2.4461925491185308e-05
110.68883610451307,0.8643898423792257,0.16571959208207585,2.4417551540530637e-05
110.71383922990374,0.8636262159988434,0.16572681122098118,2.4373261552048837e-05
110.73884235529441,0.8628300106858247,0.16573111768288243,2.4329054224861784e-05
110.76384548068509,0.8620170301762959,0.16573239688206953,2.4284928160900273e-05
110.78884860607576,0.8612027771745703,0.16573059148248473,2.4240882004535808e-05
110.81385173146643,0.860402849119439,0.16572574848614158,2.419691446055921e-05
110.83885485685711,0.859634333861975,0.16571797284828368,2.4153024149582593e-05
110.86385798224778,0.8589129898647831,0.16570741636199662,2.410920980367105e-05
110.88886110763846,0.8582532269977419,0.16569427770748463,2.4065470267793413e-05
110.91386423302913,0.8576681065380067,0.16567880245207048,2.4021804499822428e-05
110.9388673584198,0.8571693411700076,0.16566128305019565,2.3978211570534597e-05
110.96387048381048,0.8567672949854501,0.16564205884342015,2.393469066361025e-05
110.98887360920115,0.8564709834833156,0.16562151606042264,2.389124107563361e-05
111.01387673459183,0.8562880142535125,0.1656000837453768,2.3847862218739068e-05
111.0388798599825,0.8562226612002763,0.16557817572930114,2.380455371687123e-05
111.06388298537317,0.8562755827343629,0.16555625430970555,2.3761315428876664e-05
111.08888611076385,0.8564453285221747,0.16553477678468656,2.3718147358165816e-05
111.11388923615452,0.8567283143870491,0.1655141715814498,2.367504965064779e-05
111.13889236154519,0.8571188223092591,0.1654948382563099,2.3632022594730188e-05
111.16389548693587,0.857609000426013,0.16547714749469047,2.3589066621319173e-05
111.18889861232654,0.8581888630314537,0.16546144111112424,2.354618230381957e-05
111.21390173771722,0.8588462905766605,0.16544803204925285,2.3503370358134672e-05
111.23890486310789,0.8595670296696466,0.16543720438182702,2.3460631642666437e-05
111.26390798849856,0.8603358637804682,0.16542920173008072,2.34179670706986e-05
111.28891111388924,0.8611381120620042,0.16542416140969238,2.3375377523510353e-05
111.31391423927991,0.8619561372780511,0.16542215178123232,2.333286412663369e-05
111.33891736467058,0.8627730506626407,0.16542319056866653,2.3290427955667674e-05
111.36392049006126,0.8635729363032316,0.1654272442918079,2.3248070018867977e-05
111.38892361545193,0.8643408511407092,0.1654342282663164,2.320579125714696e-05
111.41392674084261,0.8650628249693872,0.16544400660369873,2.316359254407349e-05
111.43892986623328,0.8657258604370053,0.16545639221130864,2.3121474685873146e-05
111.46393299162395,0.8663179330447317,0.1654711467923468,2.307943842142804e-05
111.48893611701463,0.8668279911471616,0.1654879808458608,2.3037484422276902e-05
111.5139392424053,0.8672459559523168,0.16550655366674513,2.2995613292615137e-05
111.53894236779598,0.8675640396345694,0.16552651621996364,2.2953825488275157e-05
111.56394549318665,0.8677774480677504,0.1655474850062716,2.29121212300729e-05
111.58894861857732,0.8678826269701201,0.16556903353985514,2.287050061734405e-05
111.613951743968,0.8678778813583286,0.1655907469721463,2.2828963607471118e-05
111.63895486935867,0.8677633757963803,0.16561222210394919,2.2787510015870676e-05
111.66395799474934,0.8675411343956345,0.16563306738544023,2.2746139515993212e-05
111.68896112014002,0.867215040814804,0.1656529029161682,2.2704851639323202e-05
111.71396424553069,0.8667908382599572,0.16567136044505387,2.2663645775379185e-05
111.73896737092137,0.8662761294845155,0.16568808337039048,2.2622521171713595e-05
111.76397049631204,0.865680376789256,0.1657027267398434,2.258147693391295e-05
111.78897362170271,0.8650142364984714,0.16571497309377892,2.254051207800595e-05
111.81397674709339,0.8642889921447733,0.16572460072382142,2.2499625599937782e-05
111.83897987248406,0.8635196266021185,0.16573142176873915,2.2458816248879367e-05
111.86398299787474,0.862721368789165,0.1657353007894184,2.241808277757101e-05
111.88898612326541,0.8619094096309856,0.16573615867610036,2.2377423963597606e-05
111.91398924865608,0.8610989020590636,0.1657339726483813,2.233683860938849e-05
111.93899237404676,0.860304961011295,0.1657287762552123,2.2296325542217486e-05
111.96399549943743,0.8595426634319897,0.1657206593748994,2.2255883614203002e-05
111.9889986248281,0.8588270482718686,0.1657097682151037,2.2215511702307872e-05
112.01400175021878,0.8581731164880654,0.16569630531284107,2.2175208708339433e-05
112.03900487560945,0.857595831044127,0.1656805295344825,2.2134973558949588e-05
112.06400800100013,0.8571080211242685,0.16566273628555694,2.2094805334582088e-05
112.0890111263908,0.856719004177097,0.16564329027376098,2.2054703355795118e-05
112.11401425178147,0.8564373797923562,0.16562261118776464,2.201466699713852e-05
112.13901737717215,0.8562692769671086,0.16560111957989967,2.1974695788559798e-05
112.16402050256282,0.8562183433024122,0.1655792366786725,2.1934789416057497e-05
112.18902362795349,0.8562857450033207,0.16555738438876402,2.1894947721681068e-05
112.21402675334417,0.8564701668788831,0.16553598529102972,2.185517070353093e-05
112.23902987873484,0.856767812342144,0.16551546264249967,2.1815458515758534e-05
112.26403300412552,0.8571724034101439,0.16549624037637845,2.1775811468566218e-05
112.28903612951619,0.8576752663147095,0.16547874079785585,2.173623002188264e-05
112.31403925490686,0.858266734545516,0.16546331050955126,2.169671467068087e-05
112.33904238029754,0.8589333171438396,0.16545024273194125,2.165726614952608e-05
112.36404550568821,0.859660186388664,0.16543979025146666,2.1617885288002363e-05
112.3890486310789,0.8604323085799305,0.16543214876543333,2.157857293270407e-05
112.41405175646956,0.861234444038533,0.16542745688201227,2.153932994723598e-05
112.43905488186023,0.8620511471063226,0.16542579612023958,2.1500157212213155e-05
112.46405800725091,0.8628667661461055,0.1654271909100164,2.1461055625261e-05
112.48906113264158,0.8636654435416414,0.16543160859210898,2.1422026101015327e-05
112.51406425803225,0.8644311156976471,0.16543895941814865,2.138306957112224e-05
112.53906738342293,0.8651480847625161,0.16544910218077105,2.1344186948652933e-05
112.5640705088136,0.8658038519036088,0.16546184024749294,2.1305378962401224e-05
112.58907363420428,0.8663861377936742,0.16547688916763129,2.1266646335096002e-05
112.61407675959495,0.8668842194722073,0.16549393944695495,2.122798967695987e-05
112.63907988498562,0.8672892289811778,0.16551266236732937,2.1189409465910678e-05
112.6640830103763,0.8675941533650293,0.1655327099867165,2.115090604756161e-05
112.68908613576697,0.8677938346706793,0.16555371513917466,2.111247963522121e-05
112.71408926115765,0.8678849699475195,0.1655752914348588,2.107413030989327e-05
112.73909238654832,0.8678661112474155,0.16559703326002032,2.1035858020276974e-05
112.76409551193899,0.8677376656247073,0.1656185157770071,2.0997662582766765e-05
112.78909863732967,0.8675018507444121,0.16563929895398127,2.0959543685347018e-05
112.81410176272034,0.8671623746955384,0.1656590058382251,2.0921500912141706e-05
112.83910488811101,0.8667259294893627,0.16567725540412953,2.0883533611355304e-05
112.86410801350169,0.8662008478360501,0.165693687041993,2.0845641024841248e-05
112.88911113889236,0.8655966558367855,0.1657079857582548,2.0807822328843443e-05
112.91411426428304,0.8649240729837712,0.16571988217549502,2.077007663399614e-05
112.93911738967371,0.8641950121602302,0.16572915253243467,2.0732402985324077e-05
112.96412051506438,0.863422579640403,0.16573561868393566,2.069480036224235e-05
112.98912364045506,0.8626210750895494,0.16573914810100066,2.065726767855648e-05
113.01412676584573,0.8618059915639492,0.16573965387077333,2.0619803782462454e-05
113.0391298912364,0.8609940111012822,0.16573709470111173,2.058240745682781e-05
113.06413301662708,0.8602006415608415,0.16573149335912513,2.0545077582827794e-05
113.08913614201775,0.8594417226058249,0.1657229751023921,2.050781307642723e-05
113.11413926740843,0.8587335360495418,0.16571171840558874,2.0470612841776992e-05
113.1391423927991,0.85809071388444,0.16569794327630363,2.043347589342954e-05
113.16414551818977,0.8575262382821021,0.16568191125503767,2.0396401356338805e-05
113.18914864358045,0.857051441593247,0.1656639254152042,2.0359388465860204e-05
113.21415176897112,0.8566760063477309,0.16564433036312898,2.032243656775075e-05
113.2391548943618,0.8564079652545454,0.1656235122380501,2.028554511816888e-05
113.26415801975247,0.856253701201819,0.16560189871211814,2.0248713683674617e-05
113.28916114514314,0.8562177146323461,0.1655799396891827,2.021194194764706e-05
113.31416427053382,0.8563005752396772,0.16555806293180433,2.0175229794551927e-05
113.33916739592449,0.8564997626859477,0.1655367320772912,2.0138577286200664e-05
113.36417052131516,0.8568107910223702,0.16551638123366114,2.010198459704998e-05
113.38917364670584,0.85722721633283,0.1654974097037006,2.0065452012718893e-05
113.41417677209651,0.8577406367338841,0.16548018198496436,2.0028979929988776e-05
113.4391798974872,0.8583406923747628,0.16546502776977565,1.999256885680323e-05
113.46418302287786,0.8590150654373679,0.16545224194522604,1.9956219412268244e-05
113.48918614826853,0.8597494801362745,0.16544208459317564,1.9919932326652052e-05
113.51418927365921,0.8605278820875233,0.16543478065884828,1.9883708429547493e-05
113.53919239904988,0.8613356954427273,0.16543048455094522,1.984754845033803e-05
113.56419552444056,0.8621558496945096,0.16542924331917472,1.9811453312306004e-05
113.58919864983123,0.8629710013853672,0.1654310497327702,1.9775423966702013e-05
113.6142017752219,0.8637649912722466,0.16543584912243406,1.973946129248246e-05
113.63920490061258,0.8645228443265427,0.16544353938033762,1.9703566096309614e-05
113.66420802600325,0.8652307697340976,0.16545397096012132,1.9667739112551673e-05
113.68921115139392,0.8658761608952031,0.1654669468768944,1.9631981003282635e-05
113.7142142767846,0.8664475954245996,0.16548222270723525,1.9596292358282366e-05
113.73921740217527,0.8669348351514745,0.16549950658919116,1.956067369503666e-05
113.76422052756595,0.867328826119465,0.1655184592222784,1.952512545873709e-05
113.78922365295662,0.8676216996386139,0.16553869393523044,1.948964802224431e-05
113.81422677834729,0.8678080693642655,0.16555983320526924,1.9454241622231504e-05
113.83922990373797,0.8678854881095754,0.16558147412735907,1.9418906286228948e-05
113.86423302912864,0.8678528971312937,0.1656031817526243,1.9383641928084982e-05
113.88923615451931,0.8677110289683929,0.16562454054147016,1.9348448348221852e-05
113.91423927990999,0.8674624074420679,0.1656451543635828,1.9313325233635795e-05
113.93924240530066,0.8671113476557363,0.16566464649792914,1.9278272157897094e-05
113.96424553069134,0.8666639559950373,0.16568265963275716,1.9243288581149928e-05
113.98924865608201,0.8661281301278339,0.16569885586559552,1.920837385011254e-05
114.01425178147268,0.86551355900421,0.16571291670325394,1.9173527198077095e-05
114.03925490686336,0.8648317228564726,0.16572454306182288,1.9138747744909745e-05
114.06425803225403,0.864094726915134,0.16573347508886668,1.910403457376398e-05
114.08926115764471,0.8633155681132432,0.16573955103822327,1.906938674712684e-05
114.11426428303538,0.8625107106790136,0.1657426557042394,1.903480314059034e-05
114.13926740842605,0.8616963106350489,0.16574272794790443,1.9000282665255214e-05
114.16427053381673,0.8608880917703678,0.1657397617243958,1.8965824275367128e-05
114.1892736592074,0.8601013456404057,0.16573380608307894,1.8931426968316706e-05
114.21427678459807,0.8593509315670116,0.1657249651675074,1.8897089784639442e-05
114.23927990998875,0.8586512766384498,0.1657133982154227,1.8862811808015742e-05
114.26428303537942,0.8580163757094008,0.16569931955875444,1.882859216527098e-05
114.2892861607701,0.857459791400959,0.16568299862362026,1.8794430026375372e-05
114.31428928616077,0.8569946541006351,0.16566475993032592,1.876032460444413e-05
114.33929241155144,0.8566322045027686,0.1656449534052278,1.872627522958015e-05
114.36429553694212,0.8563790041979058,0.16562397153404484,1.8692281478265643e-05
114.38929866233279,0.8562402562616507,0.1656022801326725,1.865834299749368e-05
114.41430178772347,0.8562188508529222,0.1655803303882418,1.862445955740168e-05
114.43930491311414,0.8563153223039395,0.1655585572294487,1.8590631053515897e-05
114.46430803850481,0.8565278491202221,0.16553737932655413,1.8556857506751244e-05
114.4893111638955,0.85685225398059,0.16551719909138385,1.8523139063411396e-05
114.51431428928616,0.8572820037371628,0.16549840267732865,1.8489475995188816e-05
114.53931741467683,0.8578082094153611,0.16548135997934418,1.8455868699164657e-05
114.56432054006751,0.8584196262139058,0.16546642463395106,1.842231769780881e-05
114.58932366545818,0.8591026535048168,0.16545393401923483,1.838882363897996e-05
114.61432679084886,0.8598435179364236,0.16544415463279386,1.8355387158276737e-05
114.63932991623953,0.8606271391361453,0.16543723849298086,1.8322008962730672e-05
114.6643330416302,0.8614363767860376,0.16543330231127265,1.8288689895816126e-05
114.68933616702088,0.8622547308608941,0.1654324076860169,1.8255430768901724e-05
114.71433929241155,0.8630663427025813,0.1654345610854973,1.8222232361182435e-05
114.73934241780222,0.8638559950200411,0.16543971384793343,1.8189095419679456e-05
114.7643455431929,0.8646091118892894,0.16544776218148097,1.8156020659240283e-05
114.78934866858357,0.8653117587534153,0.16545854716423145,1.8123008762538745e-05
114.81435179397425,0.8659506424225831,0.16547185474421247,1.8090060380074897e-05
114.83935491936492,0.8665131110740303,0.16548741573938763,1.805717613017515e-05
114.86435804475559,0.8669886664837678,0.16550494044395836,1.802435652148367e-05
114.88936117014627,0.8673694880467677,0.16552408100518717,1.7991601909492068e-05
114.91436429553694,0.8676488403126339,0.16554444005658928,1.795891257212826e-05
114.93936742092762,0.8678218942224133,0.16556562126609337,1.7926288671224556e-05
114.96437054631829,0.8678857271115513,0.16558722933614797,1.7893730252517628e-05
114.98937367170896,0.8678393227098934,0.1656088700037216,1.7861237245648403e-05
115.01437679709964,0.867683571141684,0.16563015004030282,1.7828809464162114e-05
115.03937992249031,0.8674212689255671,0.16565067725190002,1.7796446605508343e-05
115.06438304788098,0.8670571189745861,0.16567006047904162,1.7764148251040934e-05
115.08938617327166,0.8665977305961833,0.16568790959677604,1.7731913866018023e-05
115.11438929866233,0.8660513551837291,0.16570384493930307,1.7699742816508368e-05
115.13939242405301,0.8654269104321853,0.16571757800495748,1.7667634439486805e-05
115.16439554944368,0.8647369073219672,0.16572884116761233,1.7635587868684053e-05
115.18939867483435,0.8639948037651718,0.16573741032935707,1.7603602198904865e-05
115.21440180022503,0.8632144841238082,0.1657431167525083,1.757167651857436e-05
115.2394049256157,0.8624102592097989,0.1657458470596098,1.753980990973806e-05
115.26440805100638,0.8615968662849768,0.16574554323343246,1.7508001448061773e-05
115.28941117639705,0.8607894690610884,0.16574220261697442,1.7476250202831737e-05
115.31441430178772,0.8600036576997915,0.16573587791346098,1.7444555236954495e-05
115.3394174271784,0.8592554488126551,0.16572667718634454,1.7412915606956937e-05
115.36442055256907,0.8585612854611626,0.1657147638593048,1.7381330362986376e-05
115.38942367795974,0.8579357184366985,0.16570034899158603,1.7349798669222106e-05
115.41442680335042,0.8573910961758355,0.16568373274739062,1.7318319831077586e-05
115.43942992874109,0.8569394830265019,0.16566526982319912,1.7286893176819608e-05
115.46443305413177,0.8565905820987411,0.1656453314400279,1.7255518154403356e-05
115.48943617952244,0.8563517332617383,0.16562430532395267,1.722419433157235e-05
115.51443930491311,0.8562279131438201,0.1656025957061085,1.7192921395858307e-05
115.5394424303038,0.856221735132454,0.16558062332268988,1.7161699154581215e-05
115.56444555569446,0.856333449374249,0.16555882541495073,1.7130527534849375e-05
115.58944868108513,0.8565609427749552,0.16553765572920429,1.7099406583559284e-05
115.61445180647581,0.8568999349694497,0.16551757181987575,1.706833645399519e-05
115.63945493186648,0.8573436689152418,0.16549895971531267,1.703731739410602e-05
115.66445805725716,0.8578814389821918,0.16548219642847853,1.7006349845199484e-05
115.68946118264783,0.8585013456162002,0.16546761460211654,1.6975434310842653e-05
115.7144643080385,0.8591905771592886,0.16545549393637557,1.6944571341260838e-05
115.73946743342918,0.8599354098495994,0.16544606118881017,1.691376153333766e-05
115.76447055881985,0.860721207821394,0.16543949017438045,1.6883005530615104e-05
115.78947368421053,0.8615324231050562,0.1654359017654522,1.6852304023293385e-05
115.8144768096012,0.862352595627088,0.16543536389179675,1.6821657748231102e-05
115.83947993499187,0.8631643663370087,0.16543789161735314,1.6791067488263105e-05
115.86448306038255,0.8639521052997469,0.1654434449499254,1.6760533944991867e-05
115.88948618577322,0.8647009880825693,0.16545188294680369,1.6730057808097574e-05
115.91448931116389,0.8653963299141196,0.16546300971710334,1.6699639763100214e-05
115.93949243655457,0.8660251214617111,0.16547659638220985,1.6669280404632066e-05
115.96449556194524,0.8665760288313258,0.16549238107577885,1.663898023643773e-05
115.98949868733592,0.8670393935676175,0.16551006894373604,1.6608739671374017e-05
116.01450181272659,0.8674072326539081,0.16552933214427737,1.6578559031410078e-05
116.03950493811726,0.8676732385121908,0.16554980984786885,1.654843854762729e-05
116.06450806350794,0.8678327790031282,0.16557110823724663,1.6518378360219308e-05
116.08951118889861,0.8678828974260526,0.16559280050741698,1.6488378518492112e-05
116.1145143142893,0.8678223988937902,0.16561446589079115,1.6458438979843924e-05
116.13951743967996,0.8676527058689966,0.16563571001617364,1.64285595393972e-05
116.16452056507063,0.867377342143325,0.16565610664398842,1.6398739859678877e-05
116.18952369046131,0.8670013864419466,0.16567526263692497,1.6368979525919207e-05
116.21452681585198,0.8665314690300907,0.1656928191371477,1.633927804652316e-05
116.23952994124265,0.8659757717130433,0.1657084515662958,1.6309634853070337e-05
116.26453306663333,0.8653440278361475,0.16572186962548335,1.628004930031501e-05
116.289536192024,0.8646475222848051,0.16573281729529932,1.625052066618619e-05
116.31453931741468,0.8638990914844736,0.16574107283580747,1.6221048151787478e-05
116.33954244280535,0.8631131234006695,0.16574644878654646,1.6191630881397238e-05
116.36454556819602,0.8623046500645309,0.16574880206595918,1.6162267952216793e-05
116.3895486935867,0.8614882986009913,0.16574809106486424,1.6132958520440626e-05
116.41455181897737,0.8606813684157969,0.16574433882093006,1.6103701634087844e-05
116.43955494436804,0.8599003603786389,0.16573761857276997,1.6074496391980877e-05
116.46455806975872,0.8591607431041005,0.1657280545421005,1.6045341955460726e-05
116.48956119514939,0.8584769529516587,0.16571582193374143,1.601623754838702e-05
116.51456432054007,0.8578623940256813,0.16570114693561588,1.598718245713789e-05
116.53956744593074,0.85732943817543,0.16568430671875017,1.595817603061011e-05
116.56457057132141,0.8568894249950574,0.16566562943727392,1.5929217680218966e-05
116.5895736967121,0.8565526618236093,0.16564549422841995,1.590030687989833e-05
116.61457682210276,0.8563276587870189,0.16562430535354314,1.5871443194074706e-05
116.63957994749344,0.8562185690403523,0.165602478795353,1.5842626371786156e-05
116.66458307288411,0.8562273176282418,0.16558048600962424,1.581385626448039e-05
116.68958619827478,0.8563536082363885,0.1655587776751429,1.5785132822911604e-05
116.71458932366546,0.8565948880813262,0.16553778110113537,1.5756456098385537e-05
116.73959244905613,0.8569463479104198,0.16551790022726842,1.5727826242759507e-05
116.7645955744468,0.8574009220018662,0.16549951562364917,1.5699243508442323e-05
116.78959869983748,0.8579492881646944,0.1654829844908251,1.567070824839432e-05
116.81460182522815,0.8585798677387643,0.16546864065978406,1.5642220916127423e-05
116.83960495061883,0.8592788255947686,0.16545679459195423,1.561378206570503e-05
116.8646080760095,0.8600317699224892,0.16544770647595383,1.5585392266808897e-05
116.88961120140017,0.8608237897337206,0.16544152447233176,1.555705211766056e-05
116.91461432679085,0.8616374405753252,0.16543834569592344,1.5528762352935223e-05
116.93961745218152,0.8624560261606647,0.16543821406781276,1.5500523674370998e-05
116.9646205775722,0.8632636439133269,0.16544111996240898,1.547233674843768e-05
116.98962370296287,0.8640451849671219,0.1654470002074469,1.544420220633688e-05
117.01462682835354,0.8647863341660852,0.16545573808398673,1.541612064400188e-05
117.03962995374422,0.8654735700644762,0.16546716332641404,1.5388092622097714e-05
117.0646330791349,0.8660941649267777,0.16548105212243994,1.5360118666021215e-05
117.08963620452556,0.8666361847276974,0.16549712711310088,1.5332199265900894e-05
117.11463932991624,0.8670888003333371,0.16551506730898508,1.5304334863985002e-05
117.13964245530691,0.8674445927433976,0.16553454557342612,1.5276525748677057e-05
117.1646455806976,0.8676975626976177,0.16555515762820197,1.524877211907715e-05
117.18964870608826,0.867843378133412,0.16557649338468888,1.5221074085133656e-05
117.21465183147893,0.867879598311702,0.16559814865898972,1.5193431659605734e-05
117.23965495686961,0.8678056738169159,0.16561972517193385,1.5165844758063356e-05
117.26465808226028,0.8676229465569879,0.16564083054907722,1.5138313198887364e-05
117.28966120765095,0.8673346497633588,0.16566107832070234,1.5110836703269377e-05
117.31466433304163,0.8669459079909758,0.16568008792181826,1.5083414895211834e-05
117.3396674584323,0.8664637371182932,0.16569748469216064,1.5056047301528042e-05
117.36467058382298,0.8658970411393098,0.16571289995162383,1.5028733352009521e-05
117.38967370921365,0.8652551488833716,0.16572602653613597,1.5001472459833401e-05
117.41467683460432,0.8645501578553922,0.16573662384524157,1.4974263915007301e-05
117.439679959995,0.8637962941753593,0.16574447949284243,1.4947106914773919e-05
117.46468308538567,0.863008007398217,0.16574943723341118,1.4920000660794996e-05
117.48968621077636,0.8621999705138637,0.16575139696199137,1.4892944359151204e-05
117.51468933616702,0.8613870799471546,0.16575031471419746,1.4865937220342273e-05
117.53969246155769,0.8605844555578995,0.16574620266621484,1.483897845928688e-05
117.56469558694837,0.8598074406408636,0.1657391291347998,1.4812067295322697e-05
117.58969871233904,0.8590716019257689,0.16572921857727957,1.4785202952206439e-05
117.61470183772971,0.8583927295772918,0.16571665159155224,1.4758384658113768e-05
117.6397049631204,0.8577863311773024,0.16570166048099405,1.4731611667014783e-05
117.66470808851106,0.8572640590749203,0.16568452881442206,1.470488341448427e-05
117.68971121390175,0.8568371721284824,0.16566562938784385,1.4678199367701751e-05
117.71471433929241,0.856515011323701,0.16564535359867696,1.4651559076223973e-05
117.73971746468308,0.8563044763084924,0.16562410241660852,1.4624962193169762e-05
117.76472059007376,0.8562100253929785,0.1656022863835953,1.4598408475220062e-05
117.78972371546443,0.8562336755494866,0.1655803256138638,1.4571897782617976e-05
117.81472684085512,0.8563750024125492,0.16555864979391002,1.4545430079168673e-05
117.83972996624578,0.8566311402789035,0.16553769818249975,1.4519005432239498e-05
117.86473309163645,0.8569967821074927,0.16551791961066836,1.4492624012759868e-05
117.88973621702714,0.85746492095809,0.16549972769001298,1.4466286052553655e-05
117.9147393424178,0.8580252498011014,0.16548346746715425,1.4439991904207764e-05
117.93974246780847,0.8586647643255606,0.16546946435294482,1.4413742040626706e-05
117.96474559319915,0.859369852558891,0.16545798851765428,1.438753696235921e-05
117.98974871858982,0.8601262999927024,0.16544925473533553,1.4361377197347543e-05
118.0147518439805,0.8609192895827943,0.16544342238382465,1.4335263300927393e-05
118.03975496937117,0.861733401749152,0.16544059544474093,1.4309195855828e-05
118.06475809476184,0.8625526143759504,0.16544082250348696,1.4283175472172044e-05
118.08976122015252,0.8633603028115518,0.1654440967492485,1.4257202787475694e-05
118.1147643455432,0.8641395478440059,0.16545035797519894,1.4231278453550644e-05
118.13976747093386,0.8648762726251791,0.16545948594526116,1.4205403013306362e-05
118.16477059632454,0.8655564272764587,0.1654712643683455,1.4179577025065632e-05
118.18977372171521,0.866167121014898,0.16548544036993038,1.4153800992524644e-05
118.2147768471059,0.866697232968239,0.16550173384316763,1.4128075336605e-05
118.23977997249656,0.8671374121749093,0.16551983744888263,1.410240039545384e-05
118.26478309788723,0.8674800775840246,0.16553941661557411,1.4076776424443732e-05
118.28978622327791,0.8677194180553875,0.16556010953941436,1.405120359617272e-05
118.31478934866858,0.8678513923594872,0.165581527184249,1.4025682000464368e-05
118.33979247405927,0.8678737291775004,0.16560325328159722,1.4000211644367659e-05
118.36479559944993,0.8677859199330251,0.16562484558941346,1.3974792452687043e-05
118.3897987248406,0.8675891956050413,0.16564590696800005,1.3949424271334368e-05
118.41480185023129,0.8672875702184585,0.16566603496116614,1.3924106793348066e-05
118.43980497562195,0.866886881922244,0.16568483026947955,1.3898839625756977e-05
118.46480810101262,0.8663943842198638,0.1657019330900975,1.3873622318920983e-05
118.4898112264033,0.8658187459692825,0.16571702311676673,1.384845436653106e-05
118.51481435179397,0.8651700513829649,0.16572981953982333,1.3823335205609312e-05
118.53981747718466,0.8644598000278727,0.1657400810461928,1.3798264216508878e-05
118.56482060257532,0.8637009068254684,0.16574760581939024,1.3773240722914047e-05
118.58982372796599,0.8629077020517124,0.16575223153952004,1.3748263991840149e-05
118.61482685335667,0.8620959313370634,0.16575383538327607,1.3723333233633606e-05
118.63982997874734,0.8612808386781445,0.1657523549917502,1.3698447692394556e-05
118.66483310413803,0.8604782350958868,0.16574783160972584,1.367360662637952e-05
118.6898362295287,0.859705204257447,0.1657403618606507,1.364880925408764e-05
118.71483935491936,0.8589775338074142,0.165730090007377,1.362405485605776e-05
118.73984248031005,0.8583097131526071,0.16571720795972636,1.3599342774963849e-05
118.76484560570071,0.8577149334620755,0.16570195527448975,1.3574672415615053e-05
118.78984873109138,0.8572050876670975,0.1656846191554276,1.3550043244955596e-05
118.81485185648206,0.856790770461181,0.16566553445326962,1.3525454792064834e-05
118.83985498187273,0.8564812783000646,0.1656450836657151,1.350090664815729e-05
118.86485810726342,0.8562845352611768,0.1656236923117109,1.3476398468545272e-05
118.88986123265408,0.8562050451900654,0.1656017717181329,1.3451930031651395e-05
118.91486435804475,0.8562437868474602,0.1655797850743358,1.3427501245844919e-05
118.93986748343544,0.8563996349906015,0.16555819032554658,1.3403112100903848e-05
118.9648706088261,0.856669307049237,0.16553741746778725,1.3378762668033512e-05
118.98987373421677,0.8570473631256221,0.16551786854787454,1.3354453099866486e-05
119.01487685960745,0.8575262059945201,0.16549991766342004,1.3330183630462625e-05
119.03987998499812,0.858096081103201,0.16548391096283024,1.3305954575309116e-05
119.0648831103888,0.8587450765714436,0.16547016664530648,1.328176633132037e-05
119.08988623577947,0.8594591231915328,0.1654589749608449,1.325761937683814e-05
119.11488936117014,0.8602230803821508,0.16545058683316038,1.3233514225664476e-05
119.13989248656083,0.8610223787826762,0.1654451468025371,1.3209451370651674e-05
119.1648956119515,0.8618394284233474,0.16544273104975935,1.318543144484952e-05
119.18989873734218,0.8626573212888548,0.1654433648680511,1.3161455056056269e-05
119.21490186273284,0.8634600907304614,0.1654470218727849,1.313752277546522e-05
119.23990498812351,0.8642327114660063,0.16545362400148156,1.311363513766463e-05
119.2649081135142,0.8649610995799036,0.16546304151381047,1.3089792640637743e-05
119.28991123890486,0.8656321125231407,0.16547509299158938,1.3065995745762843e-05
119.31491436429553,0.8662335491132807,0.16548954533878446,1.3042244877813165e-05
119.33991748968621,0.8667541495344615,0.16550611378151034,1.3018540424956935e-05
119.36492061507688,0.8671835960450285,0.16552446190056128,1.299488273873611e-05
119.38992374046757,0.8675139892132824,0.16554424710861507,1.2971272082175265e-05
119.41492686585823,0.8677402680972347,0.16556508420642627,1.2947708590776612e-05
119.4399299912489,0.8678586339130615,0.16558654912552082,1.2924192332109872e-05
119.46493311663959,0.8678671546360164,0.1656082283882226,1.2900723293010968e-05
119.48993624203025,0.8677657650004317,0.16562971910765334,1.2877301379582066e-05
119.51493936742094,0.8675562664997176,0.1656506289877328,1.2853926417191486e-05
119.5399424928116,0.8672423273863634,0.16567057632317864,1.28305981504738e-05
119.56494561820227,0.866829482671936,0.1656891899995065,1.2807316243329749e-05
119.58994874359296,0.8663251341270806,0.16570610949302989,1.2784080278926275e-05
119.61495186898362,0.8657385502815212,0.16572098487086032,1.2760889759696564e-05
119.63995499437429,0.8650801628804755,0.16573349467566692,1.2737744138826048e-05
119.66495811976498,0.8643611815958899,0.16574341293767936,1.2714642851459785e-05
119.68996124515564,0.8635964349394808,0.16575054442733292,1.2691585195364361e-05
119.71496437054633,0.8628010003384521,0.16575474675104965,1.266857047032017e-05
119.739967495937,0.8619899675216381,0.1657559338850624,1.2645597988205557e-05
119.76497062132766,0.8611784385195008,0.16575407617541488,1.2622667072996722e-05
119.78997374671835,0.8603815276641308,0.1657492003379616,1.2599777060767761e-05
119.81497687210901,0.8596143615892485,0.16574138945836792,1.257692729969071e-05
119.83997999749968,0.8588920792302022,0.16573078299210997,1.2554117150035453e-05
119.86498312289037,0.8582298318239686,0.16571757676447482,1.2531345984169776e-05
119.88998624828103,0.8576427829091546,0.1657020229705603,1.2508613186559401e-05
119.91498937367172,0.8571437154359928,0.1656844098814765,1.2485918237718112e-05
119.93999249906238,0.8567423057424819,0.16566510190720118,1.2463260741003986e-05
119.96499562445305,0.8564474402738256,0.1656445132467287,1.2440640332427345e-05
119.98999874984374,0.8562655272495594,0.16562306049765488,1.2418056736265187e-05
120.0150018752344,0.8562004958601352,0.1656011626433937,1.2395509765088866e-05
120.04000500062509,0.8562537962669216,0.16557924105317706,1.2372999319764015e-05
120.06500812601575,0.8564243996022026,0.16555771948205505,1.2350525389450653e-05
120.09001125140642,0.8567087979691796,0.16553702407089566,1.2328088051603082e-05
120.1150143767971,0.8571010044419702,0.16551758334638497,1.2305687471969934e-05
120.14001750218777,0.8575927000258106,0.165499823807249,1.228332389837903e-05
120.16502062757844,0.8581744081143303,0.1654840911934576,1.2260997603153493e-05
120.19002375296913,0.8588326856260908,0.16547068776248797,1.2238709000393132e-05
120.2150268783598,0.8595529637094002,0.16545987274362392,1.2216458549465464e-05
120.24003000375048,0.860320391358994,0.16545184846811165,1.2194246722008658e-05
120.26503312914114,0.8611198354160323,0.1654467603691597,1.2172074001931632e-05
120.29003625453181,0.8619358805681026,0.16544469698193903,1.2149940885413965e-05
120.3150393799225,0.8627528293492182,0.16544568994358294,1.2127847880905943e-05
120.34004250531316,0.8635547021398171,0.16544971399318706,1.2105795509128589e-05
120.36504563070385,0.8643252371667656,0.16545668697180946,1.2083784303073573e-05
120.39004875609452,0.8650487636325734,0.1654664768698151,1.2061814777361655e-05
120.41505188148518,0.8657126913213361,0.16547888688184273,1.2039887348240602e-05
120.44005500687587,0.8663044531649382,0.16549363828635702,1.201800243464535e-05
120.46505813226653,0.8668131541995459,0.16551042865373797,1.199616038779763e-05
120.4900612576572,0.8672297412013281,0.1655289347246511,1.1974361484865678e-05
120.51506438304789,0.8675470026864558,0.16554881241004762,1.195260592896426e-05
120.54006750843855,0.8677595689111008,0.16556969679116434,1.193089384915472e-05
120.56507063382924,0.867863911871438,0.16559120211952363,1.1909225300444886e-05
120.5900737592199,0.8678583453036431,0.1656129218169335,1.1887600263789173e-05
120.61507688461057,0.8677430246838946,0.16563442847548754,1.1866018646088493e-05
120.64008001000126,0.8675198692349669,0.1656552824849091,1.184448028413975e-05
120.66508313539192,0.8671924717070824,0.16567511019390288,1.1822984946861052e-05
120.69008626078259,0.8667673648143555,0.1656935218989008,1.180153227120232e-05
120.71508938617328,0.8662525903259194,0.16571015501021866,1.1780121840624662e-05
120.74009251156394,0.865657431132719,0.16572469143758833,1.175875319921381e-05
120.76509563695463,0.8649924112475085,0.1657368575901578,1.1737425851680033e-05
120.7900987623453,0.8642692958048542,0.16574642437649115,1.1716139263358235e-05
120.81510188773596,0.8635010910611323,0.16575320720456863,1.1694892860207864e-05
120.84010501312665,0.8627020443945294,0.1657570659817865,1.1673686028812959e-05
120.86510813851731,0.8618876443050439,0.16575790511495717,1.165251811638218e-05
120.890111263908,0.8610745500160103,0.1657556736948288,1.163138843332932e-05
120.91511438929867,0.8602778968593568,0.16575039301450406,1.1610296361527862e-05
120.94011751468933,0.8595139977102608,0.16574218298160434,1.1589241271055996e-05
120.96512064008002,0.8587991031705627,0.16573121269846675,1.1568222541589735e-05
120.99012376547068,0.8581478823634642,0.16571769417605392,1.1547239613370386e-05
121.01512689086135,0.857573422933526,0.16570188233395428,1.1526291987204485e-05
121.04013001625204,0.8570872310466692,0.16568407500038182,1.1505379224463825e-05
121.0651331416427,0.8566992313901753,0.16566461291217616,1.14845009470855e-05
121.09013626703339,0.8564177671726857,0.16564387971480266,1.1463656837571816e-05
121.11513939242406,0.8562496001242017,0.16562230196235228,1.1442846638990384e-05
121.14014251781472,0.85619952649939,0.16560032364857993,1.1422070162080075e-05
121.1651456432054,0.8562682264984958,0.16557837521878144,1.1401327337510455e-05
121.19014876859607,0.8564535652164178,0.16555692205852582,1.1380618188383602e-05
121.21515189398676,0.8567514070321798,0.16553639890779276,1.1359942802272187e-05
121.24015501937743,0.8571556115186997,0.1655172071114468,1.1339301331025086e-05
121.2651581447681,0.8576580334427908,0.16549971461923732,1.1318693990767303e-05
121.29016127015878,0.8582485227651616,0.16548425598579858,1.1298121061900003e-05
121.31516439554944,0.8589149246404142,0.16547113237064975,1.127758288910055e-05
121.34016752094011,0.8596430794170464,0.1654606115381948,1.1257079881322432e-05
121.3651706463308,0.8604170801065835,0.16545292697471628,1.1236612502285294e-05
121.39017377172146,0.8612224632515193,0.16544823520076302,1.1216181161481472e-05
121.41517689711215,0.86204203456767,0.16544659096875408,1.1195786384533472e-05
121.44018002250282,0.8628585039195779,0.16544799655410447,1.1175428705560542e-05
121.46518314789348,0.8636557134573503,0.1654524057329035,1.1155108619975762e-05
121.49018627328417,0.8644186376166587,0.16545972378191487,1.1134826584486083e-05
121.51518939867483,0.8651333831187374,0.1654698074785766,1.1114583017092361e-05
121.5401925240655,0.8657871889703858,0.165482465101001,1.1094378297089286e-05
121.56519564945619,0.8663684264639673,0.16549745642797487,1.1074212765065417e-05
121.59019877484685,0.8668665991774082,0.1655144927389592,1.105408672290322e-05
121.61520190023754,0.8672723429742,0.16553323681408946,1.103400043377898e-05
121.6402050256282,0.8675774755069021,0.16555330559677867,1.1013954121013328e-05
121.66520815101887,0.8677767956778897,0.16557433482078227,1.0993947913831758e-05
121.69021127640956,0.8678674774875259,0.1655959082358741,1.0973981837459803e-05
121.71521440180022,0.8678481830568558,0.16561759558573907,1.0954055855023762e-05
121.74021752719091,0.8677193869279588,0.16563898399661167,1.0934169864329702e-05
121.76522065258158,0.8674833760639474,0.165659677977276,1.0914323697863548e-05
121.79022377797224,0.8671442498489687,0.1656792994190658,1.0894517122790999e-05
121.81522690336293,0.8667079200882023,0.16569748759586467,1.0874749840957566e-05
121.8402300287536,0.8661821110078632,0.16571389916410556,1.085502148888861e-05
121.86523315414426,0.8655763592551993,0.16572820816277126,1.0835331637789268e-05
121.89023627953495,0.8649020138984916,0.16574010601339417,1.0815679793544483e-05
121.91523940492561,0.8641705943341451,0.16574933612143394,1.0796065459033813e-05
121.9402425303163,0.8633956659399663,0.16575573266811372,1.0776488085288867e-05
121.96524565570697,0.8625934284588016,0.16575917062157036,1.0756947043665958e-05
121.99024878109763,0.8617797634084431,0.16575958050108358,1.0737441726352432e-05
122.01525190648832,0.8609702278829812,0.1657569484470812,1.0717971546586346e-05
122.04025503187898,0.8601800545528053,0.16575131622113914,1.0698535938656525e-05
122.06525815726967,0.8594241516646015,0.16574278120598143,1.0679134357902458e-05
122.09026128266034,0.858717103041355,0.1657314964054802,1.0659766280714408e-05
122.115264408051,0.8580731680823482,0.1657176704446558,1.0640431204533324e-05
122.14026753344169,0.8575062817631613,0.16570156756967655,1.0621128647850875e-05
122.16527065883236,0.8570300449203191,0.16568350743921428,1.0601858150480678e-05
122.19027378422302,0.8566549048755843,0.16566382984231745,1.05826193524613e-05
122.2152769096137,0.8563879861564397,0.16564294647949318,1.0563411996726623e-05
122.24028003500437,0.856235074055118,0.1656213040946992,1.0544235869117014e-05
122.26528316039506,0.8561995035915078,0.16559934043044017,1.0525090828730716e-05
122.29028628578573,0.8562821595131546,0.1655774842277679,1.0505976807923925e-05
122.3152894111764,0.8564814762952611,0.1655561552262813,1.0486893812310719e-05
122.34029253656708,0.8567934381406866,0.16553576416412633,1.046784192076309e-05
122.36529566195775,0.8572115789799475,0.16551671277799598,1.0448821285410975e-05
122.39029878734841,0.8577269824712165,0.16549939380313042,1.042983213164219e-05
122.4153019127391,0.8583283462980509,0.1654841897349301,1.0410874755875095e-05
122.44030503812976,0.8590040288936909,0.16547140415903033,1.0391949452918858e-05
122.46530816352045,0.8597391332474529,0.16546126674604647,1.0373056619637266e-05
122.49031128891112,0.8605174896748695,0.16545396479556918,1.0354196698205452e-05
122.51531441430178,0.8613231470310053,0.16544962846659828,1.0335370126068615e-05
122.54031753969247,0.862140372710455,0.16544833077754287,1.0316577335942072e-05
122.56532066508314,0.8629536526473423,0.16545008760622135,1.0297818755811276e-05
122.59032379047382,0.8637476913153233,0.1654548576898613,1.0279094808931745e-05
122.61532691586449,0.8645074117275825,0.1654625426250996,1.0260405913829152e-05
122.64033004125515,0.8652179554368363,0.16547298686798237,1.0241752484299247e-05
122.66533316664584,0.8658648482318891,0.16548598133021925,1.0223134924444283e-05
122.6903362920365,0.8664367255598326,0.1655012912412637,1.0204553548563997e-05
122.71533941742717,0.8669234216374984,0.16551858437516043,1.0186008635333807e-05
122.74034254281786,0.8673161160428966,0.16553750009990112,1.0167500415027252e-05
122.76534566820852,0.8676078944608371,0.16555767011199318,1.0149029051916836e-05
122.79034879359921,0.8677937486829307,0.16557871843645974,1.0130594644273949e-05
122.81535191898988,0.8678705766075877,0.16560026142683967,1.0112197224368954e-05
122.84035504438054,0.8678371822400189,0.16562190776518756,1.0093836758471121e-05
122.86535816977123,0.867694275692235,0.16564325846207373,1.0075513146848643e-05
122.8903612951619,0.8674444731830471,0.16566390685658416,1.005722622376868e-05
122.91536442055258,0.8670922970380656,0.16568343861632068,1.0038975757497284e-05
122.94036754594325,0.8666440113570455,0.1657014403945563,1.0020761456615112e-05
122.96537067133391,0.866106862193575,0.16571758974125692,1.0002583001175094e-05
122.9903737967246,0.8654914718102,0.1657315728030739,9.984439955703841e-06
123.01537692211527,0.8648096958865638,0.16574311161777622,9.96633185158213e-06
123.04038004750593,0.8640741207488878,0.16575198123806897,9.94825820620952e-06
123.06538317289662,0.8632980633699732,0.16575800973159355,9.930218523004367e-06
123.09038629828729,0.8624955713692015,0.16576107818092756,9.912212291403867e-06
123.11538942367797,0.8616814230125323,0.1657611206835848,9.894238986863979e-06
123.14039254906864,0.8608711272125059,0.16575812435201537,9.876298070859507e-06
123.1653956744593,0.8600809235282412,0.16575212931360553,9.858388990884028e-06
123.19039879984999,0.859327777620674,0.16574322868773492,9.840511180582398e-06
123.21540192524066,0.8586267677001234,0.16573157125913573,9.822664140402675e-06
123.24040505063132,0.857992025962167,0.16571740429684165,9.804847419779356e-06
123.265408176022,0.8574374566363427,0.16570102581296062,9.787060579892529e-06
123.29041130141268,0.8569748015368449,0.16568276072659957,9.769303245843742e-06
123.31541442680336,0.8566136400625218,0.16566296086386434,9.751575106655932e-06
123.34041755219403,0.8563613891968782,0.16564200495785975,9.733875915273508e-06
123.3654206775847,0.8562233035080735,0.1656202986486895,9.716205488562272e-06
123.39042380297538,0.856202475148923,0.16559827448345626,9.69856370730946e-06
123.41542692836605,0.8562998338568971,0.16557639191626172,9.680950516223765e-06
123.44043005375673,0.8565142208739215,0.16555511264067385,9.663365917537248e-06
123.4654331791474,0.8568409512041925,0.16553484798419993,9.645809995769063e-06
123.49043630453806,0.8572719902006329,0.16551601764199617,9.628282928938209e-06
123.51543942992875,0.857797873983779,0.16549899728835193,9.610784935244884e-06
123.54044255531942,0.858407764420275,0.1654841153591664,9.593316271191234e-06
123.56544568071008,0.8590894491228752,0.16547165305194858,9.575877231581294e-06
123.59044880610077,0.8598293414504432,0.1654618443258172,9.558468149521016e-06
123.61545193149144,0.8606124805079505,0.16545487590150088,9.541089396418305e-06
123.64045505688212,0.8614225311464794,0.16545088726133791,9.52374138198294e-06
123.66545818227279,0.862242122058926,0.16544997042053317,9.50642454439167e-06
123.69046130766345,0.8630559842761731,0.16545214004518058,9.48913926783574e-06
123.71546443305414,0.8638476737666781,0.16545731492769164,9.47188598601552e-06
123.7404675584448,0.8646014783478907,0.16546536787293614,9.454665111950324e-06
123.76547068383549,0.8653031607454669,0.1654761306021619,9.437477014738385e-06
123.79047380922616,0.8659399585932659,0.1654893937529948,9.420322019556915e-06
123.81547693461683,0.8665005844333525,0.16550490687943867,9.403200407662053e-06
123.84048006000751,0.8669752257159963,0.16552237845187542,9.386112416388877e-06
123.86548318539818,0.86735554479967,0.16554147585706494,9.369058239151453e-06
123.89048631078884,0.8676346789510526,0.16556182539814512,9.352038025442757e-06
123.91548943617953,0.8678072519051722,0.1655830141867378,9.335051880706873e-06
123.9404925615702,0.8678701778174344,0.16560465568029556,9.318099843703603e-06
123.96549568696088,0.8678229196047378,0.16562632766950092,9.301181857986664e-06
123.99049881235155,0.8676666408138677,0.16564759971826126,9.284297810511001e-06
124.01550193774221,0.8674042196900512,0.16566806684332572,9.267447537474422e-06
124.0405050631329,0.867040249176957,0.16568734951428507,9.250630824317615e-06
124.06550818852357,0.8665810369166961,0.16570509365357175,9.233847405724184e-06
124.09051131391423,0.8660346052498211,0.16572097063645996,9.21709696562058e-06
124.11551443930492,0.8654106912153262,0.16573467729106556,9.200379137176144e-06
124.14051756469559,0.8647207465506485,0.16574593589834608,9.183693502803129e-06
124.16552069008627,0.8639779374877012,0.165754494193129,9.167039594162593e-06
124.19052381547694,0.863194935462354,0.1657601546829852,9.150416961918664e-06
124.2155269408676,0.8623867526477618,0.1657628185509063,9.133825110412505e-06
124.24053006625829,0.8615706439465642,0.1657624408191135,9.117263489569875e-06
124.26553319164896,0.8607630991481866,0.1657590291788382,9.100731578488896e-06
124.29053631703964,0.8599798429288357,0.16575264399032189,9.084228885440003e-06
124.3155394424303,0.8592358348515033,0.16574339828281626,9.067754947866015e-06
124.34054256782098,0.858545269365964,0.16573145775458314,9.051309332382068e-06
124.36554569321166,0.8579215758087759,0.16571704077289454,9.034891634775643e-06
124.39054881860233,0.8573774184032816,0.16570041837403257,9.018501480006595e-06
124.415551943993,0.8569246962596064,0.1656819142632896,9.002138522207093e-06
124.44055506938368,0.8565745433746593,0.16566190481496806,8.98580244468166e-06
124.46555819477435,0.8563360175154533,0.1656407875810558,8.969492987706542e-06
124.49056132016503,0.8562130067047536,0.16561897807107157,8.953210013606083e-06
124.5155644455557,0.85620765069589,0.16559695163055513,8.936953431827162e-06
124.54056757094637,0.8563198999270829,0.16557516145708473,8.920723207434752e-06
124.56557069633705,0.856547474159554,0.16555403671402502,8.904519361983395e-06
124.59057382172772,0.8568858624775251,0.1655339825305271,8.88834197351722e-06
124.6155769471184,0.8573283232882191,0.1655153800015283,8.872191176569883e-06
124.64058007250907,0.8578658843218586,0.16549858618775254,8.85606716216464e-06
124.66558319789974,0.858487342631668,0.16548393411570994,8.839970177814286e-06
124.69058632329042,0.8591792645938722,0.16547173277769714,8.823900527521171e-06
124.71558944868109,0.859926345215575,0.16546226244283121,8.8078585613445e-06
124.74059257407175,0.8607145463283813,0.1654556971889834,8.791844588793362e-06
124.76559569946244,0.8615268683150648,0.16545213152728477,8.77585901125349e-06
124.7905988248531,0.8623462120538286,0.16545161258565885,8.759902236708539e-06
124.81560195024379,0.8631563644357282,0.1654541349120161,8.743974650588997e-06
124.84060507563446,0.8639419983646681,0.16545964047425407,8.72807661577226e-06
124.86560820102513,0.8646886727574046,0.16546801866025734,8.712208472582561e-06
124.89061132641581,0.8653828325435446,0.1654791062778975,8.69637053879101e-06
124.91561445180648,0.8660118086655446,0.1654926875550331,8.680563109615615e-06
124.94061757719714,0.8665638180787127,0.16550849413950983,8.664786457721216e-06
124.96562070258783,0.8670279651425545,0.16552620516070124,8.649040833189987e-06
124.9906238279785,0.867395728841054,0.16554549063656765,8.633326427826701e-06
125.01562695336918,0.8676613010052486,0.16556597149744243,8.617643353126589e-06
125.04063007875985,0.8678201464107229,0.16558722929853734,8.601991676389616e-06
125.06563320415052,0.8678696112701019,0.1656088536607488,8.586371410501738e-06
125.0906363295412,0.8678089232330509,0.16563044227065768,8.570782513934939e-06
125.11563945493187,0.8676391913862757,0.1656516008805294,8.555224890747248e-06
125.14064258032255,0.8673634062535219,0.16567194330831392,8.539698390582691e-06
125.16564570571322,0.8669864397955764,0.16569109143764568,8.524202808671344e-06
125.19064883110389,0.8665150454102655,0.16570867521784372,8.508737885829287e-06
125.21565195649457,0.8659578579324557,0.1657243326639116,8.493303308458622e-06
125.24065508188524,0.8653247669122345,0.16573772762153963,8.477898727357319e-06
125.2656582072759,0.8646264919492188,0.16574861856756273,8.462523778436115e-06
125.29066133266659,0.8638773461794046,0.16575679009901703,8.447178005230993e-06
125.31566445805726,0.863092021674791,0.16576207886870226,8.431860949102539e-06
125.34066758344794,0.8622853408024042,0.16576437784735965,8.4165721563838e-06
125.3656707088386,0.8614722562242999,0.16576363632367186,8.401311178380352e-06
125.39067383422928,0.8606678508975608,0.16575985990426295,8.386077571370242e-06
125.41567695961996,0.8598873380742977,0.16575311051369845,8.37087089660401e-06
125.44068008501063,0.859146061301651,0.16574350639448537,8.355690720304722e-06
125.46568321040131,0.8584594944217877,0.16573122210707206,8.340536613667899e-06
125.49068633579198,0.8578432405516159,0.1657164885159751,8.325408152885319e-06
125.51568946118265,0.8573103968977136,0.16569957502799995,8.310304981898214e-06
125.54069258657333,0.8568714869049532,0.16568083472915834,8.295226815928323e-06
125.565695711964,0.8565362354075167,0.1656606674244142,8.280173392084657e-06
125.59069883735467,0.8563119037737147,0.16563947931475173,8.265144506194694e-06
125.61570196274535,0.8562032899059876,0.16561768299717544,8.250140012804404e-06
125.64070508813602,0.8562127282409053,0.16559569746471017,8.235159825178267e-06
125.6657082135267,0.8563400897491669,0.16557394810640094,8.22020391529922e-06
125.69071133891737,0.8565827819356003,0.16555286670731317,8.205272313868722e-06
125.71571446430804,0.8569357488391637,0.16553289144853253,8.190365110306695e-06
125.74071758969872,0.8573916941979527,0.16551445859695643,8.175482446271647e-06
125.76572071508939,0.8579417214326579,0.16549792178290565,8.160624489226603e-06
125.79072384048006,0.8585729096084757,0.1654836051623347,8.145791502668614e-06
125.81572696587074,0.859271346449049,0.16547178734398937,8.130983776240731e-06
125.8407300912614,0.8600226588130622,0.16546269074145042,8.11620161185205e-06
125.86573321665209,0.8608120126942435,0.16545648157313342,8.10144532367765e-06
125.89073634204276,0.8616241132213618,0.16545326986228875,8.086715238158659e-06
125.91573946743343,0.8624432046582299,0.16545310943700176,8.0720116940022e-06
125.94074259282411,0.863253070403703,0.1654559979301926,8.057335042181411e-06
125.96574571821478,0.8640370329916773,0.16546187677961632,8.042685645935473e-06
125.99074884360546,0.8647794486980906,0.16547063861055258,8.028063845969254e-06
126.01575196899613,0.8654671949266086,0.16548209478473536,8.013469932808983e-06
126.0407550943868,0.8660870632777502,0.16549598643063393,7.998904200682788e-06
126.06575821977748,0.866627611104177,0.16551202971292905,7.984366896819987e-06
126.09076134516815,0.8670792006135092,0.1655299163301115,7.969858220479833e-06
126.11576447055882,0.867433998868327,0.1655493135144822,7.955378322951455e-06
126.1407675959495,0.8676859777861697,0.16556986403215224,7.940927307553891e-06
126.16577072134017,0.8678309141395356,0.16559118618304278,7.92650522963611e-06
126.19077384673085,0.8678663895558826,0.16561287380088519,7.912112096576951e-06
126.21577697212152,0.8677917905176274,0.16563449625322085,7.897747867785193e-06
126.24078009751219,0.8676082054203512,0.165655617709782,7.883412458490712e-06
126.26578322290287,0.8673187903173651,0.16567586195198555,7.869105725407138e-06
126.29078634829354,0.8669293801978334,0.1656948247634507,7.85482744476354e-06
126.31578947368422,0.8664472430447562,0.16571213558197895,7.8405773598494e-06
126.34079259907489,0.8658809899939383,0.16572746560927865,7.82635518439731e-06
126.36579572446556,0.8652405753339872,0.16574052781096507,7.812160602582905e-06
126.39079884985624,0.8645372965063138,0.16575107691656038,7.797993269024884e-06
126.41580197524691,0.8637837941051336,0.16575890941949362,7.783852808785046e-06
126.44080510063758,0.8629940518774645,0.16576386357710074,7.76973881736823e-06
126.46580822602826,0.8621833967231275,0.16576581941062457,7.755650860722347e-06
126.49081135141893,0.8613681709018387,0.1657647005289368,7.741588483475076e-06
126.51581447680961,0.8605631868592903,0.16576051723199975,7.727551281956302e-06
126.54081760220028,0.8597853559060378,0.16575336655348838,7.71353881985949e-06
126.56582072759095,0.859050982748766,0.1657433924637285,7.699550679554621e-06
126.59082385298163,0.8583749495356485,0.16573078467334212,7.685586480825937e-06
126.6158269783723,0.8577707158563475,0.16571577863324766,7.671645880871959e-06
126.64083010376297,0.8572503187420115,0.16569865553465962,7.657728574305453e-06
126.66583322915365,0.8568243726652776,0.1656797423090888,7.643834293153444e-06
126.69083635454432,0.8565020695402707,0.16565941162834233,7.629962806857242e-06
126.715839479935,0.8562911787226035,0.16563808190452342,7.616113922272387e-06
126.74084260532567,0.8561973736340045,0.1656161845454732,7.602287493527958e-06
126.76584573071634,0.856222075124248,0.16559415328362756,7.588483458582074e-06
126.79084885610702,0.8563642195000689,0.16557245626278014,7.5747018102830565e-06
126.81585198149769,0.8566206518206619,0.16555153232653436,7.5609425861366535e-06
126.84085510688837,0.8569861196066382,0.16553179005264745,7.547205868362694e-06
126.86585823227904,0.8574532728400238,0.16551360775303067,7.533491783895146e-06
126.8908613576697,0.8580126639642616,0.16549733347374893,7.519800504382064e-06
126.91586448306039,0.8586527478842103,0.16548328499502116,7.506132246185615e-06
126.94086760845106,0.8593598819661434,0.16547174983122015,7.492487270382098e-06
126.96587073384173,0.8601185608061984,0.1654629838534411,7.478865877048099e-06
126.99087385923241,0.860914514389882,0.16545716205798275,7.465268334691233e-06
127.01587698462308,0.8617306782791178,0.16545436365216762,7.451694987945566e-06
127.04088011001376,0.8625497633537624,0.16545461617422755,7.4381461900008284e-06
127.06588323540443,0.8633555012022169,0.1654578966818987,7.424622271290937e-06
127.0908863607951,0.8641326441214293,0.1654641317524213,7.411123539493942e-06
127.11588948618578,0.8648669651168932,0.1654731974825399,7.397650279532047e-06
127.14089261157645,0.8655452579026471,0.16548491948850333,7.384202753571634e-06
127.16589573696713,0.8661553369012771,0.16549907290606444,7.37078120102321e-06
127.1908988623578,0.8666860372439135,0.1655153823904805,7.357385838541469e-06
127.21590198774847,0.8671272147702334,0.1655335221165129,7.344016860025234e-06
127.24090511313915,0.8674700143033163,0.16555312682621617,7.330674431816024e-06
127.26590823852982,0.867709007495939,0.16557384208522619,7.3173586450919135e-06
127.29091136392049,0.8678404221308917,0.16559524469643677,7.304069538340282e-06
127.31591448931117,0.8678621444484408,0.16561691190648276,7.290807107652876e-06
127.34091761470184,0.8677739086679958,0.16563843426032857,7.277571304266413e-06
127.36592074009252,0.8675772969881096,0.16565941560126846,7.2643620345625235e-06
127.39092386548319,0.8672757395864785,0.16567947307092626,7.251179160067816e-06
127.41592699087386,0.8668745146199418,0.16569823710925558,7.238022497453821e-06
127.44093011626454,0.866380748224482,0.1657153514545397,7.224891818537018e-06
127.46593324165521,0.8658034145152252,0.1657304731433915,7.21178685027885e-06
127.49093636704588,0.8651532876096081,0.16574327332122965,7.198707275950747e-06
127.51593949243656,0.864441013264761,0.16575349530453803,7.1856527856923315e-06
127.54094261782723,0.863680548986195,0.1657609497648733,7.17262300284888e-06
127.56594574321791,0.8628874106885007,0.16576548817854075,7.159617521282956e-06
127.59094886860858,0.8620769968351918,0.16576701826623486,7.146635944502442e-06
127.61595199399925,0.8612645884387016,0.16576550399303921,7.1336778856604885e-06
127.64095511938993,0.8604653490603851,0.1657609655684265,7.120742967555535e-06
127.6659582447806,0.8596943248105197,0.16575347944625854,7.10783082263133e-06
127.69096137017128,0.8589664443483026,0.16574317832478616,7.0949410929768865e-06
127.71596449556195,0.8582965188818538,0.16573025114664947,7.08207343032653e-06
127.74096762095262,0.8576992421682134,0.16571494309887758,7.069227496059859e-06
127.7659707463433,0.8571888341531524,0.16569755057752142,7.056402968074441e-06
127.79097387173397,0.8567752752180997,0.1656784009510736,7.043599614015329e-06
127.81597699712464,0.8564672207555704,0.16565790944524297,7.030817232875437e-06
127.84098012251532,0.8562714146807582,0.16563650380034478,7.018055662587246e-06
127.86598324790599,0.8561921199208843,0.16561460974365688,7.0053147907393955e-06
127.89098637329667,0.8562311184151956,0.16559265098941967,6.992594554576625e-06
127.91598949868734,0.8563877111149661,0.1655710492388362,6.979894940999836e-06
127.940992624078,0.8566587179834965,0.165550224180072,6.967215986566043e-06
127.96599574946869,0.8570384779961139,0.1655305934882553,6.9545577774883915e-06
127.99099887485936,0.857518849140172,0.16551257282547677,6.941920449636183e-06
128.01600200025004,0.8580898683380661,0.1654965550374038,6.929304172667784e-06
128.0410051256407,0.8587400345208281,0.16548283468236508,6.916709138631122e-06
128.06600825103138,0.8594543414329626,0.16547167544077063,6.9041356153474426e-06
128.09101137642205,0.8602175044122523,0.16546328703458493,6.891583878034954e-06
128.11601450181274,0.8610141514811912,0.16545782187532723,6.879054204982676e-06
128.1410176272034,0.8618288233469814,0.16545537506407157,6.866546877550502e-06
128.16602075259408,0.862645973401538,0.1654559843914468,6.854062180169105e-06
128.19102387798475,0.8634499677214855,0.16545963033763653,6.841600400340003e-06
128.21602700337542,0.8642250850681594,0.1654662360723792,6.829161828635539e-06
128.24103012876608,0.8649555168876051,0.16547566745496808,6.816746758698885e-06
128.26603325415678,0.8656271746929969,0.16548775574714658,6.80435545050064e-06
128.29103637954745,0.8662284187019151,0.16550224875459446,6.791988121175115e-06
128.31603950493812,0.86674795133749,0.16551882245335905,6.77964498084106e-06
128.3410426303288,0.8671763563956087,0.16553713965881006,6.767326196218442e-06
128.36604575571945,0.8675061040370838,0.16555685014024177,6.7550318905207245e-06
128.39104888111015,0.8677315507876531,0.16557759062087324,6.742762143454854e-06
128.41605200650082,0.867848939537979,0.16559898477784793,6.7305169912213175e-06
128.4410551318915,0.86785639954365,0.16562064324223413,6.7182964265140584e-06
128.46605825728216,0.8677539464251796,0.1656421635990247,6.7061003985205306e-06
128.49106138267283,0.8675434821680064,0.16566313038713706,6.6939288129216865e-06
128.51606450806352,0.8672287951224936,0.1656831150994134,6.681781531891963e-06
128.5410676334542,0.8668152514772807,0.16570170070653134,6.669658382633917e-06
128.56607075884486,0.8663098192993388,0.16571856484351055,6.65755915872959e-06
128.59107388423553,0.8657225568926855,0.16573337208705943,6.6454835810288506e-06
128.6160770096262,0.8650645647084713,0.16574583041933938,6.633431353097826e-06
128.6410801350169,0.8643478266351935,0.1657556990085604,6.6214021655324245e-06
128.66608326040756,0.8635852099986993,0.16576278820898113,6.609395695958383e-06
128.69108638579823,0.8627904655621804,0.16576695956090887,6.5974116090311935e-06
128.7160895111889,0.861978227526177,0.16576812579069952,6.585449556436151e-06
128.74109263657957,0.8611640135285765,0.1657662508107577,6.573509176888345e-06
128.76609576197023,0.8603642246446135,0.16576134971953654,6.561590096132657e-06
128.79109888736093,0.859595911588692,0.16575348854008143,6.549691931645829e-06
128.8161020127516,0.8588736443880011,0.16574280457330903,6.537814360723647e-06
128.84110513814227,0.8582127022854552,0.16572953009761446,6.525957060017384e-06
128.86610826353294,0.857627312451551,0.16571393720946284,6.514119728792591e-06
128.8911113889236,0.8571296820573974,0.165696330041499,6.502302106901505e-06
128.9161145143143,0.8567299982747151,0.16567704476254733,6.490503974783031e-06
128.94111763970497,0.8564364282758389,0.1656564495776119,6.478725153462798e-06
128.96612076509564,0.8562551192337141,0.16563494472787632,6.466965504553076e-06
128.9911238904863,0.8561901983218991,0.16561296249070398,6.455224930252835e-06
129.01612701587698,0.8562437731779997,0.1655909671117399,6.443503373333287e-06
129.04113014126767,0.8564156300330853,0.16556940204955692,6.431800815861268e-06
129.06613326665834,0.8567013562946953,0.16554869888002519,6.420117309536876e-06
129.091136392049,0.8570941148358597,0.16552928558220267,6.408452951888513e-06
129.11613951743968,0.8575854736215895,0.16551154670131893,6.396807869682881e-06
129.14114264283035,0.8581654057088767,0.16549582334877502,6.385182218924973e-06
129.16614576822104,0.8588222892466952,0.1654824132021435,6.373576184858052e-06
129.1911488936117,0.8595429074759979,0.16547157050516847,6.361989981963711e-06
129.21615201900238,0.860312448729721,0.16546350606776555,6.35042385396179e-06
129.24115514439305,0.861114506432781,0.16545838726602188,6.338878073810432e-06
129.26615826978372,0.8619323437103801,0.1654563316925793,6.3273529196383585e-06
129.29116139517438,0.8627505609210065,0.16545735740600745,6.3158486516478186e-06
129.31616452056508,0.8635521265729672,0.16546140900623185,6.30436556840025e-06
129.34116764595575,0.8643212252091751,0.16546838616521692,6.292903944892086e-06
129.36617077134642,0.8650433887074994,0.1654781438725243,6.281464029884152e-06
129.3911738967371,0.8657054962807623,0.1654904924353131,6.270046045901712e-06
129.41617702212775,0.8662957744767393,0.16550519747833972,6.258650189234457e-06
129.44118014751845,0.8668037971781603,0.16552197994395798,6.247276629936497e-06
129.46618327290912,0.8672204856027065,0.165540516092119,6.235925511826406e-06
129.4911863982998,0.867538108303015,0.16556043750037125,6.224596952487147e-06
129.51618952369046,0.867750466630217,0.1655813459056254,6.213291040505693e-06
129.54119264908113,0.8678542355078821,0.16560286414082503,6.2020078056923515e-06
129.56619577447182,0.8678480374637461,0.16562455676456075,6.1907472273008045e-06
129.5911988998625,0.8677322137943762,0.16564599938397073,6.17950924897162e-06
129.61620202525316,0.86750888257992,0.16566678836696386,6.168293778613068e-06
129.64120515064383,0.8671819386841051,0.16568654084221932,6.15710068840118e-06
129.6662082760345,0.8667570537542394,0.16570489469918692,6.145929814779731e-06
129.6912114014252,0.8662416762212106,0.1657215085880869,6.134780958460227e-06
129.71621452681586,0.8656450312994883,0.16573606191990997,6.123653884421958e-06
129.74121765220653,0.8649781209871206,0.16574825486641734,6.112548321911922e-06
129.7662207775972,0.8642534416931269,0.16575781166772316,6.101463970160413e-06
129.79122390298787,0.8634829133404905,0.16576454018660275,6.0904005462694524e-06
129.81622702837856,0.8626824487123962,0.16576831753142457,6.079357700909184e-06
129.84123015376923,0.8618685227348183,0.1657690706419435,6.068335079359558e-06
129.8662332791599,0.8610571155667085,0.16576678120443117,6.057332341754076e-06
129.89123640455057,0.8602637125999991,0.16576148565167606,6.046349163079847e-06
129.91623952994124,0.8595033044596025,0.16575327516298347,6.0353852331775686e-06
129.9412426553319,0.8587903870034109,0.1657422956641754,6.024440256741533e-06
129.9662457807226,0.8581389613222954,0.16572874782759067,6.013513953319609e-06
129.99124890611327,0.8575625337401095,0.165712887072085,6.002606057313295e-06
130.01625203150394,0.8570741158136841,0.16569502356303079,5.991716317977644e-06
130.0412551568946,0.8566859841352481,0.16567551569954145,5.980844503264209e-06
130.06625828228528,0.8564060259363869,0.16565472439794576,5.969990456443664e-06
130.09126140767597,0.8562395498583215,0.16563310427049185,5.959154063121267e-06
130.11626453306664,0.8561899552079397,0.1656111158541423,5.948335241458996e-06
130.1412676584573,0.8562583039124713,0.16558920196618823,5.937533949258542e-06
130.16627078384798,0.8564433205194883,0.16556778770424987,5.92675018396136e-06
130.19127390923865,0.8567413921969056,0.16554728044627612,5.915983982648657e-06
130.21627703462934,0.8571465687329806,0.16552806985054472,5.905235422041378e-06
130.24128016002,0.8576505625363117,0.1655105278556623,5.8945046185002565e-06
130.26628328541068,0.8582427486358408,0.16549500868056435,5.8837917280257404e-06
130.29128641080135,0.8589101646808521,0.16548184882451505,5.873096946258041e-06
130.31628953619202,0.8596383664655917,0.16547134969460783,5.8624204914141405e-06
130.3412926615827,0.8604134740946973,0.16546368535914077,5.851762565781224e-06
130.36629578697338,0.8612183894422749,0.16545898013983176,5.84112343716475e-06
130.39129891236405,0.8620363320305424,0.1654573077854184,5.830503369613219e-06
130.41630203775472,0.8628512073378484,0.1654586872852634,5.819902616058215e-06
130.4413051631454,0.8636476067986727,0.16546308286935454,5.809321418314392e-06
130.46630828853606,0.8644108078036271,0.16547040400830482,5.798760007079476e-06
130.49131141392675,0.8651267736994555,0.16548050541335219,5.788218601934248e-06
130.51631453931742,0.8657821537890309,0.1654931870363598,5.777697411342597e-06
130.5413176647081,0.8663642833313603,0.16550819406981587,5.767196632651446e-06
130.56632079009876,0.8668616089699719,0.16552522906959588,5.756716445318464e-06
130.59132391548943,0.8672659229427583,0.16554397744112923,5.74625697176484e-06
130.61632704088012,0.8675702108008921,0.16556404470777553,5.73581830679632e-06
130.6413301662708,0.8677691870761833,0.1655850304392434,5.725400510866197e-06
130.66633329166146,0.867859470249074,0.16560653643700832,5.7150036074585264e-06
130.69133641705213,0.8678395827486373,0.16562816673431238,5.704627583088176e-06
130.7163395424428,0.8677099509525779,0.16564952759616441,5.694272387300811e-06
130.7413426678335,0.8674729051872312,0.16567022751934,5.683937932672882e-06
130.76634579322416,0.867132679727565,0.1656898772323813,5.6736240948116775e-06
130.79134891861483,0.8666954127971777,0.1657080896955973,5.663330712355247e-06
130.8163520440055,0.8661691430385323,0.1657244802002253,5.6530575870431645e-06
130.84135516939617,0.8655624855643153,0.165738725544097,5.642804511391698e-06
130.86635829478686,0.8648868470738645,0.16575056340535668,5.632571229194046e-06
130.89136142017753,0.8641557501685663,0.16575975558931774,5.622357448841511e-06
130.9163645455682,0.8633830963658583,0.1657661195115022,5.61216287756831e-06
130.94136767095887,0.8625831660992339,0.16576952819764051,5.601987221451627e-06
130.96637079634954,0.8617706187182403,0.16576991028367177,5.5918301854115954e-06
130.9913739217402,0.8609604924884797,0.16576725001574358,5.581691473211301e-06
131.0163770471309,0.8601682045916071,0.16576158725021203,5.571570787456772e-06
131.04138017252157,0.8594095511253351,0.16575301745364185,5.56146782959702e-06
131.06638329791224,0.8587007071034277,0.1657416917028062,5.551382299923978e-06
131.0913864233029,0.8580575309686873,0.16572781233214634,5.5413139088728495e-06
131.11638954869358,0.8574922804020987,0.16571164433569738,5.5312624331056465e-06
131.14139267408427,0.8570172792025251,0.1656935386798012,5.521227654169314e-06
131.16639579947494,0.8566428669152443,0.1656738667902356,5.5112093858663465e-06
131.1913989248656,0.8563769974701303,0.16565301497690946,5.501207480459712e-06
131.21640205025628,0.8562252391816553,0.1656313844338628,5.491221828672903e-06
131.24140517564695,0.8561907747488888,0.16560939123926685,5.481252359689922e-06
131.26640830103764,0.8562744012554988,0.1655874663554239,5.47129904115527e-06
131.2914114264283,0.85647453016975,0.1655660556287675,5.461361879173995e-06
131.31641455181898,0.8567871949169706,0.1655456194747172,5.451440918165745e-06
131.34141767720965,0.8572066470818881,0.16552657169384405,5.441536225268796e-06
131.36642080260032,0.8577231510713113,0.16550928347356775,5.43164792494257e-06
131.391423927991,0.8583248084022826,0.16549410208661208,5.421776177708817e-06
131.41642705338168,0.858998880816074,0.16548132118372216,5.411921157919579e-06
131.44143017877235,0.8597317902781906,0.1654711807936645,5.402083053757119e-06
131.46643330416302,0.8605091189783685,0.16546386732322688,5.392262067233973e-06
131.4914364295537,0.8613156093305755,0.1654595135572184,5.382458414192932e-06
131.51643955494438,0.8621351639730115,0.16545819865846964,5.372672324307036e-06
131.54144268033505,0.8629508457681053,0.16545994816783235,5.362904041079615e-06
131.56644580572572,0.8637456907326712,0.16546473615654606,5.353153808925446e-06
131.5914489311164,0.8645054077657057,0.16547245831748889,5.343421835834914e-06
131.61645205650706,0.8652150634156768,0.16548292426674474,5.333708345573991e-06
131.64145518189773,0.865861163244391,0.16549590922560753,5.324013536837589e-06
131.66645830728842,0.8664319129573429,0.16551115673275368,5.31433757876305e-06
131.6914614326791,0.8669172184037126,0.16552837864424216,5.304680610930201e-06
131.71646455806976,0.8673086855763692,0.1655472551335144,5.29504274336128e-06
131.74146768346043,0.8675996206118689,0.16556743469139446,5.285424056520984e-06
131.7664708088511,0.8677850297904548,0.16558853412608882,5.275824601316456e-06
131.7914739342418,0.8678616195360574,0.1656101385631866,5.266244399097274e-06
131.81647705963246,0.8678277880014991,0.16563180931976532,5.2566834422001275e-06
131.84148018502313,0.8676840538843819,0.16565315789221866,5.247141685343471e-06
131.8664833104138,0.8674335619946671,0.16567376276038331,5.2376190277715735e-06
131.89148643580447,0.8670811019597316,0.16569321873119555,5.22811534088066e-06
131.91648956119516,0.8666329856929341,0.16571115615406143,5.218630472248482e-06
131.94149268658583,0.8660970473936175,0.16572724092085686,5.209164245634356e-06
131.9664958119765,0.8654826435471055,0.1657411744659277,5.1997164609791035e-06
131.99149893736717,0.8648006529247048,0.16575269376608961,5.190286894405091e-06
132.01650206275784,0.8640634765837045,0.1657615713406282,5.180875298216222e-06
132.04150518814853,0.8632850378673755,0.16576761525129885,5.171481400897924e-06
132.0665083135392,0.8624806884786881,0.16577066974722537,5.162104908687834e-06
132.09151143892987,0.861664754280811,0.16577065576700356,5.152745551347906e-06
132.11651456432054,0.860853818464305,0.1657675862737341,5.143403035443763e-06
132.1415176897112,0.8600648376576853,0.16576152458525184,5.1340770657157604e-06
132.16652081510188,0.8593136747000613,0.16575258432972667,5.124767367665229e-06
132.19152394049257,0.8586150986411355,0.1657409294456635,5.115473687554463e-06
132.21652706588324,0.8579827847412069,0.16572677418190232,5.106195792406772e-06
132.2415301912739,0.8574293144711662,0.16571038309761818,5.096933470006406e-06
132.26653331666458,0.8569661755124987,0.1656920710623211,5.087686528898604e-06
132.29153644205525,0.8566037617572838,0.16567220325585616,5.078454798389584e-06
132.31653956744594,0.8563512397235519,0.16565118896604908,5.0692381300563325e-06
132.3415426928366,0.8562140870667747,0.16562942849207388,5.060036426170745e-06
132.36654581822728,0.8561945869100444,0.16560738572130893,5.050849633819963e-06
132.39154894361795,0.8562929274527074,0.16558552026297177,5.041677730474175e-06
132.41655206900862,0.8565070598819307,0.16556426734173318,5.032520725404477e-06
132.4415551943993,0.8568326983727028,0.16554403779771718,5.023378659682865e-06
132.46655831978998,0.8572633200878319,0.1655252180865011,5.014251606182277e-06
132.49156144518065,0.857790165177948,0.16550817027911552,5.005139669576527e-06
132.51656457057132,0.8584022367815016,0.1654932320620442,4.996042986340348e-06
132.541567695962,0.8590863010247641,0.16548071673722423,4.986961724749386e-06
132.56657082135268,0.8598275389077608,0.16547090521342536,4.977896074408321e-06
132.59157394674335,0.8606119153418732,0.16546397407090344,4.968846211324047e-06
132.61657707213402,0.8614221633030125,0.1654600297185491,4.959812366861277e-06
132.6415801975247,0.8622412991753072,0.1654591278519772,4.950794769491641e-06
132.66658332291536,0.8630531643277877,0.1654612709661412,4.941793635903633e-06
132.69158644830603,0.8638424251143856,0.16546640835533294,4.932809171002616e-06
132.71658957369672,0.8645945728739354,0.16547443611318285,4.9238415679108136e-06
132.7415926990874,0.8652959239301703,0.16548519713265988,4.914891007967344e-06
132.76659582447806,0.8659336195917278,0.16549848110607146,4.905957660728164e-06
132.79159894986873,0.866495626152146,0.16551402452506353,4.897041683966109e-06
132.8166020752594,0.8669707479136258,0.16553151119026385,4.8881432235113195e-06
132.8416052006501,0.8673504265287802,0.16555061848702718,4.87926238876092e-06
132.86660832604076,0.8676285896340143,0.1655709644988866,4.87039924681267e-06
132.89161145143143,0.8678004605435355,0.1655921342491569,4.861553839926809e-06
132.9166145768221,0.8678631499164985,0.16561371962350008,4.852726179448119e-06
132.94161770221277,0.8678156557570051,0.16563531936992554,4.8439162458059085e-06
132.96662082760346,0.867658863414105,0.16565653909879,4.8351239885140125e-06
132.99162395299413,0.8673955455817953,0.1656769912827973,4.826349326170824e-06
133.0166270783848,0.8670303622990208,0.16569629525699875,4.817592146459238e-06
133.04163020377547,0.8665698609496734,0.16571407721879292,4.808852306146689e-06
133.06663332916614,0.8660224762625928,0.16572997022792563,4.800129631085147e-06
133.09163645455683,0.865397853141791,0.16574363488166208,4.7914239277798925e-06
133.1166395799475,0.8647066450513361,0.1657548258374268,4.782734991336275e-06
133.14164270533817,0.8639629954529979,0.16576332051299103,4.774062565795801e-06
133.16664583072884,0.8631814232246758,0.16576894895279587,4.765406394067414e-06
133.1916489561195,0.8623766290847051,0.1657715974447693,4.756766221098824e-06
133.2166520815102,0.8615634955918571,0.16577120852032617,4.7481417938764985e-06
133.24165520690087,0.8607570871453415,0.16576778095436825,4.739532861425698e-06
133.26665833229154,0.859972649984802,0.16576136976528422,4.730939174810423e-06
133.2916614576822,0.8592256121903197,0.16575208621494955,4.722360487133447e-06
133.31666458307288,0.8585315836824113,0.16574009780872673,4.71379655353631e-06
133.34166770846355,0.8579063408579927,0.16572562810687383,4.70524713140283e-06
133.36667083385424,0.8573628805062014,0.16570894012315254,4.696712020401127e-06
133.3916739592449,0.8569121274541361,0.1656903858136523,4.6881910541545185e-06
133.41667708463558,0.8565640533926326,0.165670358637715,4.679684080543864e-06
133.44168021002625,0.8563261775741452,0.16564926021190726,4.671190980581474e-06
133.46668333541692,0.8562035668127458,0.16562750031002016,4.662711668411108e-06
133.4916864608076,0.8561988354841243,0.16560549686306938,4.65424609130796e-06
133.51668958619828,0.8563121455255885,0.16558367595929535,4.645794229678697e-06
133.54169271158895,0.856541206436064,0.16556247184416295,4.637356097061403e-06
133.56669583697962,0.856881275276094,0.1655423269203616,4.628931740125619e-06
133.5916989623703,0.8573254522519969,0.16552367919406405,4.620521233699492e-06
133.61670208776098,0.857864917524876,0.16550688311845155,4.612124671194129e-06
133.64170521315165,0.8584869237439456,0.16549227104098183,4.6037421994254764e-06
133.66670833854232,0.8591778361169078,0.16548012734181494,4.595373978337018e-06
133.691711463933,0.8599234804059094,0.16547068061459577,4.5870201758128275e-06
133.71671458932366,0.8607091429275429,0.16546410366645398,4.578680967677563e-06
133.74171771471435,0.861519570552847,0.16546051351800406,4.570356537696459e-06
133.76672084010502,0.8623389707073031,0.16545997140334529,4.56204707757536e-06
133.7917239654957,0.863151011370841,0.16546248277006173,4.553752786960667e-06
133.81672709088636,0.8639388210778348,0.1654679972792223,4.545473873439374e-06
133.84173021627703,0.8646870048807046,0.16547641575087402,4.5372105261124155e-06
133.8667333416677,0.8653820958375661,0.16548754878808988,4.5289629142673635e-06
133.8917364670584,0.8660107126281625,0.1655011457220938,4.520731206382564e-06
133.91673959244906,0.8665612582720654,0.16551692984784822,4.512515544219074e-06
133.94174271783973,0.8670239220198664,0.16553459844427176,4.504316042794185e-06
133.9667458432304,0.8673906793531754,0.165553822774239,4.496132790381453e-06
133.99174896862107,0.86765529198462,0.16557424808458043,4.4879658485107e-06
134.01675209401176,0.8678133078578466,0.16559549360608267,4.479815251967996e-06
134.04175521940243,0.8678620611475196,0.1656171525534882,4.4716810087957e-06
134.0667583447931,0.867800672259322,0.16563879212549557,4.463563100292404e-06
134.09176147018377,0.8676299450741034,0.16565998197187537,4.455461483328807e-06
134.11676459557444,0.867352976114433,0.1656803423050832,4.4473760771019035e-06
134.14176772096513,0.8669753394793562,0.16569946447068093,4.43930675908628e-06
134.1667708463558,0.8665040290472978,0.16571697642372488,4.431253388477968e-06
134.19177397174647,0.8659474228851454,0.16573254664084194,4.423215806985161e-06
134.21677709713714,0.8653152832482508,0.16574588412022961,4.415193838828252e-06
134.2417802225278,0.8646187565804309,0.1657567383816559,4.407187290739822e-06
134.2667833479185,0.8638703735139653,0.1657648994664593,4.3991959519646346e-06
134.29178647330917,0.8630840488696012,0.16577019793754902,4.391219594259669e-06
134.31678959869984,0.862275081656547,0.16577250487940465,4.383257971894067e-06
134.3417927240905,0.8614595792170722,0.16577173601348053,4.375310829960077e-06
134.36679584948118,0.860652352822124,0.16576790153978818,4.367377940923425e-06
134.39179897487185,0.8598705238416379,0.1657610897666359,4.359459054647509e-06
134.41680210026254,0.8591303533009372,0.16575143587434182,4.35155393491841e-06
134.4418052256532,0.8584467488057907,0.1657391218823913,4.343662365943576e-06
134.46680835104388,0.8578332645424065,0.16572437664943684,4.3357841523517645e-06
134.49181147643455,0.8573021012774354,0.16570747587329815,4.3279191191930745e-06
134.51681460182522,0.8568641063579707,0.16568874209096207,4.320067111938946e-06
134.5418177272159,0.8565287737115471,0.16566854467858266,4.312227996482143e-06
134.56682085260658,0.856304243846143,0.16564729985148116,4.304401659136795e-06
134.59182397799725,0.856196394785128,0.1656254318585774,4.296588014539764e-06
134.61682710338792,0.8562068573156549,0.16560337858138197,4.2887870251082264e-06
134.6418302287786,0.8563349403338051,0.16558160798092034,4.2809986823688696e-06
134.66683335416928,0.8565778225398332,0.16556055927486749,4.273223003523761e-06
134.69183647955995,0.8569305504180056,0.1655406427155764,4.265460031464442e-06
134.71683960495062,0.8573860382366013,0.16552223959007786,4.257709834771871e-06
134.7418427303413,0.8579350680479113,0.16550570222008065,4.249972507716463e-06
134.76684585573196,0.8585662896882388,0.16549135396197134,4.242248170258075e-06
134.79184898112266,0.8592662207778998,0.16547948920681452,4.234536968046003e-06
134.81685210651332,0.860019510693834,0.16547037152081417,4.226839068799807e-06
134.841855231904,0.8608119814648566,0.16546418015409856,4.2191546232288145e-06
134.86685835729466,0.8616265659437812,0.16546100222134516,4.2114838258202704e-06
134.89186148268533,0.8624460122812616,0.16546087376045204,4.203826875261377e-06
134.91686460807603,0.8632540443253002,0.16546377962218142,4.196183958047868e-06
134.9418677334667,0.8640353616212438,0.16546965347015935,4.188555248484046e-06
134.96687085885736,0.8647756394117903,0.165478377780876,4.180940908682729e-06
134.99187398424803,0.8654615286369839,0.1654897838436855,4.173341088565285e-06
135.0168771096387,0.8660806559342166,0.16550365176080595,4.165755925861625e-06
135.04188023502937,0.8666216236382283,0.1655197104473195,4.1581855461102e-06
135.06688336042006,0.8670740097811065,0.16553763763117224,4.150630062657996e-06
135.09188648581073,0.8674288130806983,0.16555707638343578,4.143089571977629e-06
135.1168896112014,0.867680529359643,0.16557767178831564,4.13556412625034e-06
135.14189273659207,0.8678250582697602,0.16559899991580282,4.128053751634718e-06
135.16689586198274,0.8678600362711144,0.16562064127154363,4.120558449699131e-06
135.19189898737343,0.8677849591724315,0.16564218810428094,4.113078196406478e-06
135.2169021127641,0.8676011821310978,0.16566324440585395,4.105612942114229e-06
135.24190523815477,0.8673119196531612,0.1656834259111984,4.098162611574367e-06
135.26690836354544,0.8669222455933296,0.16570236009834646,4.09072710393343e-06
135.2919114889361,0.8664390931549725,0.1657196861884268,4.0833062927324945e-06
135.3169146143268,0.8658712548901188,0.16573505514566453,4.075900025907172e-06
135.34191773971747,0.8652292636572193,0.1657481319938236,4.068508127441257e-06
135.36692086510814,0.864523566083622,0.1657586621306212,4.061130425127961e-06
135.3919239904988,0.8637682245785936,0.16576644714044111,4.053766704190105e-06
135.41692711588948,0.8629784990104604,0.16577133125995486,4.046416737829327e-06
135.44193024128018,0.8621696071646212,0.16577321507577492,4.039080303779828e-06
135.46693336667084,0.8613567247435505,0.1657720555244547,4.031757184308394e-06
135.4919364920615,0.8605549853667936,0.16576786589248846,4.024447166214357e-06
135.51693961745218,0.8597794805709699,0.16576071581631144,4.017150040829622e-06
135.54194274284285,0.8590452598097718,0.16575073128229964,4.009865604018658e-06
135.56694586823352,0.8583673304539652,0.16573809462677014,4.002593656178506e-06
135.59194899362421,0.8577606577913887,0.16572304453598077,3.995334002238758e-06
135.61695211901488,0.8572394907722479,0.16570586802524082,3.988086459110907e-06
135.64195524440555,0.8568137653267088,0.16568689375655993,3.980850895926819e-06
135.66695836979622,0.8564926352599871,0.16566653435058365,3.9736271934278205e-06
135.6919614951869,0.8562831255371914,0.16564521064944968,3.966415256708368e-06
135.71696462057758,0.8561897791520795,0.16562334403732648,3.959215019019405e-06
135.74196774596825,0.8562146571270579,0.16560135644041335,3.952026441768395e-06
135.76697087135892,0.8563573385131819,0.16557967032694043,3.94484951451927e-06
135.7919739967496,0.8566149203901552,0.16555870870716857,3.9376842549924645e-06
135.81697712214026,0.856982017866331,0.16553889513338949,3.930530709064908e-06
135.84198024753096,0.8574507640787117,0.16552065369992566,3.923388950770017e-06
135.86698337292162,0.858011769170835,0.16550437232790907,3.916259068884986e-06
135.8919864983123,0.8586531945815672,0.16549035015606883,3.909141175980189e-06
135.91698962370296,0.859360293905439,0.16547886002350926,3.902035420553942e-06
135.94199274909363,0.8601180903742559,0.16547011828772543,3.894941954500074e-06
135.96699587448433,0.8609114070123113,0.16546428418026407,3.8878609327170666e-06
135.991998999875,0.8617248666363833,0.16546145980672364,3.8807925131080895e-06
136.01700212526566,0.8625428918557394,0.16546169014675424,3.873736856580947e-06
136.04200525065633,0.8633497050721337,0.1654649630540576,3.866694127048116e-06
136.067008376047,0.8641293284798073,0.16547120925638728,3.859664491426735e-06
136.09201150143767,0.8648656380622128,0.1654803030616309,3.852648119020329e-06
136.11701462682836,0.865545061343095,0.165492076672513,3.845645152019837e-06
136.14201775221903,0.8661553127689847,0.16550626956957906,3.838655721212811e-06
136.1670208776097,0.8666849951769392,0.16552257864301334,3.83167994544335e-06
136.19202400300037,0.8671245677389396,0.16554068167306238,3.824717919663981e-06
136.21702712839104,0.8674663459618921,0.16556023733003497,3.8177697149356454e-06
136.24203025378173,0.8677045016876279,0.1655808851743021,3.8108353784276972e-06
136.2670333791724,0.8678350630929024,0.16560224565629708,3.80391493341793e-06
136.29203650456307,0.8678559146893969,0.16562392011651536,3.7970083792925315e-06
136.31703962995374,0.8677667973237171,0.16564549078551477,3.7901156915461162e-06
136.3420427553444,0.8675693081773939,0.16566652078391528,3.783236821781716e-06
136.3670458807351,0.86726656044631,0.16568659982569967,3.776371702877161e-06
136.39204900612577,0.8668641036056582,0.16570536210595532,3.7695202334446488e-06
136.41705213151644,0.8663698483047956,0.16572243064183667,3.762682280904829e-06
136.4420552569071,0.8657929018418135,0.16573747367903263,3.755857700786458e-06
136.46705838229778,0.8651435615270089,0.16575020517953373,3.7490463368330175e-06
136.49206150768848,0.8644333146828839,0.16576038482163227,3.7422480210027067e-06
136.51706463307914,0.8636748386441483,0.1657678179999221,3.7354625734684733e-06
136.5420677584698,0.8628820007577157,0.16577235582529878,3.7286898026179686e-06
136.56707088386048,0.862069858382706,0.1657738951249596,3.721929505053576e-06
136.59207400925115,0.861254658890445,0.16577237844240345,3.715181465592405e-06
136.61707713464185,0.8604528915989977,0.16576779904597574,3.7084454687631815e-06
136.64208026003251,0.8596795205772634,0.16576024735324574,3.7017213256557206e-06
136.66708338542318,0.858951203356986,0.16574988692729736,3.695008833906008e-06
136.69208651081385,0.8582831821370944,0.16573692317168087,3.688307808448766e-06
136.71708963620452,0.8576890440600053,0.16572160293622762,3.681618084182483e-06
136.7420927615952,0.8571807212116235,0.16570421451705014,3.674939515969416e-06
136.76709588698589,0.8567684906213406,0.1656850876565421,3.668271978635581e-06
136.79209901237655,0.8564609742620379,0.16566459354337837,3.6616153669707847e-06
136.81710213776722,0.8562651390500828,0.16564314481251494,3.654969595728579e-06
136.8421052631579,0.856186272885303,0.16562119208168866,3.6483345996868413e-06
136.86710838854856,0.8562265881663826,0.16559916222408744,3.6417103427271276e-06
136.89211151393926,0.8563843987623149,0.16557751335346932,3.635096827069455e-06
136.91711463932992,0.8566559131689098,0.1655566925725363,3.6284940771219224e-06
136.9421177647206,0.8570353850222623,0.16553711206367525,3.6219021373180795e-06
136.96712089011126,0.8575151130987511,0.16551914908895815,3.6153210721169597e-06
136.99212401550193,0.8580854413150393,0.16550314599014204,3.608750966003069e-06
137.01712714089263,0.8587347587280751,0.16548941018866897,3.6021919234863824e-06
137.0421302662833,0.8594494995350886,0.1654782141856662,3.5956440691023703e-06
137.06713339167396,0.8602141430735963,0.16546979556194583,3.5891075474119554e-06
137.09213651706463,0.8610132404415903,0.1654643442680497,3.582582499698381e-06
137.1171396424553,0.8618312158778348,0.16546194061330255,3.576069072969227e-06
137.142142767846,0.8626503097513912,0.16546259416205342,3.569567443493463e-06
137.16714589323666,0.8634539218604328,0.16546626707564646,3.5630777747932983e-06
137.19214901862733,0.8642266400953393,0.165472874136658,3.556600217296419e-06
137.217152144018,0.8649542404386928,0.1654822827488966,3.5501349083360198e-06
137.24215526940867,0.8656236869652794,0.16549431293740302,3.5436819721507967e-06
137.26715839479934,0.8662231318420879,0.16550873734845017,3.537241519884945e-06
137.29216152019004,0.8667419153283119,0.1655252812495433,3.5308136495881534e-06
137.3171646455807,0.8671705657753463,0.16554362252941968,3.524398446215634e-06
137.34216777097137,0.8675007996267916,0.16556339169804893,3.517995981628077e-06
137.36717089636204,0.8677259676703286,0.165584194038516,3.5116063109818943e-06
137.3921740217527,0.8678428987691199,0.16560565447644227,3.505229451003556e-06
137.4171771471434,0.8678499724567595,0.16562733663127108,3.49886539310299e-06
137.44218027253407,0.8677472803743148,0.16564881739799286,3.4925141086068144e-06
137.46718339792474,0.8675367041886589,0.1656696932333321,3.486175548402208e-06
137.4921865233154,0.8672219155924705,0.16568958015574747,3.4798496429369417e-06
137.51718964870608,0.866808376304234,0.16570811374543165,3.4735363022193693e-06
137.54219277409678,0.8663033380682386,0.1657249491443115,3.467235415818423e-06
137.56719589948744,0.865715842654581,0.16573976105604785,3.460946852863638e-06
137.5921990248781,0.8650567218591619,0.1657522437460358,3.4546704620451138e-06
137.61720215026878,0.864338280672387,0.16576211520834266,3.4484060752659713e-06
137.64220527565945,0.8635723443827195,0.1657691801426531,3.4421535336195976e-06
137.66720840105015,0.862774744212749,0.16577330809472235,3.4359126400884172e-06
137.69221152644081,0.861961821210536,0.16577441821944552,3.429683195155732e-06
137.71721465183148,0.8611494764252752,0.1657724847439522,3.4234650071651152e-06
137.74221777722215,0.8603531709072993,0.1657675369676065,3.4172578923204377e-06
137.76722090261282,0.8595879257080785,0.16575965926200698,3.411061674685862e-06
137.7922240280035,0.8588683218802203,0.16574899107098667,3.404876186185842e-06
137.81722715339419,0.8582085004774684,0.16573572691061308,3.398701266605117e-06
137.84223027878485,0.8576221625547065,0.16572011636918824,3.3925367635887368e-06
137.86723340417552,0.8571225691679527,0.16570246410724856,3.386382532642024e-06
137.8922365295662,0.8567221865443783,0.1656831208123919,3.3802384404012725e-06
137.91723965495686,0.8564289446515488,0.16566244459112292,3.374104397809691e-06
137.94224278034756,0.856248563199529,0.1656408911818158,3.3679803362629974e-06
137.96724590573822,0.856184774654132,0.16561891842823748,3.361866206253399e-06
137.9922490311289,0.8562389573775187,0.16559696773691082,3.355761980873699e-06
138.01725215651956,0.8564101356281982,0.1655754640771145,3.3496676558173237e-06
138.04225528191023,0.8566949795610285,0.16555481598088312,3.3435832493783147e-06
138.06725840730093,0.8570878052272158,0.16553541554300719,3.3375088024513256e-06
138.0922615326916,0.8575805745743141,0.16551763842103312,3.3314443785316447e-06
138.11726465808226,0.8581628954462261,0.16550184383526317,3.325390063715158e-06
138.14226778347293,0.8588220215832032,0.16548837456875554,3.319345966698373e-06
138.1672709088636,0.8595436789778581,0.16547753922689604,3.313312209360749e-06
138.1922740342543,0.8603140907316904,0.1654695175865349,3.3072889047224078e-06
138.21727715964496,0.8611162376990117,0.16546444150096706,3.3012762030822704e-06
138.24228028503563,0.8619333716715744,0.1654623923181723,3.2952742531480572e-06
138.2672834104263,0.862749391014616,0.1654633962797009,3.289283197767257e-06
138.29228653581697,0.8635488406668597,0.16546742452067348,3.2833031739271215e-06
138.31728966120767,0.8643169121405154,0.16547439306978134,3.2773343127546546e-06
138.34229278659834,0.8650394435212762,0.1654841628492862,3.271376739516645e-06
138.367295911989,0.8657029194683236,0.1654965396750202,3.26543057361962e-06
138.39229903737967,0.866294471214324,0.1655112742563861,3.2594959286098768e-06
138.41730216277034,0.8668023900814996,0.1655280760386862,3.2535729075087552e-06
138.442305288161,0.8672183081527423,0.16554663241025444,3.247661581104565e-06
138.4673084135517,0.8675349475062836,0.1655665513254434,3.2417620058681856e-06
138.49231153894237,0.8677467919504323,0.16558743551485966,3.2358742185790915e-06
138.51731466433304,0.8678502317420821,0.16560888887906167,3.229998235072754e-06
138.5423177897237,0.8678435635867106,0.16563051648855942,3.2241340502406677e-06
138.56732091511438,0.867726990638379,0.16565192458381459,3.2182816380303456e-06
138.59232404050508,0.8675026224997324,0.16567272057524057,3.2124409514453097e-06
138.61732716589574,0.8671744752220008,0.16569251304320226,3.2066119225451205e-06
138.6423302912864,0.8667484713049972,0.16571091173801633,3.200794462445335e-06
138.66733341667708,0.8662324329996174,0.16572752777949507,3.194988461393881e-06
138.69233654206775,0.8656347721668053,0.16574203585298175,3.1891938043300505e-06
138.71733966745845,0.8649667729659904,0.1657541676731405,3.1834103474633387e-06
138.74234279284912,0.8642417603254734,0.16576367904350017,3.1776379277098745e-06
138.76734591823978,0.8634734804667733,0.1657703811738347,3.1718763808889026e-06
138.79234904363045,0.8626761009046303,0.16577414068016283,3.1661255417228065e-06
138.81735216902112,0.8618642104470052,0.16577487958474837,3.160385243837105e-06
138.84235529441182,0.8610528191950786,0.16577257531609996,3.1546553197604436e-06
138.86735841980249,0.8602573585432541,0.16576726070897127,3.148935600924623e-06
138.89236154519315,0.8594936811791534,0.1657590240043609,3.1432259176645563e-06
138.91736467058382,0.8587780610836195,0.16574800884951235,3.1375260992182994e-06
138.9423677959745,0.8581263929246128,0.1657344099063796,3.1318359811295446e-06
138.96737092136516,0.8575510759372235,0.16571848856398724,3.1261554357696074e-06
138.99237404675586,0.8570646995346406,0.16570058995084774,3.1204843370831023e-06
139.01737717214652,0.8566778269087715,0.16568107991265385,3.1148225776582368e-06
139.0423802975372,0.8563986551593247,0.16566034062964494,3.1091700717126543e-06
139.06738342292786,0.8562330152938122,0.16563877061660726,3.103526755093461e-06
139.09238654831853,0.8561843722275496,0.16561678472287375,3.0978925852772175e-06
139.11738967370923,0.8562538247836551,0.16559481413232408,3.0922675413699343e-06
139.1423927990999,0.8564401056930498,0.1655733063633848,3.0866516241070966e-06
139.16739592449056,0.8567396004959746,0.16555272439048174,3.0810448556432694e-06
139.19239904988123,0.8571468331648693,0.1655334806246694,3.075447271363865e-06
139.2174021752719,0.8576522086200606,0.16551595336898706,3.0698589405217763e-06
139.2424053006626,0.8582441306383652,0.16550049464420566,3.0642799511896243e-06
139.26740842605327,0.8589100984830952,0.16548740343748916,3.0587103997953213e-06
139.29241155144393,0.8596367069040617,0.16547692570239422,3.053150391122035e-06
139.3174146768346,0.8604096461375732,0.1654692543588704,3.047600038308214e-06
139.34241780222527,0.8612137019064356,0.1654645292932601,3.0420594628475795e-06
139.36742092761597,0.8620327554199533,0.16546283735829856,3.0365287945891213e-06
139.39242405300664,0.8628497833739253,0.16546421237311384,3.031008171737122e-06
139.4174271783973,0.8636479027876736,0.16546863677202864,3.0254977314945936e-06
139.44243030378797,0.8644127119284492,0.16547600876307933,3.0199975925761684e-06
139.46743342917864,0.8651290792134555,0.16548614527519642,3.014507883123541e-06
139.4924365545693,0.8657833811250799,0.16549882883646191,3.009028716491827e-06
139.51743967996,0.8663636725097994,0.1655138091148912,3.0035601896025422e-06
139.54244280535067,0.8668596865781786,0.1655308029184329,2.99810238294363e-06
139.56744593074134,0.8672628349048732,0.16554949419496912,2.9926553605694213e-06
139.592449056132,0.8675662074286279,0.16556953403231528,2.9872191701006625e-06
139.61745218152268,0.8677645724522766,0.16559054065822015,2.981793842724507e-06
139.64245530691338,0.8678543766427425,0.16561209944036587,2.976379393194509e-06
139.66745843230404,0.8678337478827032,0.1656337742139799,2.9709758201081055e-06
139.6924615576947,0.8677030678354621,0.1656551775113422,2.9655830991065913e-06
139.71746468308538,0.8674652433513896,0.1656758835874051,2.960201175589751e-06
139.74246780847605,0.8671248038462046,0.16569548644153048,2.9548299796164724e-06
139.76747093386675,0.8666878274923098,0.1657136144957764,2.9494694274236326e-06
139.79247405925742,0.8661619412187939,0.16572993059489713,2.9441194214261265e-06
139.81747718464808,0.8655563207114287,0.16574413200634316,2.938779850216827e-06
139.84248031003875,0.8648816904126708,0.16575595042026126,2.933450588566611e-06
139.86748343542942,0.864150323521661,0.16576515194949434,2.9281314974243527e-06
139.89248656082012,0.8633760419942237,0.16577153712958154,2.9228224239169173e-06
139.91748968621079,0.8625740418836891,0.16577494230302425,2.917523203015589e-06
139.94249281160145,0.8617584804346458,0.16577528593294483,2.912233683598127e-06
139.96749593699212,0.8609461148550511,0.1657725732220165,2.906953697871986e-06
139.9924990623828,0.8601538415269177,0.16576685930633125,2.9016830790287934e-06
140.0175021877735,0.8593975180977941,0.16575825025207896,2.896421671588083e-06
140.04250531316416,0.8586919634807689,0.16574690305554726,2.891169331397319e-06
140.06750843855482,0.8580509578544647,0.16573302564312156,2.88592592563186e-06
140.0925115639455,0.8574872426630421,0.16571687687128517,2.8806913327949825e-06
140.11751468933616,0.8570125206161985,0.16569876652661913,2.875465442717875e-06
140.14251781472683,0.8566374556891684,0.1656790553258024,2.8702481565596387e-06
140.16752094011753,0.8563715136582718,0.16565814802732606,2.865039387851091e-06
140.1925240655082,0.8562203811675992,0.16563644199956315,2.8598390795842428e-06
140.21752719089886,0.8561866644872282,0.16561440129498428,2.8546471992614663e-06
140.24253031628953,0.8562708740522038,0.16559248547097052,2.849463731544621e-06
140.2675334416802,0.8564712654237937,0.16557113060755685,2.8442886792231328e-06
140.2925365670709,0.8567838392894879,0.16555074930743205,2.8391220632139886e-06
140.31753969246157,0.8572023414629977,0.16553173069593893,2.8339639225617587e-06
140.34254281785223,0.857718262884258,0.16551444042107413,2.8288143144385627e-06
140.3675459432429,0.8583208396194254,0.1654992206534882,2.8236733141440927e-06
140.39254906863357,0.858997052860879,0.1654863900864856,2.818541015105607e-06
140.41755219402427,0.8597321858415328,0.1654762368421361,2.8134175238050237e-06
140.44255531941494,0.8605123264330743,0.16546894550780636,2.8083029385248044e-06
140.4675584448056,0.8613203187716671,0.16546462957083566,2.803197388811161e-06
140.49256157019627,0.8621391691847945,0.16546335214251615,2.798101003706387e-06
140.51756469558694,0.8629526807941629,0.16546512280526776,2.7930139058605987e-06
140.54256782097764,0.8637454535157029,0.1654698976126382,2.787936211531732e-06
140.5675709463683,0.864502884059566,0.16547757908930294,2.7828680305855614e-06
140.59257407175897,0.8652111659301295,0.16548801623106527,2.7778094664956686e-06
140.61757719714964,0.8658572894259933,0.1655010045048562,2.7727606163434628e-06
140.6425803225403,0.8664290416399807,0.16551628584873457,2.7677215708181782e-06
140.66758344793098,0.8669150232711159,0.16553354930838426,2.762692414098778e-06
140.69258657332168,0.8673065035852904,0.16555247684544738,2.7576732095128103e-06
140.71758969871235,0.8675971697333289,0.16557268822591664,2.752663997186014e-06
140.742592824103,0.8677820089371998,0.16559377079245735,2.7476648032868e-06
140.76759594949368,0.867857899640057,0.16561531788420658,2.742675636451622e-06
140.79259907488435,0.86782361150624,0.16563692883677325,2.737696487784968e-06
140.81760220027505,0.8676798054212738,0.16565820898223824,2.732727330859359e-06
140.84260532566572,0.8674290334918695,0.16567876964915412,2.7277681217153674e-06
140.86760845105638,0.8670757390459237,0.16569822816254542,2.722818798861586e-06
140.89261157644705,0.8666262566325187,0.16571620784390856,2.71787928327465e-06
140.91761470183772,0.8660888120219227,0.16573233801121173,2.7129494783992308e-06
140.94261782722842,0.8654728654139625,0.1657462748066208,2.7080292765094163e-06
140.9676209526191,0.864788909823206,0.16575776817880072,2.7031185630768637e-06
140.99262407800975,0.8640509144928236,0.1657665892175646,2.6982171946565396e-06
141.01762720340042,0.863273261814507,0.16577256139710045,2.693325026832372e-06
141.0426303287911,0.8624705538403724,0.16577556435729504,2.688441916017889e-06
141.0676334541818,0.8616576122829583,0.1657755339037338,2.6835677194562097e-06
141.09263657957246,0.8608494785152306,0.1657724620077009,2.6787022952200713e-06
141.11763970496312,0.8600614135705761,0.1657663968061792,2.6738455022117902e-06
141.1426428303538,0.8593088981428064,0.1657574426018502,2.66899720016329e-06
141.16764595574446,0.8586076325861575,0.16574575986309428,2.6641572496360905e-06
141.19264908113513,0.8579735153393909,0.16573156497379096,2.659325512183589e-06
141.21765220652583,0.8574196331784206,0.1657151150758082,2.654501873623735e-06
141.2426553319165,0.8569571796810077,0.1656967578784994,2.6496862377835226e-06
141.26765845730716,0.856596380191113,0.16567688183047938,2.6448785166595175e-06
141.29266158269783,0.8563450173665297,0.16565588482803972,2.6400786409395094e-06
141.3176647080885,0.8562084311788825,0.16563417421514903,2.6352865600025063e-06
141.3426678334792,0.8561895189136272,0.1656121667834528,2.6305022419187292e-06
141.36767095886987,0.8562887351700513,0.1655902887722736,2.6257256734496343e-06
141.39267408426053,0.8565040918612734,0.16556897586861086,2.6209568600478813e-06
141.4176772096512,0.8568311582142437,0.16554867320714092,2.6161958258573524e-06
141.44268033504187,0.8572633749860197,0.16552982090673996,2.611442610675211e-06
141.46768346043257,0.8577920853574336,0.1655127766400995,2.606697266076306e-06
141.49268658582324,0.8584047609021785,0.1654978792640338,2.601959873418374e-06
141.5176897112139,0.8590879899837225,0.16548541905077496,2.597230521382129e-06
141.54269283660457,0.8598277639233062,0.1654756308260943,2.5925093035513292e-06
141.56769596199524,0.8606094769999434,0.1654686939693023,2.5877963184127698e-06
141.59269908738594,0.8614179264504224,0.16546473241324877,2.5830916693562774e-06
141.6177022127766,0.8622373124693016,0.16546381464432267,2.5783954646747335e-06
141.64270533816727,0.8630512382089158,0.16546595370245207,2.5737078175640413e-06
141.66770846355794,0.8638427106279165,0.1654711071892204,2.569028846116455e-06
141.6927115889486,0.8645964293023422,0.16547918313789242,2.564358656389978e-06
141.7177147143393,0.8652986570625057,0.16548999533315284,2.559697346196289e-06
141.74271783972998,0.8659358581738733,0.1655033002611691,2.5550450118969855e-06
141.76772096512065,0.8664962684960891,0.16551882727449352,2.550401734901197e-06
141.7927240905113,0.866969895482973,0.165536278592063,2.5457675816656047e-06
141.81772721590198,0.8673485181825215,0.16555532929919928,2.541142603694438e-06
141.84273034129265,0.8676256872369071,0.16557562734760886,2.5365268375394728e-06
141.86773346668335,0.867796724882479,0.16559679355538293,2.5319203048000262e-06
141.89273659207402,0.8678587249497622,0.16561842160699736,2.52732301212298e-06
141.91773971746468,0.8678105528634584,0.1656400780533129,2.522734951202745e-06
141.94274284285535,0.8676527611568614,0.16566133566568106,2.5181560999789896e-06
141.96774596824602,0.8673883038744503,0.16568181125523795,2.51358641382143e-06
141.99274909363672,0.8670225002750127,0.1657010933441215,2.5090258256743827e-06
142.0177522190274,0.8665621020048523,0.1657188075768275,2.5044742580303267e-06
142.04275534441805,0.866015273600677,0.1657346191931699,2.4999316231847443e-06
142.06775846980872,0.8653915924896005,0.16574823302828065,2.4953978232361415e-06
142.0927615951994,0.8647020489891419,0.16575939351260988,2.490872750086042e-06
142.1177647205901,0.863959046307225,0.16576788467192563,2.4863562854389826e-06
142.14276784598076,0.8631764005421814,0.16577353012731408,2.481848300802535e-06
142.16777097137143,0.8623693406827457,0.16577619309517946,2.477348657487273e-06
142.1927740967621,0.8615537933071904,0.16577578215538152,2.4728572124913328e-06
142.21777722215276,0.8607445987673387,0.1657723036185479,2.468373836984227e-06
142.24278034754346,0.8599589612572716,0.1657658375052119,2.4638983885784146e-06
142.26778347293413,0.8592131515008874,0.16575651115476575,2.4594307333505388e-06
142.2927865983248,0.8585221371670114,0.16574449949823336,2.454970748617143e-06
142.31778972371546,0.8578995828693992,0.1657300250582705,2.450518322934692e-06
142.34279284910613,0.8573578501667355,0.16571335794916459,2.446073356099565e-06
142.3677959744968,0.8569079975626346,0.1656948158768349,2.4416357591480587e-06
142.3927990998875,0.8565597805056399,0.1656747641388324,2.437205454356378e-06
142.41780222527817,0.8563216513892251,0.1656536156243399,2.43278237524066e-06
142.44280535066883,0.856199749199281,0.1656317904885558,2.4283664716560558e-06
142.4678084760595,0.8561959808284638,0.16560972726235168,2.423957720494934e-06
142.49281160145017,0.8563099897551489,0.16558789424360287,2.4195561146970327e-06
142.51781472684087,0.8565392651191365,0.16556673180644355,2.415161661876069e-06
142.54281785223154,0.856879140508708,0.16554665228551524,2.410774384325022e-06
142.5678209776222,0.8573227939606278,0.16552803997596677,2.4063943190161006e-06
142.59282410301287,0.8578612479601427,0.1655112511334544,2.4020215176007645e-06
142.61782722840354,0.8584833694409816,0.16549661397414184,2.39765604640972e-06
142.64283035379424,0.8591758697853564,0.16548442867470003,2.3932979864529137e-06
142.6678334791849,0.8599235316593491,0.16547496564960168,2.38894743166228e-06
142.69283660457558,0.8607122417764607,0.16546841146991126,2.384604466730455e-06
142.71783972996624,0.8615250372115603,0.1654648608180541,2.3802692005750375e-06
142.7428428553569,0.8623446595894911,0.1654643574696138,2.3759417453538193e-06
142.7678459807476,0.8631547947341448,0.16546689354836183,2.3716222065967743e-06
142.79284910613828,0.8639400726684571,0.16547240952625755,2.3673106832060785e-06
142.81785223152895,0.8646860676144139,0.16548079422344822,2.363007267456082e-06
142.8428553569196,0.8653792979930472,0.16549188480826887,2.358712044993327e-06
142.86785848231028,0.8660072264244363,0.16550546679724254,2.354425094836543e-06
142.89286160770095,0.8665582597277074,0.16552127405508002,2.3501464893766473e-06
142.91786473309165,0.8670217489210347,0.16553898879468007,2.345876294376741e-06
142.94286785848232,0.867388515912111,0.16555826010910366,2.341614565786101e-06
142.96787098387298,0.8676528772860491,0.16557873392538533,2.3373613343819453e-06
142.99287410926365,0.8678104650419659,0.16559998758839792,2.3331166170978236e-06
143.01787723465432,0.8678586760742196,0.16562160343579332,2.328880416806642e-06
143.04288036004502,0.8677967736953953,0.16564317448854923,2.3246527218202505e-06
143.0678834854357,0.8676258876363052,0.1656643044509688,2.320433505889462e-06
143.09288661082635,0.8673490140459886,0.16568460771068108,2.316222728204023e-06
143.11788973621702,0.8669710154917114,0.1657037093386407,2.3120203333926337e-06
143.1428928616077,0.8664986209589666,0.165721245089128,2.3078262515229435e-06
143.1678959869984,0.8659404258514735,0.16573686139974897,2.3036403981015445e-06
143.19289911238906,0.865306750519198,0.1657502183453648,2.299462675191351e-06
143.21790223777973,0.8646078963471384,0.16576105852371625,2.295292986537483e-06
143.2429053631704,0.8638578257737479,0.1657691763774368,2.2911312112106933e-06
143.26790848856106,0.8630716276894635,0.1657744091925293,2.286977221992364e-06
143.29291161395176,0.862264399151476,0.1657766506372738,2.2828308938755696e-06
143.31791473934243,0.8614512453837336,0.1657758507622274,2.2786921040650962e-06
143.3429178647331,0.860647279776937,0.16577201600022434,2.2745607319774122e-06
143.36792099012376,0.8598676238885423,0.16576520916637605,2.2704366592406886e-06
143.39292411551443,0.859127407442761,0.16575554945807097,2.266319769694793e-06
143.41792724090513,0.858441768330558,0.16574321245497467,2.2622099493912857e-06
143.4429303662958,0.8578258526096559,0.1657284301190299,2.258107086593438e-06
143.46793349168647,0.8572939835052408,0.1657114818225312,2.25401107700895e-06
143.49293661707713,0.8568562500671352,0.16569269449837223,2.249921845633417e-06
143.5179397424678,0.8565221542292933,0.16567247647339853,2.245839322781317e-06
143.54294286785847,0.8562989992901471,0.16565124394269895,2.24176345297647e-06
143.56794599324917,0.8561916089525932,0.1656294153495057,2.237694196674098e-06
143.59294911863984,0.8562023273239933,0.16560741138519447,2.233631530260843e-06
143.6179522440305,0.8563310189161737,0.16558565498928418,2.229575446054741e-06
143.64295536942117,0.8565750686454254,0.16556457134943714,2.2255259523052404e-06
143.66795849481184,0.8569293818325046,0.16554458790145904,2.2214830731931952e-06
143.69296162020254,0.8573863842026322,0.16552613432929894,2.217446848830863e-06
143.7179647455932,0.8579370877556343,0.16550959677700003,2.213417326653735e-06
143.74296787098388,0.858569572968364,0.16549528178524345,2.2093945709158717e-06
143.76797099637454,0.8592693545463962,0.16548346908653497,2.2053786638329755e-06
143.7929741217652,0.8600216671819575,0.165474381576211,2.201369689825683e-06
143.8179772471559,0.8608114694422716,0.16546818521992723,2.197367735490833e-06
143.84298037254658,0.8616234437695558,0.16546498905365847,2.1933728896014877e-06
143.86798349793725,0.8624419964810265,0.16546484518369883,2.189385243106903e-06
143.89298662332791,0.8632512577688952,0.16546774878666157,2.185404889132547e-06
143.91798974871858,0.8640350817003699,0.16547363810947918,2.1814319229800967e-06
143.94299287410928,0.864777199805804,0.16548239616634144,2.177466441135701e-06
143.96799599949995,0.8654641871084319,0.16549385932034427,2.1735085231144885e-06
143.99299912489062,0.8660833827999604,0.16550776884346746,2.169558245348906e-06
144.01800225028128,0.8666232230590641,0.16552382932774162,2.1656156760892597e-06
144.04300537567195,0.8670739871252917,0.16554172465593345,2.1616808702123624e-06
144.06800850106262,0.8674277972990665,0.16556111800154566,2.1577538692215357e-06
144.09301162645332,0.8676786189416869,0.165581651828817,2.1538347012466014e-06
144.118014751844,0.8678222604753245,0.16560294789272229,2.1499233810439042e-06
144.14301787723466,0.8678563733830272,0.16562460723897227,2.146019909996281e-06
144.16802100262532,0.8677804522087168,0.16564621020401382,2.1421242761130808e-06
144.193024128016,0.8675958341632509,0.16566731644934488,2.1382364540338174e-06
144.2180272534067,0.8673053536712408,0.16568752526558148,2.134356408027264e-06
144.24303037879736,0.8669145440190718,0.16570645974218332,2.130484080484152e-06
144.26803350418803,0.8664310131910355,0.16572374088218406,2.1266193987084846e-06
144.2930366295787,0.8658636068088763,0.16573903428687994,2.122762282930561e-06
144.31803975496936,0.8652224081317906,0.16575205015582972,2.118912646306973e-06
144.34304288036006,0.8645187380564263,0.16576254328685489,2.115070394920599e-06
144.36804600575073,0.863765155116886,0.1657703130760394,2.111235427780623e-06
144.3930491311414,0.8629754554847222,0.16577520351772987,2.1074076368225098e-06
144.41805225653206,0.8621646729689403,0.1657771032045355,2.1035869069080174e-06
144.44305538192273,0.861349079015998,0.1657759453273281,2.0997731158251983e-06
144.46805850731343,0.8605448119661085,0.1657717171058587,2.0959661438433852e-06
144.4930616327041,0.8597671141917571,0.16576450797820524,2.0921658826360863e-06
144.51806475809477,0.8590327432074222,0.16575447198131052,2.0883722167868222e-06
144.54306788348543,0.8583569528033831,0.16574180597712318,2.0845850413018747e-06
144.5680710088761,0.8577534098700685,0.1657267496437675,2.080804262141673e-06
144.59307413426677,0.8572341943980571,0.16570958547554315,2.077029796220795e-06
144.61807725965747,0.8568097994780767,0.1656906387829254,2.073261571407961e-06
144.64308038504814,0.8564891313010062,0.1656702776925651,2.069499526526053e-06
144.6680835104388,0.8562795091578728,0.16564891314728852,2.0657436113520878e-06
144.69308663582947,0.85618660341908,0.16562699265624417,2.0619937867809195e-06
144.71808976122014,0.8562127163919921,0.1656049398897043,2.0582500316273714e-06
144.74309288661084,0.8563564885030942,0.16558321747955365,2.0545123453619903e-06
144.7680960120015,0.8566144962318462,0.16556227258486172,2.0507807396800193e-06
144.79309913739218,0.8569813144263339,0.16554251885638352,2.047055237856075e-06
144.81810226278284,0.8574495163032689,0.16552433643655956,2.0433358747441624e-06
144.8431053881735,0.8580096734479887,0.16550807195951595,2.039622696777674e-06
144.8681085135642,0.8586503558144569,0.1654940385510643,2.0359157619693832e-06
144.89311163895488,0.8593581317252607,0.16548251582870183,2.032215139911462e-06
144.91811476434555,0.8601175678716149,0.1654737499016113,2.0285209117754556e-06
144.94311788973621,0.8609134872537634,0.16546793558738515,2.0248331557577978e-06
144.96812101512688,0.8617301195725167,0.165465157315305,2.0211519563142615e-06
144.99312414051758,0.8625497564677007,0.1654654345326313,2.017477412429144e-06
145.01812726590825,0.8633558192426483,0.16546873825538785,2.013809616118587e-06
145.04313039129892,0.8641328653969129,0.16547499106379912,2.010148652386237e-06
145.06813351668958,0.8648665886262651,0.1654840671022901,2.0064945992232615e-06
145.09313664208025,0.8655438188226933,0.16549579207948642,2.002847527608344e-06
145.11813976747095,0.8661525220744045,0.1655099432682144,1.9992075015076813e-06
145.14314289286162,0.8666818006658217,0.16552624950550082,1.9955745778749994e-06
145.1681460182523,0.8671218930775877,0.16554439119257316,1.991948806651528e-06
145.19314914364296,0.8674641739865626,0.16556400029485951,1.9883302307660188e-06
145.21815226903362,0.867702002236697,0.16558469654422708,1.9847188819449534e-06
145.2431553944243,0.8678320830669419,0.16560609611876068,1.9811147697559096e-06
145.268158519815,0.8678524479804542,0.16562776301819399,1.9775178916916375e-06
145.29316164520566,0.867762922226384,0.16564927762988,1.9739282335337333e-06
145.31816477059633,0.8675651422465238,0.16567023787204374,1.9703457692917536e-06
145.343167895987,0.867262555675309,0.16569025919378239,1.9667704612032276e-06
145.36817102137766,0.8668604213398167,0.16570897457506512,1.963202259733656e-06
145.39317414676836,0.8663658092597666,0.16572603452673315,1.9596411035765037e-06
145.41817727215903,0.8657876006475219,0.16574110709049983,1.9560869196532207e-06
145.4431803975497,0.8651364879080872,0.1657538778389505,1.9525396231132125e-06
145.46818352294036,0.8644243514188037,0.16576406034449126,1.9489991214755713e-06
145.49318664833103,0.863663162948069,0.16577146346431945,1.9454653243501654e-06
145.51818977372173,0.8628688346835854,0.16577594592098063,1.94193811951133e-06
145.5431928991124,0.8620573907979459,0.16577741830642725,1.938417395789262e-06
145.56819602450307,0.8612445235154284,0.1657758468134752,1.9349030458545786e-06
145.59319914989374,0.8604455931119998,0.16577125323580355,1.931394966218332e-06
145.6182022752844,0.8596756279153146,0.1657637149679547,1.927893057232005e-06
145.6432054006751,0.8589493243047145,0.16575336500533422,1.924397223087509e-06
145.66820852606577,0.8582810467112315,0.16574039194421109,1.9209073718171973e-06
145.69321165145644,0.8576848276175827,0.16572503998171745,1.9174234152938425e-06
145.7182147768471,0.8571743675581741,0.1657076089158488,1.9139452692306536e-06
145.74321790223777,0.8567619935967374,0.16568843810154105,1.9104728584343316e-06
145.76822102762844,0.8564553254157729,0.16566790096508344,1.907006133483783e-06
145.79322415301914,0.8562608723891718,0.16564644428038638,1.9035450517895869e-06
145.8182272784098,0.8561828490044354,0.16562450976469995,1.9000895831996298e-06
145.84323040380048,0.8562230211289987,0.16560252988179827,1.8966397107684935e-06
145.86823352919114,0.8563807060102315,0.16558092784197948,1.8931954307574714e-06
145.8932366545818,0.8566527722754381,0.1655601176020659,1.889756752634564e-06
145.9182397799725,0.8570336399318579,0.16554050386540387,1.8863236990744753e-06
145.94324290536318,0.8575152803666635,0.16552248208186382,1.882896305958629e-06
145.96824603075385,0.858087216346963,0.16550643844784024,1.8794746223751437e-06
145.99324915614451,0.8587376186333872,0.16549272094760734,1.8760587036690772e-06
146.01825228153518,0.8594533070874335,0.16548157224731713,1.8726486111684229e-06
146.04325540692588,0.8602180760526622,0.16547319888842346,1.869244424692894e-06
146.06825853231655,0.8610158654690279,0.16546775154385512,1.865846223665501e-06
146.09326165770722,0.8618308447278092,0.16546532376014275,1.862454086594587e-06
146.11826478309789,0.8626474126716053,0.16546595195741914,1.8590680910738427e-06
146.14326790848855,0.8634501975943363,0.16546961542941896,1.855688313782304e-06
146.16827103387925,0.8642240572412445,0.16547623634347902,1.8523148304843462e-06
146.19327415926992,0.864954078808891,0.16548567974053802,1.8489477160297002e-06
146.2182772846606,0.8656255789451602,0.1654977535351368,1.8455870443534302e-06
146.24328041005126,0.8662256704539129,0.16551223338660348,1.8422328801143856e-06
146.26828353544192,0.86674421831927,0.16552882637099214,1.838885273640423e-06
146.2932866608326,0.867171718756062,0.16554717386180307,1.835544270766744e-06
146.3182897862233,0.8675005677375488,0.16556690958081716,1.832209905455071e-06
146.34329291161396,0.867725067975157,0.16558765978713239,1.8288821997555e-06
146.36829603700463,0.8678414289184831,0.16560904327716408,1.8255611638064783e-06
146.3932991623953,0.8678477667552913,0.16563067138464463,1.8222467958348203e-06
146.41830228778596,0.8677441044115137,0.16565214798062364,1.818939082155703e-06
146.44330541317666,0.8675323715512508,0.16567306947346794,1.8156379971726625e-06
146.46830853856733,0.8672164045767721,0.16569302480886144,1.812343503377609e-06
146.493311663958,0.8668019464690236,0.16571159547678246,1.8090555513519017e-06
146.51831478934866,0.8662957292911947,0.16572841939297137,1.8057740862186558e-06
146.54331791473933,0.8657071393589026,0.1657431900753767,1.8024990370137184e-06
146.56832104013003,0.8650477932433657,0.16575561019116503,1.7992303199502196e-06
146.5933241655207,0.8643300316766813,0.16576543550045675,1.7959678487600608e-06
146.61832729091137,0.8635669195518217,0.16577247485632604,1.7927115346938923e-06
146.64333041630204,0.8627722459226365,0.16577659020480087,1.7894612865211285e-06
146.6683335416927,0.8619605240038524,0.16577769658486302,1.7862170105299443e-06
146.6933366670834,0.8611469911710717,0.16577576212844805,1.7829786105272706e-06
146.71833979247407,0.8603476089607769,0.1657708080604454,1.7797459878388105e-06
146.74334291786474,0.8595790630703242,0.16576290869869817,1.7765190413090154e-06
146.7683460432554,0.8588577725244548,0.1657521902803725,1.7732976727087928e-06
146.79334916864607,0.8581974284060112,0.16573886189172674,1.7700818017927766e-06
146.81835229403677,0.8576124898303293,0.16572321072866097,1.76687134641186e-06
146.84335541942744,0.857115493051784,0.165705552620117,1.7636662347182455e-06
146.8683585448181,0.8567168062947476,0.16568623008581404,1.760466406417942e-06
146.89336167020878,0.8564246297535929,0.16566561233624888,1.7572718127707783e-06
146.91836479559944,0.8562449955926927,0.1656440952726958,1.754082416590401e-06
146.9433679209901,0.8561817679464198,0.16562210148720652,1.7508981922442723e-06
146.9683710463808,0.8562366429191465,0.16560008026261028,1.7477191256536683e-06
146.99337417177148,0.8564091889866402,0.16557850265880075,1.7445452139546781e-06
147.01837729716215,0.8566963581850326,0.16555779009753566,1.7413764651659577e-06
147.04338042255281,0.8570909456088389,0.16553836491200985,1.7382129070484889e-06
147.06838354794348,0.8575839550630032,0.1655206202433029,1.7350545766219222e-06
147.09338667333418,0.8581650256301699,0.16550490183695996,1.7319015177727073e-06
147.11838979872485,0.8588224316706807,0.16549150804299173,1.7287537812541076e-06
147.14339292411552,0.8595430828225787,0.16548068981587452,1.7256114246861782e-06
147.16839604950619,0.8603125240016062,0.1654726507145502,1.7224745125557804e-06
147.19339917489685,0.8611149354012042,0.16546754690242615,1.7193431162165782e-06
147.21840230028755,0.861933132579104,0.16546548714756415,1.7162173138885676e-06
147.24340542567822,0.8627509109282047,0.1654665225932639,1.713097178859661e-06
147.2684085510689,0.8635525683382106,0.16547060058049493,1.7099827847860218e-06
147.29341167645956,0.8643218405797588,0.16547760810296427,1.7068742091899512e-06
147.31841480185022,0.8650439435263354,0.1654873912257366,1.7037715216355557e-06
147.34341792724092,0.8657055731542762,0.16549975508523435,1.7006747837287446e-06
147.3684210526316,0.8662949055427639,0.16551446388923752,1.6975840491172424e-06
147.39342417802226,0.8668015968738321,0.16553124091688384,1.6944993634905692e-06
147.41842730341293,0.867216783432363,0.16554976851866868,1.6914207645800538e-06
147.4434304288036,0.8675330816060876,0.16556968811644515,1.6883482821588308e-06
147.46843355419426,0.8677445878855858,0.16559060020342395,1.68528193804184e-06
147.49343667958496,0.8678471855950901,0.16561209713208425,1.6822217448129808e-06
147.51843980497563,0.8678395690253317,0.1656337851478687,1.6791676979966359e-06
147.5434429303663,0.8677223014684424,0.16565522576546626,1.6761197804270832e-06
147.56844605575697,0.867497651108776,0.16567600423564316,1.6730779657918893e-06
147.59344918114763,0.867169598047793,0.1656957314639936,1.6700422186443777e-06
147.61845230653833,0.866743834304061,0.16571404401093964,1.667012494403627e-06
147.643455431929,0.8662277638132557,0.16573060409173115,1.6639887393544822e-06
147.66845855731967,0.8656305024281592,0.16574509957644593,1.660970890647537e-06
147.69346168271034,0.8649628779186607,0.16575724398998967,1.6579588762991447e-06
147.718464808101,0.8642374299717567,0.16576677651209587,1.654952615191417e-06
147.7434679334917,0.8634675347206376,0.1657734703580981,1.6519520218968708e-06
147.76847105888237,0.8626663517890852,0.16577719426313062,1.6489570151965297e-06
147.79347418427304,0.8618510679869857,0.16577788572124763,1.6459674957522645e-06
147.8184773096637,0.8610384886901259,0.1657755338344096,1.6429833675053264e-06
147.84348043505437,0.8602446425578418,0.16577018027487728,1.6400045397126112e-06
147.86848356044507,0.8594847815330182,0.16576191928521194,1.637030926946656e-06
147.89348668583574,0.858773380842092,0.16575089767827525,1.6340624490956527e-06
147.9184898112264,0.858124138995047,0.16573731483722928,1.6310990313634277e-06
147.94349293661708,0.8575499777854173,0.16572142271553658,1.6281406042694552e-06
147.96849606200774,0.8570630422902865,0.1657035258369601,1.6251871036488542e-06
147.9934991873984,0.8566747008702876,0.16568398129556322,1.6222384706523883e-06
148.0185023127891,0.8563952677610142,0.1656631904171329,1.6192946528001964e-06
148.04350543817978,0.8562303264069298,0.1656415447488143,1.6163556179705085e-06
148.06850856357045,0.8561825414347085,0.16561951173396647,1.6134213472199998e-06
148.09351168896112,0.856252649231803,0.16559755422715267,1.6104918306655933e-06
148.11851481435178,0.8564391608791234,0.16557611077284076,1.6075670685900447e-06
148.14351793974248,0.8567383621510379,0.16555559560540323,1.6046470714419388e-06
148.16852106513315,0.8571443135153708,0.16553639864911723,1.6017318598357031e-06
148.19352419052382,0.8576488501334052,0.1655188855181645,1.5988214645515874e-06
148.21852731591449,0.8582415818598812,0.1655033975166314,1.595915926535678e-06
148.24353044130515,0.8589098932429965,0.16549025163850897,1.5930152968998934e-06
148.26853356669585,0.8596389435244072,0.16547974056769282,1.590119636921981e-06
148.29353669208652,0.860414152499099,0.16547208906348945,1.5872290052788885e-06
148.3185398174772,0.8612199089123285,0.1654674084991843,1.5843434667183008e-06
148.34354294286786,0.862038761482216,0.16546576453439862,1.5814630965101118e-06
148.36854606825852,0.8628541537416405,0.16546717035416522,1.578587965807532e-06
148.39354919364922,0.863650424087608,0.16547158666844689,1.5757181416468251e-06
148.4185523190399,0.8644128057812478,0.16547892171213646,1.5728536869473212e-06
148.44355544443056,0.865127426947818,0.16548903124505682,1.5699946605113963e-06
148.46855856982123,0.8657813105767016,0.1655017185519608,1.5671411170244866e-06
148.4935616952119,0.866362374521408,0.16551673444253134,1.5642931070550845e-06
148.5185648206026,0.8668594314995728,0.16553377725138144,1.5614506770547354e-06
148.54356794599326,0.8672626770292536,0.16555250952474024,1.5586138673350314e-06
148.56857107138393,0.8675657010015848,0.16557258603440345,1.5557827019941997e-06
148.5935741967746,0.8677634057910081,0.165593590381786,1.5529571962848067e-06
148.61857732216527,0.8678524629725445,0.16561510838816337,1.550137356045041e-06
148.64358044755593,0.8678314242786574,0.1656367342161516,1.547323177307047e-06
148.66858357294663,0.8677007215992522,0.1656580703697073,1.544514646296923e-06
148.6935866983373,0.8674626669816767,0.1656787276941275,1.5417117394347324e-06
148.71858982372797,0.8671214526307209,0.16569832537604992,1.5389144233344852e-06
148.74359294911864,0.8666831509086171,0.16571649094345273,1.5361226548041515e-06
148.7685960745093,0.8661557143350395,0.16573286026565465,1.5333363808456566e-06
148.7935991999,0.865548878461137,0.1657470797838857,1.530555539169411e-06
148.81860232529067,0.8648724865598189,0.16575887545417087,1.5277800677966637e-06
148.84360545068134,0.8641399020462833,0.16576802392847872,1.525009888686375e-06
148.868608576072,0.8633658132449764,0.16577434152811357,1.5222449185631718e-06
148.89361170146267,0.8625650264870256,0.16577770091536553,1.5194850751072123e-06
148.91861482685337,0.8617524661102395,0.16577803109351064,1.5167302769541836e-06
148.94361795224404,0.8609431744591113,0.1657753174068107,1.5139804436953142e-06
148.9686210776347,0.8601523118848132,0.16576960154051348,1.5112354958773545e-06
148.99362420302538,0.8593951567452005,0.16576098152085256,1.5084953550025898e-06
149.01862732841604,0.8586871054048099,0.16574961171504735,1.5057599435288373e-06
149.04363045380674,0.8580436722348593,0.1657357028313031,1.5030291848694427e-06
149.0686335791974,0.8574796096515804,0.16571951381449704,1.5003030071412168e-06
149.09363670458808,0.8570056290846593,0.16570135768098226,1.4975813575122928e-06
149.11863982997875,0.8566320816038017,0.16568162864825225,1.4948641858357321e-06
149.14364295536942,0.8563671249801249,0.16566073174026127,1.492151451439064e-06
149.16864608076008,0.8562164510900862,0.16563907796065797,1.4894431242477004e-06
149.19364920615078,0.856183285915483,0.16561708429278543,1.4867391847849327e-06
149.21865233154145,0.8562683895434534,0.16559517369968133,1.484039624171944e-06
149.24365545693212,0.8564700561664751,0.1655737751240777,1.4813444441277904e-06
149.2686585823228,0.8567841140823664,0.16555332348840104,1.4786536569694141e-06
149.29366170771345,0.8572039266094013,0.16553425966889915,1.475967285607075e-06
149.31866483310415,0.8577214230970234,0.165516975586715,1.4732853577165122e-06
149.34366795849482,0.8583250690429499,0.1655017977471116,1.4706079145047606e-06
149.3686710838855,0.8590010574233691,0.1654890252776007,1.4679350076980797e-06
149.39367420927616,0.8597351388604174,0.16547890101333998,1.465266691159744e-06
149.41867733466682,0.8605126216221809,0.16547161149713305,1.4626030208900408e-06
149.44368046005752,0.8613183716226958,0.16546728697942964,1.4599440550262657e-06
149.4686835854482,0.8621368124219444,0.16546600141832532,1.4572898538427359e-06
149.49368671083886,0.8629519252258615,0.16546777247956174,1.4546404797507717e-06
149.51868983622953,0.86374724888633,0.1654725615365265,1.451995997298708e-06
149.5436929616202,0.864506234408475,0.16548027649263397,1.449356471648997e-06
149.5686960870109,0.8652153247854686,0.16549076822655168,1.4467219562769547e-06
149.59369921240156,0.8658611206941631,0.16550379353977826,1.4440925052930627e-06
149.61870233779223,0.8664315130504533,0.1655190762147889,1.4414681665314285e-06
149.6437054631829,0.8669162019453103,0.16553631593312457,1.4388489791440282e-06
149.66870858857357,0.8673066966447828,0.1655551882753922,1.436234973600704e-06
149.69371171396423,0.8675963155899966,0.16557534472126456,1.433626171689163e-06
149.71871483935493,0.8677801863971555,0.16559641264948038,1.431022586514976e-06
149.7437179647456,0.8678552458575397,0.16561799533784421,1.4284242225015872e-06
149.76872109013627,0.8678202399375075,0.16563967196322654,1.4258310753902985e-06
149.79372421552694,0.867675710469704,0.1656609992808556,1.4232431323287707e-06
149.8187273409176,0.8674238331287508,0.1656815849251104,1.4206603728584997e-06
149.8437304663083,0.8670696246044981,0.16570103394919014,1.4180827608213572e-06
149.86873359169897,0.8666199013164725,0.16571895976028833,1.4155102516276455e-06
149.89373671708964,0.8660828129790764,0.16573501782493205,1.4129427954144485e-06
149.9187398424803,0.8654678426015893,0.16574890566898182,1.4103803370456424e-06
149.94374296787097,0.8647858064881673,0.1657603628776316,1.407822816111893e-06
149.96874609326167,0.8640488542378425,0.1657691710954089,1.405270166930653e-06
149.99374921865234,0.8632704687445264,0.16577515402617465,1.4027223185461736e-06
150.018752344043,0.8624654661970045,0.16577817743312329,1.4001791947294873e-06
150.04375546943368,0.86164999607894,0.1657781491387827,1.3976407139784185e-06
150.06875859482435,0.8608395396557872,0.1657750381857841,1.3951067990503552e-06
150.09376172021504,0.8600499278629503,0.16576891734988944,1.39257737510112e-06
150.1187648456057,0.8592980343135843,0.16575991506972584,1.3900523641608776e-06
150.14376797099638,0.8585992947496384,0.16574820525917297,1.3875316950600647e-06
150.16877109638705,0.857967705981906,0.16573400730986912,1.3850153034340218e-06
150.19377422177772,0.8574158258900243,0.16571758609121093,1.3825031317229896e-06
150.2187773471684,0.8569547734224743,0.16569925195035365,1.379995129172107e-06
150.24378047255908,0.8565942285965816,0.16567936071221104,1.3774912518314222e-06
150.26878359794975,0.8563424324985146,0.1656583136794553,1.3749914625558752e-06
150.29378672334042,0.8562060585210276,0.16563654876525585,1.3724957313169022e-06
150.3187898487311,0.8561881289393908,0.16561448485977123,1.3700040411206554e-06
150.34379297412175,0.8562882975518415,0.1655925888005433,1.3675163877827235e-06
150.36879609951245,0.8565041410663852,0.16557131127829186,1.3650327752614942e-06
150.39379922490312,0.8568311470894211,0.1655510724029202,1.3625532155506719e-06
150.4188023502938,0.8572627141257434,0.16553226170351484,1.3600777286792626e-06
150.44380547568446,0.8577901515785407,0.16551523812834595,1.3576063427115831e-06
150.46880860107512,0.8584026797493958,0.16550033004486697,1.3551390937472603e-06
150.49381172646582,0.859087429838287,0.16548783523971478,1.3526760259212262e-06
150.5188148518565,0.8598294439435845,0.1654780209187098,1.3502171914037308e-06
150.54381797724716,0.8606137241403398,0.16547110300159407,1.3477626416463693e-06
150.56882110263783,0.861424747308663,0.16546718784157421,1.345312431537916e-06
150.5938242280285,0.8622448303653037,0.16546632043426635,1.3428666264270312e-06
150.6188273534192,0.8630573047307171,0.16546849551152099,1.3404252875809005e-06
150.64383047880986,0.8638465334178749,0.16547365749409879,1.3379884721089874e-06
150.66883360420053,0.8645979110322711,0.16548170049167057,1.3355562329630142e-06
150.6938367295912,0.8652978637719182,0.16549246830281736,1.3331286189369756e-06
150.71883985498187,0.8659338494273479,0.16550575441503035,1.3307056746671342e-06
150.74384298037256,0.8664943573816115,0.16552130200471085,1.3282874406320185e-06
150.76884610576323,0.8669689086102784,0.16553880393717044,1.3258739531524337e-06
150.7938492311539,0.8673480605657198,0.16555790301177378,1.323465244377272e-06
150.81885235654457,0.8676249460516937,0.1655782442666141,1.3210613368313252e-06
150.84385548193524,0.8677954506264338,0.16559943057697402,1.3186622399069962e-06
150.8688586073259,0.8678568036125729,0.1656210330031832,1.3162679557517406e-06
150.8938617327166,0.8678080794940968,0.16564263628653267,1.3138784784404242e-06
150.91886485810727,0.8676501979163447,0.16566383884927438,1.311493793975333e-06
150.94386798349794,0.8673859236860089,0.16568425279462165,1.3091138802861568e-06
150.9688711088886,0.8670198667711347,0.1657035039067489,1.306738707230001e-06
150.99387423427928,0.866558482301121,0.16572123165079172,1.3043682365913833e-06
151.01887735966997,0.8660100705667189,0.1657370891728469,1.3020024220822305e-06
151.04388048506064,0.8653847770200344,0.1657507432999723,1.2996412093418901e-06
151.0688836104513,0.8646936307581797,0.16576189654449555,1.2972845403020575e-06
151.09388673584198,0.86394867852046,0.16577034705132682,1.2949323544119804e-06
151.11888986123265,0.8631654175953566,0.16577592795416446,1.2925845780598885e-06
151.14389298662334,0.8623593454200182,0.16577852684558042,1.2902411388620575e-06
151.168896112014,0.8615458232942731,0.16577808753465498,1.2879019662471726e-06
151.19389923740468,0.8607400763806236,0.16577461004697702,1.2855669914563109e-06
151.21890236279535,0.8599571937042502,0.16576815062464378,1.2832361475429532e-06
151.24390548818602,0.8592121281530098,0.16575882172626097,1.2809093693729809e-06
151.2689086135767,0.8585196964774361,0.1657467920269428,1.2785865936246736e-06
151.29391173896738,0.8578945792907415,0.16573228641831192,1.2762677587887189e-06
151.31891486435805,0.8573513210688134,0.16571558600849942,1.2739528051681977e-06
151.34391798974872,0.8569019222234663,0.16569700299413662,1.2716416832697477e-06
151.3689211151394,0.8565549859441698,0.16567692052332103,1.2693343567299573e-06
151.39392424053005,0.8563181507736592,0.16565576914186164,1.2670307930948735e-06
151.41892736592075,0.8561965755318249,0.1656339767577494,1.2647309688594124e-06
151.44393049131142,0.8561929389636692,0.1656119686346291,1.2624348694685822e-06
151.4689336167021,0.856307439739305,0.16559016739179916,1.2601424893174687e-06
151.49393674209276,0.8565377964539572,0.165568993004212,1.257853831751244e-06
151.51893986748343,0.8568792476279621,0.16554886280247363,1.2555689090651655e-06
151.54394299287412,0.8573245517067679,0.16553019147284403,1.2532877425045722e-06
151.5689461182648,0.8578640787844004,0.1655133888396343,1.2510103618780426e-06
151.59394924365546,0.8584874354310544,0.16549878607742022,1.248736798212846e-06
151.61895236904613,0.859180532884902,0.16548665535126264,1.2464670960826227e-06
151.6439554944368,0.8599280317179524,0.16547722707137813,1.2442013052701837e-06
151.6689586198275,0.8607145326883315,0.16547067430304938,1.2419394760130976e-06
151.69396174521816,0.8615245767402787,0.16546711276662532,1.2396816590037005e-06
151.71896487060883,0.8623426450041521,0.16546660083752096,1.2374279053890807e-06
151.7439679959995,0.8631531587964252,0.1654691395462175,1.2351782667710888e-06
151.76897112139017,0.8639404796196873,0.16547467257826226,1.2329327952063353e-06
151.79397424678086,0.864688909162645,0.16548308627426878,1.230691543206188e-06
151.81897737217153,0.8653831393049839,0.16549421719688417,1.2284545620563547e-06
151.8439804975622,0.8660111569652759,0.16550786086317681,1.2262218917051514e-06
151.86898362295287,0.8665613397470109,0.165523706667975,1.2239935714813948e-06
151.89398674834354,0.8670235795664922,0.16554142035731428,1.2217696343571098e-06
151.91898987373423,0.8673896571029402,0.16556065506918533,1.2195501054450833e-06
151.9439929991249,0.8676532417984903,0.16558105133353393,1.2173350019988744e-06
151.96899612451557,0.8678098918581963,0.1656022370722611,1.215124333412799e-06
151.99399924990624,0.8678570542500277,0.16562382759922298,1.2129181012219404e-06
152.0190023752969,0.8677940647048707,0.16564542562023085,1.2107162991021454e-06
152.04400550068758,0.8676221477165283,0.16566662123305118,1.2085189128700264e-06
152.06900862607827,0.8673444165417196,0.16568699192740557,1.206325920482957e-06
152.09401175146894,0.8669658299151282,0.16570610531540472,1.2041372922513685e-06
152.1190148768596,0.8664924126146792,0.16572361060904828,1.201952994815194e-06
152.14401800225028,0.8659333314141798,0.16573917710220584,1.1997729814539106e-06
152.16902112764095,0.8652994054734102,0.16575249383120075,1.1975971993642444e-06
152.19402425303164,0.864602326277351,0.1657633011759213,1.1954255934517767e-06
152.2190273784223,0.8638546576361863,0.16577139085982093,1.1932581063309546e-06
152.24403050381298,0.8630698356852988,0.16577660594991814,1.191094678325076e-06
152.26903362920365,0.8622621688852732,0.16577884085679648,1.1889352474662993e-06
152.29403675459432,0.8614468380218951,0.16577804133460458,1.1867797494956402e-06
152.319039879985,0.8606398962061506,0.16577420448105612,1.1846281178629706e-06
152.34404300537568,0.8598582688742291,0.16576737873742986,1.1824802837270275e-06
152.36904613076635,0.8591178081499856,0.16575766830789979,1.1803361832732071e-06
152.39404925615702,0.8584330104055791,0.16574527529010205,1.178195760319939e-06
152.4190523815477,0.8578188556422273,0.16573046139090364,1.1760589579175477e-06
152.44405550693838,0.8572883063758564,0.16571352004551404,1.173925726419147e-06
152.46905863232905,0.8568522936616162,0.16569477636098526,1.171796023529763e-06
152.49406175771972,0.8565197170938766,0.16567458711621194,1.1696698143063212e-06
152.5190648831104,0.8562974448062297,0.16565334076193122,1.1675470711576547e-06
152.54406800850106,0.8561903134714896,0.1656314574207228,1.1654277738445032e-06
152.56907113389173,0.856201128301692,0.165609388887009,1.1633119094795124e-06
152.59407425928242,0.8563306512446963,0.16558760044827203,1.161199472191454e-06
152.6190773846731,0.8565761290715451,0.1655665135536578,1.1590904660464197e-06
152.64408051006376,0.8569313224757897,0.16554656704762366,1.1569849065879283e-06
152.66908363545443,0.857388336312004,0.16552816185008468,1.154882814909721e-06
152.6940867608451,0.8579376958462334,0.16551165514757338,1.152784217334012e-06
152.7190898862358,0.8585683467559956,0.16549736039323976,1.1506891454114862e-06
152.74409301162646,0.8592676551302778,0.16548554730685122,1.148597635921309e-06
152.76909613701713,0.8600214074695408,0.16547644187479263,1.146509730871111e-06
152.7940992624078,0.8608138106857164,0.16547022635006625,1.1444254774969987e-06
152.81910238779847,0.8616277410622007,0.16546703871513807,1.1423449273852586e-06
152.84410551318916,0.862447855406479,0.16546693968844792,1.1402681264516745e-06
152.86910863857983,0.8632573936679847,0.16546989325746692,1.1381951274358221e-06
152.8941117639705,0.864040020680924,0.16547581438038894,1.1361259818111202e-06
152.91911488936117,0.8647807582998255,0.16548457356905338,1.1340607362772222e-06
152.94411801475184,0.8654659853995416,0.1654959968889452,1.131999432760015e-06
152.96912114014253,0.8660834378752493,0.16550986595919484,1.1299421084116142e-06
152.9941242655332,0.8666222086424472,0.16552591795257832,1.1278887956103765e-06
153.01912739092387,0.8670727476369596,0.16554384559551713,1.125839521960883e-06
153.04413051631454,0.8674268618149343,0.16556329716807833,1.1237943102939506e-06
153.0691336417052,0.8676777248757896,0.16558387752652126,1.1217531786468689e-06
153.09413676709588,0.8678208498307874,0.16560520814659574,1.1197161370723273e-06
153.11913989248657,0.8678543006710606,0.16562687270354592,1.1176831844535045e-06
153.14414301787724,0.8677777906450125,0.16564843817374938,1.1156543128745154e-06
153.1691461432679,0.8675928059656016,0.16566949262872718,1.1136295079945903e-06
153.19414926865858,0.8673026058103415,0.16568964523514385,1.1116087490480847e-06
153.21915239404925,0.8669122223213006,0.16570852625480728,1.1095920088444766e-06
153.24415551943994,0.8664284606051021,0.1657257870446689,1.1075792537683633e-06
153.2691586448306,0.8658598987329258,0.1657411000568235,1.1055704437794726e-06
153.29416177022128,0.8652168877405048,0.1657541588385093,1.1035655324126474e-06
153.31916489561195,0.8645115516281279,0.1657646780321081,1.1015644667778552e-06
153.34416802100262,0.8637559929008528,0.16577242396569752,1.09956719441231e-06
153.3691711463933,0.8629643239712842,0.16577725721869735,1.0975736580135572e-06
153.39417427178398,0.8621532661495845,0.16577908552972498,1.0955837924038418e-06
153.41917739717465,0.8613390326390185,0.16577787123191096,1.0935975351242907e-06
153.44418052256532,0.860537323275792,0.1657736312957505,1.091614826453614e-06
153.469183647956,0.8597633245290526,0.1657664373291037,1.0896356094081005e-06
153.49418677334668,0.8590317095008876,0.16575641557719525,1.0876598297416176e-06
153.51918989873735,0.8583566379263279,0.16574374692261465,1.0856874359456186e-06
153.54419302412802,0.8577517561733428,0.16572866688531607,1.0837183792491301e-06
153.5691961495187,0.8572301972428433,0.16571146562261846,1.0817526136187609e-06
153.59419927490936,0.8568045807686816,0.16569248792920552,1.079790095758699e-06
153.61920240030003,0.856485032769663,0.16567209406997344,1.0778307907053012e-06
153.64420552569072,0.8562772111629556,0.16565069797835238,1.0758746767594533e-06
153.6692086510814,0.8561853319220749,0.16562876823054892,1.073921736668431e-06
153.69421177647206,0.8562112835256084,0.16560675540179515,1.0719719602981651e-06
153.71921490186273,0.8563546228551947,0.16558509191828247,1.0700253446451509e-06
153.7442180272534,0.8566125751955241,0.16556419205716158,1.0680818938364447e-06
153.7692211526441,0.8569800342343383,0.16554445194654246,1.0661416191296623e-06
153.79422427803476,0.8574495620624288,0.16552624956549447,1.0642045389129874e-06
153.81922740342543,0.8580113891736398,0.16550994474404618,1.0622706787051589e-06
153.8442305288161,0.8586534144648662,0.1654958791631854,1.060340071155479e-06
153.86923365420677,0.8593613091465336,0.16548437465674434,1.05841275566988e-06
153.89423677959746,0.8601214729695646,0.16547565494870886,1.0564887679414712e-06
153.91923990498813,0.8609177151406594,0.16546985532274383,1.0545681528785046e-06
153.9442430303788,0.8617329646151388,0.16546706885333923,1.0526509590038237e-06
153.96924615576947,0.8625508494723868,0.16546733397005675,1.050737232789172e-06
153.99424928116014,0.8633556969158515,0.16547063445752971,1.0488270186551918e-06
154.01925240655083,0.864132533273046,0.1654768994554631,1.0469203589714217e-06
154.0442555319415,0.8648670839955446,0.1654860034586335,1.0450172940563046e-06
154.06925865733217,0.8655457736589885,0.16549776631688926,1.0431178621771758e-06
154.09426178272284,0.8661557259630824,0.16551195323515028,1.0412220995502706e-06
154.1192649081135,0.866684790761341,0.16552827571912285,1.0393300402653026e-06
154.1442680335042,0.8671234824749906,0.16554643429978635,1.0374417105258528e-06
154.16927115889487,0.8674645147037863,0.1655660587191782,1.035557128772685e-06
154.19427428428554,0.8677019176693171,0.16558674640857168,1.0336763083047383e-06
154.2192774096762,0.8678316247027333,0.16560809739113083,1.0317992557563991e-06
154.24428053506688,0.8678514722447475,0.1656297142819106,1.0299259710975009e-06
154.26928366045755,0.8677611998456337,0.16565120228785674,1.0280564476333221e-06
154.29428678584824,0.8675624501652279,0.1656721692078059,1.0261906720045857e-06
154.3192899112389,0.8672587689729286,0.16569222543248546,1.0243286241874663e-06
154.34429303662958,0.8668556051476959,0.16571098394451378,1.0224702774935788e-06
154.36929616202025,0.8663603106780516,0.16572806031839998,1.0206155985699861e-06
154.39429928741092,0.8657815922013448,0.16574309268038853,1.0187645494209486e-06
154.4193024128016,0.8651292251906585,0.16575581215147334,1.0169170891579185e-06
154.44430553819228,0.8644164382854808,0.16576596519522427,1.015073165819315e-06
154.46930866358295,0.8636570400344677,0.16577334901702817,1.0132327265129121e-06
154.49431178897362,0.8628652033986786,0.16577781650337747,1.011395718185838e-06
154.5193149143643,0.8620554657515741,0.16577927622187025,1.0095620876245717e-06
154.54431803975498,0.8612427288790167,0.16577769242121024,1.007731781454941e-06
154.56932116514565,0.8604422589792735,0.1657730850312068,1.0059047461421317e-06
154.59432429053632,0.8596696866630112,0.16576552966277494,1.004080927990675e-06
154.619327415927,0.8589410069532992,0.16575515760793527,1.002260273144454e-06
154.64433054131766,0.8582725387983093,0.16574215546361565,1.000442727703179e-06
154.66933366670835,0.8576778034179625,0.16572675600375875,9.98628247029505e-07
154.69433679209902,0.8571689772514905,0.16570928667853863,9.968167919307494e-07
154.7193399174897,0.8567572817417479,0.165690115071339,9.950083262689308e-07
154.74434304288036,0.8564515463407235,0.16566962315559103,9.93202820856325e-07
154.76934616827103,0.8562582085095397,0.16564820729477336,9.914002534554643e-07
154.7943492936617,0.8561813137184523,0.16562627824241205,9.896006087791355e-07
154.8193524190524,0.8562225154468508,0.16560426114208063,9.878038784903793e-07
154.84435554444306,0.8563810751832579,0.1655825955274001,9.860100612024984e-07
154.86935866983373,0.8566538624253298,0.1655617353220389,9.84219162479044e-07
154.8943617952244,0.857035682240862,0.1655421276997414,9.824311935356627e-07
154.91936492061507,0.8575186253565047,0.16552414500675236,9.806461717035937e-07
154.94436804600576,0.8580911566158387,0.16550815023699236,9.788641248124811e-07
154.96937117139643,0.8587407845829891,0.16549445680456393,9.770850835773568e-07
154.9943742967871,0.8594542000857714,0.16548332430470264,9.753090811498626e-07
155.01937742217777,0.8602172762156901,0.16547495851377725,9.735361531182594e-07
155.04438054756844,0.8610150683279382,0.16546951138928956,9.717663375074245e-07
155.06938367295913,0.8618318140413985,0.1654670810698745,9.699996747788499e-07
155.0943867983498,0.8626509332386405,0.16546771187530016,9.6823620783065e-07
155.11938992374047,0.8634551031116628,0.1654713947473397,9.66475981775805e-07
155.14439304913114,0.8642292260613521,0.16547806375866939,9.647190357895573e-07
155.1693961745218,0.8649586080391696,0.16548755205016466,9.629654094312282e-07
155.1943992999125,0.8656291144205049,0.16549964486942256,9.612151405871396e-07
155.21940242530317,0.8662283179626145,0.16551409618214757,9.594682617818265e-07
155.24440555069384,0.866745498804626,0.1655306286721517,9.577248001780244e-07
155.2694086760845,0.8671716444675357,0.16554893374135446,9.559847775766778e-07
155.29441180147518,0.8674994498542081,0.16556867150978286,9.542482104169377e-07
155.31941492686585,0.8677233172493775,0.1655894708155714,9.52515109776162e-07
155.34441805225654,0.8678393563196466,0.16561092921496218,9.507854813699136e-07
155.3694211776472,0.8678453841134872,0.16563261298230464,9.490593255519677e-07
155.39442430303788,0.8677409951052982,0.16565410834040684,9.473366373186986e-07
155.41942742842855,0.8675284482274039,0.16567501649792604,9.456174019031183e-07
155.44443055381922,0.8672120156584987,0.16569491819293278,9.439015975145536e-07
155.4694336792099,0.8667974829826012,0.16571343000960928,9.421891981026441e-07
155.49443680460058,0.8662921489082981,0.1657302044554325,9.404801733592215e-07
155.51943992999125,0.8657048252687409,0.16574492996117418,9.387744887182976e-07
155.54444305538192,0.8650458370216484,0.1657573308809008,9.370721053560727e-07
155.5694461807726,0.8643270222493051,0.16576716749197365,9.353729801909331e-07
155.59444930616328,0.8635617321585616,0.16577423599504876,9.336770658834496e-07
155.61945243155395,0.8627648310808372,0.1657783685140769,9.319843108363847e-07
155.64445555694462,0.8619514629212056,0.16577944705949613,9.302946631175956e-07
155.6694586823353,0.8611366890527238,0.16577745742579592,9.286080734567204e-07
155.69446180772596,0.8603378327244147,0.16577244601454288,9.269244873498156e-07
155.71946493311665,0.85957120446631,0.16576450897125433,9.252438537928786e-07
155.74446805850732,0.8588520022047386,0.1657537925371737,9.235661255716978e-07
155.769471183898,0.8581943112623207,0.16574049304927063,9.218912592618408e-07
155.79447430928866,0.857611104357972,0.16572485694024078,9.202192152286625e-07
155.81947743467933,0.8571142416069023,0.16570718073850607,9.185499576273026e-07
155.84448056007002,0.856714470520615,0.1656878110682144,9.16883454402684e-07
155.8694836854607,0.8564214260069096,0.16566714464923998,9.152196772895206e-07
155.89448681085136,0.8562423808300221,0.16564558737813004,9.135586043780077e-07
155.91948993624203,0.8561804102791317,0.1656235745265502,9.119002239846568e-07
155.9444930616327,0.856236485750626,0.1656015755978078,9.102445300405755e-07
155.96949618702337,0.8564093487877861,0.16558003545388156,9.085915221956206e-07
155.99449931241406,0.8566955102013737,0.16555937425587078,9.069412058201283e-07
156.01950243780473,0.8570892500696301,0.16553998746399548,9.052935920049225e-07
156.0445055631954,0.857582617738278,0.16552224583759625,9.036486975613023e-07
156.06950868858607,0.85816543182052,0.16550649543513438,9.02006545021051e-07
156.09451181397674,0.8588252801970394,0.16549305761419172,9.003671626364331e-07
156.11951493936743,0.8595475679343836,0.1654822286039896,8.987305842399021e-07
156.1445180647581,0.8603183333570896,0.16547423024178448,8.970968412787871e-07
156.16952119014877,0.8611213393215368,0.16546918650246478,8.954659723187722e-07
156.19452431553944,0.8619392700998239,0.1654671718330659,8.938380194613637e-07
156.2195274409301,0.86275564484698,0.1654682075924143,8.92213022652043e-07
156.2445305663208,0.8635548176009655,0.16547226205112742,8.905910196802658e-07
156.26953369171147,0.8643219772826682,0.16547925039161365,8.889720461794689e-07
156.29453681710214,0.8650431476959095,0.16548903470807244,8.873561356270593e-07
156.3195399424928,0.8657051875274394,0.1655014240064942,8.857433193444214e-07
156.34454306788348,0.866295790346939,0.16551617420466033,8.841336264969154e-07
156.36954619327418,0.86680348460702,0.16553298813214326,8.825270840938755e-07
156.39454931866484,0.8672182867133984,0.16555153549032312,8.809237154495585e-07
156.4195524440555,0.8675336646832386,0.1655714710423225,8.793235345497652e-07
156.44455556944618,0.8677442487572011,0.1655923800951728,8.777265508362427e-07
156.46955869483685,0.8678464726890117,0.1656138511171353,8.761327683501521e-07
156.49456182022752,0.8678386562321119,0.16563547974516266,8.745421855614971e-07
156.5195649456182,0.8677210051396597,0.1656568687848988,8.729547953691224e-07
156.54456807100888,0.8674956111645299,0.16567762821067897,8.713705851007213e-07
156.56957119639955,0.8671664520593136,0.1656973751655298,8.697895365128242e-07
156.59457432179022,0.8667393915763184,0.16571573396116918,8.682116257908063e-07
156.6195774471809,0.866222179467568,0.16573233607800636,8.666368235488854e-07
156.64458057257158,0.8656243299667767,0.16574682317381614,8.650650951966092e-07
156.66958369796225,0.8649555293357041,0.16575891917409796,8.634964061546677e-07
156.69458682335292,0.8642290390406124,0.16576839368041704,8.619307125008714e-07
156.7195899487436,0.8634593584172492,0.16577505641284096,8.603679675911633e-07
156.74459307413426,0.8626611551998874,0.16577877336412739,8.588081251857626e-07
156.76959619952495,0.8618492655213251,0.16577946679972402,8.572511394491631e-07
156.79459932491562,0.8610386939128888,0.16577711525776864,8.556969649501401e-07
156.8196024503063,0.8602446133044278,0.16577175354908913,8.541455566617396e-07
156.84460557569696,0.8594823650243184,0.16576347275720335,8.525968699612857e-07
156.86960870108763,0.8587674587994626,0.16575242023831932,8.510508606303786e-07
156.89461182647833,0.858115572755287,0.16573879962133503,8.495074848548929e-07
156.919614951869,0.8575414799401958,0.16572286203069042,8.479667018310722e-07
156.94461807725966,0.8570560747950169,0.16570491891747352,8.464284812420244e-07
156.96962120265033,0.8566700276394453,0.16568535920218813,8.448927939353762e-07
156.994624328041,0.8563917522649622,0.16566458273282406,8.433596162727368e-07
157.01962745343167,0.8562272067869319,0.16564299705767888,8.41828930596858e-07
157.04463057882236,0.8561798936446016,0.1656210174253577,8.403007252316331e-07
157.06963370421303,0.8562508596011016,0.1655990667847734,8.387749944821034e-07
157.0946368296037,0.856438695743445,0.16557757578514637,8.372517386344474e-07
157.11963995499437,0.8567395374825277,0.16555698277600464,8.357309639559889e-07
157.14464308038504,0.8571470804332518,0.16553773330302152,8.342126826497439e-07
157.16964620577573,0.8576535831190001,0.16552021616960985,8.326969094880858e-07
157.1946493311664,0.8582474942064285,0.16550476688014384,8.311836678562595e-07
157.21965245655707,0.8589153091626297,0.16549169023015617,8.296729862508342e-07
157.24465558194774,0.859643004367706,0.16548123511057197,8.281648945540681e-07
157.2696587073384,0.8604160371147699,0.16547359450770888,8.266594240339066e-07
157.2946618327291,0.8612193456099451,0.165468905503277,8.251566073439808e-07
157.31966495811977,0.8620373489723624,0.16546724927437895,8.236564785236141e-07
157.34466808351044,0.862853947234166,0.16546865109350978,8.221590729978119e-07
157.3696712089011,0.863652521340509,0.165473080328557,8.206644275772688e-07
157.39467433429178,0.8644165186096823,0.16548045413440193,8.191725790423449e-07
157.41967745968248,0.8651323847535821,0.16549062455167413,8.176835576781031e-07
157.44468058507314,0.8657864150289047,0.16550335380162648,8.16197394810414e-07
157.4696837104638,0.8663663508841785,0.1655183733277193,8.147141178218011e-07
157.49468683585448,0.866861725064822,0.16553538895346362,8.132337492516142e-07
157.51968996124515,0.8672638616131452,0.16555408088242154,8.117563067960277e-07
157.54469308663585,0.8675658758683494,0.165574103698206,8.102818033080383e-07
157.5696962120265,0.8677626744665263,0.1655950863644808,8.088102467974725e-07
157.59469933741718,0.8678509553406599,0.1656166322249608,8.073416404309761e-07
157.61970246280785,0.8678292077206249,0.16563831900341164,8.05875982532021e-07
157.64470558819852,0.8676976835611173,0.1656597034721636,8.044132666940001e-07
157.6697087135892,0.8674584107564505,0.16568039863354211,8.029534817344657e-07
157.69471183897988,0.8671162492045235,0.16570000074354962,8.014966075546268e-07
157.71971496437055,0.8666777262165065,0.16571812212252324,8.000426197732516e-07
157.74471808976122,0.8661507429556037,0.1657344159404055,7.985914908896751e-07
157.7697212151519,0.8655445744370552,0.16574857621674452,7.971431902838073e-07
157.79472434054256,0.8648698695281365,0.16576033782069374,7.956976842161303e-07
157.81972746593325,0.8641386509481579,0.16576947647101212,7.942549358276978e-07
157.84473059132392,0.8633643152684672,0.165775808736064,7.928149051401405e-07
157.8697337167146,0.8625616329124457,0.16577919203381924,7.913775490556572e-07
157.89473684210526,0.8617467254847924,0.16577952471871135,7.899428214137337e-07
157.91973996749593,0.8609346427266829,0.1657767739327878,7.885106796420551e-07
157.94474309288663,0.8601416784935981,0.165771007016567,7.87081080287132e-07
157.9697462182773,0.8593846420069396,0.1657623432078917,7.856539792847668e-07
157.99474934366796,0.8586789711919416,0.16575094831266424,7.842293362892778e-07
158.01975246905863,0.8580387326776745,0.16573703470484608,7.82807114673505e-07
158.0447555944493,0.8574766217970448,0.16572086132645825,7.813872815288094e-07
158.06975871984,0.8570039625867938,0.16570273368758098,7.799698076650704e-07
158.09476184523066,0.8566307077875001,0.16568300386635404,7.785546676106931e-07
158.11976497062133,0.8563654388435761,0.1656620705089764,7.771418396125982e-07
158.144768096012,0.8562151595297989,0.16564036683100863,7.75731305942245e-07
158.16977122140267,0.8561830105242914,0.16561831054015005,7.743230566789841e-07
158.19477434679334,0.8562690036823812,0.16559637064970487,7.729170887019184e-07
158.21977747218403,0.8564710622794589,0.16557499777985915,7.715134034979951e-07
158.2447805975747,0.8567849858924456,0.16555461325144552,7.701120071706148e-07
158.26978372296537,0.8572044503997939,0.1655356090859428,7.687129104396214e-07
158.29478684835604,0.8577210079814878,0.16551834800547627,7.673161286413093e-07
158.3197899737467,0.8583240871190424,0.16550316343281748,7.659216817284212e-07
158.3447930991374,0.8590009925955049,0.16549035949138444,7.645295942701463e-07
158.36979622452807,0.8597369054954512,0.16548021100524146,7.631398954521277e-07
158.39479934991874,0.8605169980797286,0.16547293956841932,7.617526139786346e-07
158.4198024753094,0.8613257197383064,0.16546865743323474,7.603677809197035e-07
158.44480560070008,0.862145432883234,0.16546741838060977,7.589854330160681e-07
158.46980872609078,0.862959477131363,0.16546922521109142,7.576056048031894e-07
158.49481185148144,0.8637521791892769,0.16547402970651878,7.562283285864443e-07
158.5198149768721,0.8645088528532967,0.16548173263002303,7.548536344411156e-07
158.54481810226278,0.8652157990094766,0.16549218372602734,7.534815502123982e-07
158.56982122765345,0.8658603056336055,0.165505181720247,7.521121015153983e-07
158.59482435304415,0.8664306477912074,0.1655204743196894,7.507453117351308e-07
158.61982747843481,0.8669160876375386,0.1655377582126539,7.493812020265263e-07
158.64483060382548,0.8673069112593633,0.16555668072258495,7.480197912501044e-07
158.66983372921615,0.8675962962576387,0.16557689551546553,7.466610920995238e-07
158.69483685460682,0.867779789847497,0.1655979989898165,7.453051105843513e-07
158.7198399799975,0.8678543663672474,0.16561956606709816,7.439518486189817e-07
158.74484310538818,0.8678188568732804,0.16564118380023027,7.42601303508678e-07
158.76984623077885,0.8676739491400688,0.16566245137359187,7.412534679495775e-07
158.79484935616952,0.8674221876601672,0.16568298010302152,7.399083300286828e-07
158.8198524815602,0.8670679736442121,0.16570239343581708,7.385658732238678e-07
158.84485560695086,0.8666175650209221,0.1657203269507359,7.372260764038764e-07
158.86985873234156,0.866079076437097,0.16573642835799474,7.358889138283204e-07
158.89486185773222,0.8654624792576202,0.16575035749926958,7.345543551476863e-07
158.9198649831229,0.8647784346139029,0.16576181662488473,7.33222368434015e-07
158.94486810851356,0.8640391655553197,0.16577059933195823,7.318929190292533e-07
158.96987123390423,0.8632599700353809,0.1657765304026362,7.305659656775201e-07
158.99487435929493,0.8624561346048948,0.16577949021127403,7.292414678609883e-07
159.0198774846856,0.8616428851784642,0.16577941546773153,7.279193859206331e-07
159.04488061007626,0.8608353870344821,0.165776299217373,7.265996810562235e-07
159.06988373546693,0.8600487448151348,0.16577019084106712,7.252823153263273e-07
159.0948868608576,0.859298002526401,0.16576119605518705,7.239672516483106e-07
159.1198899862483,0.8585981435380513,0.16574947691161038,7.226544537983359e-07
159.14489311163896,0.857964090583651,0.1657352517977192,7.213438864113677e-07
159.16989623702963,0.8574106738547134,0.16571879493436087,7.200355150441146e-07
159.1948993624203,0.8569495100164665,0.16570041037656102,7.187293124132937e-07
159.21990248781097,0.8565897897768693,0.16568048662969684,7.174252568020552e-07
159.24490561320167,0.8563394375420588,0.16565944629639448,7.161233292554454e-07
159.26990873859233,0.8562038953804763,0.1656377118928521,7.148235158956876e-07
159.294911863983,0.8561861230228659,0.16561570584883967,7.13525807922174e-07
159.31991498937367,0.8562865978622762,0.16559385050769931,7.122302016114711e-07
159.34491811476434,0.8565033149540595,0.165572568126345,7.109366983173184e-07
159.369921240155,0.8568317870158717,0.1655522808752627,7.096453044706282e-07
159.3949243655457,0.8572650444276735,0.1655334108385103,7.083560315794847e-07
159.41992749093637,0.857793900392333,0.16551637224119561,7.070688955841041e-07
159.44493061632704,0.8584080693166223,0.16550148962610667,7.057839136983818e-07
159.4699337417177,0.8590933514815702,0.16548904737983544,7.045011114228769e-07
159.49493686710838,0.8598347616541665,0.1654792825491097,7.032205161377027e-07
159.51993999249908,0.8606171422982354,0.16547237499229148,7.019421557087165e-07
159.54494311788974,0.8614251635744326,0.16546844737937705,7.006660584875264e-07
159.5699462432804,0.8622433233402502,0.16546756519199682,6.99392253311481e-07
159.59494936867108,0.8630559471500137,0.16546973672341542,6.981207695036768e-07
159.61995249406175,0.863847188254882,0.16547491307853177,6.968516368729558e-07
159.64495561945245,0.8646010276028493,0.1654829881738789,6.955848857139043e-07
159.66995874484311,0.8653022937045662,0.16549380793990345,6.943205447582131e-07
159.69496187023378,0.8659388793131477,0.16550715361268867,6.930586370686694e-07
159.71996499562445,0.8664988090942709,0.1655227287002921,6.917991854704844e-07
159.74496812101512,0.8669718567733706,0.1655402161758944,6.90542208701407e-07
159.76997124640582,0.8673496570280013,0.16555928049710453,6.892877211741979e-07
159.79497437179649,0.8676257054878354,0.1655795676059599,6.880357329766352e-07
159.81997749718715,0.867795358734666,0.16560070492892634,6.867862498715061e-07
159.84498062257782,0.8678558343024049,0.1656223013768981,6.855392732966126e-07
159.8699837479685,0.8678062106770831,0.16564394734519783,6.8429480036477e-07
159.89498687335916,0.8676474272968512,0.16566521471357662,6.830528238638066e-07
159.91998999874986,0.8673821728044591,0.16568566751498384,6.818133325694303e-07
159.94499312414052,0.867014762791259,0.16570493941598444,6.805763114361644e-07
159.9699962495312,0.8665525046781417,0.16572264950974552,6.793417378282501e-07
159.99499937492186,0.866004130603354,0.16573844836482074,6.781095862955568e-07
160.02000250031253,0.8653795446129058,0.16575203267359603,6.76879829311182e-07
160.04500562570323,0.8646898226605684,0.16576314525228958,6.756524372714505e-07
160.0700087510939,0.8639472126078788,0.165771575040952,6.744273784959193e-07
160.09501187648456,0.863165134224134,0.1657771571034661,6.732046192273696e-07
160.12001500187523,0.8623581791863948,0.16577977262754712,6.719841236318119e-07
160.1450181272659,0.8615421110794845,0.16577934892474255,6.707658537984855e-07
160.1700212526566,0.8607337705581444,0.16577585961283806,6.695497699391809e-07
160.19502437804726,0.8599482771935326,0.1657693510509568,6.683358368202532e-07
160.22002750343793,0.8592018335517148,0.16575996761821907,6.671240186729342e-07
160.2450306288286,0.8585103571205691,0.16574790139884343,6.659142806843197e-07
160.27003375421927,0.8578880851897672,0.16573338539757465,6.647065916818863e-07
160.29503687960997,0.8573475748507728,0.16571669353968377,6.635009241334905e-07
160.32004000500064,0.8568997029968446,0.16569814067096802,6.622972541473738e-07
160.3450431303913,0.8565536663230321,0.16567808255775085,6.610955614721546e-07
160.37004625578197,0.856316981326179,0.16565691588688197,6.598958294968338e-07
160.39504938117264,0.8561954843049214,0.16563507826573726,6.586980452507934e-07
160.4200525065633,0.8561928962073364,0.16561301607670403,6.575021998126508e-07
160.445055631954,0.8563087820635802,0.16559116384164405,6.563082912175189e-07
160.47005875734467,0.8565399943780274,0.16556998187485472,6.55116322667628e-07
160.49506188273534,0.8568814493940317,0.16554989617837776,6.539263009537475e-07
160.520065008126,0.8573261268107164,0.16553129730047964,6.527382364472246e-07
160.54506813351668,0.8578650697829742,0.1655145403356516,6.515521430999834e-07
160.57007125890738,0.8584873849214684,0.1654999449246096,6.503680384445232e-07
160.59507438429804,0.8591802422926295,0.16548779525429438,6.491859435939235e-07
160.6200775096887,0.8599288754186597,0.16547834005787143,6.480058832418372e-07
160.64508063507938,0.8607171309902273,0.16547179110873653,6.468278844902026e-07
160.67008376047005,0.8615304217498424,0.16546827569202796,6.456519712703648e-07
160.69508688586075,0.8623511988719298,0.16546782160924517,6.44478174833167e-07
160.72009001125141,0.8631623633119153,0.1654704066305669,6.433065257139234e-07
160.74509313664208,0.8639480238767798,0.16547596156946115,6.421370520376682e-07
160.77009626203275,0.8646934972250558,0.16548437028268556,6.409697795191604e-07
160.79509938742342,0.8653853078668285,0.1654954696702871,6.398047314628825e-07
160.82010251281412,0.8660111881637361,0.1655090496756023,6.386419287630395e-07
160.84510563820479,0.866560078328967,0.16552485328525693,6.374813899035639e-07
160.87010876359545,0.8670221264272644,0.16554257652916643,6.363231309581075e-07
160.89511188898612,0.8673886883749232,0.1655618684805356,6.351671655900477e-07
160.9201150143768,0.8676523517271392,0.16558233275180814,6.340135050243602e-07
160.9451181397675,0.8678085243360335,0.16560359493596696,6.328621554140049e-07
160.97012126515816,0.8678552129667414,0.16562523981421684,6.317131164558863e-07
160.99512439054882,0.8677918909102446,0.16564683456434573,6.305663842121991e-07
161.0201275159395,0.8676198126325161,0.16566796672175124,6.29421951086587e-07
161.04513064133016,0.867342013774521,0.1656882441794405,6.282798058241416e-07
161.07013376672083,0.8669633111522163,0.16570729518803023,6.271399335114022e-07
161.09513689211153,0.8664903027565496,0.1657247683557467,6.260023155763546e-07
161.1201400175022,0.8659313677534627,0.16574033264842578,6.248669297884364e-07
161.14514314289286,0.8652966664838868,0.1657536773895129,6.237337502585288e-07
161.17014626828353,0.8645981404637461,0.16576451226006308,6.226027474389623e-07
161.1951493936742,0.8638478752853154,0.16577259596869,6.214738916590399e-07
161.2201525190649,0.8630596837362517,0.16577778308838853,6.203471510419893e-07
161.24515564445556,0.8622502156232842,0.16577997411667197,6.192224888126966e-07
161.27015876984623,0.8614356558227075,0.16577912422418387,6.180998696534955e-07
161.2951618952369,0.8606317060823261,0.16577524341012553,6.169792597407796e-07
161.32016502062757,0.8598535850214521,0.165768396502256,6.15860626745002e-07
161.34516814601827,0.8591160281309059,0.1657587031568921,6.147439398306738e-07
161.37017127140894,0.8584332877730181,0.16574633785890833,6.136291696563688e-07
161.3951743967996,0.8578191331816253,0.16573152992173704,6.125162883747162e-07
161.42017752219027,0.8572868504620732,0.16571456348736827,6.114052696324057e-07
161.44518064758094,0.8568492425912161,0.16569577752634984,6.102960885701862e-07
161.47018377297164,0.8565167095947777,0.1656755280750585,6.091887249239328e-07
161.4951868983623,0.8562951888000545,0.1656542249835795,6.080831659616105e-07
161.52019002375297,0.8561892093958718,0.16563233589019713,6.069794013840457e-07
161.54519314914364,0.8562009656248751,0.165610311240825,6.05877424931526e-07
161.5701962745343,0.8563303102371161,0.16558858405321206,6.04777234394678e-07
161.59519939992498,0.8565747544900533,0.16556756991694227,6.036788316144668e-07
161.62020252531568,0.8569294681485514,0.16554766699343487,6.025822224821955e-07
161.64520565070634,0.8573872794848808,0.1655292560159444,6.014874169395095e-07
161.670208776097,0.8579386752787191,0.16551270028956044,6.003944289783895e-07
161.69521190148768,0.8585718008171502,0.16549834569120783,5.99303276641156e-07
161.72021502687835,0.8592725165802083,0.1654865197375236,5.982139819046233e-07
161.74521815226905,0.8600272411019162,0.16547745720454238,5.971265649365034e-07
161.77022127765972,0.8608200287149956,0.1654712989102598,5.960410505852621e-07
161.79522440305038,0.8616337994747811,0.16546814517841046,5.949574662606216e-07
161.82022752844105,0.8624521502103728,0.16546804148417188,5.938758382566181e-07
161.84523065383172,0.8632593545246368,0.1654709784541645,5.92796191751601e-07
161.87023377922242,0.8640403627942063,0.16547689186645168,5.917185508082309e-07
161.89523690461309,0.8647808021694783,0.16548566265053974,5.906429383734851e-07
161.92024003000375,0.8654669765746187,0.16549711688737787,5.895693762786498e-07
161.94524315539442,0.8660858667075585,0.1655110258093582,5.884978852393254e-07
161.9702462807851,0.8666251492166918,0.16552710646670654,5.87428484825015e-07
161.9952494061758,0.8670750890111376,0.16554506324918286,5.863611902843339e-07
162.02025253156646,0.8674282082081443,0.16556453063003934,5.852960124350688e-07
162.04525565695712,0.8676783061938954,0.16558510797703985,5.842329592593996e-07
162.0702587823478,0.8678210870386055,0.16560639663977567,5.831720349675217e-07
162.09526190773846,0.8678541594965206,0.16562799994966537,5.821132399976447e-07
162.12026503312913,0.8677770370059181,0.1656495232199549,5.810565710159923e-07
162.14526815851983,0.8675911376891068,0.1656705737457176,5.800020209168018e-07
162.1702712839105,0.8672997843524276,0.16569076080385398,5.789495788223278e-07
162.19527440930116,0.8669082044862523,0.16570969565309213,5.778992300828358e-07
162.22027753469183,0.8664235302649842,0.16572699153398732,5.768509562766068e-07
162.2452806600825,0.8658543199277882,0.16574228124680912,5.758047362079726e-07
162.2702837854732,0.8652101083563973,0.16575529089387486,5.747605471979224e-07
162.29528691086387,0.8645039320231674,0.16576576187126674,5.73718360184721e-07
162.32029003625453,0.8637494808885635,0.16577348500573985,5.726781454337985e-07
162.3452931616452,0.8629608339397767,0.16577830669381455,5.716398730736056e-07
162.37029628703587,0.862152459190723,0.16578012890177632,5.706035130956124e-07
162.39529941242657,0.8613392136820429,0.16577890916567586,5.695690353543064e-07
162.42030253781724,0.8605363434811049,0.16577466059132906,5.685364095671983e-07
162.4453056632079,0.8597594836819995,0.16576745185431707,5.675056053148142e-07
162.47030878859857,0.8590246584055438,0.16575740719998616,5.664765920407005e-07
162.49531191398924,0.8583482554278209,0.16574470621074375,5.654493390927199e-07
162.52031503937994,0.8577440191644287,0.16572957514353226,5.644238208027421e-07
162.5453181647706,0.8572242550741844,0.16571233467324525,5.634000147710173e-07
162.57032129016127,0.8568004318878009,0.16569334806607056,5.623779001507251e-07
162.59532441555194,0.8564816371025651,0.16567299382006656,5.613574600124134e-07
162.6203275409426,0.8562745769823382,0.1656516656651621,5.60338681343998e-07
162.6453306663333,0.856183576557555,0.16562977256315653,5.593215550507606e-07
162.67033379172398,0.856210579625224,0.1656077387077197,5.583060759553539e-07
162.69533691711464,0.8563551487489276,0.16558600352439187,5.572922427977946e-07
162.7203400425053,0.856614465258822,0.16556502167058387,5.56280058235468e-07
162.74534316789598,0.8569836275018045,0.1655452430717329,5.552695281685967e-07
162.77034629328665,0.8574550157272641,0.16552704392666046,5.542606619523499e-07
162.79534941867735,0.8580173397791635,0.1655107921165988,5.532534749200452e-07
162.82035254406802,0.8586583033313199,0.1654968067484638,5.522479841145114e-07
162.84535566945868,0.8593647547509682,0.1654853534384602,5.512442080121262e-07
162.87035879484935,0.8601226870987589,0.1654766443120818,5.502421665228202e-07
162.89536192024002,0.8609172381287585,0.1654708380041114,5.492418809900761e-07
162.92036504563072,0.8617326902884503,0.16546803965862067,5.482433741909277e-07
162.94536817102139,0.8625524707187311,0.16546830092897036,5.47246670335964e-07
162.97037129641205,0.86335922180865,0.165471620370306,5.462517949512717e-07
162.99537442180272,0.8641377615292882,0.16547793917460307,5.452587702762049e-07
163.0203775471934,0.8648732828762101,0.16548709726904232,5.442676188318392e-07
163.0453806725841,0.8655514945004618,0.16549888602772644,5.432783622823743e-07
163.07038379797476,0.8661598001723433,0.1655130648555963,5.422910192895913e-07
163.09538692336542,0.8666872987814135,0.16552936118843067,5.413056055128449e-07
163.1203900487561,0.8671247843364869,0.16554747049284652,5.403221336090691e-07
163.14539317414676,0.8674647459656337,0.16556705626629867,5.393406132327749e-07
163.17039629953746,0.8677013679161815,0.16558775003708015,5.383610510360502e-07
163.19539942492813,0.8678305295547126,0.16560915136432186,5.373834506685635e-07
163.2204025503188,0.8678498053670671,0.16563082783799288,5.364078127775577e-07
163.24540567570946,0.8677585595125196,0.1656523654904475,5.354341349677966e-07
163.27040880110013,0.8675588240948693,0.16567336490389573,5.344624093263052e-07
163.2954119264908,0.8672546362229372,0.16569340482762565,5.33492623964851e-07
163.3204150518815,0.866851562133077,0.16571209918763638,5.325247645493429e-07
163.34541817727217,0.8663566968697435,0.1657290971887817,5.31558814301151e-07
163.37042130266283,0.8657786642854899,0.1657440833147704,5.305947539970992e-07
163.3954244280535,0.8651276170409692,0.16575677732816596,5.296325619694698e-07
163.42042755344417,0.8644152366049344,0.16576693427038688,5.286722141060025e-07
163.44543067883487,0.8636547332542369,0.16577434446170636,5.277136838498935e-07
163.47043380422554,0.8628608460738308,0.16577883350125255,5.267569421997993e-07
163.4954369296162,0.8620486276896397,0.16578027633776082,5.258019598959997e-07
163.52044005500687,0.8612330816779556,0.1657786515932091,5.248487091151539e-07
163.54544318039754,0.8604315343616884,0.16577399823750938,5.238971589782912e-07
163.57044630578824,0.8596603358173143,0.16576640531949682,5.229472805345288e-07
163.5954494311789,0.8589347555506176,0.16575601235598866,5.219990469323674e-07
163.62045255656957,0.8582689824966863,0.1657430093317842,5.210524334196838e-07
163.64545568196024,0.8576761250199144,0.16572763669966473,5.20107417343736e-07
163.6704588073509,0.8571682109140022,0.16571018538039362,5.191639781511621e-07
163.6954619327416,0.8567561874019554,0.16569099676271618,5.182220973879784e-07
163.72046505813228,0.8564499211360865,0.16567046270335994,5.172817586995846e-07
163.74546818352295,0.8562570367124391,0.16564898787011367,5.163429491929971e-07
163.7704713089136,0.8561809060978812,0.16562700313104137,5.15405661832255e-07
163.79547443430428,0.8562228026899819,0.1656049787750269,5.14469892746807e-07
163.82047755969495,0.8563817621093741,0.1655833611796734,5.135356413114146e-07
163.84548068508565,0.856654578419585,0.16556257255717943,5.126029101504351e-07
163.87048381047632,0.8570358041270346,0.16554301095433893,5.116717051378256e-07
163.89548693586698,0.8575177501810375,0.1655250502525413,5.10742035397137e-07
163.92049006125765,0.8580904859738019,0.16550904016777124,5.098139133015175e-07
163.94549318664832,0.8587418393404299,0.165495306250609,5.088873544737126e-07
163.97049631203902,0.8594574086575113,0.16548414977999826,5.079623777660021e-07
163.9954994374297,0.8602231683561989,0.16547580358706324,5.070390010677276e-07
164.02050256282035,0.8610232073867611,0.16547039843464897,5.061172455977863e-07
164.04550568821102,0.8618401702010345,0.16546801585322415,5.051971351873269e-07
164.0705088136017,0.8626575192974002,0.16546868408526205,5.042786924779447e-07
164.0955119389924,0.863459535220784,0.16547237808524054,5.033619389216803e-07
164.12051506438306,0.8642313165626537,0.16547901951964214,5.024468947810241e-07
164.14551818977372,0.8649587799610235,0.16548847676695394,5.015335791289097e-07
164.1705213151644,0.8656286601004515,0.16550056491766763,5.006220098487183e-07
164.19552444055506,0.8662285097120395,0.16551504577427956,4.997122036342777e-07
164.22052756594576,0.8667466995734343,0.1655316278512907,4.988041759898612e-07
164.24553069133643,0.8671729966508,0.16554998400964366,4.97897940460112e-07
164.2705338167271,0.8675006334777544,0.16556977384983101,4.969935053483276e-07
164.29553694211776,0.8677240297890304,0.16559058508546395,4.960908763644559e-07
164.32054006750843,0.867839388256447,0.16561200692603306,4.951900561872894e-07
164.34554319289913,0.867844799977563,0.16563363522841323,4.942910443404471e-07
164.3705463182898,0.8677402444756772,0.16565507249686334,4.93393837192378e-07
164.39554944368047,0.8675275896998279,0.1656759278830266,4.924984279563555e-07
164.42055256907113,0.8672105920247937,0.1656958171859303,4.916048066904812e-07
164.4455556944618,0.8667948962510927,0.16571436285198596,4.907129602976837e-07
164.47055881985247,0.866288035604983,0.16573119397498925,4.898228725257191e-07
164.49556194524317,0.8656993502998993,0.16574594831417575,4.889345241060117e-07
164.52056507063384,0.8650383765434501,0.1657583422254294,4.88047895705032e-07
164.5455681960245,0.8643181020246966,0.16576814113747168,4.871629628897057e-07
164.57057132141517,0.8635529262738303,0.16577514812898178,4.862796993988318e-07
164.59557444680584,0.8627574401667931,0.16577922250923144,4.85398079164498e-07
164.62057757219654,0.8619464259252775,0.16578027981808482,4.845180763120803e-07
164.6455806975872,0.8611348571167299,0.16577829182599865,4.836396651602469e-07
164.67058382297787,0.8603378986543448,0.16577328653402215,4.827628202209517e-07
164.69558694836854,0.8595709067970695,0.16576534817379707,4.818875161994389e-07
164.7205900737592,0.8588494291496015,0.16575461720755763,4.810137279942417e-07
164.7455931991499,0.8581892046623892,0.16574129032813056,4.801414306971814e-07
164.77059632454058,0.8576052143191746,0.16572561275616632,4.792706008988871e-07
164.79559944993125,0.8571085515478833,0.16570788873031872,4.784012211481368e-07
164.8206025753219,0.856710105625773,0.16568850264583487,4.775332746538378e-07
164.84560570071258,0.8564185648257653,0.1656678514134214,4.7666674767148944e-07
164.87060882610328,0.8562401672109199,0.16564634042647877,4.75801629833568e-07
164.89561195149395,0.8561787006344348,0.1656243835611014,4.749379141495317e-07
164.92061507688462,0.8562355027396447,0.16560240317607744,4.7407559700581434e-07
164.94561820227528,0.8564094609600226,0.16558083011288902,4.7321467816582927e-07
164.97062132766595,0.856697012519179,0.16556010369571209,4.7235516076996846e-07
164.99562445305662,0.8570921536240208,0.16554067143607543,4.714970513207391e-07
165.02062757844732,0.8575873904703412,0.16552292763123566,4.706403578695017e-07
165.045630703838,0.8581714592603852,0.16550721199361668,4.6978509323413104e-07
165.07063382922865,0.8588310296980597,0.16549383547727337,4.689312732750644e-07
165.09563695461932,0.8595522174940443,0.16548305332764374,4.6807891468135804e-07
165.12064008001,0.8603205843657916,0.165475065081549,4.672280349706862e-07
165.1456432054007,0.8611211380375279,0.16547001456719349,4.6637865248934e-07
165.17064633079136,0.8619383322402497,0.16546798990416473,4.6553078641223125e-07
165.19564945618203,0.8627560667117296,0.16546902350343343,4.6468445674288693e-07
165.2206525815727,0.8635576871965117,0.16547309206735342,4.6383968431345277e-07
165.24565570696336,0.8643265425643977,0.16548011995475156,4.6299649002152785e-07
165.27065883235406,0.8650489542763745,0.1654899661397755,4.6215489112414395e-07
165.29566195774473,0.8657110683138292,0.1655023989664645,4.6131490553266027e-07
165.3206650831354,0.8663004430627147,0.1655171550603947,4.6047654898611806e-07
165.34566820852606,0.8668064195947642,0.1655339447453223,4.5963983450379634e-07
165.37067133391673,0.8672201216674912,0.1655524520431835,4.5880477238521105e-07
165.39567445930743,0.8675344557241899,0.1655723346740946,4.5797137021011405e-07
165.4206775846981,0.8677441108939342,0.16559322405635177,4.5713963283849694e-07
165.44568071008877,0.8678455589915799,0.16561472530643134,4.563095624105854e-07
165.47068383547943,0.8678370545177626,0.16563641723898964,4.554811583468429e-07
165.4956869608701,0.8677186102696761,0.1656578566605324,4.546544174042252e-07
165.52069008626077,0.8674920331974855,0.16567865513827326,4.5382933362207036e-07
165.54569321165147,0.8671619470553719,0.16569840733242086,4.5300589600966205e-07
165.57069633704214,0.8667346588881286,0.16571672245838698,4.52184091113763e-07
165.5956994624328,0.8662178673493879,0.1657332500233553,4.513639036834584e-07
165.62070258782347,0.8656206627016223,0.16574767982628125,4.505453166701595e-07
165.64570571321414,0.8649535268161448,0.16575974195789214,4.49728311227603e-07
165.67070883860484,0.8642283331731071,0.16576920680068707,4.4891286671184965e-07
165.6957119639955,0.8634583468615039,0.1657758850289369,4.4809896068128833e-07
165.72071508938618,0.8626582245791673,0.16577962760868428,4.4728656889663045e-07
165.74571821477684,0.8618439957336178,0.1657803258735725,4.464756653476535e-07
165.7707213401675,0.861030676354402,0.16577793946339137,4.456662259581488e-07
165.7957244655582,0.860234540626941,0.16577252831071013,4.448582261358414e-07
165.82072759094888,0.85947245568379,0.1657642044677171,4.4405164084594507e-07
165.84573071633955,0.858759947976221,0.16575312702414866,4.4324644712221905e-07
165.8707338417302,0.8581112032742279,0.1657395021072892,4.424426240669721e-07
165.89573696712088,0.8575390666665244,0.16572358288197112,4.416401528510611e-07
165.92074009251158,0.8570550425605444,0.16570566955057486,4.408390167138906e-07
165.94574321790225,0.856669294682444,0.16568610935302902,4.4003920096341604e-07
165.97074634329292,0.8563906460770975,0.16566529656681003,4.392406929761386e-07
165.99574946868358,0.856226396548453,0.16564366203987826,4.3844348235303114e-07
166.02075259407425,0.8561800374918773,0.16562162142693065,4.376475630676438e-07
166.04575571946495,0.8562518824852074,0.16559964327477789,4.3685293298170313e-07
166.07075884485562,0.8564401502939009,0.1655781800500226,4.360595925729796e-07
166.0957619702463,0.8567409213045063,0.16555765548898901,4.3526754494627217e-07
166.12076509563695,0.8571481375246639,0.16553846459772312,4.344767958334114e-07
166.14576822102762,0.8576536025831051,0.16552097365199256,4.336873535932591e-07
166.1707713464183,0.8582469817296524,0.16550552019728673,4.32899229211708e-07
166.195774471809,0.8589158018352208,0.16549241304881665,4.3211243630168086e-07
166.22077759719966,0.859645451391814,0.16548193229151517,4.3132699110313423e-07
166.24578072259033,0.8604210216336164,0.16547430838460636,4.305429099681889e-07
166.270783847981,0.8612272404750582,0.1654696620584991,4.297602100273516e-07
166.29578697337166,0.8620464562186326,0.16546805424944308,4.289789120356024e-07
166.32079009876236,0.862861947534881,0.16546949472471786,4.281990355698895e-07
166.34579322415303,0.8636579606861574,0.16547394193827134,4.2742059897629356e-07
166.3707963495437,0.8644197095266343,0.16548130303071948,4.2664361937002186e-07
166.39579947493436,0.8651333755022991,0.16549143382934653,4.2586811263541206e-07
166.42080260032503,0.8657861076509547,0.16550413884810486,4.2509409342593123e-07
166.44580572571573,0.8663660226022206,0.16551917128761515,4.243215751641752e-07
166.4708088511064,0.86686220457753,0.16553623303516612,4.235505700418717e-07
166.49581197649707,0.8672647357903907,0.16555497600894048,4.227810889896407e-07
166.52081510188773,0.8675665423522034,0.16557505645769535,4.2201313951709245e-07
166.5458182272784,0.8677629566023389,0.16559607376647306,4.212467253484253e-07
166.5708213526691,0.8678507171822005,0.165617603732301,4.204818479119574e-07
166.59582447805977,0.8678284240460945,0.1656392336199232,4.197185060207256e-07
166.62082760345044,0.8676965384612306,0.1656605621618005,4.1895669587248027e-07
166.6458307288411,0.8674573830077221,0.16568119955811056,4.1819641104968857e-07
166.67083385423177,0.8671151415785853,0.16570076747674772,4.174376425195337e-07
166.69583697962244,0.8666758593797393,0.16571889905332313,4.166803786339148e-07
166.72084010501314,0.8661474429300067,0.16573523889116465,4.159246051294464e-07
166.7458432304038,0.8655396600611144,0.16574944306131695,4.151703051274614e-07
166.77084635579448,0.8648630604229011,0.16576120761370414,4.144174607187224e-07
166.79584948118514,0.8641296347237329,0.1657703207315611,4.1366605258638614e-07
166.8208526065758,0.8633545444154391,0.16577660056887392,4.1291605754396356e-07
166.8458557319665,0.8625529894041575,0.16577992060320978,4.1216745275705935e-07
166.87085885735718,0.8617401407214325,0.1657802106776322,4.114202158368985e-07
166.89586198274785,0.8609311405242089,0.1657774570007011,4.106743248403218e-07
166.9208651081385,0.8601411020948362,0.1657717021464727,4.099297582697889e-07
166.94586823352918,0.8593851098410666,0.16576304505449968,4.0918649507337737e-07
166.97087135891988,0.8586782192960558,0.16575164102983114,4.0844451464478227e-07
166.99587448431055,0.8580354571183645,0.1657377017430125,4.0770379682331913e-07
167.02087760970122,0.8574717938591908,0.16572149481356208,4.0696432192440294e-07
167.04588073509188,0.8569990622918705,0.16570331910544558,4.062260742399491e-07
167.07088386048255,0.8566266910704348,0.16568355830239867,4.0548904120909355e-07
167.09588698587325,0.8563628920678067,0.1656626316182321,4.0475321177978697e-07
167.12089011126392,0.856213395496042,0.16564095925783728,4.040185777721384e-07
167.1458932366546,0.8561814499063275,0.1656189624171861,4.0328513387841036e-07
167.17089636204526,0.8562678221889822,0.16559706328333101,4.025528776630219e-07
167.19589948743592,0.8564707975734572,0.165575685034405,4.0182180956254807e-07
167.2209026128266,0.8567861796283354,0.1655552518396216,4.0109193288571977e-07
167.2459057382173,0.8572072902613319,0.16553618885927487,4.00363253813423e-07
167.27090886360796,0.857725238169377,0.1655189140312592,3.9963578102771655e-07
167.29591198899863,0.8583299323147416,0.16550375627053937,3.9890952403922613e-07
167.3209151143893,0.8590073498131254,0.16549100664799732,3.981844970482529e-07
167.34591823977996,0.8597426677316677,0.16548090886724695,3.9746071532886966e-07
167.37092136517066,0.8605208429226698,0.16547364954792992,3.967381944843133e-07
167.39592449056133,0.861326612023592,0.16546935822571582,3.96016950446988e-07
167.420927615952,0.8621444914570583,0.165468107352302,3.9529699947846077e-07
167.44593074134266,0.8629587774308533,0.16546991229541377,3.9457835816946424e-07
167.47093386673333,0.8637535459379231,0.16547473133880422,3.93861043439896e-07
167.49593699212403,0.8645126527563758,0.16548246568225433,3.931450725388179e-07
167.5209401175147,0.8652208572673503,0.16549296868488278,3.9243046176813554e-07
167.54594324290537,0.8658658909180471,0.16550602543521858,3.9171722435407306e-07
167.57094636829603,0.8664355713561418,0.16552134513519481,3.910053734492726e-07
167.5959494936867,0.8669194788623747,0.16553861591715383,3.902949198847962e-07
167.6209526190774,0.8673090467482663,0.16555750637733493,3.895858720614491e-07
167.64595574446807,0.8675975613561149,0.16557766557587428,3.888782359497825e-07
167.67095886985874,0.8677801620590003,0.16559872303680515,3.88172015090089e-07
167.6959619952494,0.8678538412607808,0.16562028874805762,3.874672105924056e-07
167.72096512064007,0.8678174443960944,0.16564195316145885,3.867638211365131e-07
167.74596824603077,0.8676716699303586,0.16566328719273285,3.8606184297193533e-07
167.77097137142144,0.8674189503798552,0.16568385473847203,3.8536127010871483e-07
167.7959744968121,0.8670634350035826,0.16570328822657945,3.846620942543207e-07
167.82097762220278,0.8666122123068273,0.16572120228489237,3.8396430288476704e-07
167.84598074759344,0.8660737808580425,0.165737244067147,3.832678819076541e-07
167.8709838729841,0.8654578421003933,0.16575110615405583,3.8257281600889884e-07
167.8959869983748,0.8647753003517564,0.16576252655330762,3.818790886527341e-07
167.92099012376548,0.8640382628047224,0.16577128869956728,3.811866820817115e-07
167.94599324915615,0.8632600395265919,0.165777221454476,3.8049557731669683e-07
167.97099637454681,0.862455143459378,0.16578019910665115,3.798057541568735e-07
167.99599949993748,0.8616392904198061,0.1657801413716864,3.7911719117974124e-07
168.02100262532818,0.86082926179277,0.16577701375318704,3.784298659053577e-07
168.04600575071885,0.8600400972317832,0.16577085756647736,3.7774375849260654e-07
168.07100887610952,0.8592881681550463,0.16576181016183605,3.77058848489895e-07
168.09601200150018,0.858589454116377,0.16575005592937037,3.7637511610260343e-07
168.12101512689085,0.857958297599902,0.16573582108018547,3.7569254355615046e-07
168.14601825228155,0.8574074040200561,0.16571937364638448,3.750111150959921e-07
168.17102137767222,0.8569478417215844,0.1657010234810684,3.743308169876249e-07
168.1960245030629,0.8565890419795391,0.16568112225833623,3.7365163751658133e-07
168.22102762845356,0.8563387989992814,0.16566006347328485,3.7297356698843287e-07
168.24603075384422,0.8562032699164815,0.16563828244200907,3.722965977287891e-07
168.27103387923492,0.8561864728380423,0.16561622269886495,3.7162072437317595e-07
168.2960370046256,0.8562882379626658,0.1655943198766226,3.7094594553655744e-07
168.32104013001626,0.8565057527534176,0.16557303571427906,3.7027226268408937e-07
168.34604325540693,0.8568342383158116,0.16555279829340902,3.695996793380848e-07
168.3710463807976,0.8572669479952923,0.16553400115137784,3.6892820107574105e-07
168.39604950618826,0.8577951673772347,0.16551700328134136,3.6825783552913934e-07
168.42105263157896,0.8584082142869445,0.16550212913224605,3.675885923852443e-07
168.44605575696963,0.8590934387896562,0.165489668608829,3.669204833859068e-07
168.4710588823603,0.8598362231905365,0.1654798770716178,3.662535223278596e-07
168.49606200775096,0.8606205167109744,0.1654729734710667,3.6558772442118283e-07
168.52106513314163,0.8614317724221988,0.1654690911562261,3.649231031495763e-07
168.54606825853233,0.8622524626135053,0.1654682662639372,3.642596761108301e-07
168.571071383923,0.8630654669004483,0.16547048470761083,3.6359746054900054e-07
168.59607450931367,0.8638548390139905,0.1654756847245204,3.629364723919401e-07
168.62107763470433,0.8646058068005003,0.1654837568758018,3.622767262513002e-07
168.646080760095,0.8653047722217515,0.1654945440464535,3.6161823542253067e-07
168.6710838854857,0.8659393113549254,0.16550784144533648,3.6096101188487884e-07
168.69608701087637,0.8664981743926065,0.1655233966051742,3.603050663013926e-07
168.72109013626704,0.8669712856427876,0.1655409093825528,3.59650408018916e-07
168.7460932616577,0.8673497435288672,0.16556003195792082,3.589970450680921e-07
168.77109638704837,0.8676258813520101,0.1655803722877644,3.583449841189677e-07
168.79609951243907,0.8677950651825407,0.1656015619118558,3.5769422871592326e-07
168.82110263782974,0.8678549986778452,0.16562318061028716,3.570447790005203e-07
168.8461057632204,0.8678048966190426,0.16564479772455326,3.563966330864214e-07
168.87110888861108,0.8676457699076121,0.16566600160204364,3.5574978699181995e-07
168.89611201400174,0.8673804255653924,0.16568639959604275,3.551042346394393e-07
168.9211151393924,0.8670134667345828,0.16570561806572992,3.544599678565329e-07
168.9461182647831,0.8665512926777416,0.16572330237617927,3.538169763748833e-07
168.97112139017378,0.866002098777789,0.16573911689835977,3.531752478308054e-07
168.99612451556445,0.8653758765380037,0.16575274500913534,3.525347677651417e-07
169.02112764095511,0.864684413582025,0.16576388909126466,3.518955196232657e-07
169.04613076634578,0.8639394368842696,0.1657723072922918,3.512574870457979e-07
169.07113389173648,0.8631549978319504,0.1657778479166006,3.506206517263684e-07
169.09613701712715,0.8623475319456924,0.16578040301809627,3.499849930571737e-07
169.12114014251782,0.8615330649078217,0.16577991988436855,3.4935049120171753e-07
169.14614326790849,0.8607272123746985,0.16577640103861863,3.4871712709503e-07
169.17114639329915,0.859945179976716,0.16576990423965898,3.480848824436665e-07
169.19614951868985,0.8592017633183002,0.16576054248191352,3.47453739725707e-07
169.22115264408052,0.8585113479779123,0.16574848399541758,3.4682368219075917e-07
169.2461557694712,0.8578879095080444,0.16573395224581786,3.461946938599538e-07
169.27115889486186,0.8573450134352226,0.16571722593437244,3.4556675952594773e-07
169.29616202025252,0.8568958091703676,0.1656986388027175,3.44939864758783e-07
169.32116514564322,0.8565504213788083,0.16567853350880762,3.4431399833992664e-07
169.3461682710339,0.8563152311407847,0.16565733087024528,3.436891526418963e-07
169.37117139642456,0.8561951295375193,0.16563549379798365,3.430653214778759e-07
169.39617452181523,0.8561926452564024,0.1656134694507004,3.4244250097596354e-07
169.4211776472059,0.8563079445909908,0.1655916892347977,3.418206895791709e-07
169.4461807725966,0.856538831441009,0.16557056880440216,3.411998880454223e-07
169.47118389798726,0.856880747312347,0.16555050806136498,3.405800994475578e-07
169.49618702337793,0.857326771317063,0.1655318911552618,3.3996132917332897e-07
169.5211901487686,0.8578676201733816,0.16551508648339275,3.393435849254014e-07
169.54619327415926,0.8584916482056943,0.16550044669078248,3.3872687672135423e-07
169.57119639954993,0.8591849236572336,0.16548830728632075,3.3811121680442943e-07
169.59619952494063,0.8599340510216549,0.16547890594594564,3.374966163628034e-07
169.6212026503313,0.8607230851100823,0.16547239090113053,3.3688308941538175e-07
169.64620577572197,0.8615350351596526,0.16546887053326179,3.362706513368018e-07
169.67120890111264,0.8623535362384058,0.16546839794238777,3.3565931692670734e-07
169.6962120265033,0.8631628492452873,0.16547097094721896,3.3504910040974784e-07
169.721215151894,0.8639478609101473,0.16547653208512794,3.344400154355779e-07
169.74621827728467,0.8646940837937384,0.16548496861214929,3.338320750788598e-07
169.77122140267534,0.8653876562877203,0.16549611250297966,3.3322529183925966e-07
169.796224528066,0.8660153426146566,0.1655097404509778,3.3261967764144997e-07
169.82122765345667,0.8665645931364179,0.16552557578801821,3.320152437799752e-07
169.84623077884737,0.8670256854141494,0.16554332946888736,3.3141199886723354e-07
169.87123390423804,0.8673908138973031,0.16556263371229463,3.308099493525615e-07
169.8962370296287,0.8676535463173553,0.16558309265224005,3.3020910001727244e-07
169.92124015501938,0.8678093579860877,0.16560431104260045,3.296094535046603e-07
169.94624328041004,0.8678556317955889,0.16562589425712934,3.2901101031999874e-07
169.97124640580074,0.8677916582182539,0.165647448289457,3.284137688305405e-07
169.9962495311914,0.8676186353067847,0.16566857975309027,3.2781772526552004e-07
170.02125265658208,0.8673396686941897,0.16568889588141295,3.2722287371614966e-07
170.04625578197275,0.8669597715937836,0.16570800452768536,3.26629206135622e-07
170.07125890736341,0.8664858647991883,0.16572551416504472,3.2603671233910944e-07
170.09626203275408,0.8659262291808051,0.16574105584491933,3.2544538065470736e-07
170.12126515814478,0.8652903479077246,0.16575435261912183,3.2485519831042456e-07
170.14626828353545,0.8645910744422943,0.16576513879290045,3.2426614903797475e-07
170.17127140892612,0.8638418891079812,0.16577319928153986,3.236782162211871e-07
170.19627453431679,0.8630567151455986,0.16577837429430503,3.2309138310884236e-07
170.22127765970745,0.8622499187133057,0.16578055933444144,3.2250563281467256e-07
170.24628078509815,0.8614363088866064,0.16577970519917481,3.219209483173601e-07
170.27128391048882,0.8606311376583533,0.1657758179797114,3.213373124605406e-07
170.2962870358795,0.859850099938742,0.1657689590612377,3.207547079527986e-07
170.32129016127016,0.8591093335553144,0.16575924512292078,3.201731173676706e-07
170.34629328666082,0.8584253401722877,0.16574684751730007,3.1959252321710144e-07
170.37129641205152,0.8578117229090974,0.16573198768402111,3.190129111081303e-07
170.3962995374422,0.8572812008309396,0.16571498360435621,3.18434267988936e-07
170.42130266283286,0.8568454353081092,0.16569619109644415,3.178565818743653e-07
170.44630578822353,0.8565137322791258,0.16567598305405593,3.172798429787143e-07
170.4713089136142,0.856293042250733,0.1656547494465949,3.1670404371572794e-07
170.4963120390049,0.8561879602978991,0.16563289731909658,3.1612917869859937e-07
170.52131516439556,0.8562007260638168,0.1656108507922289,3.1555524473997254e-07
170.54631828978623,0.8563312237599023,0.1655890510622919,3.149822408519384e-07
170.5713214151769,0.8565769821657969,0.165567956401218,3.1441016824603707e-07
170.59632454056757,0.8569335033388484,0.16554801445107162,3.138390298785049e-07
170.62132766595823,0.8573931628212096,0.16552960524557686,3.132688310330362e-07
170.64633079134893,0.857944978046648,0.16551310287632925,3.1269958011441456e-07
170.6713339167396,0.8585769631572929,0.16549883109076055,3.121312864768035e-07
170.69633704213027,0.8592761947066949,0.16548706091909138,3.115639603543463e-07
170.72134016752094,0.8600288116598231,0.1654780106743314,3.1099761286116854e-07
170.7463432929116,0.8608200153930667,0.16547184595227926,3.104322559913777e-07
170.7713464183023,0.8616340696942348,0.16546867963152254,3.098679026190623e-07
170.79634954369297,0.8624543007625534,0.16546857187343786,3.093045664982946e-07
170.82135266908364,0.8632633030845229,0.16547153091165848,3.0874226206975406e-07
170.8463557944743,0.8640461179231691,0.16547750052519575,3.0818100171864766e-07
170.87135891986497,0.8647875495349963,0.16548632467420932,3.076207985407818e-07
170.89636204525567,0.8654732122313717,0.16549780362638764,3.0706166484411735e-07
170.92136517064634,0.8660903870967743,0.16551170419182554,3.0650361127551363e-07
170.946368296037,0.8666280219887996,0.16552775972302447,3.0594664682072476e-07
170.97137142142768,0.8670767315381567,0.16554567011489227,3.053907788044021e-07
170.99637454681834,0.8674287971486686,0.16556510180474324,3.048360128900936e-07
171.02137767220904,0.8676781669972732,0.16558568777229826,3.042823530802433e-07
171.0463807975997,0.8678204560340215,0.16560702753968454,3.037298017161935e-07
171.07138392299038,0.8678529455127031,0.16562868754903537,3.031783594800978e-07
171.09638704838105,0.8677748240184815,0.1656502649601839,3.026280252223773e-07
171.12139017377172,0.8675879900411365,0.16567134917314544,3.020787945458742e-07
171.1463932991624,0.8672961869599057,0.16569151963538603,3.015306610590514e-07
171.17139642455308,0.8669047200735552,0.1657103896380592,3.009836169425136e-07
171.19639954994375,0.8664204566003785,0.1657276063160063,3.0043765294900324e-07
171.22140267533442,0.8658518256781969,0.16574285064775626,2.9989275840340317e-07
171.24640580072509,0.86520881836436,0.1657558374555257,2.9934892120273585e-07
171.27140892611575,0.8645029876357455,0.16576631540521877,2.9880612781616357e-07
171.29641205150645,0.8637474483887578,0.16577406700642747,2.982643632849877e-07
171.32141517689712,0.8629568774393322,0.1657789086124313,2.9772361122265115e-07
171.3464183022878,0.8621458717058901,0.16578071232982922,2.971838555094708e-07
171.37142142767846,0.861329795501859,0.16577945324950316,2.9664508009858743e-07
171.39642455306912,0.8605259203991361,0.1657751609957104,2.961072675259105e-07
171.42142767845982,0.8597505233449487,0.16576791634153842,2.9557040144611745e-07
171.4464308038505,0.8590188705997635,0.16575785129261666,2.950344666477812e-07
171.47143392924116,0.8583452177372813,0.16574514908711654,2.94499449053367e-07
171.49643705463183,0.8577428096444409,0.16573004419575155,2.939653357192345e-07
171.5214401800225,0.8572238805214176,0.1657128223217771,2.934321148356374e-07
171.5464433054132,0.8567996538816235,0.1656938204009906,2.928997757267225e-07
171.57144643080386,0.8564803425517087,0.1656734266017315,2.923683088505326e-07
171.59644955619453,0.8562737256154761,0.16565203818329907,2.9183770676458635e-07
171.6214526815852,0.856183437777196,0.1656300891194948,2.913079652781181e-07
171.64645580697587,0.856211100772703,0.16560804856054462,2.907790819151318e-07
171.67145893236656,0.856356073097425,0.16558636264588955,2.902510560556418e-07
171.69646205775723,0.8566154497692258,0.1655654544903926,2.897238889358332e-07
171.7214651831479,0.8569840623284054,0.1655457241843384,2.891975836480585e-07
171.74646830853857,0.8574544788377003,0.16552754879343368,2.886721451408401e-07
171.77147143392924,0.8580170038822834,0.16551128235880685,2.8814758021886945e-07
171.7964745593199,0.8586596785697633,0.16549725589700823,2.8762389754300734e-07
171.8214776847106,0.8593682869155514,0.16548577733918937,2.8710110762428664e-07
171.84648081010127,0.8601288684504963,0.16547708686155932,2.8657922052549447e-07
171.87148393549194,0.860925665039821,0.16547132180141422,2.860582480768913e-07
171.8964870608826,0.8617413494514888,0.16546857151901748,2.8553820370106836e-07
171.92149018627327,0.8625593774161614,0.16546887168817165,2.8501910018212496e-07
171.94649331166397,0.8633639876271993,0.1654722042962185,2.8450094966566756e-07
171.97149643705464,0.8641402017406589,0.16547849764403894,2.839837636588123e-07
171.9964995624453,0.8648738243752975,0.16548762634605296,2.834675530301814e-07
172.02150268783598,0.8655514431125697,0.16549941133021978,2.829523280099056e-07
172.04650581322664,0.8661604284966287,0.16551361983803772,2.824380981896234e-07
172.07150893861734,0.8666889340343262,0.16552996542454435,2.819248725224806e-07
172.096512064008,0.867126575951091,0.16554812761565332,2.8141265880520803e-07
172.12151518939868,0.8674663998519372,0.1655677669233899,2.8090146189056635e-07
172.14651831478935,0.8677025622450194,0.1655884732755437,2.8039128525888666e-07
172.17152144018002,0.8678310306139903,0.1656098383900489,2.798821306562159e-07
172.1965245655707,0.8678496654568111,0.16563145956073946,2.7937399803806803e-07
172.22152769096138,0.8677582202857517,0.16565293965734917,2.788668855694263e-07
172.24653081635205,0.8675583416273903,0.16567388712551173,2.783607896247395e-07
172.27153394174272,0.8672535690226141,0.16569391598676067,2.7785570478792477e-07
172.2965370671334,0.8668493350266184,0.16571264583852935,2.7735162385236654e-07
172.32154019252405,0.8663529652089074,0.165729701854151,2.7684853782091684e-07
172.34654331791475,0.8657735811154749,0.1657447173444681,2.763464359999784e-07
172.37154644330542,0.8651205551800694,0.1657574061830989,2.7584530761134465e-07
172.3965495686961,0.8644067527595483,0.16576752710603962,2.7534513892509845e-07
172.42155269408676,0.8636463889188887,0.16577487674581953,2.748459152312013e-07
172.44655581947742,0.8628539165661778,0.16577930785840087,2.7434762188830745e-07
172.47155894486812,0.8620440264526118,0.16578072932317875,2.738502443237635e-07
172.4965620702588,0.8612316471724993,0.16577910614298122,2.733537680336107e-07
172.52156519564946,0.8604319451632564,0.16577445944406924,2.728581785825815e-07
172.54656832104013,0.8596603247054098,0.16576686647613673,2.7236346160410193e-07
172.5715714464308,0.858932427922596,0.16575646061231047,2.7186960280029086e-07
172.5965745718215,0.858264134781561,0.1657434313491502,2.713765879419594e-07
172.62157769721216,0.8576704566169768,0.16572801630826653,2.708844037352387e-07
172.64658082260283,0.8571626760335435,0.1657105173143329,2.7039304016331604e-07
172.6715839479935,0.8567519759968172,0.1656913132520683,2.6990248749495176e-07
172.69658707338417,0.8564472938563463,0.16567079594376052,2.69412737758203e-07
172.72159019877486,0.8562551294352297,0.16564936728062543,2.6892378488511805e-07
172.74659332416553,0.8561795450301173,0.16562743922280695,2.684356247117385e-07
172.7715964495562,0.856222165411209,0.165605433799377,2.679482549780961e-07
172.79659957494687,0.8563821778222557,0.1655837831083356,2.674616753282147e-07
172.82160270033754,0.8566563319805586,0.16556292931661074,2.6697588731011e-07
172.84660582572823,0.8570389682363176,0.16554332365336008,2.6649089434963663e-07
172.8716089511189,0.857522873426509,0.16552535866771273,2.660067007640741e-07
172.89661207650957,0.8580968519406877,0.1655093822232022,2.6552331375952577e-07
172.92161520190024,0.8587478646609618,0.1654957107332498,2.650407420744526e-07
172.9466183272909,0.8594622476853333,0.1654846053388529,2.6455899496760717e-07
172.97162145268157,0.8602257123276985,0.16547627190858472,2.6407808221803353e-07
172.99662457807227,0.8610233451178487,0.16547086103859435,2.6359801412506664e-07
173.02162770346294,0.8618396078014666,0.16546846805260687,2.6311880150833463e-07
173.0466308288536,0.8626583373401316,0.1654691330019232,2.6264045570775536e-07
173.07163395424428,0.8634627459113164,0.16547284066542023,2.6216298858353884e-07
173.09663707963495,0.8642362160254213,0.1654795242708709,2.616864119026352e-07
173.12164020502564,0.8649650016705598,0.16548904434500522,2.6121073548930045e-07
173.1466433304163,0.8656349939803935,0.16550117564081834,2.6073596966109956e-07
173.17164645580698,0.8662336044092125,0.1655156621146576,2.6026212342212194e-07
173.19664958119765,0.8667500086834293,0.16553222005541302,2.597892042599985e-07
173.22165270658832,0.8671751468015795,0.1655505380845176,2.5931721814590115e-07
173.246655831979,0.8675017230343216,0.1655702771559472,2.588461695345419e-07
173.27165895736968,0.8677242059244369,0.16559107055622044,2.583760613641753e-07
173.29666208276035,0.8678388282868302,0.16561252390439893,2.5790689505659527e-07
173.32166520815102,0.8678435872085297,0.16563421515208707,2.5743867051713696e-07
173.3466683335417,0.8677382118497107,0.1656557023593022,2.569713861805523e-07
173.37167145893238,0.8675243754336033,0.16567659982121044,2.565050387817893e-07
173.39667458432305,0.8672064991644138,0.16569649565506694,2.5603962226908904e-07
173.42167770971372,0.8667906163897678,0.16571499788795235,2.5557512928611193e-07
173.4466808351044,0.8662841868037106,0.16573175369270313,2.551115514216353e-07
173.47168396049506,0.865696096446707,0.1657464493879116,2.546488792095528e-07
173.49668708588572,0.8650366577056421,0.16575881043792595,2.5418710212887484e-07
173.52169021127642,0.8643176093138193,0.16576860145285013,2.5372620860372754e-07
173.5466933366671,0.8635521163509646,0.16577562618854397,2.532661860033551e-07
173.57169646205776,0.8627547702432211,0.16577972754662315,2.528070206421167e-07
173.59669958744843,0.8619415070478789,0.16578078800588708,2.5234869784567223e-07
173.6217027128391,0.86112706654299,0.1657787652568306,2.518912042333108e-07
173.6467058382298,0.8603280397861396,0.16577371238632058,2.514345256362579e-07
173.67170896362046,0.8595612411113723,0.16576573273949896,2.509786479011465e-07
173.69671208901113,0.8588422059552094,0.1657549776021078,2.505235580058965e-07
173.7217152144018,0.8581851908566518,0.1657416462004892,2.500692440597159e-07
173.74671833979247,0.8576031734571791,0.16572598570158517,2.4961569530310103e-07
173.77172146518316,0.8571078525007498,0.1657082912129379,2.491629021078354e-07
173.79672459057383,0.8567096478338028,0.1656889057826895,2.4871085597699225e-07
173.8217277159645,0.8564177004052538,0.16566822039958218,2.4825954954493116e-07
173.84673084135517,0.8562396220476715,0.16564666127292366,2.478089767040293e-07
173.87173396674584,0.8561790687057185,0.1656246428051837,2.4735913392133197e-07
173.89673709213653,0.8562367038561236,0.16560263481608936,2.4691001974934516e-07
173.9217402175272,0.8564110803792567,0.16558108987622952,2.4646163422615186e-07
173.94674334291787,0.8566985849052876,0.16556043295408082,2.4601397889422284e-07
173.97174646830854,0.8570934378141863,0.1655410614160078,2.4556705680041846e-07
173.9967495936992,0.8575876932357233,0.16552334502626273,2.4512087249598845e-07
174.02175271908987,0.8581712390494685,0.1655076259469858,2.4467543203657175e-07
174.04675584448057,0.8588317968847932,0.16549421873820488,2.44230742982196e-07
174.07175896987124,0.8595549221208663,0.16548341035783576,2.437868143972797e-07
174.0967620952619,0.8603258127976123,0.16547543797426606,2.4334365545323153e-07
174.12176522065258,0.8611292682701049,0.16547042872881754,2.429012757649494e-07
174.14676834604325,0.8619476732242977,0.16546845181061778,2.4245968701226286e-07
174.17177147143394,0.8627643027444086,0.16546952472887907,2.4201890024288535e-07
174.1967745968246,0.8635633613713741,0.16547361312971134,2.415789258411508e-07
174.22177772221528,0.8643299831028545,0.1654806307961223,2.411397735280104e-07
174.24678084760595,0.8650502313932306,0.1654904396480174,2.407014523610346e-07
174.27178397299662,0.865711099153604,0.16550284974219978,2.402639707344129e-07
174.2967870983873,0.8663005087517985,0.1655176192723704,2.3982733637895293e-07
174.32179022377798,0.8668073120123567,0.16553445456912783,2.393915563620828e-07
174.34679334916865,0.8672213565167671,0.16555301281088222,2.3895663704923606e-07
174.37179647455932,0.8675355148841144,0.1655729556919404,2.385225827328264e-07
174.39679959995,0.8677448155315707,0.16559388020272445,2.3808939573974054e-07
174.42180272534068,0.8678457512948582,0.16561536521678752,2.3765707708841717e-07
174.44680585073135,0.8678366845368227,0.16563699980244406,2.372256263084902e-07
174.47180897612202,0.8677178471474349,0.16565838322276996,2.3679504144078609e-07
174.4968121015127,0.8674913405437895,0.16567912493560255,2.3636531903732573e-07
174.52181522690336,0.8671611356701056,0.1656988445935405,2.3593645416132392e-07
174.54681835229405,0.8667330729977257,0.16571717204394396,2.3550844038718895e-07
174.57182147768472,0.8662148625251186,0.16573374732893434,2.3508126980052444e-07
174.5968246030754,0.8656160837778756,0.1657482206853946,2.3465493299812652e-07
174.62182772846606,0.8649470007416697,0.16576028668682294,2.3422942007922012e-07
174.64683085385673,0.8642196461468615,0.16576972799949427,2.3380472007959697e-07
174.6718339792474,0.8634489854592154,0.16577635532672222,2.3338082000863659e-07
174.6968371046381,0.8626500464597845,0.1657800352228869,2.329577070601276e-07
174.72184023002876,0.861837887986589,0.16578069063087603,2.3253536863702677e-07
174.74684335541943,0.8610275999346108,0.16577830088208495,2.321137923514562e-07
174.7718464808101,0.8602343032557972,0.1657729016964166,2.316929660247051e-07
174.79684960620077,0.8594731499590598,0.1657645851822815,2.3127287768722958e-07
174.82185273159146,0.8587593231102738,0.1657534998365978,2.3085351557865183e-07
174.84685585698213,0.8581080368322812,0.1657398505447913,2.3043486814776229e-07
174.8718589823728,0.8575344491326627,0.1657238974004416,2.3001692410821384e-07
174.89686210776347,0.8570502570605574,0.16570593415808244,2.2959967465146418e-07
174.92186523315414,0.8566653480551688,0.1656863443523106,2.2918311237933392e-07
174.94686835854483,0.8563882039531265,0.1656655407521844,2.2876723085970606e-07
174.9718714839355,0.8562248288498429,0.16564393915310727,2.2835202528541836e-07
174.99687460932617,0.8561787490995115,0.16562195837682803,2.2793749247426068e-07
175.02187773471684,0.8562510133151087,0.16560002027144063,2.2752363086897666e-07
175.0468808601075,0.856440192368393,0.16557854971138442,2.2711044053726345e-07
175.0718839854982,0.8567423793899052,0.1655579745974439,2.2669792317177108e-07
175.09688711088887,0.8571511897689674,0.16553872585674892,2.262860820901044e-07
175.12189023627954,0.8576581631826693,0.1655212231961383,2.258749219140059e-07
175.1468933616702,0.8582532147102683,0.1655057953151193,2.2546444800226102e-07
175.17189648706088,0.8589224444073736,0.16549274274363493,2.2505466831123314e-07
175.19689961245155,0.8596513158494726,0.16548231548246733,2.2464559127953502e-07
175.22190273784224,0.8604249818263556,0.16547470671018244,2.2423722558982765e-07
175.2469058632329,0.8612282843421134,0.16547005278313023,2.238295801688221e-07
175.27190898862358,0.8620457546151421,0.1654684332354446,2.2342266418727674e-07
175.29691211401425,0.8628616130781395,0.1654698707790433,2.2301648705999906e-07
175.32191523940492,0.8636597693781063,0.1654743313036281,2.226110584458453e-07
175.3469183647956,0.8644238223763469,0.16548172387668467,2.2220638824771992e-07
175.37192149018628,0.8651388019829389,0.16549191145499176,2.218024854989044e-07
175.39692461557695,0.8657921206616254,0.1655046752719921,2.2139935791152152e-07
175.42192774096762,0.8663713693245048,0.16551973265274378,2.2099701306441053e-07
175.4469308663583,0.866865965093774,0.16553677934783165,2.2059545718615147e-07
175.47193399174898,0.8672671616655157,0.1655554896784378,2.2019469514805599e-07
175.49693711713965,0.8675680493096951,0.1655755165363413,2.1979473046416915e-07
175.52194024253032,0.8677635548701642,0.16559649138391838,2.193955652912668e-07
175.546943367921,0.8678504417646588,0.16561802425414224,2.1899720042885722e-07
175.57194649331166,0.8678273099847993,0.1656397037505832,2.1859963531918085e-07
175.59694961870235,0.8676945960960909,0.16566109704740872,2.1820286804720966e-07
175.62195274409302,0.8674544051774233,0.16568177331950787,2.1780689549659173e-07
175.6469558694837,0.8671108870488666,0.16570136349122608,2.174117129384005e-07
175.67195899487436,0.8666708990575921,0.16571947498993972,2.1701731345485766e-07
175.69696212026503,0.8661426346147321,0.1657357534783631,2.1662368931278704e-07
175.7219652456557,0.8655355456855851,0.16574988869936608,2.1623083203899552e-07
175.7469683710464,0.8648603427896151,0.16576161447597385,2.158387324202726e-07
175.77197149643706,0.8641289950004549,0.165770708711367,2.154473805033921e-07
175.79697462182773,0.863354729945901,0.16577699338888166,2.1505676559510966e-07
175.8219777472184,0.8625520338079172,0.16578033457200933,2.1466687626216448e-07
175.84698087260907,0.8617366513226333,0.1657806424043969,2.1427770033127872e-07
175.87198399799976,0.8609251819543126,0.16577787299639893,2.1388922516825533e-07
175.89698712339043,0.8601325048084968,0.16577207002350888,2.1350143971125699e-07
175.9219902487811,0.8593753989644867,0.16576336305204997,2.1311433210674767e-07
175.94699337417177,0.8586697853385302,0.16575192666494742,2.1272789116190537e-07
175.97199649956244,0.8580300289472691,0.16573797885474625,2.1234210678551368e-07
175.99699962495313,0.8574689389077382,0.1657217810236113,2.1195696998796127e-07
176.0220027503438,0.8569977684373676,0.16570363798332713,2.115724728812436e-07
176.04700587573447,0.8566262148539794,0.1656838979552981,2.1118860867896041e-07
176.07200900112514,0.8563624195757896,0.16566295257054833,2.1080537169631742e-07
176.0970121265158,0.8562129681214082,0.16564123686972174,2.104227573501258e-07
176.1220152519065,0.8561820440370369,0.165619184179376,2.100407624733606e-07
176.14701837729717,0.8562696217375604,0.16559723851148664,2.0965938620174849e-07
176.17202150268784,0.8564733017554882,0.16557586105334043,2.092786291252338e-07
176.1970246280785,0.8567886631366182,0.16555548011489188,2.088984930259067e-07
176.22202775346918,0.8572092634232481,0.16553649112562716,2.0851898087800454e-07
176.24703087885987,0.857726638654176,0.1655192566345642,2.0814009684791141e-07
176.27203400425054,0.8583303033646981,0.16550410631025272,2.0776184629415999e-07
176.2970371296412,0.859007750586612,0.16549133694077398,2.073842357674288e-07
176.32204025503188,0.8597444518482149,0.16548121243374103,2.0700727301054408e-07
176.34704338042255,0.8605245896280309,0.16547395979930243,2.0663096646730604e-07
176.37204650581322,0.8613336036499144,0.16546971225922885,2.062553237993674e-07
176.3970496312039,0.8621538740499435,0.16546851520015304,2.0588035499156186e-07
176.42205275659458,0.8629683556449655,0.16547036433712942,2.0550606970794773e-07
176.44705588198525,0.8637611166411091,0.1654752065109214,2.0513247691471918e-07
176.47205900737592,0.8645173386337806,0.16548293968800157,2.0475958488020778e-07
176.4970621327666,0.8652233166076647,0.1654934129605515,2.043874011748822e-07
176.52206525815728,0.8658664589367258,0.16550642654646192,2.040159326713477e-07
176.54706838354795,0.8664352873842043,0.1655217317893326,2.0364518554434787e-07
176.57207150893862,0.8669194371026216,0.1655390311584724,2.032751652707621e-07
176.5970746343293,0.8673096566337772,0.16555797824889928,2.029058766296072e-07
176.62207775971996,0.8675980736125628,0.16557819016499511,2.0253732357676537e-07
176.64708088511065,0.8677802413439226,0.16559930283996138,2.0216950797597712e-07
176.67208401050132,0.8678534369588645,0.16562088692700258,2.018024301422446e-07
176.697087135892,0.8678165941721373,0.16564251711143874,2.014360892285965e-07
176.72209026128266,0.8676704662528911,0.16566378474322033,2.0107048317873398e-07
176.74709338667333,0.8674176260246781,0.16568429783692828,2.0070560872703014e-07
176.77209651206402,0.8670624658654514,0.1657036810717741,2.0034146139852973e-07
176.7970996374547,0.8666111977075678,0.1657215757915997,1.9997803550895077e-07
176.82210276284536,0.8660718530377843,0.16573764000487753,1.9961532416468201e-07
176.84710588823603,0.8654542828972601,0.1657515483847106,1.992533192627846e-07
176.8721090136267,0.8647700672660212,0.16576299355555912,1.9889201155115838e-07
176.89711213901737,0.8640304123879181,0.16577174371877287,1.9853139215604656e-07
176.92211526440806,0.8632500679951814,0.1657776370489359,1.9817145027187095e-07
176.94711838979873,0.8624450524879576,0.16578055672055406,1.9781217447251018e-07
176.9721215151894,0.8616310974411754,0.1657804416918974,1.9745355369751692e-07
176.99712464058007,0.86082364760455,0.16577728670500022,1.970955772521195e-07
177.02212776597074,0.8600378609025822,0.16577114228566098,1.9673823480722152e-07
177.04713089136143,0.859288608434557,0.16576211474344224,1.9638151639940145e-07
177.0721340167521,0.8585904744745478,0.16575036617167085,1.9602541243091422e-07
177.09713714214277,0.8579577564714105,0.16573611444743785,1.956699136696888e-07
177.12214026753344,0.8574044650487872,0.1657196332315984,1.953150112493298e-07
177.1471433929241,0.8569440613936784,0.16570124737705771,1.9496069680519754e-07
177.1721465183148,0.8565857089948139,0.16568130191688377,1.9460696441815641e-07
177.19714964370547,0.8563366823782189,0.16566022736018712,1.9425380930401038e-07
177.22215276909614,0.8562023918422335,0.16563846532961907,1.9390122772916462e-07
177.2471558944868,0.8561857884640208,0.165616449714202,1.9354921731395657e-07
177.27215901987748,0.8562873640995672,0.16559460666932949,1.9319777703265555e-07
177.29716214526817,0.8565051513836819,0.16557335461676614,1.928469072134624e-07
177.32216527065884,0.8568347237299961,0.16555310424464767,1.92496609538511e-07
177.3471683960495,0.8572691953309648,0.1655342585074809,1.9214688704386595e-07
177.37217152144018,0.8577992211578652,0.16551721262614374,1.9179774411952414e-07
177.39717464683085,0.8584134367698231,0.1655023435567912,1.91449186225693e-07
177.42217777222152,0.8590998919722848,0.16548992710441435,1.9110121891822795e-07
177.4471808976122,0.8598429613501026,0.16548019256150445,1.907538499623813e-07
177.47218402300288,0.8606266763282744,0.16547331854853695,1.9040708738343696e-07
177.49718714839355,0.8614352311579911,0.16546942642361898,1.9006093915144077e-07
177.52219027378422,0.8622529829166341,0.1654685802824894,1.8971541318120228e-07
177.5471933991749,0.8630644515077753,0.1654707869585188,1.8937051733229413e-07
177.57219652456558,0.8638543196611788,0.16547599602270957,1.8902625940905183e-07
177.59719964995625,0.8646074329327965,0.16548409978369566,1.8868264716057522e-07
177.62220277534692,0.8653087997047743,0.16549493328774292,1.883396882807262e-07
177.6472059007376,0.8659443766232218,0.16550828793063713,1.8799738997569584e-07
177.67220902612826,0.8665034367274986,0.16552390845512108,1.876557577032743e-07
177.69721215151895,0.8669757233793031,0.1655414498302308,1.8731479662575097e-07
177.72221527690962,0.8673527364800241,0.16556055388562146,1.869745107767625e-07
177.7472184023003,0.8676278796545791,0.1655808537187537,1.8663490297681588e-07
177.77222152769096,0.8677964602514109,0.16560197369489363,1.8629597483329e-07
177.79722465308163,0.867855689342489,0.16562352944711284,1.859577267404353e-07
177.82222777847232,0.8678046817233093,0.1656451278762884,1.8562015787937328e-07
177.847230903863,0.8676444559128939,0.1656663671511028,1.8528326621809824e-07
177.87223402925366,0.8673779341537915,0.16568683670804404,1.8494704851147471e-07
177.89723715464433,0.8670099424120772,0.16570611725140558,1.8461150030123922e-07
177.922240280035,0.8665467788686327,0.16572380821401372,1.842766162262571e-07
177.9472434054257,0.8659963258081899,0.16573959951118955,1.8394239000137315e-07
177.97224653081636,0.8653695727193859,0.1657531750197764,1.8360881339621035e-07
177.99724965620703,0.8646783992555845,0.1657642661831739,1.832758778117942e-07
178.0222527815977,0.8639354484391134,0.16577265712070163,1.829435743705462e-07
178.04725590698837,0.8631541266612633,0.1657781846275994,1.826118939162837e-07
178.07225903237904,0.8623486036822882,0.1657807381750271,1.8228082701421964e-07
178.09726215776973,0.8615338126314043,0.16578025991006454,1.8195036395096233e-07
178.1222652831604,0.8607254500067937,0.1657767446557118,1.8162049473451695e-07
178.14726840855107,0.859939975675599,0.16577023991088896,1.8129120909428323e-07
178.17227153394174,0.8591943557589098,0.16576084517715645,1.8096249662219623e-07
178.1972746593324,0.8585028161786172,0.16574872781657135,1.8063434868315806e-07
178.2222777847231,0.8578800476775177,0.1657341501963768,1.8030675672865955e-07
178.24728091011377,0.8573395217928854,0.16571741156631228,1.799797129095666e-07
178.27228403550444,0.8568925755235952,0.16569883919732822,1.7965321054247886e-07
178.2972871608951,0.8565484113301247,0.165678788381586,1.7932724410973136e-07
178.32229028628578,0.8563140971345541,0.16565764243245815,1.790018092593941e-07
178.34729341167647,0.8561945663205658,0.1656358126845281,1.7867690280527165e-07
178.37229653706714,0.8561926177334449,0.16561373849359035,1.7835252272690474e-07
178.3972996624578,0.856308916063523,0.16559188720250356,1.78028668169289e-07
178.42230278784848,0.85654191258453,0.16557070132766602,1.777053392977964e-07
178.44730591323915,0.856885902692554,0.1655506011821683,1.7738253817425354e-07
178.47230903862985,0.8573327270567265,0.16553199988729816,1.7706026815122274e-07
178.4973121640205,0.8578728034068089,0.1655152640837887,1.7673853330888169e-07
178.52231528941118,0.8584951265331959,0.16550071393181823,1.7641733845502125e-07
178.54731841480185,0.8591872682869127,0.16548862311101045,1.7609668912504692e-07
178.57232154019252,0.8599353775796164,0.1654792188204343,1.7577659158197844e-07
178.5973246655832,0.860724180383595,0.16547268177860405,1.754570528164498e-07
178.62232779097388,0.8615369797317693,0.16546914622347925,1.7513808054670893e-07
178.64733091636455,0.8623567902336408,0.16546869630021285,1.7481968262394367e-07
178.67233404175522,0.8631683668558539,0.16547132067889975,1.7450186620093538e-07
178.6973371671459,0.863955037244907,0.16547693051881807,1.7418463938758227e-07
178.72234029253656,0.8647014091495461,0.16548539443449928,1.738680095978888e-07
178.74734341792725,0.8653935391260608,0.16549653913332504,1.7355198345499784e-07
178.77234654331792,0.866018932538281,0.16551014941552725,1.732365667911922e-07
178.7973496687086,0.8665665435575818,0.1655259681741879,1.729217646478924e-07
178.82235279409926,0.8670267751628801,0.16554369639523941,1.7260758127565805e-07
178.84735591948993,0.8673914791406355,0.16556299315746426,1.7229402013418771e-07
178.87235904488062,0.867653956084851,0.16558347563249518,1.7198108389231829e-07
178.8973621702713,0.8678090720705226,0.16560473228751438,1.716687743857698e-07
178.92236529566196,0.8678544007781553,0.1656263809770842,1.7135709190414094e-07
178.94736842105263,0.8677896449103782,0.16564798568873207,1.7104603522029742e-07
178.9723715464433,0.8676162022270555,0.16566912307147566,1.7073560214369886e-07
178.997374671834,0.8673371999267959,0.1656893942226315,1.704257895372832e-07
179.02237779722466,0.8669574946469547,0.16570842468781458,1.7011659331746818e-07
179.04738092261533,0.8664836724636316,0.16572586446093882,1.6980800845414903e-07
179.072384048006,0.8659240488916716,0.16574138798421675,1.6950002897070018e-07
179.09738717339667,0.8652886688846655,0.1657546941481596,1.6919264794397464e-07
179.12239029878734,0.864589306834949,0.16576550629157735,1.6888585750430413e-07
179.14739342417803,0.8638392188013124,0.16577357423926833,1.6857964897216784e-07
179.1723965495687,0.863050765584543,0.1657787270544154,1.68274014341055e-07
179.19739967495937,0.862240288124269,0.16578087522351298,1.6796894383740387e-07
179.22240280035004,0.861424700443569,0.16577998017381326,1.67664427531809e-07
179.2474059257407,0.860620210370616,0.1657760565382192,1.6736045600451024e-07
179.2724090511314,0.8598423195386766,0.16576917215528444,1.6705702034539233e-07
179.29741217652207,0.8591058233861141,0.16575944806921344,1.667541121539863e-07
179.32241530191274,0.8584248111563837,0.16574705852986144,1.6645172353946733e-07
179.3474184273034,0.8578126658980356,0.16573223099273438,1.6614984712065626e-07
179.37242155269408,0.8572820644647147,0.16571524611898897,1.658484760260191e-07
179.39742467808477,0.8568449775151592,0.1656964377754327,1.6554760389366678e-07
179.42242780347544,0.856512623224696,0.1656761914748511,1.6524722488999882e-07
179.4474309288661,0.8562924529715735,0.16565488815151125,1.649473349147681e-07
179.47243405425678,0.8561881292909659,0.1656329777767764,1.6464793156137058e-07
179.49743717964745,0.8562015703843819,0.16561092853766438,1.6434901326977897e-07
179.52244030503815,0.8563324363828053,0.16558918597627365,1.6405057953321595e-07
179.5474434304288,0.856578129346694,0.16556817298978355,1.6375263089815557e-07
179.57244655581948,0.8569337932659805,0.1655482898304541,1.634551689643212e-07
179.59744968121015,0.8573923140600724,0.1655299141056261,1.6315819638468688e-07
179.62245280660082,0.8579443195778519,0.16551340077772106,1.6286171686547695e-07
179.6474559319915,0.8585781795976755,0.16549908216424128,1.6256573516616615e-07
179.67245905738218,0.8592800058273753,0.16548726793776983,1.622702570994791e-07
179.69746218277285,0.8600347781749621,0.16547822646737853,1.6197528893090756e-07
179.72246530816352,0.8608281299783828,0.16547210305970195,1.61680836548432e-07
179.7474684335542,0.8616426511575989,0.16546898908692886,1.613869075692368e-07
179.77247155894486,0.8624615182437901,0.16546892492546103,1.6109350935842587e-07
179.79747468433555,0.863268748726838,0.16547189780306895,1.6080064889080002e-07
179.82247780972622,0.8640492010553212,0.16547784179889172,1.6050833275085832e-07
179.8474809351169,0.8647885746365215,0.16548663784343717,1.6021656713279624e-07
179.87248406050756,0.8654734098364198,0.16549811371858186,1.5992535784050674e-07
179.89748718589823,0.8660910879796979,0.16551204405757097,1.5963471028758017e-07
179.92249031128893,0.866629831349738,0.16552815034501842,1.5934462949730382e-07
179.9474934366796,0.8670788978632298,0.1655461078187555,1.5905512002121037e-07
179.97249656207026,0.8674307770443717,0.16556558944294092,1.5876618489977267e-07
179.99749968746093,0.8676796074739975,0.16558619237064445,1.584778261368265e-07
180.0225028128516,0.8678211389353061,0.16560750405457406,1.5819004482899953e-07
180.0475059382423,0.8678530095533733,0.1656291186288179,1.5790284106557122e-07
180.07250906363296,0.8677747457951525,0.16565063690884424,1.57616213928474e-07
180.09751218902363,0.8675877624694736,0.16567166639150158,1.573301614922915e-07
180.1225153144143,0.8672953627270441,0.16569182125501855,1.5704468082425974e-07
180.14751843980497,0.8669027380604485,0.16571072235900391,1.5675976798426683e-07
180.17252156519567,0.8664169683041477,0.16572799724444667,1.5647541802485267e-07
180.19752469058633,0.8658470216344814,0.1657432801337159,1.5619162499121014e-07
180.222527815977,0.8652023956880487,0.16575626025743218,1.5590838269169508e-07
180.24753094136767,0.8644950453437661,0.16576670097489452,1.5562568382726734e-07
180.27253406675834,0.8637393219610416,0.16577439188068896,1.553435199986842e-07
180.297537192149,0.862949769066659,0.16577917879194679,1.5506188286800406e-07
180.3225403175397,0.862141122040683,0.1657809637552462,1.5478076415875524e-07
180.34754344293037,0.8613283081164644,0.16577970504661227,1.5450015565593733e-07
180.37254656832104,0.860526446380633,0.16577541717151692,1.5422004920601938e-07
180.3975496937117,0.8597508477731024,0.16576817086487905,1.5394043671694106e-07
180.42255281910238,0.8590170150870686,0.16575809309106437,1.5366131015811236e-07
180.44755594449308,0.8583406429690094,0.16574536704388548,1.5338266156041334e-07
180.47255906988374,0.8577372624945351,0.16573022870005383,1.5310448317128785e-07
180.4975621952744,0.8572185917472354,0.1657129604067923,1.5282676909217487e-07
180.52256532066508,0.8567956891756285,0.1656939360931048,1.525495138763498e-07
180.54756844605575,0.856477830726798,0.1656735505988999,1.5227271287632905e-07
180.57257157144645,0.8562718422303653,0.16565220726053811,1.5199636252293553e-07
180.5975746968371,0.8561820993984921,0.165630317910832,1.517204603252997e-07
180.62257782222778,0.8562105278258771,0.16560830287904582,1.514450048708579e-07
180.64758094761845,0.8563566029897589,0.16558659099089598,1.511699958253534e-07
180.67258407300912,0.8566173502499141,0.16556561956855068,1.5089543393283628e-07
180.69758719839982,0.856987344848659,0.1655458344306301,1.5062132101566295e-07
180.72259032379048,0.8574593774769195,0.16552765419936766,1.503476595891057e-07
180.74759344918115,0.8580233239850892,0.16551142012725084,1.500744532360451e-07
180.77259657457182,0.8586660208934047,0.1654974556509778,1.4980170694066627e-07
180.7975996999625,0.8593737182916152,0.16548602938037435,1.4952942596796902e-07
180.82260282535316,0.860132111659923,0.16547735421980644,1.492576158478004e-07
180.84760595074385,0.860926341868984,0.1654715873681799,1.4898628237485446e-07
180.87260907613452,0.8617409951799044,0.16546883031894058,1.4871543160867348e-07
180.8976122015252,0.8625601032442461,0.1654691288600743,1.4844506987364616e-07
180.92261532691586,0.863367143104023,0.16547247307410692,1.4817520375900876e-07
180.94761845230653,0.8641451995165177,0.16547879860425022,1.4790584004671387e-07
180.97262157769723,0.8648800368752149,0.16548798673109993,1.4763698443752463e-07
180.9976247030879,0.8655578264434606,0.165499820757618,1.4736864263690088e-07
181.02262782847856,0.866165699333334,0.16551404365906655,1.4710081987866102e-07
181.04763095386923,0.8666925691941044,0.16553037209671415,1.4683352052825658e-07
181.0726340792599,0.8671291322122324,0.16554849641783578,1.465667480827718e-07
181.0976372046506,0.8674678671113697,0.16556808065571285,1.4630050517092337e-07
181.12264033004126,0.8677030351523581,0.1655887625296331,1.4603479355306173e-07
181.14764345543193,0.8678306801332318,0.16561015344489063,1.457696141211691e-07
181.1726465808226,0.8678486283892156,0.16563183849278615,1.4550496689886076e-07
181.19764970621327,0.8677564879397295,0.1656533765725424,1.4524085104201044e-07
181.22265283160397,0.8675555353368696,0.1656743626066519,1.4497726492679983e-07
181.24765595699463,0.8672497681910101,0.1656944020802776,1.4471420539374836e-07
181.2726590823853,0.8668451585672408,0.16571309457021216,1.4445166828548397e-07
181.29766220777597,0.8663490704549172,0.16573007993538016,1.4418964887041181e-07
181.32266533316664,0.8657702597676611,0.16574503831683846,1.4392814184271366e-07
181.3476684585573,0.8651188743433598,0.1657576901377759,1.4366714132234804e-07
181.372671583948,0.8644064539441657,0.16576779610351344,1.4340664085504995e-07
181.39767470933867,0.8636459302564996,0.16577515720150415,1.4314663341233198e-07
181.42267783472934,0.8628516268910458,0.1657796147013332,1.4288711139148262e-07
181.44768096012,0.862039259382755,0.1657810501547179,1.426280666155673e-07
181.47268408551068,0.8612244257166447,0.16577940005314895,1.423694910644352e-07
181.49768721090138,0.8604225757208687,0.16577470524753884,1.4211137717581832e-07
181.52269033629204,0.8596508524262941,0.1657670665732885,1.418537168173307e-07
181.5476934616827,0.8589251026333274,0.16575663181131145,1.4159650249750852e-07
181.57269658707338,0.8582598330001908,0.16574359578858402,1.4133972738522331e-07
181.59769971246405,0.8576682100429205,0.16572820037814534,1.4108338530968159e-07
181.62270283785475,0.8571620601353671,0.16571073449909712,1.408274707604246e-07
181.64770596324541,0.8567518695091972,0.165691534116604,1.4057197888732953e-07
181.67270908863608,0.8564467842538904,0.16567098224189333,1.4031690550060775e-07
181.69771221402675,0.856254572207706,0.16564950620274566,1.4006224708076035e-07
181.72271533941742,0.8561798186006473,0.16562751986496604,1.3980800130713487e-07
181.74771846480812,0.8562233777698202,0.16560548317071083,1.3955416727394557e-07
181.77272159019878,0.8563839824310957,0.16558385545301163,1.3930074493217128e-07
181.79772471558945,0.8566582266583377,0.1655630673245086,1.3904773507174658e-07
181.82272784098012,0.8570405658834024,0.16554352067745048,1.387951393215629e-07
181.8477309663708,0.8575233168961384,0.16552558868369463,1.3854296014946827e-07
181.8727340917615,0.8580966578443877,0.1655096157947069,1.3829120086226703e-07
181.89773721715216,0.8587486282339828,0.1654959177415619,1.380398656057211e-07
181.92274034254282,0.8594651289287503,0.16548478153494264,1.3778895936454795e-07
181.9477434679335,0.8602308926730824,0.16547645618544232,1.375384875346552e-07
181.97274659332416,0.8610314002206163,0.16547108669414407,1.372884552137229e-07
181.99774971871483,0.8618490603679583,0.1654687457446017,1.370388689897624e-07
182.02275284410553,0.8626669206067972,0.16546945543476504,1.367897352078331e-07
182.0477559694962,0.8634689956776798,0.16547318654377052,1.3654105982012378e-07
182.07275909488686,0.8642402675700172,0.16547985853194114,1.3629284838595116e-07
182.09776222027753,0.8649666855220802,0.16548933954078654,1.3604510607176086e-07
182.1227653456682,0.8656351660210009,0.1655014463930029,1.3579783765112717e-07
182.1477684710589,0.8662335928027727,0.16551594459247304,1.3555104750475284e-07
182.17277159644956,0.8667508168522485,0.16553254832426637,1.353047396204701e-07
182.19777472184023,0.8671766564031441,0.16555092045463887,1.3505891759323904e-07
182.2227778472309,0.8675030701150185,0.16557071101717896,1.3481358420352251e-07
182.24778097262157,0.8677251470651529,0.1655915416868725,1.3456874081876637e-07
182.27278409801227,0.8678391829619188,0.16561298574826736,1.343243880945002e-07
182.29778722340293,0.8678433308981148,0.16563462774292573,1.34080525852298e-07
182.3227903487936,0.8677376053646967,0.16565606366848937,1.338371530785706e-07
182.34779347418427,0.867523882250776,0.16567690097867935,1.335942679245667e-07
182.37279659957494,0.8672058988436212,0.1656967585832962,1.3335186770637265e-07
182.39779972496564,0.8667892538286561,0.16571526684821988,1.3310994890491211e-07
182.4228028503563,0.8662814072894625,0.1657320675954097,1.3286850716594724e-07
182.44780597574697,0.865691680707777,0.16574681410290448,1.326275373000769e-07
182.47280910113764,0.8650306941381014,0.16575918428346945,1.3238703354241536e-07
182.4978122265283,0.8643095309256263,0.16576895131197933,1.321469900716147e-07
182.52281535191898,0.8635430529662925,0.16577592379874415,1.319073995841771e-07
182.54781847730968,0.8627464653825454,0.16577996169109413,1.3166825475530874e-07
182.57282160270034,0.8619349449816883,0.1657809813026354,1.3142954840228544e-07
182.597824728091,0.8611236402558777,0.1657789553132501,1.3119127348445124e-07
182.62282785348168,0.8603276713821258,0.16577391276909612,1.309534231032193e-07
182.64783097887235,0.8595621302223007,0.16576593908260737,1.3071599050207172e-07
182.67283410426305,0.8588420803231244,0.1657551760324936,1.3047896906655927e-07
182.69783722965371,0.8581825569161772,0.1657418217637405,1.3024235232430246e-07
182.72284035504438,0.857598566917892,0.16572613078760967,1.3000613394498986e-07
182.74784348043505,0.8571032178732813,0.16570839606337556,1.2977030841747785e-07
182.77284660582572,0.8567059179405102,0.1656889763647638,1.295348717128748e-07
182.79784973121642,0.856415446555128,0.1656682901152835,1.2929982009191529e-07
182.82285285660708,0.8562381293291498,0.16564675724010283,1.2906515072259403e-07
182.84785598199775,0.8561778102273548,0.1656247986745258,1.2883086169004605e-07
182.87285910738842,0.8562358515672885,0.1656028363639926,1.2859695199654777e-07
182.8978622327791,0.8564111340192614,0.16558129326407928,1.2836342156151668e-07
182.9228653581698,0.8567000566063501,0.16556059334049802,1.2813027122151124e-07
182.94786848356046,0.8570965367043952,0.16554116156909707,1.278975027302317e-07
182.97287160895112,0.8575920699491725,0.16552342234293785,1.2766511873257638e-07
182.9978747343418,0.8581771343734951,0.16550772816365547,1.274331220942642e-07
183.02287785973246,0.8588384433506974,0.16549437516076915,1.272015170519024e-07
183.04788098512313,0.8595612294085971,0.16548362073450215,1.2697030845657165e-07
183.07288411051383,0.8603305040097745,0.16547566520281637,1.2673950126476926e-07
183.0978872359045,0.8611310575515692,0.1654706518014124,1.2650910053840996e-07
183.12289036129516,0.8619474593660846,0.16546866668372942,1.2627911144482443e-07
183.14789348668583,0.8627640577201857,0.1654697389209453,1.260495392567604e-07
183.1728966120765,0.8635649798154987,0.16547384050197653,1.2582038935238226e-07
183.1978997374672,0.8643341317884128,0.16548088633347827,1.2559166721527095e-07
183.22290286285786,0.8650557027178758,0.16549073923372132,1.2536337824972954e-07
183.24790598824853,0.865717067649636,0.1655032077769075,1.2513552678009762e-07
183.2729091136392,0.8663058545246881,0.16551801115643722,1.249081170920019e-07
183.29791223902987,0.8668111994484314,0.16553484224603887,1.2468115282993702e-07
183.32291536442057,0.8672240914170473,0.16555337436521386,1.2445463686245725e-07
183.34791848981124,0.8675373723174972,0.16557326127923633,1.2422857128217762e-07
183.3729216152019,0.867745736927526,0.16559413719915353,1.240029574057723e-07
183.39792474059257,0.8678457329156596,0.1656156167817856,1.2377779577397576e-07
183.42292786598324,0.8678357608412056,0.1656372951297256,1.2355308615158233e-07
183.44793099137394,0.8677160741542531,0.16565874779133957,1.2332882752744605e-07
183.4729341167646,0.8674887442437103,0.16567953394954119,1.2310501813261492e-07
183.49793724215527,0.8671573277993003,0.16569927372536128,1.228816555932766e-07
183.52294036754594,0.8667283453750921,0.165717585448889,1.226587361550064e-07
183.5479434929366,0.8662100051748726,0.16573410540969785,1.2243625541239686e-07
183.5729466183273,0.8656117188220148,0.16574851531210724,1.2221420856966624e-07
183.59794974371798,0.8649441013594807,0.1657605422751824,1.219925904406596e-07
183.62295286910864,0.8642189712498174,0.1657699588327345,1.2177139544884727e-07
183.6479559944993,0.8634493503751588,0.16577658293332057,1.2155061762732593e-07
183.67295911988998,0.8626494640372263,0.1657802779402436,1.2133025061881826e-07
183.69796224528065,0.8618347409573276,0.16578095263155243,1.2111028767567293e-07
183.72296537067135,0.8610218126003362,0.16577856120069492,1.2089072166011733e-07
183.74796849606201,0.8602262667062898,0.1657731206363092,1.2067154595699664e-07
183.77297162145268,0.8594638820402933,0.16576475088771525,1.2045275421016378e-07
183.79797474684335,0.8587510284713136,0.16575362625832066,1.2023433994484426e-07
183.82297787223402,0.8581024395623591,0.1657399628884389,1.2001629733108279e-07
183.84798099762472,0.8575312125704794,0.1657240187552894,1.1979862118374284e-07
183.87298412301539,0.8570488084467678,0.16570609367299752,1.1958130696250775e-07
183.89798724840605,0.8566650518363572,0.16568652929259467,1.1936435077187924e-07
183.92299037379672,0.8563881310784229,0.16566570910201817,1.191477493611784e-07
183.9479934991874,0.8562245982061821,0.1656440584261112,1.1893150012454535e-07
183.9729966245781,0.856179162940492,0.16562202719364083,1.187156011346298e-07
183.99799974996876,0.8562526574104603,0.16560004237911774,1.1850005163088762e-07
184.02300287535942,0.8564427547118971,0.16557856839528515,1.1828485191317296e-07
184.0480060007501,0.8567451495315378,0.16555804157516169,1.1807000294834067e-07
184.07300912614076,0.8571535682512783,0.16553886372342183,1.1785550635957817e-07
184.09801225153146,0.8576597689481755,0.16552140211639563,1.1764136442640521e-07
184.12301537692213,0.8582535413944449,0.16550598950206907,1.1742758008467484e-07
184.1480185023128,0.8589227070574639,0.16549292410008376,1.1721415692657191e-07
184.17302162770346,0.8596531190997696,0.16548246960173707,1.1700109920061416e-07
184.19802475309413,0.8604287885428996,0.16547485494409844,1.1678841176271167e-07
184.2230278784848,0.8612351071941358,0.16547024116474918,1.1657609890850506e-07
184.2480310038755,0.8620551401479762,0.16546868104637613,1.1636416600255442e-07
184.27303412926616,0.8628714874639095,0.16547017198914243,1.1615261865104322e-07
184.29803725465683,0.8636679227260481,0.1654746637044989,1.1594146204012571e-07
184.3230403800475,0.8644293930431236,0.16548205821518414,1.1573070093592793e-07
184.34804350543817,0.8651420190484891,0.16549220985522436,1.1552033968454739e-07
184.37304663082887,0.8657930949001184,0.16550492526993366,1.1531038221205287e-07
184.39804975621954,0.8663710882806042,0.16551996341591368,1.1510083202448545e-07
184.4230528816102,0.8668656403971621,0.16553703556105387,1.1489169220785691e-07
184.44805600700087,0.8672675659816275,0.16555580528453137,1.1468296542815086e-07
184.47305913239154,0.867568853755624,0.16557588850639018,1.1447465393122544e-07
184.49806225778224,0.8677639414026701,0.16559690828788706,1.1426675917331079e-07
184.5230653831729,0.8678502350721679,0.16561846319745052,1.1405928137985714e-07
184.54806850856357,0.8678265177095353,0.16564011809616402,1.1385222010964084e-07
184.57307163395424,0.8676933686357354,0.16566145682763606,1.1364557425216973e-07
184.5980747593449,0.8674531635472761,0.16568208221800035,1.1343934202768293e-07
184.6230778847356,0.8671100745162099,0.1657016160759156,1.1323352098715057e-07
184.64808101012628,0.8666700699901355,0.1657196991925657,1.1302810801227481e-07
184.67308413551694,0.8661409147921956,0.16573599134165964,1.1282309931548833e-07
184.6980872609076,0.8655321701210779,0.1657501712794315,1.1261849043995535e-07
184.72309038629828,0.8648551935510154,0.16576193674464054,1.1241427625957133e-07
184.74809351168895,0.8641220279964315,0.16577102365938526,1.1221045140833044e-07
184.77309663707965,0.863345544679702,0.16577726596602638,1.1200701041605785e-07
184.79809976247031,0.86254213185947,0.1657805436321031,1.1180394669581727e-07
184.82310288786098,0.8617279097649281,0.16578079066712115,1.116012538556704e-07
184.84810601325165,0.8609185898572025,0.16577799632297358,1.113989257496373e-07
184.87310913864232,0.8601294748293534,0.16577220509394083,1.1119695647769606e-07
184.89811226403302,0.8593754586063734,0.16576351671669065,1.1099534038578269e-07
184.92311538942369,0.858671026345191,0.16575208617027817,1.1079407206579195e-07
184.94811851481435,0.8580302544346653,0.16573812367614582,1.1059314635557602e-07
184.97312164020502,0.85746681049559,0.16572189469812343,1.1039255833894537e-07
184.9981247655957,0.856993953380692,0.1657037199424281,1.1019230334566859e-07
185.0231278909864,0.8566230667839324,0.1656839457613636,1.0999237739153062e-07
185.04813101637706,0.8563608940570194,0.1656629626733951,1.0979277793479091e-07
185.07313414176772,0.8562128512930309,0.16564123562377306,1.0959350283544227e-07
185.0981372671584,0.8561820350260388,0.165619215457226,1.0939455067941833e-07
185.12314039254906,0.8562691790562214,0.1655973372948859,1.0919592079197986e-07
185.14814351793976,0.8564726544498636,0.16557602053428822,1.0899761323771452e-07
185.17314664333043,0.856788469539357,0.16555566884937187,1.087996288205377e-07
185.1981497687211,0.8572102699231996,0.16553667019047918,1.0860196908369122e-07
185.22315289411176,0.8577293384659963,0.165519396784356,1.0840463630974427e-07
185.24815601950243,0.8583345952984586,0.1655042051341516,1.0820763352059308e-07
185.27315914489313,0.8590125978174051,0.1654914360194187,1.0801096447746079e-07
185.2981622702838,0.8597495631334574,0.1654813632867175,1.0781463292719663e-07
185.32316539567447,0.860530594459672,0.16547414269719712,1.0761864295346324e-07
185.34816852106513,0.8613385606113391,0.16546989581700355,1.074229995061154e-07
185.3731716464558,0.8621569485842763,0.1654686890315719,1.0722770735423344e-07
185.39817477184647,0.8629698703390213,0.16547053343770354,1.0703277108359295e-07
185.42317789723717,0.8637620628008322,0.1654753848435664,1.0683819509666446e-07
185.44818102262784,0.8645188878596843,0.16548314376869466,1.0664398361261445e-07
185.4731841480185,0.8652263323702758,0.16549365544398903,1.0645014066730391e-07
185.49818727340917,0.8658710081520233,0.16550670981171658,1.0625667011328927e-07
185.52319039879984,0.8664401519890634,0.16552204152551075,1.0606357561982222e-07
185.54819352419054,0.8669231086262159,0.16553936350993448,1.0587086022578302e-07
185.5731966495812,0.8673119282817301,0.16555833100477155,1.0567852606773613e-07
185.59819977497187,0.8675997210179772,0.1655785480869831,1.0548657483631455e-07
185.62320290036254,0.8677815043426987,0.1655996194240696,1.0529500753946793e-07
185.6482060257532,0.8678542033903348,0.16562115028056282,1.051038245024099e-07
185.6732091511439,0.8678166509220243,0.16564274651802588,1.0491302536761793e-07
185.69821227653458,0.8676695873256045,0.16566401459505317,1.0472260909483417e-07
185.72321540192524,0.8674156606156115,0.16568456156727052,1.045325739610641e-07
185.7482185273159,0.8670594264332799,0.16570399508733497,1.0434291756057746e-07
185.77322165270658,0.8666073480465428,0.165721923404935,1.0415363680490801e-07
185.79822477809728,0.866067559796871,0.16573796388508008,1.039647280118745e-07
185.82322790348795,0.865448847069716,0.1657518242994932,1.0377618733120794e-07
185.84823102887862,0.8647635763267179,0.16576323393200287,1.0358800971856287e-07
185.87323415426928,0.8640251188006065,0.1657719644410896,1.0340018987948255e-07
185.89823727965995,0.863247289535596,0.16577784277455604,1.0321272247607983e-07
185.92324040505062,0.8624443473873845,0.1657807511695271,1.0302560212703711e-07
185.94824353044132,0.8616309950231533,0.16578062715244976,1.0283882340760622e-07
185.97324665583199,0.8608223789215705,0.16577746353909328,1.0265238084960919e-07
185.99824978122265,0.8600340893727856,0.16577130843454913,1.0246626894143694e-07
186.02325290661332,0.8592821604784329,0.16576226523323084,1.022804821280503e-07
186.048256032004,0.8585830701516307,0.16575049261887428,1.0209501481097957e-07
186.0732591573947,0.857951499742053,0.1657361974209753,1.0190986203328088e-07
186.09826228278536,0.8573998829488029,0.16571967529949125,1.0172501968507835e-07
186.12326540817602,0.8569404404246975,0.1657012778372466,1.0154048377241031e-07
186.1482685335667,0.85658304218121,0.1656813737650576,1.0135625100228153e-07
186.17327165895736,0.8563352032472227,0.16566034892006323,1.0117231878393474e-07
186.19827478434806,0.8562020836690276,0.16563860624572524,1.0098868522885044e-07
186.22327790973873,0.8561864885103266,0.16561656579182815,1.0080534915074769e-07
186.2482810351294,0.8562888678522308,0.16559466471447917,1.0062231006558287e-07
186.27328416052006,0.8565073167932608,0.1655733572761083,1.0043956819155057e-07
186.29828728591073,0.8568377603724913,0.16555310248113675,1.0025712437419747e-07
186.32329041130143,0.8572736258369321,0.16553428880954735,1.0007498002152814e-07
186.3482935366921,0.8578043804701784,0.16551729647320979,9.989313767783751e-08
186.37329666208277,0.8584182670138554,0.16550246184004003,9.971160026165166e-08
186.39829978747343,0.8591025892513012,0.16549006857397652,9.953037097285957e-08
186.4233029128641,0.8598437120075676,0.16548034763498026,9.934945329271287e-08
186.44830603825477,0.8606270611494193,0.16547347727903458,9.91688509838258e-08
186.47330916364547,0.861437123585336,0.1654695830581454,9.898856809017507e-08
186.49831228903614,0.8622574472655073,0.16546873782034102,9.880860893710066e-08
186.5233154144268,0.8630706547287278,0.16547096178534706,9.862897812716608e-08
186.54831853981747,0.8638610811112716,0.1654762196896531,9.844967978962611e-08
186.57332166520814,0.8646138210677262,0.1654843749630296,9.827071799868203e-08
186.59832479059884,0.8653140907964593,0.16549523598811008,9.809209681100376e-08
186.6233279159895,0.8659487727835126,0.16550857766519067,9.791381975303916e-08
186.64833104138017,0.866506415802607,0.16552414141223015,9.7735889821013e-08
186.67333416677084,0.8669772349151398,0.16554163516485002,9.75583094809276e-08
186.6983372921615,0.8673531114701845,0.16556073337633434,9.738108066856276e-08
186.7233404175522,0.8676275931044918,0.16558107701762995,9.72042047894755e-08
186.74834354294288,0.8677958937424884,0.1656022735773462,9.702768271900083e-08
186.77334666833355,0.8678548935962788,0.1656238970617552,9.685151480225063e-08
186.7983497937242,0.8678032414301373,0.16564552711911762,9.667570084325477e-08
186.82335291911488,0.8676422162110281,0.16566676864886168,9.650023968853241e-08
186.84835604450558,0.8673751817757009,0.16568719420951214,9.632512941002791e-08
186.87335916989625,0.867007067272571,0.16570640903163805,9.615036762094778e-08
186.89836229528692,0.866544364311062,0.16572405216546462,9.597595147831575e-08
186.92336542067758,0.8659951269616067,0.16573979648087334,9.580187768297371e-08
186.94836854606825,0.8653689717556472,0.16575334866740182,9.562814247958136e-08
186.97337167145895,0.8646770776856337,0.1657644492342439,9.545474165661605e-08
186.99837479684962,0.8639321862050283,0.1657728725102497,9.528167054637365e-08
187.0233779222403,0.8631486012282997,0.16577842664392536,9.510892402496726e-08
187.04838104763095,0.8623412759550095,0.1657809639737744,9.493649680673903e-08
187.07338417302162,0.8615248039132958,0.16578043839650575,9.476438393811046e-08
187.0983872984123,0.8607164807392529,0.16577686792092855,9.459257981975972e-08
187.123390423803,0.8599328224416977,0.16577032098799055,9.442107914635883e-08
187.14839354919366,0.8591893355031385,0.16576091728359788,9.424987697437061e-08
187.17339667458432,0.8585005168797697,0.16574882773861493,9.40789687220476e-08
187.198399799975,0.8578798540014753,0.16573427452886452,9.390835016943278e-08
187.22340292536566,0.857339824771828,0.16571753107512782,9.373801745835936e-08
187.24840605075636,0.8568918975680891,0.16569892204314426,9.356796709245064e-08
187.27340917614703,0.8565465312412099,0.1656788233436117,9.339819593712073e-08
187.2984123015377,0.8563124483063591,0.1656576377534668,9.322870137692316e-08
187.32341542692836,0.8561940092812605,0.165635778758945,9.305948188481275e-08
187.34841855231903,0.8561933376787573,0.16561371783965848,9.289053653658961e-08
187.37342167770973,0.8563103361189258,0.16559190660787967,9.272186499180052e-08
187.3984248031004,0.856542643393136,0.16557077366988232,9.255346750279933e-08
187.42342792849107,0.856885634464052,0.16555072462594156,9.23853449147458e-08
187.44843105388173,0.8573324204656317,0.16553214207033384,9.221749866560633e-08
187.4734341792724,0.8578738487031273,0.1655153855913371,9.20499307861538e-08
187.4984373046631,0.8584985026530851,0.16550079177123056,9.188264389996736e-08
187.52344043005377,0.8591927019633436,0.16548867418629484,9.171564122343328e-08
187.54844355544444,0.8599420145859961,0.16547929953891533,9.154892612058475e-08
187.5734466808351,0.8607317312967543,0.16547282148001646,9.138250204275829e-08
187.59844980622577,0.8615444213287032,0.16546934164722907,9.121637329951526e-08
187.62345293161644,0.8623633540452796,0.1654689086162057,9.105054402147374e-08
187.64845605700714,0.8631725812074947,0.1654715172696506,9.088501813554398e-08
187.6734591823978,0.8639569369739303,0.1654771087973196,9.071979936492922e-08
187.69846230778847,0.8647020379007445,0.1654855706960204,9.055489122912455e-08
187.72346543317914,0.8653942829416681,0.16549673676961227,9.039029704391764e-08
187.7484685585698,0.8660208534480051,0.16551038712900612,9.022601992138854e-08
187.7734716839605,0.8665697131686334,0.16552624819216472,9.006206276990957e-08
187.79847480935118,0.8670298863955683,0.16554400155174068,8.989842822786348e-08
187.82347793474185,0.8673937796002481,0.16556332282043165,8.973511804120437e-08
187.8484810601325,0.8676552604706775,0.16558380987786497,8.957213342408098e-08
187.87348418552318,0.8678098420389598,0.16560505315779994,8.940947507135749e-08
187.89848731091388,0.8678549304249462,0.16562664865275536,8.92471431061149e-08
187.92349043630455,0.8677898248362357,0.16564819791400964,8.908513707965172e-08
187.94849356169522,0.8676157175681756,0.16566930805160085,8.892345597148287e-08
187.97349668708588,0.8673356940038608,0.16568959173432657,8.876209818934037e-08
187.99849981247655,0.8669547326141345,0.16570866718974403,8.860106156917324e-08
188.02350293786725,0.8664797049575872,0.1657261582041701,8.844034337514727e-08
188.04850606325792,0.8659193754753712,0.1657416941275128,8.827994029970871e-08
188.0735091886486,0.8652830204426617,0.1657549621238045,8.811984890869928e-08
188.09851231403925,0.8645825169782574,0.16576571934463952,8.796006509126673e-08
188.12351543942992,0.8638320204109079,0.16577374895843972,8.780058414577005e-08
188.1485185648206,0.8630459246519869,0.16577889025536424,8.764140139229616e-08
188.1735216902113,0.8622388621954918,0.16578103864730967,8.748251217265968e-08
188.19852481560196,0.8614257041180468,0.1657801456679099,8.732391185040368e-08
188.22352794099262,0.8606215600788972,0.1657762189725363,8.716559581079859e-08
188.2485310663833,0.8598417783199144,0.16576932233829744,8.700755946084295e-08
188.27353419177396,0.8591019456655931,0.16575957566403934,8.684979822926316e-08
188.29853731716466,0.8584178875230518,0.16574715497034545,8.669230756651342e-08
188.32354044255533,0.8578052161131853,0.16573228845198332,8.653508305702032e-08
188.348543567946,0.8572757364304743,0.16571525508149057,8.637812134154148e-08
188.37354669333666,0.8568408312140497,0.16569642417732267,8.622141925772163e-08
188.39854981872733,0.856510022022276,0.16567618507828888,8.60649741142296e-08
188.42355294411803,0.8562903931017767,0.16565493721742952,8.590878382768397e-08
188.4485560695087,0.8561865913874349,0.1656330901220161,8.57528469226538e-08
188.47355919489937,0.8562008265023929,0.16561106341355114,8.55971625316575e-08
188.49856232029003,0.8563328707580521,0.1655892868077683,8.544173039516365e-08
188.5235654456807,0.8565800591540733,0.16556820011463236,8.528655086159071e-08
188.5485685710714,0.8569372893783771,0.16554825323833916,8.513162488730694e-08
188.57357169646207,0.8573977209467345,0.165529863233349,8.497695379912508e-08
188.59857482185274,0.8579512483621797,0.16551337789932194,8.482253962017116e-08
188.6235779472434,0.8585849944358747,0.16549912664076616,8.466838509765448e-08
188.64858107263407,0.8592854477899396,0.16548738385017459,8.45144931475622e-08
188.67358419802477,0.8600384711319675,0.16547836865476018,8.436086685228324e-08
188.69858732341544,0.8608293012550199,0.16547224491645612,8.420750946060901e-08
188.7235904488061,0.8616425490376325,0.16546912123191568,8.405442438773236e-08
188.74859357419678,0.8624621994438119,0.16546905093251218,8.390161521524826e-08
188.77359669958744,0.8632716115230359,0.16547203208433908,8.374908569115364e-08
188.7985998249781,0.8640538125091018,0.16547800934902174,8.359683965624877e-08
188.8236029503688,0.8647946422286761,0.16548686715361738,8.344488031771382e-08
188.84860607575948,0.8654799602198702,0.1654983934296935,8.329321097855172e-08
188.87360920115015,0.866096755643588,0.16551233884148495,8.314183462973495e-08
188.8986123265408,0.8666337816320545,0.16552842636403603,8.299075377811359e-08
188.92361545193148,0.867081555288817,0.16554635128320047,8.283997044641519e-08
188.94861857732218,0.8674323576887454,0.1655657811956413,8.268948617324461e-08
188.97362170271285,0.8676802338780302,0.16558635600883093,8.253930201308467e-08
188.99862482810352,0.8678209928741857,0.16560768794105118,8.238941853629514e-08
189.02362795349418,0.8678522076660478,0.16562936152139332,8.223983582911346e-08
189.04863107888485,0.8677732091084499,0.16565093472077413,8.20905534963712e-08
189.07363420427555,0.8675850798389192,0.16567200939049986,8.194157067704305e-08
189.09863732966622,0.8672916771031006,0.16569218223568086,8.179288561371161e-08
189.1236404550569,0.8668986902185093,0.1657110519483647,8.164449603887754e-08
189.14864358044755,0.8664132353936369,0.16572825634804236,8.149639934800429e-08
189.17364670583822,0.8658438557279509,0.16574347238164838,8.134859259951793e-08
189.19864983122892,0.8652005212118946,0.16575641612356082,8.120107251480701e-08
189.2236529566196,0.8644946287268892,0.16576684277560116,8.105383547822322e-08
189.24865608201026,0.8637390020453304,0.16577454666703448,8.090687753708035e-08
189.27365920740093,0.8629478918305904,0.16577936125456927,8.076019440165501e-08
189.2986623327916,0.8621369756370176,0.16578115912235758,8.061378144518644e-08
189.32366545818226,0.861321470713635,0.16577987293125884,8.046763422723306e-08
189.34866858357296,0.860517163132682,0.16577553901206557,8.032174838964137e-08
189.37367170896363,0.8597411675142919,0.16576824916669042,8.017611932783253e-08
189.3986748343543,0.8590093236862967,0.1657581431407382,8.003074279748283e-08
189.42367795974496,0.8583361935618135,0.16574540863453188,7.988561491531453e-08
189.44868108513563,0.8577350611392437,0.16573028130311257,7.974073215909574e-08
189.47368421052633,0.857217932502272,0.1657130447562394,7.959609136764023e-08
189.498687335917,0.8567955358198692,0.1656940305583898,7.945168974080808e-08
189.52369046130767,0.8564773213462882,0.16567361822875912,7.930752483950471e-08
189.54869358669833,0.8562713972545053,0.16565223126667125,7.916359459578911e-08
189.573696712089,0.8561825058620421,0.16563027995142227,7.901989765723499e-08
189.5986998374797,0.85621182660371,0.16560822647347415,7.8876433441313e-08
189.62370296287037,0.8563584334971002,0.16558652997351714,7.873320184462832e-08
189.64870608826104,0.8566192338788441,0.16556562200781702,7.85902032442594e-08
189.6737092136517,0.8569889684046138,0.16554590654821533,7.844743849775858e-08
189.69871233904237,0.8574602110491213,0.1655277599821292,7.8304908943152e-08
189.72371546443307,0.8580233691061195,0.1655115311125515,7.816261639893937e-08
189.74871858982374,0.8586666831883998,0.1654975411580508,7.802056316409459e-08
189.7737217152144,0.8593762272277954,0.16548608375277118,7.78787520180649e-08
189.79872484060508,0.8601368618595956,0.16547741496974036,7.773718598328663e-08
189.82372796599574,0.8609341397220123,0.16547168572964907,7.75958679216635e-08
189.8487310913864,0.8617505170214824,0.1654689768814162,7.74548015377424e-08
189.8737342167771,0.8625690476074254,0.16546931840647727,7.731399040956972e-08
189.89873734216778,0.8633737141905398,0.1654726884146295,7.717343790352407e-08
189.92374046755845,0.8641494283428096,0.1654790131440319,7.703314717431539e-08
189.9487435929491,0.8648820304975006,0.1654881669612052,7.689312116498549e-08
189.97374671833978,0.8655582899491604,0.16549997236103176,7.675336260690796e-08
189.99874984373048,0.8661659048536199,0.16551419996675584,7.661387401978803e-08
190.02375296912115,0.8666935022279902,0.16553056852998332,7.647465771166312e-08
190.04875609451182,0.8671306380733923,0.16554874493628788,7.633571577888015e-08
190.07375921990248,0.8674692331177692,0.1655683880128916,7.619704980947898e-08
190.09876234529315,0.8677040904227439,0.16558911518928907,7.605866063824195e-08
190.12376547068385,0.8678312538035956,0.16561050296258858,7.592054870464292e-08
190.14876859607452,0.8678486367271978,0.16563213800501392,7.578271397270455e-08
190.1737717214652,0.8677560223120179,0.16565361716390464,7.564515593099736e-08
190.19877484685586,0.8675550633281175,0.1656745474617159,7.550787359264039e-08
190.22377797224652,0.867249282197152,0.1656945460960185,7.537086549530096e-08
190.24878109763722,0.8668440709923706,0.16571324043949887,7.523412970119464e-08
190.2737842230279,0.8663466914386176,0.1657302680399591,7.509766379708574e-08
190.29878734841856,0.8657662749123303,0.1657452766203169,7.496146489428647e-08
190.32379047380923,0.8651131690979196,0.16575794084154136,7.482552980045578e-08
190.3487935991999,0.8643984395054535,0.16576803082057373,7.468985522856887e-08
190.3737967245906,0.8636368051090401,0.16577534722531395,7.455443707430488e-08
190.39879984998126,0.8628432834435632,0.16577974307545226,7.441927123307179e-08
190.42380297537193,0.8620329240188344,0.16578112777940326,7.428435366685754e-08
190.4488061007626,0.8612208083195966,0.16577946713430586,7.414968040423075e-08
190.47380922615326,0.860422049805523,0.16577478332602338,7.40152475403405e-08
190.49881235154393,0.8596517939112174,0.16576715492914354,7.388105123691637e-08
190.52381547693463,0.8589252180462132,0.16575671690697832,7.374708772226821e-08
190.5488186023253,0.8582575315949766,0.16574366061156423,7.361335329128686e-08
190.57382172771597,0.8576639759169018,0.165728233783662,7.347984430544317e-08
190.59882485310663,0.8571574901907192,0.16571072121414435,7.334655767539993e-08
190.6238279784973,0.8567478867241557,0.16569148364528705,7.321349104105488e-08
190.648831103888,0.8564442395509406,0.16567093298996297,7.30806422244581e-08
190.67383422927867,0.8562531469768603,0.1656494842489098,7.294800956614756e-08
190.69883735466934,0.8561787296494489,0.16562755548044875,7.281559192553953e-08
190.72384048006,0.85622263055799,0.16560556780048455,7.268338868092912e-08
190.74884360545067,0.856384015033516,0.1655839453825055,7.255139972949016e-08
190.77384673084137,0.856659570748809,0.16556311545758348,7.241962548727505e-08
190.79884985623204,0.8570435077183989,0.16554350831437392,7.228806688921534e-08
190.8238529816227,0.8575277030753227,0.16552555284485188,7.215672535305339e-08
190.84885610701338,0.8581028273973198,0.16550959780949384,7.202560245018824e-08
190.87385923240404,0.8587555671350038,0.16549594964738712,7.189470058638554e-08
190.89886235779474,0.8594714645675708,0.1654848719862013,7.176402243667643e-08
190.9238654831854,0.8602357497962403,0.16547657163586216,7.163357075430482e-08
190.94886860857608,0.8610333407442595,0.1654711985885516,7.15033483707265e-08
190.97387173396675,0.8618488431569005,0.16546884601870768,7.137335819560978e-08
190.99887485935741,0.8626665506014609,0.16546955028302454,7.124360321683529e-08
191.02387798474808,0.863470444467264,0.1654732909204525,7.111408650049598e-08
191.04888111013878,0.8642441939656593,0.165479990652198,7.098481119089705e-08
191.07388423552945,0.864972070582025,0.16548952236138387,7.085578032193321e-08
191.09888736092012,0.8656413889694432,0.16550169234664774,7.072699635943848e-08
191.12389048631078,0.8662394487297438,0.16551622564048826,7.059846179446293e-08
191.14889361170145,0.8667552271847557,0.1655328232182354,7.047017871961418e-08
191.17389673709215,0.8671795379652034,0.16555116459698652,7.03421487941853e-08
191.19889986248282,0.8675050310107056,0.1655709078356063,7.021437324415535e-08
191.2239029878735,0.8677261925697773,0.16559168953472678,7.008685286218865e-08
191.24890611326416,0.8678393451998285,0.1656131248367474,6.995958800763522e-08
191.27390923865482,0.8678426477671644,0.1656348074258349,6.983257860653072e-08
191.29891236404552,0.867736095446985,0.16565630952792343,6.970582415159624e-08
191.3239154894362,0.8675214403204063,0.1656771912668743,6.957932372613691e-08
191.34891861482686,0.8672021530116512,0.16569707823680307,6.945307600210091e-08
191.37392174021753,0.8667846194609568,0.16571557804749074,6.932707888034248e-08
191.3989248656082,0.86627672858804,0.16573232584533712,6.920132994898136e-08
191.4239279909989,0.8656876286975961,0.1657470008360393,6.907582655959931e-08
191.44893111638956,0.8650277274793025,0.16575932628459145,6.895056582724062e-08
191.47393424178023,0.8643086920078137,0.16576906951528503,6.882554463041127e-08
191.4989373671709,0.8635434487427646,0.1657760419117086,6.870075961107953e-08
191.52394049256156,0.8627461835287694,0.16578009891674803,6.857620717467576e-08
191.54894361795223,0.8619323415954222,0.1657811400325862,6.845188349009246e-08
191.57394674334293,0.8611185406336112,0.1657791090819762,6.832778450847222e-08
191.5989498687336,0.8603198639453867,0.16577402358459592,6.820390660630806e-08
191.62395299412427,0.8595527122398049,0.16576599874550044,6.808024605989071e-08
191.64895611951493,0.8588333758197615,0.16575519865730415,6.79567992114213e-08
191.6739592449056,0.8581765903320425,0.16574183084574737,6.783356275466433e-08
191.6989623702963,0.8575955367673246,0.16572614626969637,6.771053373494746e-08
191.72396549568697,0.8571018414601762,0.1657084393211434,6.758770954916208e-08
191.74896862107764,0.8567055760890552,0.16568904782520671,6.746508794576254e-08
191.7739717464683,0.8564152576763102,0.1656683530401304,6.73426670247666e-08
191.79897487185897,0.8562378485881807,0.16564677965728455,6.72204452377554e-08
191.82397799724967,0.8561783506542346,0.16562477014531604,6.70984214336098e-08
191.84898112264034,0.8562376313779168,0.16560275491591978,6.697659517052607e-08
191.873984248031,0.8564137732571949,0.16558120027427467,6.685496654428841e-08
191.89898737342168,0.8567028423367865,0.16556054236021295,6.673353603225878e-08
191.92399049881234,0.8570988823758482,0.1655411844580896,6.66123044926151e-08
191.94899362420304,0.8575939148479773,0.1655234969967824,6.649127316435111e-08
191.9739967495937,0.8581779389412088,0.16550781754969202,6.637044366727694e-08
191.99899987498438,0.8588389315580186,0.1654944508347418,6.624981800201826e-08
192.02400300037505,0.8595628473153222,0.16548366871437792,6.612939855001683e-08
192.04900612576571,0.8603338528063412,0.1654757093108213,6.600918802277812e-08
192.0740092511564,0.8611375094343168,0.16547073397429746,6.588918882161712e-08
192.09901237654708,0.8619566737731096,0.16546880280040963,6.57694040200041e-08
192.12401550193775,0.8627740367250636,0.1654699232934153,6.564983675649437e-08
192.14901862732842,0.8635734016762422,0.16547405406610954,6.553048994702153e-08
192.17402175271909,0.8643396844964295,0.16548110483982495,6.541136628489724e-08
192.19902487810975,0.86505891353913,0.16549093644443175,6.529246824081122e-08
192.22402800350045,0.8657182296415695,0.1655033608183377,6.51737980628312e-08
192.24903112889112,0.8663058861246922,0.1655181410084881,6.505535777640339e-08
192.2740342542818,0.8668112487931648,0.16553499117036585,6.493714918435163e-08
192.29903737967246,0.8672247959353743,0.16555357656799138,6.481917386687807e-08
192.32404050506312,0.8675381871851148,0.16557351710801974,6.470143317186772e-08
192.34904363045382,0.8677461473845026,0.16559445116110202,6.458392787555794e-08
192.3740467558445,0.8678456628192657,0.16561596101732134,6.446665816488874e-08
192.39904988123516,0.8678352296232203,0.16563761747471475,6.434962386243317e-08
192.42405300662583,0.8677151638069961,0.1656590079618654,6.423282440449578e-08
192.4490561320165,0.8674876012580356,0.1656797365379025,6.411625884111248e-08
192.4740592574072,0.8671564977405947,0.16569942389250147,6.399992583605037e-08
192.49906238279786,0.8667276288957436,0.16571770734588373,6.388382366680832e-08
192.52406550818853,0.8662085902413648,0.16573424084881697,6.376795022461615e-08
192.5490686335792,0.8656087971721543,0.16574869498261485,6.365230301443521e-08
192.57407175896986,0.8649394849596217,0.16576075695913728,6.353687915495813e-08
192.59907488436056,0.8642120001234641,0.16577016866819,6.342167576133327e-08
192.62407800975123,0.8634399514220926,0.1657767599109446,6.330668959621937e-08
192.6490811351419,0.8626394181300023,0.16578040046101938,6.319191698457943e-08
192.67408426053257,0.8618261956813578,0.1657810158676957,6.30773543675625e-08
192.69908738592324,0.8610157944500976,0.165778587470788,6.296299830275873e-08
192.7240905113139,0.8602234397499353,0.16577315240064405,6.28488454641994e-08
192.7490936367046,0.859464071834358,0.1657648035781449,6.273489264235676e-08
192.77409676209527,0.8587523458966302,0.16575368971470483,6.262113674414454e-08
192.79909988748594,0.8581026320697879,0.16574001531227134,6.250757479291723e-08
192.8241030128766,0.8575290154266427,0.1657240406633252,6.239420392847054e-08
192.84910613826727,0.8570452654727856,0.16570608124219646,6.228102141208101e-08
192.87410926365797,0.85666175248942,0.16568647263561706,6.216802513763709e-08
192.89911238904864,0.8563859011727658,0.16566562805330146,6.205521354401574e-08
192.9241155144393,0.8562237127515453,0.16564399078777578,6.194258533511227e-08
192.94911863982998,0.8561787288574672,0.16562199645744147,6.183013964723998e-08
192.97412176522064,0.8562520315252249,0.16560007300657553,6.171787604913009e-08
192.99912489061134,0.8564422431924982,0.16557864070533027,6.160579454193152e-08
193.024128016002,0.8567455266999512,0.16555811214973354,6.149389555921145e-08
193.04913114139268,0.857155585291234,0.16553889226168852,6.138217996695459e-08
193.07413426678335,0.8576636626129821,0.16552137828897384,6.12706490635636e-08
193.09913739217401,0.8582586749168534,0.16550595701572243,6.115930455282408e-08
193.1241405175647,0.8589291556808711,0.16549292938517454,6.104814813234775e-08
193.14914364295538,0.8596600959141059,0.16548253224970313,6.09371821576476e-08
193.17414676834605,0.8604354961921543,0.16547495799068568,6.082640919403377e-08
193.19914989373672,0.8612395173081909,0.1654703417227708,6.071583178965197e-08
193.22415301912739,0.8620564802729679,0.1654687612938785,6.060545247548326e-08
193.24915614451805,0.8628708663148151,0.16547023728519997,6.049527376534417e-08
193.27415926990875,0.8636673168796418,0.1654747330111977,6.038529815588646e-08
193.29916239529942,0.8644306336309321,0.1654821545196054,6.027552812659771e-08
193.3241655206901,0.8651457784497509,0.16549235059142808,6.01659661398005e-08
193.34916864608076,0.8657981925466842,0.16550511901248366,6.005661458416054e-08
193.37417177147142,0.8663766050821633,0.16552022597333405,5.994747529162445e-08
193.39917489686212,0.8668705650309171,0.16553733815459332,5.983854995425382e-08
193.4241780222528,0.8672711162320499,0.1655560996622904,5.972983995285198e-08
193.44918114764346,0.8675712061168397,0.16557614582156616,5.962134628087213e-08
193.47418427303413,0.867765685708736,0.16559710317667328,5.9513069544417804e-08
193.4991873984248,0.8678513096233605,0.16561858949097646,5.940500996224277e-08
193.5241905238155,0.8678267360685066,0.16564021374695226,5.9297167365750886e-08
193.54919364920616,0.8676925268441399,0.16566157614618912,5.9189541198996605e-08
193.57419677459683,0.8674511473423979,0.1656822681093874,5.908213051868425e-08
193.5991998999875,0.8671069665475902,0.16570187227635946,5.897493399416848e-08
193.62420302537816,0.8666660596557121,0.1657199737711199,5.8867949952570534e-08
193.64920615076886,0.8661355995091771,0.16573625063000547,5.8761176529831234e-08
193.67420927615953,0.8655261072498954,0.16575038392649669,5.865461118375577e-08
193.6992124015502,0.8648492748458088,0.16576209250999369,5.8548251190869564e-08
193.72421552694087,0.8641175591062602,0.16577114788964703,5.8442093738426715e-08
193.74921865233154,0.8633441816819941,0.1657773742343576,5.833613592440987e-08
193.77422177772223,0.8625431290651545,0.16578064837277676,5.8230374757530085e-08
193.7992249031129,0.8617291525892896,0.16578089979330626,5.812480715722733e-08
193.82422802850357,0.8609177684293454,0.16577811064409828,5.8019429953669736e-08
193.84923115389424,0.8601252576016702,0.16577231573305545,5.791423988775413e-08
193.8742342792849,0.8593686406229418,0.16576360242237909,5.7809233615479236e-08
193.89923740467557,0.8586628330988763,0.16575211631647677,5.770440822883131e-08
193.92424053006627,0.85802225265188,0.1657381024995352,5.759976103116614e-08
193.94924365545694,0.85746087883969,0.16572185334802217,5.7495289427343047e-08
193.9742467808476,0.8569905579744372,0.16570368930949267,5.739099119430565e-08
193.99924990623828,0.8566210031226503,0.1656839589025889,5.728686448108235e-08
194.02425303162894,0.8563597941052538,0.16566303871704025,5.718290780878625e-08
194.04925615701964,0.856212377497569,0.16564133341366327,5.7079120070614956e-08
194.0742592824103,0.8561820666293138,0.1656192757243618,5.697550053185113e-08
194.09926240780098,0.8562700415846024,0.16559732645212677,5.6872048829861713e-08
194.12426553319165,0.856475379726518,0.1655759442498677,5.6768764937133676e-08
194.14926865858232,0.8567934212956401,0.1655555436505057,5.666564934573417e-08
194.174271783973,0.8572163814443239,0.16553654705459053,5.656270306395604e-08
194.19927490936368,0.857735024312848,0.16551933218173043,5.645992733816525e-08
194.22427803475435,0.8583386889290044,0.16550423030607114,5.635732364739319e-08
194.24928116014502,0.8590152892080969,0.16549152625629607,5.625489370333719e-08
194.27428428553569,0.8597513139529409,0.16548145841562625,5.615263945036037e-08
194.29928741092638,0.8605318268538651,0.16547421872182042,5.605056306549154e-08
194.32429053631705,0.8613404664887073,0.16546995266717482,5.594866695842567e-08
194.34929366170772,0.8621599481088358,0.16546875844380052,5.584695368615845e-08
194.3742967870984,0.862975054970657,0.16547065107113204,5.574542550165066e-08
194.39929991248906,0.8637691590643045,0.16547555431488492,5.564408498286733e-08
194.42430303787972,0.8645265245035454,0.16548334695948227,5.554293455696156e-08
194.44930616327042,0.8652328630140719,0.1654938658459362,5.544197639880164e-08
194.4743092886611,0.8658753339334989,0.16550690587184785,5.5341212430971476e-08
194.49931241405176,0.8664425442113687,0.1655222199914075,5.5240644323769944e-08
194.52431553944243,0.8669245484091477,0.16553951921539445,5.5140273495211315e-08
194.5493186648331,0.8673128487002268,0.16555847261117707,5.504010111102515e-08
194.5743217902238,0.8676003948699227,0.16557870730271282,5.494012808465621e-08
194.59932491561446,0.8677816140836784,0.16559981243562508,5.4840355074577344e-08
194.62432804100513,0.8678533782542543,0.16562140569928027,5.474078231614204e-08
194.6493311663958,0.8678149816406759,0.16564306002137796,5.4641409505538413e-08
194.67433429178647,0.8676674050967342,0.1656643463287562,5.4542236016383174e-08
194.69933741717716,0.8674133595536525,0.16568485995131377,5.444326091987644e-08
194.72434054256783,0.8670572860200874,0.1657042206220101,5.43444829848022e-08
194.7493436679585,0.8666053555821267,0.1657220724768654,5.424590067752763e-08
194.77434679334917,0.866065469403291,0.16573808405496054,5.414751216200351e-08
194.79934991873984,0.8654472587245329,0.16575194829843712,5.404931529976418e-08
194.82435304413053,0.8647620848642367,0.16576338255249745,5.395130764992738e-08
194.8493561695212,0.8640230183280924,0.1657721287010112,5.385348647281583e-08
194.87435929491187,0.8632424337937069,0.16577799044925717,5.375584918214339e-08
194.89936242030254,0.8624356777669335,0.1657808648732409,5.365839280734071e-08
194.9243655456932,0.8616198235992187,0.16578070054171604,5.356111414027914e-08
194.94936867108387,0.8608112410708257,0.16577749925165905,5.346401013518164e-08
194.97437179647457,0.860025596390834,0.16577131602826883,5.3367077908622604e-08
194.99937492186524,0.8592778521971429,0.16576225912496706,5.327031473952836e-08
195.0243780472559,0.8585822675564659,0.165750490023398,5.317371806917648e-08
195.04938117264658,0.8579523979643346,0.1657362234334285,5.307728550119621e-08
195.07438429803724,0.8574010953450978,0.16571972729314813,5.2981014801568395e-08
195.09938742342794,0.8569405080519205,0.16570132276886898,5.2884903898625346e-08
195.1243905488186,0.8565820808667864,0.16568138425512588,5.278895088305127e-08
195.14939367420928,0.856334644874141,0.16566029776711202,5.269315425256618e-08
195.17439679959995,0.8562022567147739,0.16563848909999185,5.259751317666846e-08
195.19939992499062,0.8561873767792457,0.16561643147813834,5.250202707635858e-08
195.2244030503813,0.8562902101080371,0.16559457569657063,5.24066957086476e-08
195.24940617577198,0.856508702511938,0.16557334996716372,5.231151916705781e-08
195.27440930116265,0.8568385405720487,0.16555315991864844,5.221649788162205e-08
195.29941242655332,0.8572731516397791,0.16553438859661151,5.2121632618884216e-08
195.32441555194399,0.8578037038368496,0.1655173964634955,5.2026924481899075e-08
195.34941867733468,0.8584191060552905,0.16550252139859883,5.19323749102322e-08
195.37442180272535,0.8591060079574405,0.1654900786980759,5.1837985679960386e-08
195.39942492811602,0.8598492831459019,0.16548035395825533,5.174375882090867e-08
195.4244280535067,0.8606349611044205,0.16547351982533318,5.164969614060502e-08
195.44943117889736,0.8614459630207266,0.16546967744387767,5.155580000841383e-08
195.47443430428805,0.8622652698490578,0.16546888001944726,5.146207280492879e-08
195.49943742967872,0.8630767015144815,0.16547112758519733,5.136851678645897e-08
195.5244405550694,0.8638649169129002,0.1654763670018803,5.127513408502817e-08
195.54944368046006,0.8646154139110483,0.16548449195784548,5.1181926708375345e-08
195.57444680585073,0.8653145293464924,0.16549534296903923,5.108889653995452e-08
195.5994499312414,0.8659494390276317,0.16550870737900475,5.099604533893477e-08
195.6244530566321,0.8665081577336983,0.16552431935888232,5.0903374740200106e-08
195.64945618202276,0.8669795738378657,0.16554186126884554,5.0810886249843764e-08
195.67445930741343,0.8673553434506055,0.1655610115282802,5.071858097130972e-08
195.6994624328041,0.8676293653726592,0.16558138276710926,5.062645959975492e-08
195.72446555819477,0.8677969355500724,0.16560256104507934,5.053452256278413e-08
195.74946868358546,0.8678552385446513,0.1656241390432743,5.044276996625913e-08
195.77447180897613,0.8678033475339626,0.16564571606411538,5.035120159429909e-08
195.7994749343668,0.8676422243113335,0.16566689803136103,5.025981690927996e-08
195.82447805975747,0.867374719285852,0.1656872974901071,5.016861505183489e-08
195.84948118514814,0.867005571482366,0.16570653360678672,5.007759484085413e-08
195.87448431053883,0.866541408541484,0.1657242321691703,4.998675477348491e-08
195.8994874359295,0.8659907467195763,0.1657400255863655,4.989609302513186e-08
195.92449056132017,0.8653631640113683,0.16575357936544619,4.9805607597060005e-08
195.94949368671084,0.8646695669021099,0.1657646504617585,4.9715296320455494e-08
195.9744968121015,0.8639241429421847,0.1657730171046015,4.9625156528603986e-08
195.9994999374922,0.8631413819856127,0.16577851162764895,4.9535185555578746e-08
196.02450306288287,0.8623359683707755,0.1657810225888231,4.944538075466967e-08
196.04950618827354,0.8615227809204096,0.16578049477029477,4.935573949838271e-08
196.0745093136642,0.8607168929416108,0.1657769291784832,4.9266259178440254e-08
196.09951243905488,0.8599335722258332,0.16577038304405609,4.9176937205781024e-08
196.12451556444555,0.8591882810488892,0.16576096982192962,4.908777101056009e-08
196.14951868983624,0.8584966761709486,0.16574885919126847,4.899875804214876e-08
196.1745218152269,0.857874547197896,0.16573427635289312,4.890989577766174e-08
196.19952494061758,0.8573345406203488,0.16571748668866967,4.882118218710325e-08
196.22452806600825,0.856887716745692,0.16569884786542718,4.873261552443825e-08
196.24953119139892,0.8565439368445643,0.16567875241497323,4.864419422326427e-08
196.2745343167896,0.8563106127296026,0.1656576014553273,4.855591706146202e-08
196.29953744218028,0.8561927067554428,0.1656358046907209,4.846778316119582e-08
196.32454056757095,0.8561927318187179,0.1656137804115974,4.837979198891296e-08
196.34954369296162,0.8563107513580602,0.1655919554946122,4.8291943355344144e-08
196.3745468183523,0.8565443793540999,0.16557076540263257,4.820423741550336e-08
196.39954994374298,0.8568887803294661,0.16555065418473774,4.811667466868779e-08
196.42455306913365,0.8573370553721419,0.16553205670356733,4.8029255889734517e-08
196.44955619452432,0.8578801183677638,0.16551532371744274,4.7941982083429596e-08
196.474559319915,0.8585051384654959,0.16550078761621645,4.785485479024283e-08
196.49956244530566,0.8591985093752253,0.16548873032668773,4.77678756696532e-08
196.52456557069635,0.859946066191728,0.16547937809342017,4.7681046466242195e-08
196.54956869608702,0.8607330853946643,0.1654729014787418,4.759436900969419e-08
196.5745718214777,0.8615442848485855,0.16546941536274487,4.750784521479587e-08
196.59957494686836,0.862363823802929,0.16546897894328613,4.742147708143661e-08
196.62457807225903,0.8631753028920202,0.16547159573598658,4.733526669460839e-08
196.6495811976497,0.8639617719091951,0.16547721364901302,4.724921622328397e-08
196.6745843230404,0.8647081959857728,0.16548573143365586,4.7163327586061605e-08
196.69958744843106,0.8654009178395766,0.1654969524582359,4.707760257419765e-08
196.72459057382173,0.8660266449262043,0.16551062628622706,4.699204292465168e-08
196.7495936992124,0.8665738662314983,0.16552647608919674,4.6906650097302564e-08
196.77459682460307,0.8670328522715471,0.16554419864680558,4.682142527494838e-08
196.79959994999376,0.8673956550926851,0.1655634643468077,4.673636936330633e-08
196.82460307538443,0.8676561082714918,0.16558391718505044,4.6651482991013117e-08
196.8496062007751,0.8678098269147934,0.1656051747654746,4.6566766509624355e-08
196.87460932616577,0.8678542076596615,0.1656268283001143,4.648221999361496e-08
196.89961245155644,0.867788428673414,0.16564844260909703,4.639784324037908e-08
196.92461557694713,0.867613342963541,0.16566959340579573,4.631363579613724e-08
196.9496187023378,0.8673322410643042,0.16568989771446888,4.622959678258289e-08
196.97462182772847,0.8669507405153561,0.16570894730285196,4.614572492081268e-08
196.99962495311914,0.8664758661655986,0.1657263725318203,4.606201874502855e-08
197.0246280785098,0.8659160367992361,0.16574184398010952,4.597847660566877e-08
197.0496312039005,0.8652810651357755,0.1657550724443154,4.589509666940779e-08
197.07463432929117,0.8645821578300286,0.16576580893889398,4.5811876919156665e-08
197.09963745468184,0.8638319154721076,0.1657738446961615,4.5728815154062484e-08
197.1246405800725,0.8630443325874287,0.1657790111662945,4.564590898950872e-08
197.14964370546318,0.8622347976367107,0.16578118001732972,4.5563155857115156e-08
197.17464683085387,0.8614192786595087,0.1657802696949101,4.548055312817757e-08
197.19964995624454,0.8606127025857668,0.16577629774912672,4.539809843196554e-08
197.2246530816352,0.8598322632142286,0.16576935364433928,4.531578915807121e-08
197.24965620702588,0.8590941187802442,0.16575957372148256,4.523362286490186e-08
197.27465933241655,0.8584130908834884,0.1657471414204403,4.515159732133687e-08
197.29966245780722,0.85780266448796,0.16573228728004533,4.506971050672779e-08
197.3246655831979,0.8572749879219818,0.16571528893807935,4.4987960610898193e-08
197.34966870858858,0.8568408728782022,0.16569647113127323,4.490634603414407e-08
197.37467183397925,0.8565097944135924,0.16567620569530678,4.4824865387233274e-08
197.39967495936992,0.8562898908076195,0.16565491155156098,4.474351749141694e-08
197.4246780847606,0.8561867968979914,0.16563300818573298,4.466230148539217e-08
197.44968121015128,0.8562019942736782,0.1656109402980805,4.458121699808646e-08
197.47468433554195,0.8563347341752703,0.16558917389616892,4.450026394889901e-08
197.49968746093262,0.8565821275564856,0.16556814633189507,4.4419442525331387e-08
197.5246905863233,0.8569391450841696,0.16554826630148722,4.433875318298786e-08
197.54969371171396,0.8573986171382949,0.16552991384550517,4.4258196645575334e-08
197.57469683710465,0.8579512338119627,0.16551344034884008,4.417777390490327e-08
197.59969996249532,0.8585855449113994,0.16549916854071473,4.4097486220884e-08
197.624703087886,0.8592879599559604,0.16548739249468328,4.4017335121532235e-08
197.64970621327666,0.8600431394492074,0.1654783745599617,4.393732234737254e-08
197.67470933866733,0.8608369049880292,0.16547228691380633,4.3857449468106274e-08
197.69971246405802,0.8616520251718682,0.16546921473358456,4.3777718530448096e-08
197.7247155894487,0.8624713228187759,0.16546919254164588,4.369813158940856e-08
197.74971871483936,0.863278585788038,0.16547220350868588,4.361869057488538e-08
197.77472184023003,0.8640585669801704,0.1654781794537461,4.3539397291663806e-08
197.7997249656207,0.8647969843369202,0.16548700084421403,4.3460253419416515e-08
197.82472809101137,0.8654805208412657,0.16549849679582332,4.338126051270363e-08
197.84973121640206,0.8660968245174173,0.1655124450726535,4.330242000097263e-08
197.87473434179273,0.8666345084308144,0.16552857208713018,4.3223733188558694e-08
197.8997374671834,0.8670831506881297,0.16554655290002496,4.314520125468418e-08
197.92474059257407,0.8674339142532699,0.16556603315141,4.306682518441753e-08
197.94974371796474,0.8676814405014188,0.16558665323407598,4.298860549511737e-08
197.97474684335543,0.8678216461528052,0.16560798787085332,4.291054245431329e-08
197.9997499687461,0.8678522364684897,0.16562961907258783,4.28326360693439e-08
198.02475309413677,0.867772778611654,0.16565114023162245,4.2754886080746584e-08
198.04975621952744,0.8675847016475995,0.1656721561217971,4.2677291962257746e-08
198.0747593449181,0.8672912965437477,0.1656922828984487,4.2599852920812816e-08
198.0997624703088,0.86689771616964,0.1657111480984113,4.2522567896546093e-08
198.12476559569947,0.866410975296939,0.16572839064001585,4.244543556279116e-08
198.14976872109014,0.8658399505994265,0.1657436608230904,4.2368454326080294e-08
198.1747718464808,0.8651951682576117,0.16575662475294353,4.2291622357019726e-08
198.19977497187148,0.8644871391931531,0.1657670350259295,4.2214937861220816e-08
198.22477809726217,0.8637301587414772,0.16577469278028872,4.213839857515454e-08
198.24978122265284,0.8629394268448686,0.1657794444216869,4.206200215057065e-08
198.2747843480435,0.8621301186780402,0.1657811927247138,4.198574628413025e-08
198.29978747343418,0.8613173846481372,0.16577989683288322,4.190962871740609e-08
198.32479059882485,0.8605163503947352,0.16577557225863299,4.183364723688255e-08
198.34979372421552,0.8597421167898414,0.16576829088332498,4.175779967395558e-08
198.3747968496062,0.8590097599378927,0.16575818095724515,4.168208390493265e-08
198.39979997499688,0.85833433117576,0.1657454270996035,4.160649785103308e-08
198.42480310038755,0.8577308570727424,0.165730270298534,4.1531039478387505e-08
198.44980622577822,0.857213371030534,0.16571299730817404,4.145570690972396e-08
198.4748093511689,0.8567916474015782,0.16569394361312265,4.13804988064309e-08
198.49981247655958,0.8564748683539042,0.16567352303851757,4.1305413925794485e-08
198.52481560195025,0.8562699537965376,0.16565215495841354,4.1230451293302946e-08
198.54981872734092,0.8561813421273625,0.16563025987741908,4.1155610227331907e-08
198.5748218527316,0.8562109902331232,0.1656082594306966,4.108089033914471e-08
198.59982497812226,0.8563583734894233,0.16558657638396224,4.100629153289237e-08
198.62482810351295,0.8566204857607267,0.16556563463348603,4.0931814005613425e-08
198.64983122890362,0.8569918394003556,0.16554585920609188,4.085745824723431e-08
198.6748343542943,0.8574644652504929,0.16552767625915743,4.0783225040568885e-08
198.69983747968496,0.8580290803459933,0.16551146450094353,4.070911528917821e-08
198.72484060507563,0.8586734227084767,0.16549752370344348,4.063513021641899e-08
198.74984373046632,0.8593827968238222,0.16548612491180506,4.0561271360990605e-08
198.774846855857,0.8601422798110421,0.16547748212403487,4.048754029600412e-08
198.79984998124766,0.8609367223670961,0.16547175226898536,4.041393862885333e-08
198.82485310663833,0.861750748766889,0.1654690352063549,4.034046800121512e-08
198.849856232029,0.8625687568632707,0.16546937372668774,4.026713008904937e-08
198.8748593574197,0.863374918087038,0.16547275355137403,4.019392660259884e-08
198.89986248281036,0.86415317744693,0.1654791033326498,4.012085928638955e-08
198.92486560820103,0.8648874115101597,0.16548829649325866,4.004792990052371e-08
198.9498687335917,0.8655643789505257,0.16550016114340957,3.997513988840422e-08
198.97487185898237,0.8661716439661368,0.1655144309093185,3.9902490628403016e-08
198.99987498437304,0.866697901781574,0.1655308037277881,3.9829983343071906e-08
199.02487810976373,0.8671336995930375,0.16554895786812115,3.9757619007354766e-08
199.0498812351544,0.867471436568344,0.16556855193212028,3.968539834858791e-08
199.07488436054507,0.86770536384693,0.16558922485408817,3.961332184649956e-08
199.09988748593574,0.8678315845398493,0.16561059590082752,3.9541389733210187e-08
199.1248906113264,0.8678480537297741,0.16563226467164097,3.946960199323242e-08
199.1498937367171,0.8677545784709948,0.16565381109833113,3.9397958363470996e-08
199.17489686210777,0.8675528173652971,0.16567479547964492,3.932645833329415e-08
199.19989998749844,0.8672458934445944,0.16569481883258333,3.9255101205384485e-08
199.2249031128891,0.8668396295283546,0.16571350776241148,3.918388588207591e-08
199.24990623827978,0.866341933520047,0.16573048792907177,3.9112810988444575e-08
199.27490936367047,0.8657619201372487,0.16574543032868436,3.904187502437261e-08
199.29991248906114,0.8651099109116478,0.16575805129354687,3.8971076364548485e-08
199.3249156144518,0.8643974341890391,0.16576811249213466,3.8900413258466526e-08
199.34991873984248,0.8636372251293267,0.16577542092910066,3.882988383042722e-08
199.37492186523315,0.8628432257065234,0.16577982894527546,3.875948607953714e-08
199.39992499062384,0.8620305847087499,0.16578123421766724,3.8689217879708874e-08
199.4249281160145,0.8612156577382384,0.16577957975946184,3.861907697966133e-08
199.44993124140518,0.8604146521037767,0.16577486255893212,3.854906117589144e-08
199.47493436679585,0.8596427555424457,0.1657671811910268,3.8479168488195635e-08
199.49993749218652,0.8589166239566085,0.16575669952843933,3.840939681169666e-08
199.5249406175772,0.8582513709541981,0.16574362342729856,3.833974423654812e-08
199.54994374296788,0.8576604786510061,0.16572820067863095,3.827020905838061e-08
199.57494686835855,0.8571557976706856,0.16571072100836073,3.820078977830205e-08
199.59994999374922,0.8567475471447464,0.16569151607730984,3.813148510289719e-08
199.6249531191399,0.8564443147125587,0.16567095948119787,3.806229394422796e-08
199.64995624453056,0.8562530565213514,0.16564946675064218,3.799321541983333e-08
199.67495936992125,0.8561790341895766,0.16562748841359287,3.792424885537935e-08
199.69996249531192,0.8562241251737764,0.16560544933004762,3.7855393905560925e-08
199.7249656207026,0.8563865492020034,0.16558381156149093,3.778665060530977e-08
199.74996874609326,0.8566624825075031,0.1655630194463062,3.771801921212679e-08
199.77497187148393,0.8570461296568362,0.16554348289485274,3.764950019343804e-08
199.79997499687462,0.8575297235498798,0.16552557738946586,3.758109422659458e-08
199.8249781222653,0.8581035254198243,0.1655096439844568,3.751280219887281e-08
199.84998124765596,0.8587558248331775,0.16549598930611287,3.7444625207474015e-08
199.87498437304663,0.8594729396897619,0.16548488555269722,3.7376564559524664e-08
199.8999874984373,0.8602392162227157,0.16547657049444903,3.7308621772076323e-08
199.924990623828,0.8610385262206104,0.16547120895212267,3.7240798422645907e-08
199.94999374921866,0.861855235853257,0.1654688772088731,3.717309605469899e-08
199.97499687460933,0.8626730971438876,0.165469609871686,3.710551628622255e-08
200.0,0.8634760829665288,0.1654733813948377,3.7038060724926275e-08
