time,X,Y,Z
0.0,0.82,0.36,0.24
0.026671111851975328,0.8190816048746083,0.35876370032134947,0.23886531751738976
0.053342223703950656,0.8182241103403087,0.3575326060578927,0.2377329016270608
0.08001333555592599,0.8174260410474254,0.3563070210965816,0.23660278367352652
0.10668444740790131,0.816685899002168,0.355087230420286,0.23547499669458577
0.13335555925987663,0.8160021730875173,0.35387350656499045,0.2343495738652149
0.16002667111185198,0.815373339921182,0.3526661103581249,0.2332265483272506
0.1866977829638273,0.8147978638555985,0.35146529091856493,0.23210595318938965
0.21336889481580262,0.8142741969779316,0.3502712856566318,0.2309878215271891
0.24004000666777794,0.8138007791100735,0.3490843202740923,0.22987218638306622
0.26671111851975327,0.8133760378086449,0.34790460876415874,0.22875908076629842
0.2933822303717286,0.812998388364994,0.3467323534114891,0.22764853765302334
0.32005334222370396,0.8126662338051974,0.34556774479218705,0.2265405899862388
0.34672445407567926,0.8123779648900592,0.3444109617738017,0.22543527067580288
0.3733955659276546,0.8121319601151118,0.34326217151532773,0.22433261259843376
0.4000666777796299,0.8119265857106152,0.3421215294672056,0.22323264859770994
0.42673778963160525,0.8117602091550041,0.34098918141548773,0.22213541126479808
0.4534089014835806,0.8116312924280151,0.3398652758604212,0.2210409314535267
0.4800800133355559,0.8115381789151009,0.338749929449219,0.21994924179248307
0.5067511251875312,0.8114791964426837,0.3376432447739608,0.21886037499391897
0.5334222370395065,0.811452694406075,0.336545316275398,0.21777436324767932
0.5600933488914819,0.8114570437694759,0.33545623024295396,0.2166912382212022
0.5867644607434572,0.8114906370659771,0.3343760648147237,0.2156110310595188
0.6134355725954326,0.8115518883975588,0.3333048899774742,0.21453377238525334
0.6401066844474079,0.8116392334350905,0.33224276756664417,0.21345949229862327
0.6667777962993832,0.8117511294183314,0.3311897512663443,0.21238822037743918
0.6934489081513585,0.8118860551559303,0.3301458866093569,0.21131998567710467
0.7201200200033339,0.8120425110254251,0.3291112109771363,0.21025481673061655
0.7467911318553092,0.8122190189732437,0.32808575359980846,0.20919274154856476
0.7734622437072846,0.8124141225147032,0.3270695355561714,0.20813378761913232
0.8001333555592598,0.8126263867340103,0.3260625697736948,0.20707798190809534
0.8268044674112351,0.8128543982842613,0.32506486102852017,0.20602535085882318
0.8534755792632105,0.8130967653874418,0.32407640594546094,0.2049759203922782
0.8801466911151858,0.8133521178344271,0.3230971929980023,0.20392971590701592
0.9068178029671612,0.8136191069849817,0.3221272025083013,0.202886762279185
0.9334889148191364,0.8138964057677601,0.32116640664718676,0.20184708386252725
0.9601600266711118,0.8141827086803061,0.32021476943415944,0.20081070448837754
0.9868311385230871,0.8144768068552158,0.31927225623139116,0.1997776475119164
1.0135022503750624,0.8147776539580643,0.3183388355475967,0.19874793577768377
1.0401733622270377,0.8150841244711653,0.31741445040570976,0.19772159140014997
1.066844474079013,0.8153951394489942,0.31649904061999995,0.19669863586323347
1.0935155859309884,0.8157096722443073,0.3155925436336844,0.19567909002452052
1.1201866977829638,0.8160267485081419,0.3146948945189283,0.19466297411526529
1.146857809634939,0.8163454461898166,0.31380602597684476,0.1936503077403896
1.1735289214869145,0.8166648955369308,0.3129258683374947,0.19264110987848324
1.2002000333388898,0.8169842790953651,0.31205434955988687,0.19163539888180361
1.2268711451908652,0.817302831709281,0.3111913952319781,0.19063319247627605
1.2535422570428405,0.8176198405211212,0.31033692857067285,0.1896345077614937
1.2802133688948159,0.8179346449716097,0.30949087042182377,0.18863936121071745
1.306884480746791,0.818246636799751,0.30865313926023114,0.18764776867087604
1.3335555925987663,0.8185552600428309,0.3078236511896433,0.18665974536256594
1.3602267044507417,0.8188600110364165,0.30700231994275623,0.18567530588005152
1.386897816302717,0.8191604384143556,0.30618905688121417,0.18469446419126487
1.4135689281546924,0.8194561431087773,0.305383770995609,0.18371723363780595
1.4402400400066677,0.8197467783500917,0.30458636890548046,0.18274362693494248
1.466911151858643,0.8200320496669897,0.3037967548593163,0.18177365617160998
1.4935822637106184,0.8203117148864438,0.3030148307345521,0.1808073328104118
1.5202533755625938,0.8205855541587813,0.30224050734796376,0.17984466826471
1.5469244874145691,0.8208534228579504,0.3014737010716,0.17888567359462398
1.5735955992665442,0.8211152822189334,0.3007143156702331,0.17793035858247624
1.6002667111185196,0.8213711317950148,0.2999622569799351,0.17697873254659927
1.626937822970495,0.8216210090979973,0.29921743300836295,0.17603080434668794
1.6536089348224703,0.821864989598202,0.2984797539347585,0.17508658238379957
1.6802800466744456,0.8221031867244678,0.2977491321099484,0.17414607460035375
1.706951158526421,0.822335751864152,0.2970254820563444,0.17320928848013253
1.7336222703783963,0.8225628743631298,0.296308720467943,0.17227623104828038
1.7602933822303717,0.8227847815257949,0.2955987662103257,0.1713469088713041
1.786964494082347,0.823001738615059,0.2948955403206589,0.17042132805707286
1.8136356059343224,0.8232140488523518,0.2941989660076939,0.16949949425481828
1.8403067177862977,0.8234220534176214,0.29350896865176695,0.16858141265513432
1.8669778296382729,0.8236261314493338,0.2928254758047991,0.16766708798997734
1.8936489414902482,0.8238267000444736,0.2921484171902965,0.1667565245326661
1.9203200533422236,0.824024214258543,0.2914777247033499,0.16584972609788168
1.946991165194199,0.8242191671055626,0.2908133324106354,0.16494669604166762
1.9736622770461743,0.8244120895580713,0.2901551765504136,0.16404743726142984
2.0003333888981496,0.8246035505471261,0.2895031955325303,0.16315195219593662
2.0270045007501247,0.8247941569623018,0.28885732993841595,0.16226024282531865
2.0536756126021003,0.8249844550749962,0.28821752397775996,0.16137231109551448
2.0803467244540754,0.8251748865192774,0.28758373003884286,0.1604881592719369
2.107017836306051,0.82536614871388,0.2869559032635461,0.15960778838514056
2.133688948158026,0.8255589413492177,0.2863340016481588,0.15873119916997822
2.1603600600100017,0.8257539534439359,0.28571798614631133,0.15785839211763014
2.187031171861977,0.8259518633449114,0.2851078206689749,0.156989367475604
2.2137022837139524,0.8261533387272537,0.2845034720844619,0.15612412524773486
2.2403733955659275,0.8263590365943033,0.28390491021842584,0.15526266519418527
2.267044507417903,0.8265696032776328,0.2833121078538612,0.15440498683144518
2.293715619269878,0.8267856744370469,0.2827250407311034,0.153551089432332
2.3203867311218533,0.8270078750605815,0.2821436875478292,0.15270097202599056
2.347057842973829,0.8272368194645049,0.28156802995905617,0.15185463339789304
2.373728954825804,0.8274731112933168,0.2809980525771431,0.1510120720898392
2.4004000666777796,0.827717343519749,0.28043374297178975,0.15017328639995606
2.4270711785297547,0.827970098444765,0.279875091670037,0.14933827438269823
2.4537422903817303,0.8282319476975601,0.2793220921562667,0.14850703384884764
2.4804134022337054,0.8285034522355613,0.2787747408722018,0.14767956236551374
2.507084514085681,0.8287851623444278,0.27823303721690634,0.1468558572561333
2.533755625937656,0.8290776176380501,0.2776969835467854,0.14603591560047063
2.5604267377896317,0.8293813470585508,0.2771665851755851,0.14521973423461734
2.587097849641607,0.8296968688762844,0.2766418503743927,0.14440730975099267
2.613768961493582,0.830024690689837,0.27612279037163634,0.1435986384983431
2.6404400733455575,0.8303653012114172,0.2756094174058107,0.14279371659258072
2.6671111851975327,0.8307190127716317,0.2751017178791966,0.14199254022196323
2.6937822970495082,0.8310861282805412,0.27459970713642134,0.14119510558097917
2.7204534089014833,0.8314669522433598,0.274103412628156,0.1404014086908495
2.747124520753459,0.8318617484801175,0.2736128607924844,0.13961144542783285
2.773795632605434,0.83227074012566,0.273128077054903,0.13882521152322566
2.8004667444574096,0.8326941096296483,0.272649085828321,0.138042702563362
2.8271378563093847,0.833131998756559,0.2721759105130604,0.13726391398961377
2.85380896816136,0.8335845085856843,0.27170857349685584,0.13648884109839055
2.8804800800133354,0.8340516995111322,0.27124709615485487,0.13571747904113957
2.9071511918653106,0.8345335912418259,0.2707914988496177,0.13494982282434598
2.933822303717286,0.8350301628015044,0.27034180093111704,0.13418586730953247
2.9604934155692613,0.8355413525287223,0.2698980207367387,0.13342560721325955
2.987164527421237,0.8360670580768497,0.269460175591281,0.13266903710712546
3.013835639273212,0.8366071364140721,0.26902828180695504,0.13191615141776616
3.0405067511251875,0.837161403823391,0.26860235468338467,0.13116694442685528
3.0671778629771627,0.8377296359026232,0.2681824085076065,0.13042141027110432
3.0938489748291382,0.8383115675644008,0.26776845655406983,0.12967954294226236
3.1205200866811134,0.8389068930361723,0.26736051108463676,0.1289413362871163
3.1471911985330885,0.8395152658602008,0.26695858334858197,0.1282067840074907
3.173862310385064,0.8401362988935656,0.26656268358259305,0.12747587966024793
3.200533422237039,0.8407695643081613,0.2661728210107702,0.12674861665728804
3.2272045340890148,0.8414145935906984,0.26578900384462645,0.12602498826554878
3.25387564594099,0.8420708775427026,0.2654112392830875,0.1253049876070057
3.2805467577929655,0.8427378662805153,0.2650395335124918,0.12458860765867205
3.3072178696449406,0.8434149692352935,0.2646738917065906,0.12387584125259879
3.333888981496916,0.8441015551530098,0.26431431802654776,0.12316668107587461
3.3605600933488913,0.8447969520944524,0.26396081562094,0.12246111967062599
3.387231205200867,0.8455004474352249,0.2636133866257566,0.12175914943401704
3.413902317052842,0.8462112878657467,0.26327203216439976,0.12106076261824969
3.440573428904817,0.8469286793912526,0.2629367523476844,0.12036595133056353
3.4672445407567927,0.8476517873317931,0.262607546273838,0.11967470753323592
3.493915652608768,0.8483797363222342,0.26228441202850095,0.11898702304358193
3.5205867644607434,0.8491116103122575,0.26196734668472627,0.11830288953395436
3.5472578763127185,0.8498464798841964,0.2616563441861788,0.11762229856892106
3.573928988164694,0.8505838579950428,0.2613513558052049,0.11694524224817748
3.600600100016669,0.8513229820397603,0.2610523412364253,0.11627171222599265
3.6272712118686448,0.8520629271518794,0.26075926979001857,0.1156016997782093
3.65394232372062,0.8528027826199647,0.26047210817454813,0.11493519603175559
3.6806134355725955,0.8535416518876155,0.26019082049696174,0.11427219196464498
3.7072845474245706,0.8542786525534654,0.2599153682625917,0.11361267840597644
3.7339556592765457,0.8550129163711825,0.25964571037515494,0.11295664603593425
3.7606267711285213,0.8557435892494692,0.2593818031367528,0.11230408538578808
3.7872978829804964,0.8564698312520627,0.25912360024787134,0.11165498683789307
3.813968994832472,0.8571908165977342,0.258871052807381,0.11100934062568964
3.840640106684447,0.8579057336602897,0.2586241093125367,0.11036713683370371
3.8673112185364227,0.8586137849685694,0.2583827156589782,0.10972836539754649
3.893982330388398,0.859314187206448,0.2581468151407294,0.10909301610391466
3.9206534422403734,0.8600061712128347,0.257916348450199,0.10846107859059026
3.9473245540923485,0.8606889819816732,0.2576912536781802,0.10783254234644071
3.973995665944324,0.8613618786619415,0.25747146631385065,0.10720739671141884
4.000666777796299,0.862024134557652,0.25725691924477256,0.10658563087656288
4.027337889648274,0.8626750371278518,0.25704754275689273,0.10596723388399643
4.0540090015002495,0.8633138879866221,0.2568432645345425,0.10535219462692848
4.0806801133522255,0.8639400029030788,0.2566440096604376,0.10474050184965339
4.107351225204201,0.8645527118013723,0.2564497006156785,0.104132144147551
4.134022337056176,0.865151358760687,0.2562602572797501,0.10352710996708644
4.160693448908151,0.8657354103276794,0.2560756029456216,0.10292538787050759
4.187364560760127,0.866304444195547,0.25589565891355004,0.1023269663286556
4.214035672612102,0.8668579634258896,0.2557203367658391,0.1017318333265835
4.240706784464077,0.8673955108248536,0.2555495479981801,0.10113997675103796
4.267377896316052,0.8679166696227716,0.25538320406570286,0.10055138439240591
4.294049008168027,0.8684210634741636,0.255221216382976,0.09996604394471457
4.320720120020003,0.8689083564577365,0.25506349632400677,0.09938394300563141
4.3473912318719785,0.8693782530763838,0.2549099552222411,0.0988050690764642
4.374062343723954,0.8698304982571864,0.25476050437056336,0.09822940956216095
4.400733455575929,0.8702648773514118,0.25461505502129683,0.0976569517713099
4.427404567427905,0.8706812161345144,0.2544735183862033,0.09708768291613958
4.45407567927988,0.8710793808061359,0.2543358056364832,0.09652159011251885
4.480746791131855,0.8714592779901045,0.2542018279027758,0.09595866037995673
4.50741790298383,0.8718208547344355,0.2540714962751586,0.09539888064160257
4.534089014835806,0.8721640985113314,0.2539447218031483,0.09484223772424595
4.560760126687781,0.8724890372171811,0.25382141549569975,0.09428871835831677
4.587431238539756,0.8727957391725609,0.2537014883212067,0.09373830917788513
4.6141023503917316,0.8730843131222339,0.2535848512075015,0.09319099672066142
4.640773462243707,0.8733549082351499,0.2534714150418553,0.09264676742799631
4.667444574095683,0.8736077141044459,0.25336109067097745,0.0921056076448807
4.694115685947658,0.8738429607474459,0.2532537889010165,0.0915675036199458
4.720786797799633,0.8740609186056605,0.2531494204975593,0.09103244150546304
4.747457909651608,0.8742618686358237,0.253047899504706,0.09050040749376699
4.774129021503584,0.8744460475001805,0.2529491542842969,0.08997138815839745
4.800800133355559,0.8746138768122735,0.25285310409961076,0.08944536944110937
4.827471245207534,0.874765817071326,0.25275966904841907,0.08892233719910284
4.8541423570595095,0.8749023476819084,0.2526687719027694,0.0884022772890875
4.880813468911485,0.8750239669539391,0.2525803381089857,0.08788517556728248
4.907484580763461,0.8751311921026838,0.25249429578766835,0.08737101788941633
4.934155692615436,0.8752245592487554,0.25241057573369374,0.0868597901107272
4.960826804467411,0.8753046234181147,0.2523291114162149,0.08635147808596262
4.987497916319386,0.8753719585420694,0.2522498389786608,0.08584606766937967
5.014169028171362,0.8754271574572754,0.2521726972387371,0.08534354471474491
5.040840140023337,0.8754708319057355,0.25209762768842536,0.0848438950753344
5.067511251875312,0.8755036125348001,0.25202457449398374,0.08434710460393365
5.094182363727287,0.8755261488971673,0.2519534844959466,0.08385315915283767
5.120853475579263,0.8755391094508823,0.2518843072091246,0.08336204457385099
5.1475245874312385,0.8755431815593381,0.2518169948226046,0.08287374671828761
5.174195699283214,0.8755390714912749,0.25175150219975,0.08238825143697101
5.200866811135189,0.8755275044207805,0.25168778687820026,0.08190554458023419
5.227537922987164,0.8755092244272903,0.25162580906987125,0.08142561199791958
5.25420903483914,0.875484994495587,0.25156553166095513,0.08094843953937914
5.280880146691115,0.8754555965158006,0.25150692021192034,0.08047401305347433
5.30755125854309,0.8754218312834091,0.25144994295751166,0.08000231838857608
5.334222370395065,0.8753845184992374,0.25139457080675015,0.07953334139256481
5.360893482247041,0.875344496769458,0.2513407773429331,0.0790670679128304
5.3875645940990164,0.8753025907912835,0.2512885388933566,0.0786034838313801
5.414235705950992,0.8752593532829397,0.2512378378828925,0.07814257537233865
5.440906817802967,0.8752155492815943,0.2511886640787164,0.07768432861943884
5.467577929654942,0.87517199407468,0.25114100987259075,0.07722872964327329
5.494249041506918,0.8751294757150357,0.25109486989746765,0.07677576457871672
5.520920153358893,0.8750887550209059,0.25105024102748913,0.07632541962492605
5.547591265210868,0.8750505655759411,0.25100712237798706,0.07587768104534025
5.574262377062843,0.8750156137291978,0.25096551530548294,0.07543253516768052
5.600933488914819,0.8749845785951385,0.25092542340768836,0.07498996838395013
5.627604600766794,0.8749581120536313,0.25088685252350446,0.07454996715043455
5.6542757126187695,0.8749368387499507,0.2508498107330225,0.07411251798770135
5.680946824470745,0.8749213560947765,0.2508143083575232,0.07367760748060027
5.70761793632272,0.874912234264195,0.25078035795947745,0.07324522227826315
5.734289048174696,0.874910016199698,0.25074797434254575,0.07281534909410399
5.760960160026671,0.8749152176081836,0.2507171745515785,0.07238797470581895
5.787631271878646,0.8749283269619554,0.25068797787261593,0.07196308595538632
5.814302383730621,0.8749498054987234,0.25066040583288796,0.07154066974906652
5.840973495582597,0.8749800872216029,0.2506344822008145,0.07112071305740209
5.867644607434572,0.8750195788991157,0.25061023298600527,0.07070320291521776
5.894315719286547,0.8750686600651894,0.25058768643925966,0.07028812642162037
5.9209868311385225,0.8751276830191571,0.25056687305256703,0.0698754707399989
5.9476579429904985,0.8751969728257583,0.2505478255591065,0.06946522309802447
5.974329054842474,0.8752768273151381,0.250530578933247,0.06905737078765038
6.001000166694449,0.8753675142030032,0.25051516970107146,0.06865190116231423
6.027671278546424,0.8754691837631021,0.25050162153302485,0.06824880161878717
6.054342390398399,0.8755819246514915,0.2504899680164827,0.06784805975384339
6.081013502250375,0.8757058060689697,0.25048024841362887,0.06744966326564014
6.10768461410235,0.8758408600343721,0.25047250098694873,0.06705359991222998
6.134355725954325,0.8759870813845719,0.25046676299922926,0.06665985751156064
6.1610268378063004,0.8761444277744793,0.25046307071355894,0.0662684239414751
6.1876979496582765,0.8763128196770424,0.2504614593933276,0.06587928713971156
6.214369061510252,0.8764921403832463,0.25046196330222675,0.0654924351039035
6.241040173362227,0.8766822360021136,0.2504646157042494,0.0651078558915796
6.267711285214202,0.8768829154607045,0.2504694488636899,0.06472553762016373
6.294382397066177,0.8770939505041164,0.25047649404514427,0.06434546846697506
6.321053508918153,0.8773150756954843,0.25048578151351003,0.06396763666922796
6.347724620770128,0.8775459884159804,0.2504973405339862,0.06359203052403205
6.374395732622103,0.8777863488648144,0.25051119937207317,0.06321863838839216
6.401066844474078,0.8780357800592337,0.25052738529357305,0.06284744867920836
6.427737956326054,0.8782938678345225,0.2505459245645893,0.062478449873275936
6.4544090681780295,0.8785601608440029,0.250566842451527,0.06211163050728545
6.481080180030005,0.8788341705590343,0.2505901632210927,0.06174697917782266
6.50775129188198,0.8791153712690135,0.25061591014029433,0.061384484541368564
6.534422403733956,0.8794032000813746,0.25064410547644156,0.06102413531429938
6.561093515585931,0.8796970569215893,0.2506747704971454,0.06066592027288659
6.587764627437906,0.8799963045331665,0.25070792547031845,0.06030982825329689
6.614435739289881,0.880300270373839,0.2507435896078421,0.05995584815037693
6.641106851141856,0.8806084733812877,0.25078177221702064,0.05960396878021679
6.667777962993832,0.8809203149622085,0.25082247691220955,0.05925417909439114
6.694449074845807,0.8812350307826358,0.2508657084627187,0.05890646818692404
6.7211201866977826,0.8815518638348042,0.25091146906638556,0.05856082517763646
6.747791298549758,0.8818700644371492,0.2509597583495747,0.05821723921214631
6.774462410401734,0.882188890234306,0.2510105733671783,0.05787569946186845
6.801133522253709,0.8825076061971107,0.25106390860261585,0.05753619512401471
6.827804634105684,0.8828254846225992,0.2511197559678342,0.05719871542159382
6.854475745957659,0.8831418051340085,0.25117810480330766,0.05686324960341149
6.881146857809634,0.8834558546807754,0.2512389418780379,0.05652978694407037
6.90781796966161,0.8837669275385373,0.2513022513895539,0.05619831674397002
6.934489081513585,0.8840743253091315,0.2513680149639122,0.05586882832930701
6.9611601933655605,0.8843773569205966,0.25143621165569646,0.055541311052074785
6.987831305217536,0.8846753386271708,0.25150681794801805,0.05521575429006378
7.014502417069512,0.8849675940092928,0.2515798077525154,0.05489214744686134
7.041173528921487,0.8852534539736019,0.2516551524093546,0.05457047995185181
7.067844640773462,0.8855322567529376,0.251732820687229,0.054250741260216416
7.094515752625437,0.8858033479063396,0.25181277878335934,0.05393292085293337
7.121186864477412,0.8860660803190484,0.2518949903234938,0.05361700823677781
7.147857976329388,0.8863198142025045,0.2519794163619078,0.05330299294432182
7.174529088181363,0.8865639170943488,0.25206601538140433,0.05299086453393445
7.201200200033338,0.8867977638584227,0.25215474329331367,0.05268061258978167
7.2278713118853135,0.887020736684768,0.25224555343749355,0.05237222672182639
7.2545424237372895,0.8872322250896266,0.25233839658232904,0.052065696565828476
7.281213535589265,0.8874316611962563,0.2524332224958035,0.051761011793874274
7.30788464744124,0.8876187263572223,0.2525299857105235,0.051458162142977916
7.334555759293215,0.8877929881879232,0.2526286275910725,0.05115713727883435
7.361226871145191,0.8879540094630911,0.25272908684480055,0.05085792687274485
7.387897982997166,0.8881013895891497,0.2528313018412855,0.050560520618037515
7.414569094849141,0.8882347646042144,0.25293521061233326,0.05026490823006715
7.441240206701116,0.888353807178092,0.25304075085197775,0.049971079446215365
7.467911318553091,0.8884582266122811,0.253147859916481,0.04967902402589054
7.494582430405067,0.8885477688399719,0.2532564748243327,0.04938873175052781
7.521253542257043,0.8886222164260463,0.253366532256251,0.049100192423589116
7.547924654109018,0.8886813885670776,0.2534779685551817,0.04881339587056313
7.574595765960993,0.888725141091331,0.25359071972629865,0.048528331938965316
7.601266877812969,0.8887533664587632,0.25370472143700384,0.04824499049833789
7.627937989664944,0.8887659937610225,0.2538199090169272,0.04796336144024989
7.654609101516919,0.8887629887214488,0.25393621745792655,0.04768343467829705
7.681280213368894,0.8887443536950738,0.2540535814140878,0.047405200148101935
7.707951325220869,0.8887101276686207,0.2541719352017249,0.04712864780731385
7.734622437072845,0.8886603862605041,0.25429121279937966,0.046853767635608876
7.7612935489248205,0.8885952417208309,0.25441134784782204,0.04658054963468988
7.787964660776796,0.8885148429313989,0.25453227365004993,0.04630898382828649
7.814635772628771,0.8884193754056979,0.25465392317128915,0.046039060262155096
7.841306884480747,0.8883090612889093,0.25477622903899366,0.045770769004078865
7.867977996332722,0.8881841593579061,0.25489912354284533,0.04550410014386775
7.894649108184697,0.8880449650212527,0.255022538634754,0.04523904379335845
7.921320220036672,0.8878918103192056,0.25514640592885757,0.04497559008641445
7.947991331888648,0.887724987643577,0.2552706661997892,0.04471372926848097
7.974662443740623,0.8875448043580043,0.25539527137415124,0.04445345165521539
8.001333555592598,0.8873517542989311,0.25552016122257504,0.04419474742614969
8.028004667444574,0.8871463489088179,0.25564527777743157,0.043937606805870416
8.054675779296549,0.8869291141055193,0.2557705656561655,0.043682020067522205
8.081346891148524,0.8867005902822847,0.2558959720612956,0.043427977532807825
8.108018003000499,0.886461332307757,0.25602144678041433,0.043175469571988166
8.134689114852476,0.8862119095259741,0.25614694218618805,0.042924486603882185
8.161360226704451,0.8859529057563676,0.25627241323635697,0.04267501909586703
8.188031338556426,0.8856849192937639,0.25639781747373525,0.04242705756387791
8.214702450408401,0.8854085629083834,0.2565231150262109,0.042180592572408145
8.241373562260376,0.8851244638458406,0.25664826860674567,0.0419356147345092
8.268044674112351,0.8848332638271447,0.2567732435133753,0.04169211471179063
8.294715785964327,0.8845356190486988,0.25689800762920945,0.04145008321442011
8.321386897816302,0.8842322001823004,0.2570225314224315,0.04120951100112344
8.348058009668277,0.8839236923751413,0.25714678794629875,0.04097038887918451
8.374729121520254,0.8836107952498077,0.25727075283914247,0.04073270770444534
8.401400233372229,0.8832942229042797,0.2573944043243676,0.04049645838130609
8.428071345224204,0.8829747039119321,0.25751772321045313,0.04026163186272499
8.454742457076179,0.8826529813215338,0.25764069289095176,0.0400282191502184
8.481413568928154,0.8823298126572477,0.25776329934449027,0.03979621129386079
8.50808468078013,0.8820059699186316,0.2578855311347691,0.03956559939228477
8.534755792632104,0.881682239580637,0.2580073794105627,0.03933637459268102
8.56142690448408,0.8813594225936098,0.25812883790571917,0.03910852809079838
8.588098016336055,0.8810383343832904,0.2582499029391608,0.038882051130943764
8.614769128188032,0.8807198048508105,0.2583705734148835,0.03865693500598222
8.641440240040007,0.8804044374257661,0.2584908525407638,0.038433171094900236
8.668111351891982,0.8800928027390943,0.2586107526656774,0.03821075087105231
8.694782463743957,0.8797856682483232,0.2587302897614206,0.037989665852817475
8.721453575595932,0.8794837694755722,0.25884948168976624,0.0377699076219423
8.748124687447907,0.8791878100075532,0.25896834820246356,0.03755146782354087
8.774795799299882,0.8788984614955694,0.2590869109412382,0.03733433816609484
8.801466911151858,0.878616363655516,0.2592051934377922,0.03711851042145335
8.828138023003833,0.8783421242678797,0.25932322111380396,0.03690397642483312
8.85480913485581,0.8780763191777395,0.2594410212809285,0.03669072807481835
8.881480246707785,0.8778194922947659,0.2595586231407969,0.03647875733336085
8.90815135855976,0.8775721555932209,0.25967605778501707,0.0362680562257799
8.934822470411735,0.8773347891119586,0.259793358195173,0.036058616840762336
8.96149358226371,0.8771078409544251,0.25991055924282525,0.03585043133036253
8.988164694115685,0.8768917272886577,0.26002769768951073,0.03564349191000237
9.01483580596766,0.8766868323472861,0.26014481218674285,0.035437790858471305
9.041506917819635,0.8764935084275314,0.2602619432760114,0.0352333205179263
9.068178029671612,0.8763120758912064,0.26037913338878244,0.035030073293891836
9.094849141523587,0.876142823164716,0.26049642684649865,0.03482804165525999
9.121520253375563,0.8759860067390569,0.260613869860579,0.03462721813429031
9.148191365227538,0.8758418511698173,0.26073151053241894,0.0344275953266099
9.174862477079513,0.8757105490771773,0.2608493988533903,0.034229165891213394
9.201533588931488,0.8755922611459087,0.2609675867048414,0.034031922550462966
9.228204700783463,0.8754871161253754,0.26108612785809676,0.03383585809008833
9.254875812635438,0.8753952069539415,0.2612050747834743,0.033640965339310616
9.281546924487413,0.8753165331847845,0.26132446499602324,0.03344723711762129
9.30821803633939,0.8752510160365854,0.2614443509947924,0.03325466644206234
9.334889148191365,0.8751985430787538,0.2615647868957391,0.033063246400407975
9.36156026004334,0.875158968975582,0.2616858251960962,0.03287297012755252
9.388231371895316,0.8751321154862454,0.2618075167743724,0.03268383080551044
9.41490248374729,0.8751177714648017,0.2619299108903522,0.03249582166341635
9.441573595599266,0.875115692860192,0.2620530551850957,0.032308935977524995
9.468244707451241,0.8751256027162397,0.26217699568093866,0.032123167071211274
9.494915819303216,0.8751471911716513,0.2623017767814927,0.03193850831497022
9.521586931155191,0.875180115460016,0.26242744127164497,0.031754953126417004
9.548258043007168,0.8752239999098055,0.26255403031755853,0.03157249497028692
9.574929154859143,0.8752784359443748,0.262681583466672,0.03139112735843546
9.601600266711118,0.8753429820819614,0.26281013864769975,0.03121084384983819
9.628271378563094,0.8754171639356856,0.262939732170632,0.03103163805059086
9.654942490415069,0.8755004742135506,0.2630703987267345,0.03085350361390934
9.681613602267044,0.8755923727184424,0.26320217138854873,0.030676434240129648
9.708284714119019,0.8756922863481295,0.26333508160989205,0.03050042367670793
9.734955825970994,0.8757996090952637,0.26346915922585734,0.030325465718220496
9.76162693782297,0.8759137020473791,0.2636044324528133,0.030151554206363777
9.788298049674946,0.8760338933868929,0.26374092788840425,0.02997868302995434
9.814969161526921,0.876159478391105,0.2638786705115504,0.029806846124928926
9.841640273378896,0.876289719432198,0.26401768368244743,0.029636037474344384
9.868311385230871,0.8764238459772375,0.264157989142567,0.029466251108377712
9.894982497082847,0.8765612655191422,0.26429960033523214,0.02929748102028796
9.921653608934822,0.8767013665146705,0.26444252167019494,0.02912972125235323
9.948324720786797,0.8768433306228738,0.2645867581772409,0.02896296596289009
9.974995832638772,0.8769863539576699,0.2647323121212906,0.028797209332953922
10.001666944490747,0.8771296470916815,0.2648791830023095,0.02863244556633735
10.028338056342724,0.8772724350562369,0.26502736755530815,0.028468668889570233
10.0550091681947,0.8774139573413696,0.26517685975034216,0.028305873551919696
10.081680280046674,0.8775534678958187,0.26532765079251225,0.028144053825390085
10.10835139189865,0.8776902351270284,0.2654797291219643,0.027983204004722997
10.135022503750625,0.8778235419011484,0.26563308041388917,0.027823318407397265
10.1616936156026,0.8779526855430339,0.2657876875785227,0.02766439137362898
10.188364727454575,0.878076977836245,0.26594353076114613,0.027506417266371458
10.21503583930655,0.878195745023048,0.2661005873420854,0.02734939047131527
10.241706951158527,0.8783083278044136,0.26625883193671174,0.02719330539688822
10.268378063010502,0.8784140813400185,0.26641823639544143,0.027038156474255382
10.295049174862477,0.8785123752482447,0.2665787698037358,0.026883938157319043
10.321720286714452,0.8786025936061793,0.2667403984821013,0.026730644922718743
10.348391398566427,0.878684134949615,0.2669030859860893,0.026578271269831262
10.375062510418402,0.8787564122730497,0.26706679310629655,0.026426811720770636
10.401733622270378,0.8788188530296869,0.26723147786836454,0.026276260820388125
10.428404734122353,0.8788708991314352,0.26739709553298013,0.026126613136272247
10.455075845974328,0.8789120069489089,0.267563598595875,0.025977863258748755
10.481746957826305,0.8789416473114272,0.26773093678782606,0.02583000580088064
10.50841806967828,0.8789593055070151,0.26789905707465533,0.025683035398468165
10.535089181530255,0.8789645974375461,0.2680679117772632,0.02553694671369411
10.56176029338223,0.8789572474243678,0.2682374506521017,0.025391734406803923
10.588431405234205,0.878936902195011,0.2684076112874752,0.02524739313770959
10.61510251708618,0.8789032458172094,0.2685783312417935,0.025103917584554974
10.641773628938155,0.8788560001367631,0.2687495480808815,0.024961302443755478
10.66844474079013,0.878794924777539,0.2689211993779795,0.024819542429998023
10.695115852642106,0.8787198171414701,0.2690932227137432,0.024678632276241074
10.721786964494083,0.8786305124085563,0.2692655556762435,0.024538566733714608
10.748458076346058,0.878526883536864,0.26943813586096654,0.024399340571920156
10.775129188198033,0.8784088412625263,0.269610900870814,0.024260948578630755
10.801800300050008,0.8782763340997423,0.26978378831610267,0.024123385559890985
10.828471411901983,0.8781293483407783,0.26995673581456464,0.023986646340016946
10.855142523753958,0.8779679080559666,0.27012968099134743,0.02385072576159628
10.881813635605933,0.8777920750937064,0.27030256147901377,0.023715618685488146
10.908484747457909,0.8776019490804634,0.2704753149175418,0.023581319990823236
10.935155859309884,0.8773976674207697,0.2706478789543248,0.02344782457500378
10.96182697116186,0.8771794052972242,0.27082019124417156,0.023315127353703516
10.988498083013836,0.876947375670492,0.27099218944930603,0.023183223260867747
11.01516919486581,0.876701829279305,0.27116381123936745,0.023052107248713274
11.041840306717786,0.8764430546404615,0.2713349942914105,0.022921774287728444
11.068511418569761,0.8761713780488265,0.27150567628990513,0.02279221936667312
11.095182530421736,0.8758871635773315,0.2716757949267365,0.022663437492578712
11.121853642273711,0.8755908130769745,0.2718452879012051,0.02253542369074814
11.148524754125686,0.8752827661768201,0.2720140929200269,0.022408173004755873
11.175195865977662,0.8749633884029409,0.27218215816272856,0.022281680537040955
11.201866977829638,0.8746330627250494,0.27234944250772897,0.022155941417173003
11.228538089681614,0.8742923908028725,0.27251589421740935,0.022030950729501685
11.255209201533589,0.8739419858539,0.2726814643830323,0.02190670358779103
11.281880313385564,0.8735824704476838,0.27284610709680374,0.0217831951360158
11.308551425237539,0.8732144765058368,0.2730097794518732,0.021660420548361467
11.335222537089514,0.8728386453020341,0.2731724415423337,0.021538375029224222
11.36189364894149,0.8724556274620123,0.27333405646322173,0.021417053813210983
11.388564760793464,0.8720660829635697,0.2734945903105172,0.02129645216513938
11.41523587264544,0.8716706811365661,0.27365401218114366,0.02117656538003776
11.441906984497416,0.8712701006629232,0.2738122941729681,0.021057388783145184
11.468578096349392,0.8708650295766242,0.273969411384801,0.020938917729911452
11.495249208201367,0.8704561652637139,0.27412534191639637,0.02082114760599707
11.521920320053342,0.8700442144622992,0.27428006686845163,0.02070407382727325
11.548591431905317,0.8696298932625481,0.27443357034260785,0.02058769183982194
11.575262543757292,0.8692139271066907,0.2745858394414495,0.0204719971199358
11.601933655609267,0.8687970507890185,0.27473686426850447,0.02035698517411821
11.628604767461242,0.8683800084558846,0.27488663792824436,0.020242651539083265
11.65527587931322,0.8679635536057042,0.27503515652608407,0.020128991781755774
11.681946991165194,0.8675484490889537,0.27518241916838215,0.020016001499271286
11.70861810301717,0.8671354671081715,0.27532842796244056,0.01990367631897605
11.735289214869145,0.8667253892179574,0.2754731880165048,0.019792011898427032
11.76196032672112,0.866319006324973,0.27561670743976374,0.019681003925391925
11.788631438573095,0.8659171186879416,0.27575899734235,0.019570648117849136
11.81530255042507,0.8655205359176482,0.27590007183533943,0.019460940223987797
11.841973662277045,0.8651300769769392,0.2760399480307516,0.019351876022207747
11.86864477412902,0.8647464402991392,0.2761786452189365,0.0192434513231373
11.895315885980997,0.8643700696632742,0.27631618933995006,0.01913566199027651
11.921986997832972,0.8640016756956491,0.27645261557801803,0.019028503934256844
11.948658109684947,0.8636419499925182,0.2765879609503394,0.018921973100693806
11.975329221536922,0.8632915466132115,0.2767222640432431,0.018816065470013618
12.002000333388898,0.862951082080134,0.27685556501218855,0.018710777057453228
12.028671445240873,0.8626211353787667,0.2769879055817651,0.018606103913060303
12.055342557092848,0.8623022479576652,0.27711932904569236,0.01850204212169323
12.082013668944823,0.861994923728461,0.2772498802668202,0.018398587803021126
12.108684780796798,0.8616996290658608,0.2773796056771284,0.018295737111523817
12.135355892648775,0.8614167928076467,0.2775085532777271,0.01819348623649185
12.16202700450075,0.861146806254676,0.27763677263885667,0.01809183140202651
12.188698116352725,0.8608900231708816,0.2777643148998874,0.017990768867039788
12.2153692282047,0.8606467597832717,0.27789123276932,0.017890294925254402
12.242040340056676,0.8604172947819295,0.27801758052478515,0.017790405905203786
12.26871145190865,0.8602018693200143,0.2781434140130439,0.017691098170232098
12.295382563760626,0.8600006870137601,0.27826879064998716,0.017592368118494222
12.322053675612601,0.8598139139424765,0.27839376942063637,0.017494212182955757
12.348724787464576,0.8596416786485487,0.27851841087914286,0.017396626831393022
12.375395899316553,0.8594840721374367,0.2786427771487883,0.01729960856639306
12.402067011168528,0.8593411478776765,0.27876693192198443,0.01720315392535364
12.428738123020503,0.8592129218008789,0.27889094046027313,0.017107259480483247
12.455409234872478,0.8590993723017305,0.27901486959432653,0.017011921838801083
12.482080346724453,0.8590004403717489,0.27913878767061906,0.016917137641924315
12.508751458576429,0.8589160487552471,0.2792627476629984,0.016822903508612725
12.535422570428404,0.8588460008287705,0.27938680377705843,0.016729216127639834
12.562093682280379,0.8587900213902822,0.27951102060444644,0.01663607226893955
12.588764794132354,0.8587478067658898,0.27963546039017123,0.016543468725272726
12.61543590598433,0.8587190248098461,0.2797601830326032,0.016451402312227154
12.642107017836306,0.8587033149045489,0.27988524608347426,0.01635986986821758
12.668778129688281,0.8587002879605405,0.2800107047478778,0.01626886825448569
12.695449241540256,0.8587095264165089,0.28013661188426897,0.0161783943551001
12.722120353392231,0.858730584239286,0.2802630180044642,0.01608844507695639
12.748791465244206,0.8587629869238496,0.2803899712736416,0.01599901734977707
12.775462577096182,0.8588062314933218,0.2805175175103409,0.015910108126111596
12.802133688948157,0.8588597864989699,0.2806457001864631,0.015821714381336376
12.828804800800132,0.858923092020206,0.28077456042727117,0.01573383311365475
12.855475912652109,0.8589955596645873,0.28090413701138917,0.015646461344097005
12.882147024504084,0.8590765725678157,0.28103446637080304,0.01555959611652038
12.908818136356059,0.8591654853937383,0.2811655825908601,0.015473234497609052
12.935489248208034,0.8592616243343468,0.28129751741026926,0.015387373576874138
12.96216036006001,0.8593642871097783,0.281430300221101,0.015302010466653701
12.988831471911984,0.8594727429683142,0.28156395806878726,0.015217142302112751
13.01550258376396,0.8595862326863815,0.2816985156521217,0.015132766241243236
13.042173695615935,0.8597039685685514,0.2818339953232592,0.015048879464864055
13.068844807467912,0.8598251344475407,0.2819704170877166,0.014965479176621038
13.095515919319887,0.8599488856842109,0.28210779860437196,0.014882562602986977
13.122187031171862,0.8600743848558828,0.2822461545122645,0.014800126986339167
13.148858143023837,0.8602010718827511,0.2823854877695436,0.014718169533553468
13.175529254875812,0.8603281502910867,0.2825257963910988,0.014636687514779041
13.202200366727787,0.8604547645501773,0.28266707634287863,0.014555678225575597
13.228871478579762,0.860580080649871,0.28280932069141723,0.014475138970991622
13.255542590431737,0.8607032861005761,0.28295251960383433,0.014395067065564371
13.282213702283713,0.860823589933261,0.28309666034783526,0.014315459833319865
13.30888481413569,0.8609402226994548,0.28324172729171104,0.014236314607772893
13.335555925987665,0.8610524364712466,0.2833877019043381,0.01415762873192703
13.36222703783964,0.861159504841286,0.2835345627551787,0.014079399558274603
13.388898149691615,0.8612607229227827,0.2836822855142806,0.014001624448796716
13.41556926154359,0.8613554073495069,0.2838308429522772,0.01392430077496324
13.442240373395565,0.8614428962757891,0.28398020494038745,0.01384742591773282
13.46891148524754,0.86152254937652,0.28413033845041596,0.013770997267552867
13.495582597099515,0.8615937478471505,0.28428120755475295,0.013695012224359565
13.52225370895149,0.8616558944036921,0.28443277342637424,0.013619468197577865
13.548924820803467,0.8617084132827164,0.28458499433884127,0.013544362606121485
13.575595932655443,0.8617507502413555,0.284737825666301,0.013469692878392926
13.602267044507418,0.8617823725573016,0.2848912198834861,0.013395456452283445
13.628938156359393,0.8618027690288073,0.2850451265657148,0.013321650775173076
13.655609268211368,0.8618114499746853,0.28519949238889103,0.013248273303930616
13.682280380063343,0.8618079472343091,0.2853542611295041,0.013175321504913639
13.708951491915318,0.861791814167612,0.2855093736646292,0.013102792853968486
13.735622603767293,0.8617626256550878,0.28566476797192697,0.01303068483643027
13.762293715619268,0.8617200746350309,0.2858203905760742,0.012958994951078396
13.788964827471245,0.8616639435391859,0.2859761847788129,0.012887720690771808
13.81563593932322,0.8615939815216245,0.28613208113250266,0.012816859544794484
13.842307051175196,0.8615099767687662,0.286288010676642,0.012746409010723153
13.86897816302717,0.86141175650919,0.28644390493929234,0.012676366594428237
13.895649274879146,0.8612991870136346,0.2865996959370777,0.012606729810073844
13.922320386731121,0.8611721735949985,0.2867553161751847,0.012537496180117768
13.948991498583096,0.8610306606083399,0.2869106986473627,0.01246866323531149
13.975662610435071,0.8608746314508767,0.28706577683592366,0.01240022851470018
14.002333722287046,0.8607041085619864,0.2872204847117424,0.01233218956562269
14.029004834139023,0.8605191534232064,0.28737475673425616,0.01226454394371156
14.055675945990998,0.8603198665582337,0.28752852785146504,0.012197289212893026
14.082347057842973,0.8601063875329248,0.2876817334999317,0.012130422945387
14.109018169694949,0.8598788949552962,0.28783430960478157,0.012063942721707084
14.135689281546924,0.8596376064755241,0.28798619257970265,0.011997846130660567
14.162360393398899,0.8593827787859444,0.2881373193269457,0.011932130769348424
14.189031505250874,0.8591147076210522,0.28828762723732404,0.011866794243165318
14.215702617102849,0.8588337277575031,0.28843705419021387,0.011801834165799599
14.242373728954824,0.858540213014112,0.28858553855355384,0.0117372481592333
14.269044840806801,0.8582345762518533,0.28873301918384536,0.011673033853742144
14.295715952658776,0.8579172693738615,0.2888794354261526,0.011609188887895546
14.322387064510751,0.8575887833254305,0.2890247271141022,0.011545710908556602
14.349058176362727,0.8572496480940143,0.2891688345698836,0.01148259757088209
14.375729288214702,0.8569003734385092,0.28931170267103296,0.011419846548470862
14.402400400066677,0.8565413352744702,0.28945329463965996,0.011357455553004627
14.429071511918652,0.856173201699885,0.28959356513297035,0.01129542226204998
14.455742623770627,0.8557966793672882,0.2897324703170735,0.011233744362778988
14.482413735622604,0.8554124795477014,0.28986996977854274,0.011172419557784627
14.509084847474579,0.8550213181306338,0.29000602652441543,0.011111445565080787
14.535755959326554,0.8546239156240818,0.2901406069821929,0.011050820118102258
14.56242707117853,0.8542209971545295,0.2902736809998405,0.01099054096570474
14.589098183030504,0.853813292466948,0.2904052218457877,0.010930605872164843
14.61576929488248,0.8534015359247963,0.2905352062089278,0.010871012617180082
14.642440406734455,0.8529864665100202,0.29066361419861814,0.010811758995868883
14.66911151858643,0.8525688278230534,0.29079042934468013,0.010752842818770578
14.695782630438405,0.8521493680828167,0.29091563859739916,0.01069426191184541
14.722453742290382,0.8517288401267186,0.2910392323275246,0.010636014116474522
14.749124854142357,0.8513080014106547,0.29116120432626985,0.01057809728945998
14.775795965994332,0.850887614009008,0.29128155180531223,0.010520509303024743
14.802467077846307,0.8504684446146492,0.2914002753967932,0.010463248044812688
14.829138189698282,0.8500512645389361,0.2915173791533181,0.010406311417888593
14.855809301550257,0.849636849711714,0.2916328705479564,0.01034969734073815
14.882480413402233,0.8492259806813156,0.2917467604742414,0.010293403747267952
14.909151525254208,0.848819442614561,0.2918590632461706,0.010237428586805509
14.935822637106183,0.8484180252967578,0.2919697965982054,0.010181769824099232
14.96249374895816,0.8480225231317007,0.29207898168527113,0.010126425439318437
14.989164860810135,0.8476337351416722,0.2921866430827572,0.010071393428053365
15.01583597266211,0.8472524649674418,0.29229280878651714,0.010016671801315146
15.042507084514085,0.8468795208682668,0.29239751021286825,0.009962258585535828
15.06917819636606,0.8465156611344611,0.29250078104463595,0.009908151822451814
15.095849308218035,0.8461612999813358,0.2926026554098487,0.00985434957687473
15.12252042007001,0.8458170707815122,0.2927031819882376,0.009800849944300265
15.149191531921986,0.8454836297674507,0.29280241266191265,0.009747651038754815
15.17586264377396,0.8451615916249667,0.29290040056181865,0.009694750991627173
15.202533755625938,0.8448515294932306,0.2929972000677355,0.009642147951668536
15.229204867477913,0.8445539749647673,0.2930928668082779,0.009589840084992508
15.255875979329888,0.8442694180854564,0.2931874576608956,0.009537825575075086
15.282547091181863,0.843998307354533,0.2932810307518733,0.009486102622754669
15.309218203033838,0.8437410497245861,0.29337364545633043,0.009434669446232056
15.335889314885813,0.8434980106015602,0.2934653623982217,0.009383524281070452
15.362560426737788,0.8432695138447541,0.2935562434503365,0.009332665380195459
15.389231538589764,0.8430558417668219,0.29364635173429926,0.009282091013895079
15.415902650441739,0.8428572351337722,0.2937357516205694,0.009231799469819717
15.442573762293716,0.8426738931649682,0.29382450872844124,0.009181789052982175
15.46924487414569,0.8425059735331284,0.29391268992604397,0.009132058085757667
15.495915985997666,0.8423535923643258,0.29400036333034185,0.009082604907883797
15.522587097849641,0.8422168242379883,0.29408759830713394,0.009033427876460571
15.549258209701616,0.8420957021868983,0.29417446547105447,0.0089845253659504
15.575929321553591,0.8419902176971936,0.29426103668557235,0.008935895768178093
15.602600433405566,0.8419003207083664,0.29434738506299163,0.00888753749233086
15.629271545257541,0.8418259196132636,0.29443358496445116,0.008839448964958314
15.655942657109517,0.8417668812580872,0.2945197119999249,0.008791628629972466
15.682613768961494,0.8417230309423939,0.29460584302822157,0.008744074948647727
15.709284880813469,0.8416941923071295,0.29469204418445805,0.008696786376911547
15.735955992665444,0.8416801152564478,0.29477837012732355,0.008649761381350771
15.762627104517419,0.8416804067900461,0.2948648911268647,0.008602998486532622
15.789298216369394,0.8416946472897675,0.29495167487070545,0.008556496227891501
15.81596932822137,0.841722392120793,0.2950387861260558,0.008510253150979134
15.842640440073344,0.841763171631642,0.2951262867397116,0.008464267811464567
15.86931155192532,0.8418164911541722,0.295214235638055,0.008418538775134174
15.895982663777296,0.8418818310035794,0.295302688827054,0.008373064617891652
15.922653775629271,0.8419586464783974,0.29539169939226284,0.008327843925758029
15.949324887481247,0.8420463678604985,0.2954813174988216,0.008282875294871652
15.975995999333222,0.8421444004150933,0.2955715903914566,0.00823815733148819
16.002667111185197,0.8422521243907305,0.29566256239447997,0.008193688651980648
16.029338223037172,0.8423688950192969,0.2957542749117901,0.008149467882839344
16.056009334889147,0.8424940425160176,0.2958467664268714,0.008105493660671925
16.082680446741122,0.8426268720794561,0.2959400725027942,0.008061764632203369
16.109351558593097,0.8427666638915138,0.296034225782215,0.008018279454275967
16.136022670445072,0.8429126731174306,0.29612925598737627,0.007975036793849345
16.162693782297048,0.8430641299057844,0.29622518992010655,0.00793203532800045
16.189364894149023,0.8432202393884917,0.2963220514618205,0.007889273743923553
16.216036006000998,0.8433801816808066,0.2964198615735187,0.007846750738930253
16.242707117852973,0.843543111881322,0.2965186382957878,0.007804465020449471
16.26937822970495,0.8437081600719688,0.2966183967488006,0.007762415306027447
16.296049341556927,0.8438744313180161,0.29671914913231584,0.007720600323327764
16.322720453408902,0.8440410180712379,0.2968209046023328,0.007679018808962757
16.349391565260877,0.8442072957786909,0.29692366343970067,0.007637669480637091
16.376062677112852,0.844372488711367,0.2970274170604165,0.007596551077171472
16.402733788964827,0.8445357151732105,0.29713215410256205,0.007555662353132456
16.429404900816802,0.844696119791774,0.29723786025184934,0.007515002066268221
16.456076012668778,0.8448528735182185,0.2973445182416209,0.007474568977508576
16.482747124520753,0.8450051736273135,0.2974521078528496,0.007434361850964955
16.509418236372728,0.8451522437174368,0.2975606059141387,0.00739437945393042
16.536089348224703,0.8452933337105744,0.297669986301722,0.007354620556879659
16.562760460076678,0.8454277198523206,0.2977802199394636,0.007315083933468989
16.589431571928653,0.8455547047118784,0.29789127479885796,0.007275768360536353
16.61610268378063,0.8456736171820589,0.29800311589903017,0.00723667261810132
16.642773795632603,0.8457838124792815,0.2981157053067354,0.007197795489365087
16.66944490748458,0.845884672143574,0.29822900213635956,0.007159135760710481
16.696116019336554,0.8459756040385726,0.29834296254991877,0.007120692221701952
16.722787131188532,0.8460560423515219,0.2984575397570595,0.0070824636650855715
16.749458243040507,0.8461254475932747,0.2985726840150589,0.007044448886789057
16.776129354892483,0.846183306598292,0.2986883426288242,0.007006646685921738
16.802800466744458,0.8462291325246437,0.29880445995089333,0.0069690558647745714
16.829471578596433,0.8462624648540075,0.29892097738143447,0.006931675228820146
16.856142690448408,0.8462828693916696,0.29903783336824613,0.006894503586712675
16.882813802300383,0.8462899382665248,0.29915496340675746,0.006857539750287999
16.909484914152358,0.8462832899310758,0.2992723000400278,0.006820782534563589
16.936156026004333,0.8462625711289943,0.29938977327399485,0.006784230757921245
16.96282713785631,0.8462275573891261,0.2995073271262747,0.0067478832465337835
16.989498249708284,0.8461780750366452,0.2996248949025336,0.006711738817551305
17.01616936156026,0.846113954989645,0.29974240102554833,0.006675796285781885
17.042840473412234,0.8460350678945783,0.29985977081848636,0.0066400544693206425
17.06951158526421,0.8459413241262568,0.2999769305049058,0.006604512189549757
17.096182697116184,0.8458326737878518,0.3000938072087554,0.006569168271138454
17.12285380896816,0.8457091067108937,0.3002103289543745,0.006534021542043012
17.149524920820134,0.8455706524552722,0.300326424666493,0.00649907083350676
17.17619603267211,0.845417380309236,0.3004420241702317,0.0064643149800600805
17.202867144524088,0.8452493992893934,0.30055705819110173,0.006429752819520402
17.229538256376063,0.8450668581407116,0.30067145835500503,0.006395383192992216
17.25620936822804,0.8448699453365173,0.30078515718823406,0.006361204944867057
17.282880480080014,0.8446588890784962,0.30089808811747204,0.006327216922823509
17.30955159193199,0.8444339572966936,0.30101018546979275,0.006293417977827213
17.336222703783964,0.8441954576495135,0.30112138447266057,0.006259806964130859
17.36289381563594,0.8439437375237197,0.3012316212539306,0.006226382739274188
17.389564927487914,0.8436791840344348,0.30134083284184854,0.006193144164083995
17.41623603933989,0.8434022240251409,0.3014489571650506,0.006160090102674123
17.442907151191864,0.8431133240676792,0.30155593305256384,0.006127219422445469
17.46957826304384,0.8428129904622504,0.3016617002338058,0.00609453099408598
17.496249374895815,0.842501769237414,0.30176619933858473,0.006062023691570657
17.52292048674779,0.842180246150089,0.3018693718970994,0.006029696392161551
17.549591598599765,0.8418490440670593,0.3019711604756317,0.005997547976649083
17.57626271045174,0.841508602958598,0.30207152299700585,0.0059655773497479525
17.602933822303715,0.8411595247988627,0.30217042159626734,0.005933783408866861
17.62960493415569,0.8408025833788428,0.3022678150654474,0.00590216504333587
17.656276046007665,0.8404385535703891,0.3023636659082197,0.0058707211501168
17.682947157859644,0.8400682113262128,0.30245794033990026,0.005839450633803228
17.70961826971162,0.8396923336798868,0.30255060828744734,0.005808352406620502
17.736289381563594,0.8393116987458452,0.30264164338946165,0.005777425388425715
17.76296049341557,0.8389270857193827,0.3027310229961863,0.005746668506707725
17.789631605267545,0.8385392748766554,0.30281872816950683,0.005716080696587149
17.81630271711952,0.8381490475746806,0.3029047436829509,0.005685660900816361
17.842973828971495,0.8377571862513367,0.3029890580216888,0.005655408069779498
17.86964494082347,0.837364474425363,0.30307166338253305,0.005625321161492451
17.896316052675445,0.8369716966963603,0.30315255567393856,0.005595399141602876
17.92298716452742,0.8365796387447901,0.3032317345160027,0.005565640983390182
17.949658276379395,0.8361890873319754,0.30330920324046506,0.0055360456677655415
17.97632938823137,0.8358008303001,0.3033849688907077,0.005506612183271885
18.003000500083346,0.835415656572209,0.30345904222175507,0.005477339526083901
18.02967161193532,0.8350343561522086,0.30353143770027385,0.005448226700008037
18.056342723787296,0.834657720124866,0.3036021735045732,0.005419272716482502
18.08301383563927,0.8342865406558099,0.30367127152460466,0.005390476594577261
18.109684947491246,0.8339216109915296,0.3037387573619621,0.005361837360994041
18.136356059343225,0.8335637254593757,0.3038046603298818,0.005333354050066321
18.1630271711952,0.8332136794675603,0.30386901345324224,0.005305025703759354
18.189698283047175,0.8328722695051561,0.30393185346856455,0.005276851371670138
18.21636939489915,0.8325402931420971,0.30399322082401203,0.005248830111027436
18.243040506751125,0.8322185439851072,0.30405315950275624,0.005220960986670321
18.2697116186031,0.8319075068767551,0.3041117093189287,0.005193243072744032
18.296382730455075,0.8316077029321158,0.30416892352017544,0.005165675460617794
18.32305384230705,0.8313197689139497,0.30422486364236384,0.0051382572525234425
18.349724954159026,0.8310442976036286,0.3042795922082004,0.005110987559292781
18.376396066011,0.8307818378011365,0.30433317272723065,0.0050838655003575765
18.403067177862976,0.8305328943250685,0.3043856696958394,0.00505689020374956
18.42973828971495,0.8302979280126319,0.3044371485972504,0.005030060806100429
18.456409401566926,0.8300773557196452,0.30448767590152664,0.005003376452641843
18.4830805134189,0.8298715503205393,0.30453731906557013,0.00497683629720543
18.509751625270876,0.829680840708356,0.304586146533122,0.004950439502222779
18.53642273712285,0.8295055117947493,0.30463422773476256,0.004924185238725448
18.563093848974827,0.8293458045099847,0.3046816330879111,0.004898072686344955
18.589764960826802,0.8292019158029396,0.3047284339968261,0.004872101033312787
18.61643607267878,0.8290739986411028,0.3047747028526051,0.00484626947646039
18.643107184530756,0.8289621620105749,0.30482051303318486,0.004820577221219186
18.66977829638273,0.8288664709160685,0.3048659389033412,0.0047950234816205506
18.696449408234706,0.8287869463809073,0.30491105581468886,0.004769607480295829
18.72312052008668,0.8287235654470274,0.304955940105682,0.00474432844847633
18.749791631938656,0.828676261174976,0.3050006691016136,0.004719185625993327
18.77646274379063,0.8286449226439122,0.305045321114616,0.004694178261278061
18.803133855642606,0.828629394951607,0.3050899754436605,0.004669305611361734
18.82980496749458,0.8286294792144427,0.30513471237455747,0.004644566941875515
18.856476079346557,0.8286449325674138,0.30517961317995657,0.004619961527050537
18.883147191198532,0.8286754974157963,0.305224754001348,0.004595488643268114
18.909818303050507,0.8287209172450536,0.30527018974551484,0.004571147559571821
18.936489414902482,0.8287807404503177,0.30531599170556767,0.004546937579611124
18.963160526754457,0.8288544770470052,0.30536223036759996,0.0045228580146116255
18.989831638606432,0.8289416143650348,0.30540897291518937,0.004498908180290392
19.016502750458407,0.8290416170488262,0.3054562832293977,0.0044750873968559535
19.043173862310383,0.8291539270573012,0.30550422188877085,0.0044513949890083015
19.069844974162358,0.8292779636638828,0.30555284616933875,0.004427830285938894
19.096516086014336,0.8294131234564961,0.3056022100446157,0.004404392621330648
19.12318719786631,0.8295587803375675,0.3056523641855998,0.004381081333357953
19.149858309718287,0.8297142855240248,0.3057033559607737,0.004357895764686653
19.17652942157026,0.8298789675472978,0.30575522943610384,0.0043348352624740585
19.203200533422237,0.8300521322533179,0.3058080253750409,0.004311899178368943
19.229871645274212,0.8302330628025176,0.30586178123851976,0.004289086868511545
19.256542757126187,0.8304210196698318,0.3059165311849593,0.004266397693533565
19.283213868978162,0.8306152406446963,0.3059723060702627,0.004243831018558166
19.309884980830137,0.8308149408310488,0.3060291334478171,0.004221386213199979
19.336556092682113,0.8310193126473288,0.306087037568494,0.0041990626515650935
19.363227204534088,0.8312275258264769,0.30614603938064866,0.004176859712251064
19.389898316386063,0.8314387274159357,0.3062061565301209,0.00415477677834691
19.416569428238038,0.8316520417776495,0.30626740336023434,0.004132813237433112
19.443240540090013,0.8318665705880638,0.30632979091179696,0.004110968481581618
19.469911651941988,0.8320813928381261,0.30639332692310073,0.004089241907355833
19.496582763793963,0.8322955656279697,0.3064580158278411,0.004067632915773253
19.52325387564594,0.8325083851983995,0.30652385585344244,0.004046140899911747
19.549924987497917,0.8327191236789875,0.30659083420059235,0.004024765256589714
19.576596099349892,0.8329268834808562,0.3066589338470008,0.004003505392875097
19.603267211201867,0.8331307963147309,0.3067281348133272,0.003982360716730226
19.629938323053842,0.833330023190939,0.3067984141631805,0.00396133063701184
19.656609434905818,0.8335237544194104,0.30686974600311895,0.0039404145634710725
19.683280546757793,0.8337112096096774,0.30694210148265055,0.003919611906753462
19.709951658609768,0.8338916376708743,0.3070154487942326,0.0038989220783989444
19.736622770461743,0.8340643168117378,0.307089753173272,0.003878344490841856
19.763293882313718,0.8342285545406073,0.30716497689812494,0.0038578785574109346
19.789964994165693,0.8343836876654241,0.3072410792900973,0.0038375236923293174
19.81663610601767,0.8345290822937321,0.30731801671344444,0.003817279310714542
19.843307217869643,0.8346641338326775,0.30739574257537106,0.0037971448285785457
19.86997832972162,0.8347882669890084,0.3074742073260314,0.0037771196628276667
19.896649441573594,0.834900935769076,0.30755335845852927,0.0037572032312626433
19.92332055342557,0.8350016234788332,0.3076331405089179,0.003737394952578614
19.949991665277544,0.8350898427238355,0.3077134950562,0.0037176942463651172
19.97666277712952,0.8351651354092406,0.3077943607223277,0.0036981005331060916
20.003333888981494,0.8352270727398088,0.3078756731722027,0.0036786132341798763
20.030005000833473,0.8352752552199023,0.3079573651136763,0.0036592317718592083
20.056676112685448,0.8353093126534861,0.308039366297549,0.0036399555693112317
20.083347224537423,0.8353289041441271,0.308121603517571,0.0036207840505974843
20.1100183363894,0.8353337194726228,0.308204001003592,0.003601716640787818
20.136689448241373,0.8353235628026023,0.3082864983886222,0.00358275276957992
20.16336056009335,0.8352983010219374,0.30836902502535035,0.003563891860489166
20.190031671945324,0.8352578143724319,0.30845150071920185,0.003545133334412774
20.2167027837973,0.8352020231061527,0.3085338464707682,0.0035264766135167007
20.243373895649274,0.8351308874854291,0.30861598447580724,0.0035079211212356407
20.27004500750125,0.8350444077828529,0.30869783812524326,0.003489466282273027
20.296716119353224,0.8349426242812789,0.30877933200516666,0.003471111522601032
20.3233872312052,0.8348256172738241,0.3088603918968342,0.003452856269460565
20.350058343057174,0.8346935070638681,0.30894094477666895,0.0034346999513612743
20.37672945490915,0.8345464539650534,0.30902091881626026,0.003416641998081546
20.403400566761125,0.8343846583012849,0.30910024338236386,0.003398681840668505
20.4300716786131,0.8342083604067303,0.3091788490369017,0.0033808189114380147
20.456742790465075,0.8340178406258196,0.30925666753696196,0.003363052643974676
20.483413902317054,0.8338134193132455,0.3093336318347993,0.003345382473131827
20.51008501416903,0.8335954568339635,0.3094096760778345,0.0033278078350315503
20.536756126021004,0.8333643535631916,0.30948473560865475,0.0033103281670646594
20.56342723787298,0.8331205498864103,0.3095587469650135,0.003292942907890709
20.590098349724954,0.8328645261993628,0.30963164787983055,0.003275651497437992
20.61676946157693,0.8325968029080548,0.3097033772811919,0.00325845337690354
20.643440573428904,0.8323179404287548,0.30977387529234995,0.003241347988753123
20.67011168528088,0.8320285391879938,0.3098430832317233,0.0032243347767212482
20.696782797132855,0.8317292396225653,0.30991094361289695,0.0032074131858111617
20.72345390898483,0.8314207073181931,0.3099774008454291,0.003190582663050885
20.750125020836805,0.8311033911818623,0.3100424165381493,0.0031738426699631393
20.77679613268878,0.8307779888809173,0.3101059533507877,0.003157192659319473
20.803467244540755,0.8304453180733917,0.31016797338368296,0.003140632081586679
20.83013835639273,0.830106195089479,0.3102284426229414,0.0031241603910629914
20.856809468244705,0.8297614349315311,0.3102873309404374,0.0031077770458780877
20.88348058009668,0.8294118512740596,0.3103446120938129,0.0030914815079930865
20.910151691948656,0.8290582564637349,0.31040026372647767,0.0030752732432005473
20.93682280380063,0.8287014615193867,0.31045426736760934,0.003059151721124472
20.96349391565261,0.8283422761320042,0.3105066084321532,0.0030431164152203037
20.990165027504585,0.8279815086647353,0.31055727622082246,0.0030271668027749316
21.01683613935656,0.8276199661528874,0.310606263920098,0.0030113023649066812
21.043507251208535,0.8272584543039269,0.3106535686022284,0.002995522586565322
21.07017836306051,0.8268977774974793,0.31069919122523026,0.002979826956532065
21.096849474912485,0.8265387387853296,0.31074313663288783,0.0029642149674195635
21.12352058676446,0.8261821398914216,0.3107854135547531,0.002948686115671912
21.150191698616435,0.8258287812118585,0.3108260346061459,0.0029332399015646483
21.17686281046841,0.8254794618149028,0.3108650162881537,0.00291787582920475
21.203533922320386,0.8251349794409759,0.31090237898763207,0.0029025934065306375
21.23020503417236,0.8247961305026584,0.31093814697720407,0.0028873921453121732
21.256876146024336,0.8244637100846902,0.31097234841526056,0.002872271561150661
21.28354725787631,0.8241385119439704,0.31100501534596037,0.0028572311734788476
21.310218369728286,0.823821328509557,0.3110361836992299,0.002842270505560919
21.33688948158026,0.8235129508826676,0.3110658932907635,0.0028273890844925068
21.363560593432236,0.8232141688366788,0.31109418782202314,0.0028125864412006808
21.39023170528421,0.822925770817126,0.3111211148802387,0.0027978621104439547
21.416902817136187,0.8226485058463762,0.31114672440161606,0.0027832156307867712
21.443573928988165,0.8223827774221706,0.311171060837143,0.0027686465468984753
21.47024504084014,0.8221291560570196,0.31119418707283597,0.0027541544123075756
21.496916152692116,0.8218882431907412,0.31121617071650537,0.0027397387853685846
21.52358726454409,0.8216605948727101,0.3112370801723487,0.0027253992287786305
21.550258376396066,0.8214467217618587,0.3112569846409501,0.002711135309577453
21.57692948824804,0.821247089126676,0.3112759541192807,0.0026969465991474053
21.603600600100016,0.8210621168452085,0.31129405940069865,0.0026828326732134537
21.63027171195199,0.8208921794050595,0.3113113720749487,0.0026687931118431767
21.656942823803966,0.82073760590339,0.3113279645281627,0.0026548274994467654
21.68361393565594,0.8205986800469175,0.3113439099428592,0.0026409354247770253
21.710285047507917,0.8204756401519171,0.31135928229794385,0.0026271164809293724
21.73695615935989,0.8203686791442207,0.311374156368709,0.002613370265341837
21.763627271211867,0.8202779445592178,0.311388607726834,0.002599696379795062
21.790298383063842,0.8202035385418545,0.31140271274038495,0.002586094430412303
21.816969494915817,0.8201455178466341,0.31141654857381496,0.002572564027659429
21.843640606767792,0.8201038938376177,0.3114301931879639,0.0025591047863449197
21.870311718619767,0.8200786324884227,0.3114437253400586,0.0025457163256198704
21.896982830471746,0.8200696543822241,0.31145722458371283,0.0025323982689779857
21.92365394232372,0.8200768347117539,0.311470771268927,0.0025191502442555884
21.950325054175696,0.8201000032793012,0.31148444654208873,0.00250597188363161
21.97699616602767,0.8201389444967125,0.3114983323459723,0.0024928628236275947
22.003667277879646,0.8201933973853911,0.31151251141973885,0.0024798227051077014
22.03033838973162,0.8202630555762976,0.31152706729893653,0.0024668511732787004
22.057009501583597,0.8203476407679949,0.31154206971296095,0.002453947869825411
22.083680613435572,0.8204467984784096,0.31155757763152997,0.0024411124403250347
22.110351725287547,0.8205600069395997,0.31157366414672955,0.002428344545592078
22.137022837139522,0.8206867224841448,0.31159039893691776,0.0024156438485861556
22.163693948991497,0.8208263803418396,0.31160784814485915,0.0024030100143345723
22.190365060843472,0.8209783946396947,0.3116260743777252,0.002390442709932321
22.217036172695448,0.8211421584019358,0.311645136707094,0.0023779416045420832
22.243707284547423,0.8213170435500043,0.31166509066895015,0.0023655063693942303
22.270378396399398,0.8215024009025569,0.31168598826368515,0.002353136677786823
22.297049508251373,0.821697560175466,0.31170787795609706,0.0023408322050856092
22.323720620103348,0.8219018299818192,0.3117308046753906,0.0023285926287240277
22.350391731955323,0.8221144978319197,0.3117548098151772,0.002316417628203205
22.377062843807302,0.8223348301332863,0.3117799312334751,0.002304306885091956
22.403733955659277,0.8225620721906532,0.31180620325270897,0.0022922600830267885
22.430405067511252,0.82279544820597,0.3118336566597103,0.002280276907711895
22.457076179363227,0.8230341612784017,0.3118623187057173,0.002268357046919158
22.483747291215202,0.8232773934043289,0.3118922131063747,0.0022565001904881503
22.510418403067177,0.8235243054773478,0.3119233600417341,0.0022447060303261318
22.537089514919153,0.8237740372882697,0.3119557761562537,0.0022329742604080527
22.563760626771128,0.8240257075251219,0.3119894745587982,0.002221304576776552
22.590431738623103,0.8242784137731467,0.31202446482263935,0.002209696677541958
22.617102850475078,0.8245312325148021,0.31206075298545527,0.0021981502628822865
22.643773962327053,0.8247832191297615,0.3120983415493308,0.002186665035043244
22.670445074179028,0.8250334489550207,0.3121372294075044,0.0021752406973471698
22.697116186031003,0.8252813001207617,0.3121774073669678,0.002163876947131032
22.72378729788298,0.8255259265762214,0.31221885623367784,0.0021525734879742826
22.750458409734954,0.8257664380441029,0.3122615533353509,0.0021413300254415927
22.77712952158693,0.8260019753809018,0.3123054730645563,0.002130146265285621
22.803800633438904,0.8262317105769056,0.31235058687871653,0.0021190219134470155
22.83047174529088,0.8264548467561941,0.31239686330010713,0.00210795667605441
22.857142857142858,0.8266706181766389,0.31244426791585656,0.0020969502594244266
22.883813968994833,0.826878290229904,0.3124927633779464,0.0020860023700616788
22.910485080846808,0.8270771594414453,0.31254230940321126,0.0020751127146587636
22.937156192698783,0.8272665534705111,0.31259286277333875,0.0020642810000962683
22.963827304550758,0.8274458311101415,0.31264437733486955,0.0020535069334427667
22.990498416402733,0.8276143822871688,0.3126968039991974,0.0020427902219548218
23.01716952825471,0.8277716280622175,0.3127500907425691,0.0020321305730769835
23.043840640106684,0.8279170206297042,0.3128041826060844,0.002021527694441791
23.07051175195866,0.8280500433178375,0.312859021695696,0.00201098129386977
23.097182863810634,0.8281702105886182,0.31291454718221,0.0020004910793694347
23.12385397566261,0.8282770680378393,0.31297069530128513,0.001990056759137288
23.150525087514584,0.8283701923950856,0.31302739935343343,0.001979678041557819
23.17719619936656,0.8284491915237343,0.3130845897040198,0.0019693546352035065
23.203867311218534,0.8285137044209548,0.31314219378326236,0.0019590862488348157
23.23053842307051,0.8285634012177082,0.3132001360862321,0.0019488725914002015
23.257209534922485,0.8285979831787481,0.31325833817285315,0.001938713372036105
23.28388064677446,0.82861720151425,0.3133167244316227,0.0019286083009729085
23.31055175862644,0.8286209339171626,0.31337523369294423,0.0019185570896219216
23.337222870478413,0.828609077421086,0.31343378430198987,0.0019085594444410543
23.36389398233039,0.8285815636909464,0.31349229362331615,0.0018986150719289727
23.390565094182364,0.828538364447432,0.31355068041370576,0.0018887236790950045
23.41723620603434,0.8284794914669933,0.31360886482216715,0.0018788849734591364
23.443907317886314,0.8284049965818429,0.313666768389935,0.001869098663052014
23.47057842973829,0.8283149716799555,0.3137243140504699,0.0018593644564149428
23.497249541590264,0.8282095487050681,0.31378142612945836,0.0018496820625998878
23.52392065344224,0.8280888996566798,0.313838030344813,0.001840051191169473
23.550591765294214,0.8279532365900517,0.3138940538066724,0.0018304715521969815
23.57726287714619,0.8278028116162074,0.31394942501740114,0.0018209428562663567
23.603933988998165,0.8276379169019323,0.3140040738715897,0.0018114648144722007
23.63060510085014,0.8274588846697744,0.3140579316560547,0.0018020371384197748
23.657276212702115,0.8272660871980433,0.3141109310498387,0.0017926595402250002
23.68394732455409,0.8270599368208112,0.3141630061242103,0.0017833317325144575
23.710618436406065,0.8268408859279124,0.3142140923426639,0.001774053428425386
23.73728954825804,0.8266094269649432,0.3142641265609201,0.001764824341605685
23.763960660110016,0.8263660924332621,0.3143130470269256,0.001755644186213913
23.790631771961994,0.8261114548899898,0.3143607933808527,0.0017465126769192864
23.81730288381397,0.8258461269480094,0.3144073066551001,0.0017374295289016852
23.843973995665944,0.8255707612759657,0.31445252927429224,0.0017283944578516445
23.87064510751792,0.8252860505982661,0.31449640505527965,0.0017194071799703605
23.897316219369895,0.8249925935685929,0.3145388858050283,0.0017104674157464007
23.92398733122187,0.8246909197459571,0.3145799383791224,0.0017015748895362684
23.950658443073845,0.8243818663706179,0.3146195251213636,0.001692729319075276
23.97732955492582,0.8240662766241772,0.31465761201876624,0.0016839304238263349
24.004000666777795,0.8237449907292469,0.3146941690389894,0.0016751779252279224
24.03067177862977,0.8234188459494495,0.31472917013033685,0.0016664715466940812
24.057342890481745,0.8230886765894175,0.31476259322175715,0.001657811013614419
24.08401400233372,0.8227553139947942,0.31479442022284365,0.0016491960533541095
24.110685114185696,0.8224195865522329,0.3148246370238344,0.0016406263952538913
24.13735622603767,0.8220823196893974,0.3148532334956123,0.0016321017706300684
24.164027337889646,0.8217443358749618,0.3148802034897048,0.0016236219127745105
24.19069844974162,0.8214064546186105,0.31490554483828426,0.0016151865569546523
24.217369561593596,0.8210694924710383,0.31492925935416777,0.0016067954404134944
24.24404067344557,0.8207342630239505,0.3149513528308172,0.001598448302369602
24.27071178529755,0.8204015769100623,0.3149718350423391,0.001590144884017105
24.297382897149525,0.8200722418030997,0.31499071974348475,0.001581884928525702
24.3240540090015,0.8197470624177989,0.31500802466965033,0.0015736681810406541
24.350725120853475,0.8194268405099064,0.31502377153687655,0.0015654943886827882
24.37739623270545,0.819112374876179,0.3150379860418491,0.0015573633005484964
24.404067344557426,0.8188044613543839,0.3150506978618983,0.0015492746677097373
24.4307384564094,0.8185038928232987,0.31506194065499926,0.0015412282432140337
24.457409568261376,0.8182114592027113,0.3150717520597717,0.0015332237820844744
24.48408068011335,0.8179279474534199,0.3150801736954804,0.0015252610413197135
24.510751791965326,0.817654141577233,0.31508725116203457,0.0015173397798939703
24.5374229038173,0.8173908226169697,0.31509303403998834,0.0015094597587570295
24.564094015669276,0.8171387686564592,0.31509757589054055,0.0015016207408342413
24.59076512752125,0.8168985236580514,0.3151009250260875,0.0014938224913460046
24.617436239373227,0.8166705248043092,0.31510313809220225,0.001486064780308948
24.644107351225202,0.8164553748024616,0.31510428572169213,0.001478347381044404
24.670778463077177,0.8162536302203158,0.3151044392088469,0.0014706700691192777
24.697449574929152,0.8160658014251498,0.3151036705063625,0.0014630326223459467
24.72412068678113,0.8158923525837116,0.31510205222534154,0.0014554348207822599
24.750791798633106,0.8157337016622193,0.3150996576352928,0.0014478764467315425
24.77746291048508,0.8155902204263611,0.31509656066413144,0.0014403572847425886
24.804134022337056,0.8154622344412957,0.31509283589817916,0.001432877121609667
24.83080513418903,0.8153500230716519,0.31508855858216384,0.0014254357463725181
24.857476246041006,0.8152538194815285,0.3150838046192199,0.0014180329503163558
24.88414735789298,0.8151738106344949,0.3150786505708881,0.0014106685269718662
24.910818469744957,0.81511013729359,0.31507317365711546,0.0014033422721152083
24.93748958159693,0.8150628940213239,0.3150674517562555,0.0013960539837680134
24.964160693448907,0.8150321291796759,0.3150615634050682,0.0013888034621973861
24.990831805300882,0.8150178449300962,0.31505558779871967,0.001381590509915903
25.017502917152857,0.8150199972335048,0.3150496047907826,0.0013744149316816138
25.044174029004832,0.8150384958502922,0.315043694893236,0.001367276534498041
25.070845140856807,0.8150732043403187,0.31503793927646534,0.0013601751276141793
25.097516252708783,0.8151239400629153,0.3150324197692623,0.0013531105225244961
25.124187364560758,0.8151904741768828,0.31502721885882495,0.0013460825329689322
25.150858476412733,0.8152725316404925,0.315022419690758,0.0013390909749329
25.177529588264708,0.8153697912114855,0.3150181060690722,0.0013321356666472857
25.204200700116687,0.815481912635661,0.3150143580015277,0.0013252164271957522
25.23087181196866,0.8156086001494948,0.31501123151141613,0.0013183330722577322
25.257542923820637,0.8157493367910136,0.31500879705118234,0.001311485427244996
25.284214035672612,0.8159035564099292,0.31500712517530177,0.0013046733199580485
25.310885147524587,0.8160706729518664,0.3150062827636401,0.0012978965791928994
25.337556259376562,0.8162500804583647,0.31500633302145337,0.0012911550347410629
25.364227371228537,0.8164411530668764,0.31500733547938764,0.001284448517389559
25.390898483080512,0.8166432450107682,0.3150093459934793,0.0012777768589209116
25.417569594932488,0.8168556906193205,0.31501241674515484,0.00127113989211315
25.444240706784463,0.8170778043177273,0.3150165962412311,0.001264537450739808
25.470911818636438,0.8173088806270964,0.31502192931391504,0.0012579693695699249
25.497582930488413,0.8175481941644496,0.3150284571208039,0.0012514354843680441
25.524254042340388,0.8177949996427221,0.3150362171448851,0.0012449356318942147
25.550925154192363,0.818048531870763,0.31504524319453625,0.0012384696499039899
25.57759626604434,0.8183080057533355,0.3150555654035252,0.001232037377148428
25.604267377896313,0.8185726162911161,0.31506721023101003,0.0012256386533740925
25.63093848974829,0.8188415385806954,0.31508020046153906,0.0012192733193230516
25.657609601600264,0.8191139278145776,0.3150945552050507,0.0012129412167328783
25.684280713452242,0.8193889192811807,0.3151102898968737,0.0012066421883366496
25.710951825304218,0.8196656283648365,0.31512741629772695,0.00120037607786295
25.737622937156193,0.8199431505457906,0.31514594249371963,0.0011941427300358662
25.764294049008168,0.8202205614002024,0.3151658728963511,0.0011879419905749908
25.790965160860143,0.8204969166001448,0.3151872082425109,0.0011817737061954213
25.817636272712118,0.8207712522728196,0.3152099455960623,0.0011756377246032908
25.844307384564093,0.8210428399371912,0.3152340772668622,0.0011695338912492718
25.87097849641607,0.821310951585189,0.3152595840176404,0.0011634620519311554
25.897649608268043,0.8215746857643865,0.31528644088508784,0.0011574220549744054
25.92432072012002,0.8218331733729086,0.31531462001032934,0.0011514137487096633
25.950991831971994,0.822085577659431,0.3153440906389238,0.0011454369814727465
25.97766294382397,0.8223310942231804,0.315374819120864,0.0011394916016046503
26.004334055675944,0.8225689510139342,0.3154067689105768,0.0011335774574515465
26.03100516752792,0.8227984083320213,0.31543990056692295,0.0011276943973647837
26.057676279379894,0.8230187588283211,0.31547417175319725,0.0011218422697008876
26.08434739123187,0.8232293275042643,0.3155095372371284,0.0011160209228215604
26.111018503083844,0.823429471711832,0.3155459488908791,0.001110230205093682
26.137689614935823,0.8236185811535571,0.31558335569104623,0.0011044699648893078
26.1643607267878,0.8237960778825228,0.3156217037186603,0.0010987400505856725
26.191031838639773,0.8239614163023636,0.31566093615918595,0.0010930403105651857
26.21770295049175,0.8241140831672649,0.31570099330252194,0.0010873705932154343
26.244374062343724,0.8242535975819628,0.3157418125430008,0.0010817307469291825
26.2710451741957,0.8243795110017449,0.3157833283793892,0.001076120620104371
26.297716286047674,0.8244914072324492,0.31582547241488773,0.0010705400611441176
26.32438739789965,0.8245889024304651,0.31586817335713085,0.0010649889184567171
26.351058509751624,0.8246716451027328,0.3159113570181872,0.0010594670404556411
26.3777296216036,0.8247393161067434,0.31595494631455917,0.0010539742755595384
26.404400733455574,0.8247916286505391,0.31599886126718335,0.001048510472192234
26.43107184530755,0.8248283310596327,0.31604302012057345,0.0010430754788949396
26.457742957159525,0.8248492799749189,0.31608735930169707,0.0010376691457417025
26.4844140690115,0.8248543924429841,0.3161318010241961,0.0010322913201699104
26.511085180863475,0.8248436120471443,0.3161762603080231,0.0010269418487802657
26.53775629271545,0.8248169222951441,0.31622065370636393,0.00102162057839906
26.564427404567425,0.8247743466191563,0.316264899305638,0.0010163273560781744
26.5910985164194,0.8247159483757819,0.3163089167254981,0.0010110620290950793
26.61776962827138,0.8246418308460505,0.31635262711883055,0.0010058244449528341
26.644440740123354,0.8245521372354199,0.31639595317175506,0.0010006144513800893
26.67111185197533,0.8244470506737761,0.3164388191036247,0.0009954318963310827
26.697782963827304,0.8243267942154336,0.3164811506670262,0.0009902766279856424
26.72445407567928,0.8241916308391355,0.3165228751477795,0.000985148494749186
26.751125187531255,0.8240418634480525,0.31656392136493816,0.0009800473452527198
26.77779629938323,0.8238778348697845,0.3166042196707891,0.0009749730283528403
26.804467411235205,0.8236999278563591,0.3166437019508528,0.000969925393131733
26.83113852308718,0.8235085650842325,0.31668230162388294,0.0009649042888971725
26.857809634939155,0.8233042091542891,0.3167199536418669,0.0009599095651825234
26.88448074679113,0.823087362591842,0.31675659449002536,0.0009549410717467391
26.911151858643105,0.8228585678466321,0.3167921621868125,0.0009499986585743628
26.93782297049508,0.8226184072928291,0.316826596283916,0.0009450821758755268
26.964494082347056,0.8223675032290306,0.3168598378662569,0.000940191474085953
26.99116519419903,0.822106517878263,0.31689182955198963,0.0009353264038669524
27.017836306051006,0.8218361533879808,0.3169225154925022,0.0009304868161054255
27.04450741790298,0.8215570990423587,0.31695184359592254,0.0009256725627197991
27.071178529754956,0.8212698334442766,0.31697977946259726,0.0009208834997908172
27.097849641606935,0.8209751628004716,0.31700628729745073,0.0009161194794825171
27.12452075345891,0.8206739494916017,0.3170313334240689,0.0009113803540910237
27.151191865310885,0.820367051622427,0.3170548881923927,0.0009066659769577125
27.17786297716286,0.8200553230218097,0.3170769259787178,0.0009019762024692132
27.204534089014835,0.8197396132427139,0.3170974251856946,0.0008973108860574088
27.23120520086681,0.819420767562206,0.3171163682423285,0.0008926698841994351
27.257876312718786,0.8190996269814543,0.3171337416039796,0.0008880530544176815
27.28454742457076,0.8187770282257293,0.31714953575236293,0.0008834602552797902
27.311218536422736,0.8184538037444032,0.3171637451955483,0.000878891346398657
27.33788964827471,0.8181307817109508,0.31717636846796027,0.0008743461884324305
27.364560760126686,0.8178087860229486,0.3171874081303784,0.0008698246430845128
27.39123187197866,0.8174886363020752,0.31719687076993686,0.0008653265731035589
27.417902983830636,0.8171711478941115,0.31720476700012484,0.0008608518422834773
27.44457409568261,0.81685713186894,0.31721111146078634,0.0008564003154634296
27.471245207534587,0.8165473950205459,0.31721592281812,0.0008519718585278302
27.49791631938656,0.8162427398670158,0.31721922376467954,0.0008475663384063473
27.524587431238537,0.8159439646505389,0.3172210410193733,0.000843183623073902
27.551258543090515,0.8156518633374061,0.31722140532746457,0.0008388235815506679
27.57792965494249,0.8153672256180107,0.3172203514605715,0.0008344860839020736
27.604600766794466,0.8150908369068477,0.31721791821666684,0.0008301710012387994
27.63127187864644,0.8148234783425145,0.31721414842007845,0.000825878205716779
27.657942990498416,0.8145659267877101,0.3172090889214889,0.0008216075705371994
27.68461410235039,0.8143189548292362,0.31720279059793555,0.0008173589699465011
27.711285214202366,0.8140833307779961,0.3171953083528106,0.0008131322792363771
27.73795632605434,0.8138597195247346,0.3171866964460466,0.0008089273747569258
27.764627437906316,0.8136484878243603,0.31717700569716206,0.0008047441350036452
27.79129854975829,0.8134502108643685,0.3171663073731918,0.000800582440778378
27.817969661610267,0.8132654419779994,0.31715467473395875,0.0007964421741059825
27.844640773462242,0.8130946877942163,0.31714218157402324,0.0007923232181934764
27.871311885314217,0.8129384082377055,0.3171289022226825,0.0007882254574300364
27.897982997166192,0.8127970165288764,0.317114911543971,0.000784148777386998
27.924654109018167,0.8126708791838614,0.3171002849366603,0.0007800930648178563
27.951325220870142,0.8125603160145161,0.31708509833425924,0.0007760582076582652
27.977996332722118,0.812465600128419,0.31706942820501366,0.0007720440950260375
28.004667444574093,0.8123869579288717,0.31705335155190656,0.0007680506172211456
28.03133855642607,0.8123245691148991,0.31703694591265813,0.0007640776657257197
28.058009668278046,0.8122785666812489,0.31702028935972565,0.0007601251332040515
28.08468078013002,0.8122490369183917,0.3170034605003036,0.0007561929135025896
28.111351891981997,0.8122360194125217,0.31698653847632347,0.0007522809016499426
28.138023003833972,0.8122395070455556,0.316969602964454,0.0007483889938568779
28.164694115685947,0.8122594459951336,0.3169527341761011,0.000744517087516322
28.191365227537922,0.8122957357346187,0.3169360128574077,0.0007406650812033608
28.218036339389897,0.812348229033097,0.31691952028925396,0.0007368328746752389
28.244707451241872,0.8124167319553778,0.3169033382872572,0.0007330203688713603
28.271378563093847,0.8125010038619933,0.31688754920177176,0.0007292274659132879
28.298049674945823,0.8126007574091988,0.31687223591788916,0.0007254540691047437
28.324720786797798,0.8127156585489728,0.3168574818554382,0.0007217000829316088
28.351391898649773,0.8128453300009426,0.31684337048189143,0.0007179654129734484
28.378063010501748,0.8129894721505703,0.31682996298861016,0.0007142499625501357
28.404734122353723,0.8131476120735077,0.31681732332495616,0.0007105536386182274
28.431405234205698,0.8133191640909007,0.31680552221181796,0.000706876350888722
28.458076346057673,0.8135035238412162,0.31679462660217395,0.0007032180095675485
28.48474745790965,0.813700068280243,0.3167846996810927,0.0006995785253555666
28.511418569761627,0.8139081556810912,0.3167758008657325,0.0006959578094485663
28.538089681613602,0.8141271256341923,0.31676798580534177,0.0006923557735372697
28.564760793465577,0.8143562990472994,0.316761306381259,0.000688772329807328
28.591431905317553,0.8145949781454871,0.3167558107069124,0.0006852073909393238
28.618103017169528,0.8148424464711516,0.3167515431278204,0.0006816608701087707
28.644774129021503,0.8150979688840102,0.31674854422159127,0.0006781326809861122
28.671445240873478,0.8153607915611021,0.3167468507979233,0.0006746227377367232
28.698116352725453,0.815630141996788,0.3167464958986047,0.0006711309550209092
28.724787464577428,0.8159052290027496,0.3167475087975138,0.0006676572479939062
28.751458576429403,0.8161852427079908,0.31674991500061866,0.000664201532305881
28.77812968828138,0.8164693545588363,0.3167537362459775,0.0006607637241019312
28.804800800133354,0.8167567173189328,0.31675899050373857,0.0006573437400220849
28.83147191198533,0.8170464650692484,0.3167656919761399,0.0006539414972013011
28.858143023837304,0.8173377132080724,0.31677385109750966,0.0006505569132694694
28.88481413568928,0.8176295584510158,0.31678347453426586,0.0006471899063514103
28.911485247541254,0.8179210788310113,0.3167945651849166,0.0006438403950668748
28.93815635939323,0.8182113336983126,0.3168071221800599,0.0006405082985305447
28.964827471245208,0.8184993637204954,0.3168211408823838,0.000637193536352032
28.991498583097183,0.8187843010938887,0.3168366130373212,0.0006338960279092744
29.018169694949158,0.8190655199533887,0.316853521416471,0.0006306156912050104
29.044840806801133,0.8193421342493826,0.3168718392346807,0.0006273524460577276
29.07151191865311,0.8196132691395768,0.31689153664871345,0.0006241062124003573
29.098183030505083,0.8198780831838707,0.31691258098713865,0.0006208769101377293
29.12485414235706,0.8201357683443572,0.31693493675033224,0.0006176644591465716
29.151525254209034,0.8203855499853229,0.3169585656104764,0.0006144687792755112
29.17819636606101,0.8206266868732471,0.3169834264115598,0.0006112897903450729
29.204867477912984,0.8208584711768034,0.31700947516937733,0.0006081274121476805
29.23153858976496,0.8210802284668582,0.3170366650715304,0.0006049815644476561
29.258209701616934,0.8212913177164715,0.31706494647742667,0.0006018521669812202
29.28488081346891,0.8214911313008965,0.3170942669182803,0.0005987391394564918
29.311551925320884,0.8216790949975801,0.31712457109711173,0.0005956424015534884
29.33822303717286,0.8218546679861621,0.3171558008887478,0.0005925618729241259
29.364894149024835,0.8220173428484765,0.31718789533982167,0.0005894974731922189
29.39156526087681,0.82216664556855,0.31722079066877296,0.0005864491219534801
29.418236372728785,0.8223021355326029,0.3172544202658476,0.000583416738775521
29.444907484580764,0.822423405529049,0.31728871469309794,0.0005804002431978509
29.47157859643274,0.8225300817484953,0.3173236016843827,0.0005773995547318791
29.498249708284714,0.8226218237837425,0.31735900614536683,0.0005744145928609116
29.52492082013669,0.8226983246297844,0.3173948501535218,0.000571445277040154
29.551591931988664,0.8227593106838083,0.3174310529581255,0.0005684915266967099
29.57826304384064,0.822804541745195,0.3174675309802621,0.0005655532612295815
29.604934155692614,0.8228338442066089,0.3175042105511182,0.0005626304006488961
29.63160526754459,0.8228471505694406,0.3175410233631069,0.0005597228646154086
29.658276379396565,0.8228444180486263,0.3175778829149078,0.0005568305714298466
29.68494749124854,0.8228256430295665,0.3176147041596756,0.0005539534394923463
29.711618603100515,0.8227908614348969,0.3176514037222156,0.0005510913873160057
29.73828971495249,0.8227401487244882,0.3176878998989843,0.0005482443335268846
29.764960826804465,0.8226736198954464,0.317724112658089,0.000545412196864005
29.79163193865644,0.8225914294821127,0.31775996363928766,0.0005425948961793506
29.818303050508415,0.8224937715560636,0.3177953761539894,0.0005397923504378674
29.84497416236039,0.8223808797261107,0.3178302751852541,0.0005370044787174629
29.871645274212366,0.8222530271383008,0.3178645873877925,0.0005342312002090068
29.89831638606434,0.8221105264759161,0.31789824108796627,0.0005314724342163309
29.92498749791632,0.8219537299594735,0.317931166283788,0.0005287281001562284
29.951658609768295,0.8217830293467256,0.31796329464492107,0.0005259981175584553
29.97832972162027,0.8215988559326602,0.31799455951267985,0.000523282406065729
30.005000833472245,0.8214016805495,0.31802489590002947,0.0005205808854337289
30.03167194532422,0.821192013566703,0.3180542404915861,0.0005178934755310962
30.058343057176195,0.8209704048909626,0.3180825316436166,0.0005152200963394344
30.08501416902817,0.8207374439662073,0.3181097093840389,0.0005125606679533087
30.111685280880145,0.8204937597736005,0.31813571541242164,0.0005099151105802463
30.13835639273212,0.8202400208315415,0.31816049309998456,0.0005072833445407365
30.165027504584096,0.819976935195664,0.31818398748959803,0.0005046652902682304
30.19169861643607,0.819705248877257,0.31820614534909025,0.0005020608683219819
30.218369728288046,0.8194254972580154,0.3182269264348785,0.0004994700014366246
30.24504084014002,0.8191383602500956,0.3182462987489702,0.000496892611744097
30.271711951991996,0.8188447201307608,0.3182642293234499,0.000494328620267762
30.29838306384397,0.8185454532761188,0.3182806892275299,0.0004917779485967327
30.325054175695946,0.8182414301611213,0.31829565356755063,0.0004892405188858724
30.35172528754792,0.8179335153595636,0.3183091014869806,0.0004867162538557938
30.3783963993999,0.8176225675440859,0.3183210161664162,0.00048420507679285997
30.405067511251875,0.817309439486172,0.3183313848235821,0.00048170691154918464
30.43173862310385,0.81699497805615,0.31834019871333064,0.0004792216825426307
30.458409734955826,0.8166800242231917,0.3183474531276425,0.00047674931475681143
30.4850808468078,0.8163654130553138,0.31835314739562626,0.00047428973374109
30.511751958659776,0.8160519737193762,0.31835728488351844,0.0004718428656105798
30.53842307051175,0.8157405294810836,0.31835987299468377,0.00046940863704614407
30.565094182363726,0.8154318977049843,0.31836092316961484,0.0004669869752943962
30.5917652942157,0.8151268898544709,0.3183604508859324,0.0004645778081676997
30.618436406067676,0.8148263114917803,0.3183584756583851,0.0004621810640441678
30.64510751791965,0.814530962277993,0.3183550210388497,0.0004597966718676641
30.671778629771627,0.8142416359730343,0.318350114616331,0.00045742456114780206
30.6984497416236,0.8139591204356729,0.3183437880169617,0.0004550646619599452
30.725120853475577,0.8136841976235218,0.31833607690400273,0.0004527169049452071
30.751791965327552,0.8134176435930386,0.3183270209778428,0.0004503812213104513
30.778463077179527,0.8131602284995242,0.3183166639759989,0.00044805754282829145
30.805134189031502,0.8129127165971242,0.31830505367311585,0.00044574580183709124
30.831805300883477,0.8126758662388278,0.31829224188096655,0.0004434459312409643
30.858476412735456,0.812450429876469,0.318278284448452,0.0004411578645097741
30.88514752458743,0.8122371490752458,0.3182632409745041,0.0004388815356759053
30.911818636439406,0.812036464936084,0.31824716154351956,0.0004366168794469726
30.93848974829138,0.8118488304471858,0.3182301109646774,0.0004343638320368094
30.965160860143357,0.8116747943935058,0.31821216456702633,0.00043212233053664624
30.99183197199533,0.81151485846049,0.31819339804324726,0.00042989231266502725
31.018503083847307,0.8113694772340767,0.31817388744965347,0.00042767371676780976
31.045174195699282,0.8112390582006962,0.31815370920619046,0.0004254664818181645
31.071845307551257,0.8111239617472705,0.3181329400964362,0.0004232705474165756
31.098516419403232,0.8110245011612139,0.31811165726760093,0.0004210858537908404
31.125187531255207,0.8109409426304324,0.31808993823052706,0.0004189123417960697
31.151858643107182,0.8108735052433241,0.3180678608596895,0.00041674995291468765
31.178529754959158,0.8108223609887791,0.3180455033931954,0.00041459862925643165
31.205200866811133,0.8107876347561794,0.31802294443278417,0.0004124583135583526
31.231871978663108,0.8107694043353989,0.3180002629438276,0.0004103289491848146
31.258543090515083,0.8107677004168037,0.3179775382553298,0.00040821048012749516
31.285214202367058,0.8107825065912516,0.31795485005992724,0.0004061028510053852
31.311885314219033,0.8108137593500926,0.31793227841388855,0.00040400600706478885
31.338556426071012,0.8108613480851684,0.31790990373711475,0.0004019198941793234
31.365227537922987,0.810925115088813,0.3178878068131393,0.0003998444588499204
31.391898649774962,0.8110048555538522,0.31786606878912776,0.00039777964820482376
31.418569761626937,0.8111003175736037,0.31784477117587817,0.00039572540999959106
31.445240873478912,0.8112112021418771,0.3178239958478208,0.00039368169261709334
31.471911985330888,0.8113371631529745,0.31780382504301824,0.00039164844506751477
31.498583097182863,0.8114778074016893,0.3177843413631654,0.0003896256169883531
31.525254209034838,0.8116327386550314,0.31776562158818467,0.0003876131580619104
31.551925320886813,0.8118016086089528,0.3177477194033146,0.00038561101709696014
31.578596432738788,0.8119838285224658,0.3177307031356441,0.00038361914578487086
31.605267544590763,0.8121787710404056,0.3177146397015392,0.00038163749633704714
31.63193865644274,0.8123857920357894,0.3176995921601732,0.0003796660212114597
31.658609768294713,0.8126042306098161,0.31768561971352716,0.0003777046731126454
31.68528088014669,0.8128334090918661,0.3176727777063899,0.00037575340499170737
31.711951991998664,0.8130726330395015,0.31766111762635774,0.0003738121700463148
31.73862310385064,0.8133211912384664,0.31765068710383454,0.0003718809217207032
31.765294215702614,0.8135783557026859,0.31764152991203193,0.00036995961370567395
31.791965327554593,0.8138433816742676,0.3176336859669691,0.00036804819993859465
31.818636439406568,0.8141155076235003,0.3176271913274729,0.0003661466346033997
31.845307551258543,0.8143939552488545,0.3176220781951778,0.0003642548721305889
31.871978663110518,0.8146779294769825,0.31761837491452577,0.00036237286719722843
31.898649774962493,0.8149666184627182,0.3176161059727666,0.0003605005747269507
31.92532088681447,0.8152591935890775,0.3176152919999576,0.00035863794988995427
31.951991998666443,0.8155548094672574,0.3176159497689636,0.0003567849481030039
31.97866311051842,0.8158526039366373,0.3176180921954573,0.00035494152502943036
32.005334222370394,0.8161516980647775,0.3176217283379188,0.0003531076365791308
32.03200533422237,0.8164511961474205,0.31762686339763596,0.00035128323890856836
32.058676446074344,0.8167501857084905,0.31763349871870417,0.0003494682884207725
32.08534755792632,0.8170477375000931,0.3176416317880265,0.0003476627417653387
32.112018669778294,0.8173429055025158,0.31765125623531365,0.00034586655583842863
32.13868978163027,0.8176347276201739,0.3176623618406517,0.00034407968778046524
32.165360893482244,0.8179224880962275,0.3176749350644059,0.00034230209407403
32.19203200533422,0.8182054671121466,0.3176889505263175,0.00034053373125188095
32.218703117186195,0.8184827818395941,0.3177043760947829,0.00033877455645673493
32.24537422903817,0.8187535842491976,0.317721176945248,0.0003370245268049947
32.272045340890145,0.8190170611105487,0.31773931556020785,0.0003352835993867489
32.29871645274212,0.8192724339922033,0.31775875172920703,0.0003335517312657724
32.325387564594095,0.8195189592616816,0.3177794425488393,0.0003318288794795257
32.35205867644607,0.8197559280854685,0.31780134242274777,0.00033011500103915565
32.378729788298045,0.8199826664290127,0.3178244030616249,0.00032841005292949483
32.40540090015002,0.8201985350567275,0.31784857348321255,0.00032671399210906186
32.432072012001996,0.8204029295319903,0.3178738000123018,0.00032502677551006135
32.45874312385397,0.8205952802171433,0.31790002628073316,0.000323348360038384
32.485414235705946,0.8207750522734923,0.31792719322739627,0.0003216787025736063
32.51208534755793,0.8209417456613081,0.3179552390982304,0.00032001775996899043
32.5387564594099,0.8210948951398251,0.3179840994462239,0.0003183654890514858
32.56542757126188,0.8212340702672428,0.3180137071314145,0.00031672184662172656
32.59209868311385,0.8213588754007243,0.3180439923208895,0.00031508678945403314
32.61876979496583,0.8214689496963975,0.31807488248878507,0.0003134602742964121
32.645440906817804,0.8215639671093544,0.3181063024162871,0.00031184225787055586
32.67211201866978,0.8216436363936515,0.3181381741916307,0.0003102326968718429
32.698783130521754,0.8217077011023091,0.31817041721010025,0.00030863154796933773
32.72545424237373,0.8217559395873124,0.3182029481740295,0.00030703876780579077
32.752125354225704,0.8217881653843048,0.31823568139486486,0.00030545431300811545
32.77879646607768,0.8218042722148042,0.3182685490631186,0.00030387814074470234
32.805467577929655,0.8218042397893962,0.3183014750605684,0.0003023102074885479
32.83213868978163,0.8217880815535933,0.3183343724558123,0.00030075046925733787
32.858809801633605,0.8217558495501275,0.31836715619611183,0.0002991988821343895
32.88548091348558,0.8217076344189499,0.3183997431073919,0.0002976554022686516
32.912152025337555,0.8216435653972303,0.3184320518942407,0.00029611998587470453
32.93882313718953,0.821563810319358,0.31846400313990986,0.00029459258923276
32.965494249041505,0.8214685756169412,0.3184955193063146,0.00029307316868866154
32.99216536089348,0.8213581063188071,0.31852652473403326,0.0002915616806538839
33.018836472745456,0.8212326860510023,0.3185569456423077,0.0002900580816055336
33.04550758459743,0.8210926370367919,0.31858671012904316,0.0002885623280863485
33.072178696449406,0.8209383200966607,0.3186157481708083,0.0002870743767046981
33.09884980830138,0.8207701346483122,0.3186439916228351,0.0002855941841345834
33.125520920153356,0.820588518706669,0.31867137421901903,0.0002841217071156369
33.15219203200533,0.8203939488838731,0.3186978315719189,0.00028265690245312265
33.178863143857306,0.8201869403892851,0.3187233011727569,0.0002811997270179362
33.20553425570928,0.819968047029485,0.3187477223914186,0.0002797501377466046
33.23220536756126,0.8197378612082719,0.318771036476453,0.0002783080916412865
33.25887647941323,0.8194970139266636,0.31879318655507255,0.00027687354576977206
33.28554759126521,0.8192461747828976,0.318814117633153,0.0002754464572654829
33.31221870311718,0.81898605197243,0.31883377659523354,0.00027402678332747224
33.33888981496916,0.818717392287936,0.31885211220451665,0.0002726144812204248
33.36556092682113,0.8184409700941373,0.31886907541621423,0.00027120950832107844
33.39223203867311,0.8181573032495104,0.31888463116802707,0.00026981182334006383
33.41890315052508,0.8178671481882646,0.3188987507777981,0.0002684213842996869
33.445574262377065,0.8175714120244877,0.31891140655640765,0.00026703814887267996
33.47224537422904,0.8172709930816102,0.31892257481832204,0.0002656620750453424
33.498916486081015,0.8169667808924045,0.3189322358815936,0.0002642931211175385
33.52558759793299,0.8166596561989852,0.3189403740678607,0.0002629312457026987
33.552258709784965,0.8163504909528091,0.3189469777023477,0.0002615764077278195
33.57892982163694,0.8160401483146756,0.3189520391138649,0.0002602285664334632
33.605600933488915,0.8157294826547262,0.3189555546348086,0.0002588876813737581
33.63227204534089,0.8154193395524444,0.31895752460116134,0.0002575537124163984
33.658943157192866,0.815110555796656,0.3189579533524912,0.00025622661974264416
33.68561426904484,0.8148039593855295,0.3189568492319527,0.0002549063638473215
33.712285380896816,0.8145003695265752,0.31895422458628614,0.0002535929055388224
33.73895649274879,0.8142005966366457,0.31895009576581784,0.0002522862059391047
33.765627604600766,0.8139054423419358,0.31894448312446017,0.0002509862264836922
33.79229871645274,0.813615699477983,0.31893741101971146,0.00024969292892167464
33.818969828304716,0.8133321520896664,0.3189289078126561,0.00024840627531570774
33.84564094015669,0.8130555754312078,0.31891900586796434,0.000247126228042013
33.87231205200867,0.8127867359661709,0.31890774155389257,0.000245852749790378
33.89898316386064,0.8125263913674621,0.3188951552422832,0.00024458580356415615
33.92565427571262,0.8122752905173296,0.31888129130856446,0.0002433253526802667
33.95232538756459,0.8120341735073642,0.3188661981317508,0.00024207136076919504
33.97899649941657,0.8118037716384986,0.31884992809444257,0.0002408237917749923
34.00566761126854,0.811584807421008,0.318832537582826,0.00023958260995527564
34.03233872312052,0.8113779945745099,0.3188140869866735,0.0002383477798812281
34.05900983497249,0.8111840378852956,0.31879464068958246,0.0002371192664374866
34.08568094682447,0.8110033933363213,0.3187742535887111,0.0002358970347777778
34.11235205867644,0.8108364275182937,0.3187529897448663,0.00023468105086869853
34.13902317052842,0.8106836371621353,0.31873092814733206,0.00023347128127281663
34.16569428238039,0.8105454715724181,0.31870814782221063,0.00023226769288354397
34.19236539423237,0.8104223326273633,0.3186847278324225,0.00023107025292513648
34.21903650608434,0.8103145747788413,0.31866074727770644,0.00022987892895269408
34.24570761793632,0.8102225050523715,0.31863628529461957,0.0002286936888521608
34.272378729788294,0.8101463830471229,0.3186114210565372,0.00022751450084032473
34.29904984164027,0.8100864209359134,0.318586233773653,0.00022634133346481793
34.325720953492244,0.8100427834652104,0.318560802692979,0.0002251741556041166
34.35239206534422,0.8100155879551303,0.3185352070983453,0.00022401293646754096
34.3790631771962,0.8100049042994387,0.31850952631040047,0.0002228576455952549
34.405734289048176,0.8100107549655505,0.31848383968661126,0.00022170825285826743
34.43240540090015,0.8100331149945301,0.3184582266212628,0.00022056472845843054
34.45907651275213,0.8100719120010905,0.3184327665454584,0.00021942704292844065
34.4857476246041,0.8101270261735946,0.31840753892711976,0.00021829516713183826
34.51241873645608,0.8101982902740539,0.31838262327098676,0.0002171690722630078
34.53908984830805,0.8102854896381295,0.3183580991186177,0.00021604872984717788
34.56576096016003,0.8103883621751318,0.31833404604838905,0.0002149341117404211
34.592432072012,0.81050659836802,0.31831054367549555,0.0002138251901296541
34.61910318386398,0.8106398412734029,0.3182876716519504,0.00021272193753263762
34.64577429571595,0.8107876865215384,0.3182655096665848,0.00021162432679797637
34.67244540756793,0.8109496823163337,0.31824413744504854,0.0002105323311051192
34.6991165194199,0.8111253432111895,0.3182236332451682,0.00020944592387797735
34.72578763127188,0.8113143058961232,0.3182040508855132,0.00020836507774661
34.75245874312385,0.8115159787111504,0.31818545057156694,0.00020728976667019295
34.77912985497583,0.8117296778465489,0.31816789552172325,0.00020621996520416128
34.8058009668278,0.8119547066383292,0.31815144497602094,0.00020515564802040784
34.83247207867978,0.812190355568235,0.3181361541961439,0.00020409678990728337
34.85914319053175,0.8124359022637432,0.3181220744654211,0.00020304336576959636
34.88581430238373,0.8126906114980639,0.31810925308882676,0.00020199535062861317
34.912485414235704,0.8129537351901404,0.3180977333929801,0.00020095271962205792
34.93915652608768,0.8132245124046488,0.31808755472614547,0.00019991544800411257
34.965827637939654,0.8135021693519988,0.31807875245823236,0.0001988835111454169
34.99249874979163,0.8137859193883331,0.3180713579807953,0.00019785688453306848
35.019169861643604,0.8140749630155273,0.31806539870703404,0.00019683554377062268
35.04584097349558,0.8143684878811904,0.31806089807179333,0.00019581946457809276
35.072512085347554,0.8146656687786646,0.3180578755315631,0.0001948086227919497
35.09918319719953,0.8149656676470252,0.3180563465644784,0.00019380299436512233
35.125854309051505,0.8152676335710802,0.3180563226703193,0.00019280255536699732
35.15252542090348,0.8155707027813716,0.31805781137051103,0.00019180728198341912
35.179196532755455,0.8158739986541738,0.318060816208124,0.00019081715051668999
35.20586764460743,0.8161766317114946,0.31806533674787363,0.00018983213738557006
35.232538756459405,0.8164776996210751,0.3180713685761205,0.00018885221912527715
35.25920986831138,0.8167762871963893,0.3180789033008703,0.00018787737238748706
35.285880980163356,0.8170714663966446,0.3180879285517738,0.00018690757394033324
35.31255209201533,0.8173622963267814,0.31809842798012694,0.00018594280066840707
35.33922320386731,0.8176479030240772,0.3181103823319859,0.00018498302944347416
35.36589431571929,0.8179277009512543,0.3181237673027821,0.00018402823670602767
35.39256542757126,0.8182008627432736,0.3181385452944215,0.00018307839927523422
35.41923653942324,0.8184665603014591,0.3181546754451354,0.00018213349400922243
35.44590765127521,0.8187240027200007,0.3181721145009283,0.0001811934977468976
35.47257876312719,0.8189724362859537,0.3181908168155782,0.00018025838730794172
35.499249874979164,0.8192111444792394,0.31821073435063635,0.00017932813949281343
35.52592098683114,0.8194394479726446,0.31823181667542744,0.00017840273108274803
35.552592098683114,0.8196567046318219,0.3182540109670495,0.00017748213883975753
35.57926321053509,0.8198623095152896,0.31827726201037404,0.0001765663395066305
35.605934322387064,0.8200556948744315,0.31830151219804576,0.00017565530980693232
35.63260543423904,0.8202363301534975,0.31832670153048287,0.00017474902644500494
35.659276546091014,0.8204037219896028,0.31835276761587694,0.00017384746610596698
35.68594765794299,0.8205574142127284,0.3183796456701929,0.0001729506054557138
35.712618769794965,0.8206969878457211,0.31840726851716905,0.00017205842114091736
35.73928988164694,0.8208220611042933,0.318435566588317,0.00017117088978902632
35.765960993498915,0.8209322893970233,0.31846446792292193,0.00017028798800826594
35.79263210535089,0.8210273653253548,0.31849389816804213,0.00016940969238763825
35.819303217202865,0.8211070186835973,0.3185237805785095,0.00016853597949692192
35.84597432905484,0.821171016458926,0.3185540360169291,0.00016766682588667222
35.872645440906815,0.821219162831382,0.31858458295367964,0.00016680220808822113
35.89931655275879,0.8212512991738717,0.3186153374669129,0.00016594210261367733
35.925987664610766,0.8212673040521676,0.3186462132425542,0.00016508648595592613
35.95265877646274,0.8212670943985223,0.3186771251251627,0.00016423533465909624
35.979329888314716,0.8212506636809012,0.3187080092764704,0.000163388625580919
36.00600100016669,0.8212180896822231,0.3187387826786591,0.00016254633497742087
36.032672112018666,0.8211694893722895,0.3187693593000153,0.0001617084390261147
36.05934322387064,0.8211050160567649,0.3187996553634379,0.00016087491394965663
36.086014335722616,0.8210248593771778,0.31882958934643807,0.0001600457360158462
36.11268544757459,0.8209292453109206,0.31885908198113966,0.00015922088153762625
36.13935655942657,0.8208184361712489,0.31888805625427885,0.0001584003268730829
36.16602767127854,0.8206927306072825,0.3189164374072042,0.00015758404842544573
36.19269878313052,0.8205524636040047,0.31894415293587686,0.00015677202264308747
36.21936989498249,0.8203980064822622,0.3189711325908703,0.0001559642260195243
36.24604100683447,0.8202297668987661,0.31899730837737045,0.0001551606350934157
36.27271211868645,0.8200481888460907,0.3190226145551757,0.00015436122644856424
36.299383230538425,0.8198537526526739,0.319046987638697,0.00015356597671391646
36.3260543423904,0.8196469749828177,0.3190703663969575,0.0001527748625635616
36.352725454242375,0.8194284088366875,0.31909269185359296,0.00015198786071673245
36.37939656609435,0.8191986435503127,0.3191139072868516,0.0001512049479378051
36.406067677946325,0.818958304795586,0.3191339582295939,0.00015042610103629898
36.4327387897983,0.818708054580264,0.319152792469293,0.00014965129686687686
36.459409901650275,0.8184485912479672,0.3191703600480344,0.0001488805123293448
36.48608101350225,0.8181806494781794,0.31918661326251596,0.00014811372436865223
36.512752125354226,0.8179050002862486,0.31920150666404806,0.00014735090997489188
36.5394232372062,0.8176224510233858,0.3192149970585536,0.00014659204618329983
36.566094349058176,0.8173338191740125,0.31922704393007795,0.0001458371101280635
36.59276546091015,0.81703962256067,0.31923761897867375,0.00014508607970013156
36.619436572762126,0.8167406894488397,0.31924670206135186,0.00014433893233343584
36.6461076846141,0.8164379661091322,0.31925427595616507,0.00014359564537334967
36.672778796466076,0.8161323842847746,0.3192603272983861,0.0001428561963440912
36.69944990831805,0.8158248611916099,0.3192648465805076,0.00014212056294872328
36.72612102017003,0.8155162995180979,0.3192678281522419,0.00014138872306915362
36.752792132022,0.8152075874253145,0.31926927022052154,0.00014066065476613465
36.77946324387398,0.8148995985469519,0.3192691748494988,0.0001399363362792636
36.80613435572595,0.814593191989319,0.3192675479605459,0.00013921574602698245
36.83280546757793,0.8142892123313407,0.319264399332255,0.000138498862606578
36.8594765794299,0.8139884896245583,0.31925974260043805,0.0001377856647941818
36.88614769128188,0.8136918393931296,0.31925359525812713,0.0001370761315447702
36.91281880313385,0.8134000626338288,0.31924597865557397,0.00013637024199216431
36.93948991498583,0.8131139458160461,0.31923691800025034,0.00013566797544903
36.9661610268378,0.8128342608817887,0.31922644235684794,0.00013496931140687796
36.99283213868978,0.8125617652456794,0.3192145846472783,0.00013427422953606361
37.01950325054175,0.8122972017949579,0.31920138165067297,0.0001335827096857872
37.04617436239373,0.81204129888948,0.3191868740033833,0.00013289473188409369
37.0728454742457,0.811794770361718,0.3191711061989805,0.0001322102763378729
37.09951658609768,0.8115583155167603,0.31915412658825587,0.00013152932343285932
37.12618769794965,0.811332619132312,0.31913598737922044,0.00013085185373363237
37.15285880980163,0.8111183514586945,0.31911674463710527,0.00013017784798361606
37.179529921653604,0.8109161682188452,0.3190964582843613,0.00012950728710507935
37.206201033505586,0.8107267106083181,0.3190751921006592,0.0001288401521991357
37.23287214535756,0.8105506052952838,0.3190530137228899,0.00012817642454574388
37.259543257209536,0.8103884644205288,0.3190299946451639,0.00012751608560370697
37.28621436906151,0.8102408435413051,0.31900620615543396,0.00012685911696504157
37.312885480913486,0.8101079757826019,0.31898170152739824,0.00012620550028815498
37.33955659276546,0.8099902005393617,0.31895656185810095,0.0001255552179203991
37.36622770461744,0.8098878590118891,0.3189308732057491,0.00012490825245621155
37.39289881646941,0.8098012458195043,0.31890472082908294,0.00012426458665563123
37.41956992832139,0.8097306090005437,0.318878189187376,0.00012362420344429838
37.44624104017336,0.8096761500123597,0.318851361940435,0.00012298708591345438
37.47291215202534,0.8096380237313208,0.31882432194859983,0.00012235321731994195
37.49958326387731,0.8096163384528111,0.31879715127274355,0.00012172258108620508
37.52625437572929,0.8096111558912311,0.3187699311742726,0.00012109516080028898
37.55292548758126,0.8096224911799972,0.3187427421151265,0.00012047094021584015
37.57959659943324,0.8096503128715415,0.31871566375777793,0.00011984990325210631
37.60626771128521,0.8096945429373127,0.3186887749652329,0.0001192320339939365
37.63293882313719,0.8097550567677748,0.3186621538010306,0.000118617316691781
37.65960993498916,0.8098316831724083,0.3186358775292433,0.00011800573576169132
37.68628104684114,0.8099242043797095,0.3186100226144768,0.00011739727578532028
37.71295215869311,0.8100323560371906,0.31858466472186975,0.00011679192150992193
37.73962327054509,0.81015582721138,0.31855987871709424,0.00011618965784835161
37.766294382397064,0.8102942603878219,0.31853573866635543,0.00011559046987906587
37.79296549424904,0.8104472514710768,0.3185123178363918,0.00011499434284612258
37.819636606101014,0.8106143497847207,0.31848968869447497,0.00011440126215918083
37.84630771795299,0.8107950580713461,0.3184679229084098,0.000113811213393501
37.872978829804964,0.8109888324925612,0.3184470913465344,0.00011322418228994473
37.89964994165694,0.8111950826289902,0.31842726407772004,0.0001126401547549749
37.926321053508914,0.8114131714802734,0.3184085103713712,0.00011205911686065568
37.95299216536089,0.8116424154650671,0.31839089869742554,0.00011148105484465246
37.979663277212865,0.8118822748109559,0.31837448013056296,0.00011090595460434797
38.00633438906484,0.8121321563834073,0.3183592923480057,0.00011033380218279232
38.033005500916815,0.8123912245753298,0.3183453826050361,0.00010976458428506436
38.05967661276879,0.8126586428382677,0.31833279403562326,0.0001091982876559358
38.086347724620765,0.8129335738648088,0.318321565639471,0.00010863489907939458
38.11301883647274,0.8132151795885838,0.31831173228201776,0.00010807440537864489
38.139689948324715,0.8135026211842667,0.31830332469443656,0.00010751679341610708
38.1663610601767,0.8137950590675747,0.318296369473635,0.00010696205009341768
38.19303217202867,0.8140916528952679,0.31829088908225533,0.00010641016235142978
38.21970328388065,0.8143915615651498,0.31828690184867453,0.00010586111717021232
38.24637439573262,0.8146939432160673,0.31828442196700407,0.00010531490156905059
38.2730455075846,0.81499795522791,0.3182834594970901,0.00010477150260644612
38.29971661943657,0.815302754221611,0.31828402036451325,0.00010423090738011664
38.32638773128855,0.8156074960591465,0.318286106360589,0.00010369310302699614
38.35305884314052,0.815911335843536,0.31828971514236737,0.00010315807672323478
38.3797299549925,0.8162134279188419,0.3182948402326329,0.00010262581568419903
38.406401066844474,0.8165129258701699,0.3183014710199048,0.0001020963071644715
38.43307217869645,0.8168089825236691,0.31830959275843695,0.00010156953845785109
38.459743290548424,0.8171007499465313,0.31831918656821784,0.00010104549689735287
38.4864144024004,0.817387379446992,0.31833022943497047,0.00010052416985520817
38.513085514252374,0.8176680215743295,0.31834269421015265,0.00010000554474286455
38.53975662610435,0.8179418261188656,0.31835654961095666,9.948960901098578e-05
38.566427737956325,0.8182079421119648,0.31837176022030944,9.897635014945184e-05
38.5930988498083,0.8184655178260354,0.31838828648687256,9.846575568735898e-05
38.619769961660275,0.8187138348410196,0.3184060894875735,9.795781312345753e-05
38.64644107351225,0.818952389545255,0.31842512711648946,9.745250980872624e-05
38.673112185364225,0.8191804779011449,0.3184453410203288,9.694983315358346e-05
38.6997832972162,0.8193974288157193,0.3184666710195891,9.644977056085573e-05
38.726454409068175,0.8196026133093628,0.31848905553452006,9.595230942198466e-05
38.75312552092015,0.8197954445158142,0.3185124315851236,9.545743711702692e-05
38.779796632772126,0.8199753776821672,0.31853673479115374,9.496514101465421e-05
38.8064677446241,0.8201419101688701,0.31856189937211676,9.447540847215334e-05
38.833138856476076,0.8202945814497253,0.31858785814727103,9.398822683542616e-05
38.85980996832805,0.8204329731118902,0.31861454253562704,9.350358343898955e-05
38.886481080180026,0.8205567088558765,0.31864188255594755,9.302146560597552e-05
38.913152192032,0.8206654544955505,0.3186698068267475,9.254186064813107e-05
38.939823303883976,0.8207589179581332,0.3186982425662939,9.206475586581833e-05
38.96649441573595,0.8208368492841998,0.31872711559260597,9.159013854801445e-05
38.99316552758793,0.8208990406276804,0.3187563503234551,9.111799597231162e-05
39.0198366394399,0.8209453262558594,0.3187858697763648,9.064831540491717e-05
39.04650775129188,0.8209755825493757,0.3188155955686109,9.018108410065341e-05
39.07317886314385,0.8209897280022233,0.3188454479172212,8.971628930295776e-05
39.099849974995834,0.82098772322175,0.31887534563897574,8.925391824388256e-05
39.12652108684781,0.8209695709286585,0.31890520615040674,8.879395814409559e-05
39.153192198699784,0.8209353159570061,0.31893494546779866,8.833639621287932e-05
39.17986331055176,0.8208850452542045,0.31896447820718793,8.78812196481314e-05
39.206534422403735,0.82081888788102,0.31899371758436335,8.742841563636454e-05
39.23320553425571,0.8207370124521692,0.3190225761913561,8.697797136362744e-05
39.259876646107685,0.8206395733296242,0.3190509900536788,8.652987429472386e-05
39.28654775795966,0.8205268591945265,0.31907888672534834,8.608411162027388e-05
39.313218869811635,0.8203992342206946,0.31910618581816724,8.56406703919047e-05
39.33988998166361,0.8202570904703225,0.319132810111073,8.51995377035325e-05
39.366561093515585,0.8201008478939786,0.31915868555013766,8.47607006913625e-05
39.39323220536756,0.8199309543306069,0.31918374124856785,8.432414653388893e-05
39.419903317219536,0.8197478855075264,0.3192079094867051,8.388986245189507e-05
39.44657442907151,0.8195521450404307,0.31923112571202517,8.345783570845315e-05
39.473245540923486,0.8193442644333889,0.31925332853913885,8.302805360892447e-05
39.49991665277546,0.819124803078845,0.31927445974979146,8.260050350095935e-05
39.526587764627436,0.8188943482576181,0.3192944642928629,8.217517277449712e-05
39.55325887647941,0.818653515138902,0.3193132902843678,8.17520488617661e-05
39.579929988331386,0.8184029467802663,0.3193308890074554,8.133111923728367e-05
39.60660110018336,0.8181433141276546,0.3193472149124096,8.091237141785622e-05
39.63327221203534,0.8178753160153865,0.31936222561664895,8.049579296257912e-05
39.65994332388731,0.8175996791661562,0.31937588190472677,8.008137147283682e-05
39.68661443573929,0.8173171581910329,0.31938814772833074,7.966909459230274e-05
39.71328554759126,0.8170285355894611,0.31939899020628354,7.925895000693932e-05
39.73995665944324,0.81673462174926,0.3194083796245422,7.885092544499805e-05
39.76662777129521,0.8164362549466242,0.31941628943619865,7.844500867701943e-05
39.79329888314719,0.8161343013461232,0.3194226962614793,7.804118751583296e-05
39.81996999499916,0.8158296550007014,0.3194275798877453,7.763944981655715e-05
39.84664110685114,0.8155232378516785,0.3194309232694923,7.723978347659957e-05
39.87331221870311,0.8152159081016245,0.3194327139489247,7.684217651039734e-05
39.89998333055509,0.8149082952162428,0.3194329525968487,7.644661721593036e-05
39.92665444240706,0.8146013307252509,0.3194316458151681,7.60530937591887e-05
39.95332555425904,0.8142959548656026,0.31942880353805464,7.566159438392005e-05
39.97999666611101,0.8139930835889653,0.31942443922200864,7.527210743706842e-05
40.00666777796299,0.8136936085617192,0.31941856984585854,7.48846213687742e-05
40.03333888981497,0.8133983971649581,0.31941121591076127,7.449912473237407e-05
40.060010001666946,0.813108292494489,0.31940240144020227,7.411560618440132e-05
40.08668111351892,0.8128241133608319,0.3193921539799952,7.37340544845853e-05
40.113352225370896,0.8125466542892205,0.3193805045982822,7.335445849585186e-05
40.14002333722287,0.8122766855196012,0.3193674878855339,7.297680718432315e-05
40.166694449074846,0.8120149530066341,0.31935314195454906,7.260108961931775e-05
40.19336556092682,0.8117621784196923,0.31933750844045505,7.222729497335054e-05
40.2200366727788,0.8115190591428624,0.31932063250070764,7.185541252213277e-05
40.24670778463077,0.8112862682749439,0.3193025628150909,7.148543164457207e-05
40.27337889648275,0.8110644546294498,0.3192833515857173,7.11173418227724e-05
40.30005000833472,0.8108542427346063,0.3192630545370278,7.07511326420341e-05
40.3267211201867,0.8106562328333528,0.31924173091579156,7.038679379085388e-05
40.35339223203867,0.810471000883342,0.31921944349110637,7.002431506092474e-05
40.38006334389065,0.8102990985569398,0.31919625855439826,6.966368634713613e-05
40.40673445574262,0.8101410532412255,0.31917224591942167,6.93048976475738e-05
40.4334055675946,0.8099973680379915,0.31914747892225953,6.894793906351987e-05
40.46007667944657,0.8098685217637434,0.319122034421323,6.859280079945284e-05
40.48674779129855,0.8097549681142062,0.31909599264568905,6.823947316190868e-05
40.51341890315052,0.8096570011977268,0.3190694178311387,6.788794644817887e-05
40.5400900150025,0.8095748355933141,0.31904238423668213,6.75382112278822e-05
40.56676112685447,0.8095087035062357,0.3190149800152253,6.719025829228276e-05
40.59343223870645,0.8094587912559529,0.3189872921646768,6.684407851910138e-05
40.62010335055842,0.80942523927612,0.31895940652794746,6.649966287251563e-05
40.6467744624104,0.8094081421145849,0.31893140779295065,6.615700240315983e-05
40.673445574262374,0.8094075484333887,0.31890337949260217,6.581608824812508e-05
40.70011668611435,0.8094234610087659,0.31887540400482023,6.54769116309592e-05
40.726787797966324,0.8094558367311444,0.31884756255252555,6.51394638616668e-05
40.7534589098183,0.8095045866051452,0.3188199352036412,6.48037363367092e-05
40.780130021670274,0.8095695757495831,0.31879260087109285,6.446972053900452e-05
40.80680113352225,0.8096506233974657,0.3187656373128084,6.413740803792758e-05
40.833472245374224,0.8097475028959945,0.3187391211317183,6.380679048931e-05
40.8601433572262,0.8098599417065637,0.3187131277757555,6.347785963544013e-05
40.886814469078175,0.8099876214047615,0.3186877315378553,6.315060730506308e-05
40.91348558093015,0.8101301776803692,0.31866300555595545,6.28250254133807e-05
40.940156692782125,0.8102872003373611,0.3186390218129962,6.250110596205162e-05
40.96682780463411,0.8104582332939054,0.3186158511369202,6.217884103919112e-05
40.99349891648608,0.8106427745823632,0.31859356320067256,6.185822281937148e-05
41.02017002833806,0.8108402763492893,0.3185722265222008,6.15392435636215e-05
41.04684114019003,0.8110501448554316,0.3185519084644549,6.122189561942678e-05
41.07351225204201,0.8112717404757314,0.3185326752353873,6.090617142072974e-05
41.10018336389398,0.8115043776993234,0.3185145918879529,6.059206348792948e-05
41.12685447574596,0.8117473922888081,0.3184977184786083,6.027956433670109e-05
41.15352558759793,0.8120003011319018,0.31848209391458565,5.9968666255716124e-05
41.18019669944991,0.8122622892672807,0.3184677624609319,5.9659361999291483e-05
41.20686781130188,0.8125324992679908,0.31845476621951324,5.9351644399920206e-05
41.23353892315386,0.8128100751930086,0.3184431431661819,5.9045506308962754e-05
41.260210035005834,0.8130941625872421,0.31843292715077576,5.874094059664707e-05
41.28688114685781,0.8133839084815294,0.3184241478971189,5.843794015206854e-05
41.313552258709784,0.8136784613926398,0.31841683100302126,5.813649788319002e-05
41.34022337056176,0.8139769713232733,0.3184109979402785,5.7836606716841806e-05
41.366894482413734,0.8142785897620609,0.31840666605467227,5.753825959872166e-05
41.39356559426571,0.8145824696835641,0.31840384856597026,5.724144949339481e-05
41.420236706117684,0.8148877655482756,0.31840255456792593,5.6946169384293924e-05
41.44690781796966,0.8151936333026186,0.3184027890282787,5.665241227371914e-05
41.473578929821635,0.8154992303789473,0.3184045527887538,5.6360171182838035e-05
41.50025004167361,0.8158037156955467,0.31840784256506255,5.606943915168566e-05
41.526921153525585,0.8161062496566326,0.318412650946902,5.5780209239164526e-05
41.55359226537756,0.8164059941523516,0.3184189663979553,5.549247452304458e-05
41.580263377229535,0.8167021125587812,0.3184267732558913,5.520622809996324e-05
41.60693448908151,0.8169937697379297,0.31843605173236483,5.492146308542539e-05
41.633605600933485,0.8172801320377361,0.31844677791301673,5.4638172613803345e-05
41.66027671278546,0.8175603672920704,0.3184589237574736,5.43563498383369e-05
41.686947824637436,0.8178336448207333,0.31847245709934807,5.407598793113329e-05
41.71361893648941,0.8180991354294563,0.3184873416462386,5.379708008316723e-05
41.740290048341386,0.818356011409902,0.31850353697972955,5.3519619504280855e-05
41.76696116019336,0.8186034465396633,0.31852099855539123,5.3243599423183797e-05
41.793632272045336,0.8188407663774903,0.3185396835086667,5.2969013053048775e-05
41.82030338389731,0.8190675001591965,0.31855954556352567,5.269585353062371e-05
41.846974495749286,0.8192829835750773,0.3185805220901217,5.2424114007223934e-05
41.87364560760126,0.8194865889955687,0.3186025489999045,5.2153787629235054e-05
41.90031671945324,0.8196777316229048,0.3186255610511935,5.18848675371113e-05
41.92698783130522,0.819855869491119,0.3186494918491782,5.161734686537544e-05
41.953658943157194,0.820020503466043,0.31867427384591773,5.135121874261905e-05
41.98033005500917,0.8201711772453074,0.31869983834034116,5.1086476291502114e-05
42.007001166861144,0.8203074773583414,0.3187261154782474,5.082311262875327e-05
42.03367227871312,0.820429033166373,0.31875303425230506,5.056112086516981e-05
42.060343390565095,0.8205355168624285,0.3187805225020528,5.030049410561758e-05
42.08701450241707,0.8206266434713334,0.31880850691389895,5.0041225449031084e-05
42.113685614269045,0.8207021708497118,0.31883691302112166,4.97833079884134e-05
42.14035672612102,0.820761899685986,0.31886566520386905,4.952673481083623e-05
42.167027837972995,0.8208056735003777,0.318894686689159,4.927149899743987e-05
42.19369894982497,0.8208333786449067,0.31892389955087924,4.901759362343325e-05
42.220370061676945,0.8208449443033919,0.31895322470978726,4.8765011758093886e-05
42.24704117352892,0.8208403424914508,0.3189825819335105,4.85137464647679e-05
42.273712285380896,0.8208195880564991,0.31901188983654616,4.826379080087005e-05
42.30038339723287,0.8207827386777521,0.31904106588026127,4.8015137817883665e-05
42.327054509084846,0.820729894866223,0.3190700263728928,4.7767780561360703e-05
42.35372562093682,0.8206611999647241,0.31909868646954737,4.7521712070921746e-05
42.380396732788796,0.8205768401478662,0.3191269601722016,4.727692538025594e-05
42.40706784464077,0.8204770426776511,0.3191547607476498,4.703341352049114e-05
42.433738956492746,0.8203620029494857,0.3191820241219716,4.679116967854137e-05
42.46041006834472,0.8202320489975979,0.31920868131815083,4.655018691292732e-05
42.4870811801967,0.8200876000291804,0.3192346541695428,4.631045819024691e-05
42.51375229204867,0.81992910081746,0.31925986785311045,4.6071976502354326e-05
42.54042340390065,0.8197570217016981,0.31928425088942464,4.583473486636004e-05
42.56709451575262,0.8195718585871905,0.31930773514266403,4.55987263246308e-05
42.5937656276046,0.8193741329452674,0.319330255820615,4.536394394478961e-05
42.62043673945657,0.8191643918132937,0.31935175147467204,4.513038081971578e-05
42.64710785130855,0.8189432077946682,0.31937216399983703,4.4898030067544865e-05
42.67377896316052,0.8187111790588247,0.31939143863471997,4.466688483166871e-05
42.7004500750125,0.818468929341231,0.31940952396153854,4.443693828073545e-05
42.72712118686447,0.8182171079433896,0.3194263719061183,4.420818360864946e-05
42.75379229871645,0.8179563897328374,0.31944193773789253,4.398061403457142e-05
42.78046341056842,0.8176874751431454,0.3194561800699024,4.375422280291827e-05
42.8071345224204,0.8174110901739197,0.31946906085879695,4.3529003183363224e-05
42.83380563427237,0.8171279863908002,0.31948054540483284,4.3304948470835784e-05
42.860476746124355,0.8168389409254614,0.31949060235187476,4.308205198552166e-05
42.88714785797633,0.8165447564756125,0.3194992036873951,4.2860307072863014e-05
42.913818969828306,0.816246261304997,0.319506324742474,4.26397071035581e-05
42.94049008168028,0.8159443092433926,0.31951194419179957,4.2420245473561525e-05
42.967161193532256,0.8156397796866116,0.3195160440536676,4.220191560408415e-05
42.99383230538423,0.8153335775965008,0.3195186096899818,4.198471094159312e-05
43.020503417236206,0.8150266335009415,0.3195196298062536,4.176862495781186e-05
43.04717452908818,0.814719850366072,0.31951909701577175,4.155365117136738e-05
43.073845640940156,0.8144138538475344,0.3195170153027927,4.1339783265171315e-05
43.10051675279213,0.8141095424037915,0.31951339691179664,4.1127014877216044e-05
43.12718786464411,0.813807851474255,0.31950825740392613,4.091533967801562e-05
43.15385897649608,0.8135096896644683,0.31950161572185876,4.070475139488834e-05
43.18053008834806,0.8132159387461066,0.31949349418980666,4.0495243811956726e-05
43.20720120020003,0.8129274536569769,0.31948391851351715,4.0286810770147505e-05
43.23387231205201,0.8126450625010178,0.31947291778027215,4.0079446167191646e-05
43.26054342390398,0.8123695665482994,0.3194605244588886,3.987314395762432e-05
43.28721453575596,0.8121017402350242,0.31944677439971836,3.966789815278493e-05
43.31388564760793,0.811842331163526,0.31943170683464783,3.946370282081711e-05
43.34055675945991,0.8115920601022704,0.3194153643770986,3.9260552086668706e-05
43.36722787131188,0.8113516209858546,0.319397793022027,3.905844013209179e-05
43.39389898316386,0.8111216809150078,0.31937904214592416,3.885736119564264e-05
43.42057009501583,0.810902880156591,0.3193591645068161,3.865730957268179e-05
43.44724120686781,0.8106958321435964,0.31933821624426384,3.8458279615373976e-05
43.47391231871978,0.8105011234751487,0.31931625687936305,3.826026573268815e-05
43.50058343057176,0.8103193139165038,0.3192933493147443,3.8063262390397494e-05
43.527254542423734,0.8101509363990494,0.3192695598345731,3.786726411107942e-05
43.55392565427571,0.8099964970203053,0.31924495810454984,3.7672265474115545e-05
43.580596766127684,0.8098564750439226,0.31921961717190966,3.747826111569173e-05
43.60726787797966,0.8097313228996842,0.3191936134654226,3.7285245728798034e-05
43.633938989831634,0.8096214661835051,0.31916702679539355,3.7093214063228764e-05
43.66061010168361,0.8095272963096177,0.31913993885578684,3.6902160919422224e-05
43.687281213535584,0.8094490329326816,0.3191124125788122,3.67120810899202e-05
43.71395232538756,0.8093868609247835,0.3190845290744729,3.652296954865885e-05
43.740623437239535,0.8093409520385003,0.31905637689275995,3.633482135901682e-05
43.76729454909151,0.8093114327283569,0.31902804324548695,3.614763163030233e-05
43.79396566094349,0.809298384150826,0.31899961400629,3.5961395517753094e-05
43.82063677279547,0.809301842164328,0.3189711737106278,3.5776108222536494e-05
43.84730788464744,0.8093217973292312,0.3189428055557813,3.5591764991749294e-05
43.87397899649942,0.8093581949078518,0.3189145914008543,3.5408361118417874e-05
43.90065010835139,0.8094109348644537,0.31888661176677296,3.5225891941498134e-05
43.92732122020337,0.8094798718652487,0.31885894583628605,3.504435284587551e-05
43.95399233205534,0.8095648152783965,0.3188316714539648,3.4863739262364975e-05
43.98066344390732,0.8096655291740045,0.318804865126203,3.468404666771105e-05
44.00733455575929,0.809781732324128,0.31877860202121694,3.45052705845878e-05
44.03400566761127,0.80991309820277,0.31875295596904546,3.4327406581598804e-05
44.06067677946324,0.8100592549858817,0.3187279994615499,3.41504502732772e-05
44.08734789131522,0.8102197855513615,0.31870380365241424,3.397439732008564e-05
44.11401900316719,0.8103942274790564,0.3186804383571448,3.3799243428416353e-05
44.14069011501917,0.8105820730507606,0.3186579720530706,3.362498435059107e-05
44.167361226871144,0.8107827692502163,0.31863647187934313,3.345161588486108e-05
44.19403233872312,0.8109957177631136,0.3186160036369363,3.3279133875407184e-05
44.220703450575094,0.8112202749770906,0.3185966317886468,3.310753421233976e-05
44.24737456242707,0.8114557519817329,0.3185784194590935,3.29368128316987e-05
44.274045674279044,0.8117014175882002,0.31856142830254636,3.276696571329525e-05
44.30071678613102,0.8119567513645943,0.31854570407257277,3.259798869907455e-05
44.327387897982995,0.8122210632306114,0.3185312856704824,3.2429877762556843e-05
44.35405900983497,0.812493476182572,0.3185182141462249,3.226262902213084e-05
44.380730121686945,0.8127731166569163,0.3185065264354486,3.209623860536818e-05
44.40740123353892,0.8130591145302045,0.3184962553595009,3.193070264902341e-05
44.434072345390895,0.8133506031191159,0.3184874296254279,3.176601729903401e-05
44.46074345724287,0.8136467191804496,0.3184800738259747,3.1602178710520395e-05
44.487414569094845,0.8139466029111246,0.318474208439585,3.143918304778589e-05
44.51408568094682,0.8142493979481792,0.31846984983040166,3.127702648431673e-05
44.540756792798796,0.8145542513687717,0.3184670102482661,3.111570520278211e-05
44.56742790465077,0.8148603136901796,0.3184656978287188,3.095521539503413e-05
44.594099016502746,0.8151667388698004,0.31846591659299894,3.0795553262107805e-05
44.62077012835472,0.8154726843051511,0.31846766644804464,3.0636715014221085e-05
44.647441240206696,0.8157773108338683,0.3184709431864928,3.047869687077485e-05
44.67411235205867,0.8160797827337083,0.31847573848667926,3.0321495060352887e-05
44.700783463910646,0.8163792677225471,0.3184820399126386,3.0165105820721926e-05
44.72745457576262,0.8166749369583802,0.3184898309141044,3.0009525398831602e-05
44.754125687614604,0.8169659650393231,0.3184990908265088,2.985475005081445e-05
44.78079679946658,0.8172515300036101,0.31850979487098313,2.970077604198604e-05
44.807467911318554,0.8175308133295961,0.3185219141543574,2.9547599646844752e-05
44.83413902317053,0.8178029999357551,0.31853541566916044,2.939521714907192e-05
44.860810135022504,0.8180672781806809,0.31855026229362,2.9243624841531812e-05
44.88748124687448,0.818322839863087,0.3185664127916626,2.909281902627162e-05
44.914152358726454,0.8185688802218063,0.3185838218129137,2.894279601452145e-05
44.94082347057843,0.8188046012621518,0.31860244006067234,2.8793552126452285e-05
44.967494582430405,0.8190294802757199,0.3186222248074321,2.864508366044783e-05
44.99416569428238,0.8192429944473586,0.31864311996004424,2.8497386885889423e-05
45.020836806134355,0.8194445199818535,0.3186650592864143,2.835045807350958e-05
45.04750791798633,0.8196334763561741,0.31868797559701795,2.820429349100842e-05
45.074179029838305,0.8198093263194727,0.31871180074490046,2.8058889403053672e-05
45.10085014169028,0.8199715758930854,0.31873646562567726,2.7914242071280678e-05
45.127521253542255,0.8201197743705315,0.3187619001775335,2.777034775429238e-05
45.15419236539423,0.8202535143175139,0.31878803338122436,2.7627202707659335e-05
45.180863477246206,0.8203724315719187,0.31881479326007495,2.7484803183919706e-05
45.20753458909818,0.8204762052438155,0.3188421068799801,2.7343145432579264e-05
45.234205700950156,0.8205645577154572,0.3188699003494048,2.7202225700111386e-05
45.26087681280213,0.8206372546412801,0.3188980988193839,2.7062040229957064e-05
45.287547924654106,0.8206941049479042,0.318926626483522,2.692258526252489e-05
45.31421903650608,0.8207349608341323,0.31895540657799365,2.6783857035191067e-05
45.340890148358056,0.8207597177709511,0.3189843613815435,2.6645851782299414e-05
45.36756126021003,0.8207683145015308,0.31901341221548596,2.6508565735161345e-05
45.39423237206201,0.8207607330412243,0.31904247944370534,2.6371995122055897e-05
45.42090348391398,0.8207369986775686,0.31907148247265593,2.6236136168229698e-05
45.44757459576596,0.8206971799702838,0.31910033975136187,2.6100985095897e-05
45.47424570761793,0.8206413887512733,0.3191289687714172,2.5966538124239655e-05
45.50091681946991,0.8205697801246242,0.319157286066986,2.5832791469407126e-05
45.52758793132188,0.8204825524666067,0.3191852072148021,2.569974134451648e-05
45.55425904317386,0.8203799474256747,0.31921264683416933,2.5567383959652404e-05
45.58093015502583,0.8202622382082474,0.3192395211315656,2.5435715533021444e-05
45.60760126687781,0.8201296550748669,0.3192657720020752,2.5304732372881277e-05
45.63427237872978,0.8199826029828873,0.31929132753571404,2.5174430680557715e-05
45.66094349058176,0.819821549508064,0.3193161124726673,2.504480663731213e-05
45.68761460243374,0.8196469858805846,0.31934005502374185,2.4915856439124363e-05
45.714285714285715,0.8194594269850686,0.31936308687036663,2.478757629669284e-05
45.74095682613769,0.8192594113605673,0.31938514316459227,2.465996243543439e-05
45.767627937989666,0.8190475012005642,0.3194061625290914,2.4533011095484368e-05
45.79429904984164,0.8188242823529748,0.31942608705715847,2.440671853169662e-05
45.820970161693616,0.8185903643201462,0.31944486231270985,2.4281081013643487e-05
45.84764127354559,0.8183463802588578,0.3194624373302837,2.4156094825615808e-05
45.874312385397566,0.8180929869803207,0.3194787646150401,2.403175626662292e-05
45.90098349724954,0.8178308649501784,0.3194938001427611,2.3908061650392652e-05
45.927654609101516,0.8175607182885058,0.31950750335985034,2.3785007305371318e-05
45.95432572095349,0.8172832747698102,0.3195198371833337,2.3662589574723743e-05
45.98099683280547,0.8169992858230307,0.31953076800085867,2.3540804816333235e-05
46.00766794465744,0.8167095265315383,0.31954026567069477,2.3419649402801605e-05
46.03433905650942,0.816414795633136,0.3195483035217332,2.3299119721449153e-05
46.06101016836139,0.8161159155200589,0.3195548583534873,2.3179212174314674e-05
46.08768128021337,0.8158137322389739,0.319559910436092,2.305992317815546e-05
46.11435239206534,0.8155091154909799,0.3195634435103043,2.2941249164447297e-05
46.14102350391732,0.8152029586316079,0.3195654447875031,2.2823186579384465e-05
46.16769461576929,0.8148961786708205,0.31956590494968895,2.2705731883879744e-05
46.19436572762127,0.8145897162730127,0.31956481814948445,2.25888815535644e-05
46.22103683947324,0.8142844466768073,0.3195621828312169,2.247263209756925e-05
46.24770795132522,0.8139810020397914,0.3195580089657554,2.235698010711428e-05
46.27437906317719,0.8136802990780763,0.31955231409402246,2.2241922149935574e-05
46.30105017502917,0.8133832592544528,0.31954511902477667,2.2127454818405695e-05
46.32772128688114,0.8130907752487134,0.31953644782583884,2.2013574736052333e-05
46.35439239873312,0.8128037109576527,0.319526327824092,2.1900278557558286e-05
46.38106351058509,0.8125229014950671,0.31951478960548124,2.1787562968761472e-05
46.40773462243707,0.8122491531917547,0.3195018670150137,2.1675424686654938e-05
46.434405734289044,0.8119832435955155,0.31948759715675884,2.156386045938684e-05
46.46107684614102,0.8117259214711513,0.319472020393848,2.1452867066260456e-05
46.487747957992994,0.8114779068004659,0.3194551803484748,2.1342441317734188e-05
46.51441906984497,0.8112398907822649,0.319437123901895,2.123258005542155e-05
46.541090181696944,0.8110125358323556,0.31941790119442637,2.1123280152091183e-05
46.56776129354892,0.8107964755835472,0.3193975656254489,2.1014538511666837e-05
46.594432405400894,0.8105923148856509,0.3193761738534048,2.0906352069227392e-05
46.62110351725288,0.8104006298054796,0.3193537857957981,2.079871779100681e-05
46.64777462910485,0.810221967626848,0.3193304646291953,2.0691632674394268e-05
46.67444574095683,0.8100568468505729,0.31930627678922474,2.0585093747933963e-05
46.7011168528088,0.8099057571944727,0.3192812919705771,2.0479098071325253e-05
46.72778796466078,0.8097691595933676,0.3192555831270051,2.0373642735422603e-05
46.75445907651275,0.80964748619908,0.31922922647132357,2.0268724862235613e-05
46.78113018836473,0.8095411403804337,0.31920230147540946,2.0164341604928984e-05
46.8078013002167,0.8094504967232548,0.3191748908702019,2.0060490147822548e-05
46.83447241206868,0.8093758615874131,0.3191470723207162,1.99571676887408e-05
46.86114352392065,0.809317380907055,0.31911891143784493,1.9854371449369117e-05
46.88781463577263,0.8092752066546699,0.31909049649131815,1.9752098751764293e-05
46.9144857476246,0.8092494512985329,0.31906191575644877,1.965034694636744e-05
46.94115685947658,0.8092401825591153,0.319033256025048,1.954911340811979e-05
46.96782797132855,0.8092474234090851,0.3190046026054257,1.9448395536462708e-05
46.99449908318053,0.8092711520733061,0.31897603932239005,1.9348190755337678e-05
47.021170195032504,0.8093113020288388,0.318947648517248,1.9248496513186315e-05
47.04784130688448,0.8093677620049399,0.3189195110478048,1.9149310282950364e-05
47.074512418736454,0.8094403759830621,0.31889170628836433,1.905062956207169e-05
47.10118353058843,0.8095289431968549,0.3188643121297288,1.8952451872492292e-05
47.127854642440404,0.8096332181321638,0.3188374049791991,1.885477476065429e-05
47.15452575429238,0.8097529105270309,0.31881105976057456,1.8757595797499932e-05
47.181196866144354,0.8098876853716941,0.31878534991415297,1.86609125784716e-05
47.20786797799633,0.8100371629085882,0.3187603473967307,1.8564722723511788e-05
47.234539089848305,0.8102009186323439,0.3187361226816026,1.846902387706313e-05
47.26121020170028,0.8103784832897882,0.318712744758562,1.8373813708068386e-05
47.287881313552255,0.8105693428799449,0.31869028113390063,1.8279089909970432e-05
47.31455242540423,0.8107729386540335,0.318668797830409,1.8184850200712283e-05
47.341223537256205,0.8109886671154701,0.3186483593873759,1.8091092322737075e-05
47.36789464910818,0.8112158800198672,0.31862902886058864,1.799781404298807e-05
47.394565760960155,0.8114538843750334,0.31861086782233317,1.7905013152908666e-05
47.42123687281213,0.8117019424409738,0.31859393636139377,1.7812687468442367e-05
47.447907984664106,0.811959412787324,0.31857828662363213,1.7720834776296587e-05
47.47457909651608,0.8122257392094998,0.3185639545318939,1.7629452837385354e-05
47.501250208368056,0.8125000387936141,0.3185509796958468,1.7538539543217735e-05
47.52792132022003,0.8127814232907997,0.3185393979836986,1.744809279377798e-05
47.554592432072006,0.813069009490144,0.31852924116517956,1.7358110493580884e-05
47.58126354392399,0.8133619192186891,0.31852053691154153,1.726859055167173e-05
47.60793465577596,0.8136592793414309,0.31851330879555867,1.7179530881626412e-05
47.63460576762794,0.8139602217613204,0.31850757629152704,1.7090929401551285e-05
47.661276879479914,0.8142638834192629,0.31850335477526487,1.700278403408325e-05
47.68794799133189,0.8145694062941179,0.31850065552411233,1.6915092706389738e-05
47.714619103183864,0.8148759374026996,0.31849948571693165,1.6827853350168723e-05
47.74129021503584,0.8151826287997764,0.31849984843410717,1.674106390164869e-05
47.767961326887814,0.8154886375780716,0.3185017426575451,1.6654722301588668e-05
47.79463243873979,0.8157931258682624,0.3185051632706739,1.6568826495278207e-05
47.821303550591765,0.8160952608389807,0.31851010105844396,1.6483374432537396e-05
47.84797466244374,0.816394214696813,0.3185165427073277,1.6398364067716845e-05
47.874645774295715,0.8166891646862999,0.31852447080531965,1.63137933596977e-05
47.90131688614769,0.8169792930899369,0.31853386384193627,1.6229660271891632e-05
47.927987997999665,0.8172637872281734,0.3185446962082162,1.6145962772240843e-05
47.95465910985164,0.8175418394594138,0.31855693819671993,1.6062698833218073e-05
47.981330221703615,0.8178126471800166,0.3185705560015303,1.5979866431826575e-05
48.00800133355559,0.8180754128242947,0.3185855117182518,1.5897463549600147e-05
48.034672445407566,0.8183293438645157,0.3186017633440113,1.5815488172603114e-05
48.06134355725954,0.8185736528109017,0.3186192647774575,1.5733938291430324e-05
48.088014669111516,0.8188075572116288,0.31863796581876125,1.5652811901207162e-05
48.11468578096349,0.8190303526273179,0.31865781700453055,1.5572107000303335e-05
48.141356892815466,0.8192416402354737,0.31867877704255454,1.54918215713852e-05
48.16802800466744,0.8194408346716121,0.31870077825406046,1.5411953582313622e-05
48.194699116519416,0.8196273595604096,0.3187237495901597,1.533250099928202e-05
48.22137022837139,0.8198006821891703,0.31874761947935176,1.5253461787175923e-05
48.24804134022337,0.8199603135078263,0.3187723158275243,1.517483390957296e-05
48.27471245207534,0.8201058081289373,0.3187977660179531,1.5096615328742863e-05
48.30138356392732,0.8202367643276908,0.3188238969113023,1.5018804005647465e-05
48.32805467577929,0.820352824041902,0.3188506348456239,1.4941397899940696e-05
48.35472578763127,0.8204536728720141,0.3188779056363583,1.4864394969968593e-05
48.38139689948324,0.8205390400810979,0.31890563457633386,1.4787793172769292e-05
48.40806801133522,0.8206086985948517,0.3189337464357672,1.471159046407303e-05
48.43473912318719,0.8206624650016022,0.31896216546226314,1.4635784798302148e-05
48.46141023503917,0.8207001995523034,0.3189908153808145,1.4560374128571086e-05
48.48808134689114,0.8207218061605371,0.31901961939380236,1.4485356406686388e-05
48.514752458743125,0.820727232402513,0.319048500180996,1.4410729583146675e-05
48.5414235705951,0.8207164695170684,0.31907737989955276,1.4336491607142735e-05
48.568094682447075,0.8206895524056687,0.31910618018401815,1.4262640426557392e-05
48.59476579429905,0.8206465596324066,0.3191348221463259,1.4189173987965597e-05
48.621436906151025,0.820587613424003,0.31916322637579775,1.4116090236634398e-05
48.648108018003,0.8205128796698063,0.31919131293914377,1.4043387116522947e-05
48.674779129854976,0.8204225679217927,0.3192190013804621,1.3971062570282496e-05
48.70145024170695,0.8203169313945663,0.319246210721239,1.38991145392564e-05
48.728121353558926,0.8201962669653589,0.31927285946034895,1.3827540963480115e-05
48.7547924654109,0.8200609151740298,0.31929886557405457,1.3756339781681197e-05
48.781463577262876,0.8199112602230666,0.31932414651600655,1.3685508931279307e-05
48.80813468911485,0.8197477181874966,0.3193486213335976,1.3615046353445902e-05
48.834805800966826,0.8195706136539748,0.3193722401734652,1.3544950050963389e-05
48.8614769128188,0.8193804650357976,0.31939494165445503,1.3475217971480359e-05
48.88814802467078,0.8191778699190199,0.31941665905645217,1.3405848047052505e-05
48.91481913652275,0.8189634429300086,0.319437329468605,1.333683821946367e-05
48.94149024837473,0.8187378157354437,0.31945689378932485,1.3268186440225836e-05
48.9681613602267,0.8185016370423177,0.3194752967262862,1.3199890670579133e-05
48.99483247207868,0.8182555725979358,0.31949248679642667,1.313194888149183e-05
49.02150358393065,0.8180003051899158,0.31950841632594684,1.3064359053660341e-05
49.04817469578263,0.8177365346461881,0.3195230414503104,1.2997119177509225e-05
49.0748458076346,0.8174649778349957,0.31953632211424415,1.2930227253191185e-05
49.10151691948658,0.8171863686648946,0.319548222071738,1.2863681290587065e-05
49.12818803133855,0.8169014580847528,0.3195587088860449,1.2797479309305854e-05
49.15485914319053,0.8166110140837515,0.3195677539296808,1.2731619338684685e-05
49.1815302550425,0.8163158216913843,0.31957533238442487,1.2666099417788831e-05
49.20820136689448,0.8160166829774577,0.3195814232413194,1.2600917595411715e-05
49.23487247874645,0.8157144170520902,0.3195860093006695,1.25360719300749e-05
49.26154359059843,0.8154098600657139,0.31958907717204366,1.247156049002809e-05
49.288214702450404,0.8151038652090726,0.31959061727427324,1.2407381353249138e-05
49.31488581430238,0.8147973027132235,0.3195906238354528,1.2343532607444037e-05
49.341556926154354,0.814491059849536,0.3195890948929399,1.2280012350046923e-05
49.36822803800633,0.814186040929692,0.31958603229335525,1.221681868822008e-05
49.394899149858304,0.8138831673056867,0.3195814416925827,1.2153949738853927e-05
49.42157026171028,0.8135833773698272,0.3195753325557689,1.2091403628567037e-05
49.44824137356226,0.8132875724947465,0.3195677180863723,1.2029178498709092e-05
49.47491248541424,0.8129963695804773,0.3195586192121508,1.1967272534361646e-05
49.50158359726621,0.8127106214819274,0.3195480672944133,1.1905683921139306e-05
49.52825470911819,0.8124312031746702,0.31953609711308173,1.1844410857318231e-05
49.55492582097016,0.8121589552538242,0.31952274627239313,1.178345155841621e-05
49.58159693282214,0.8118946839340528,0.3195080552009005,1.172280425719266e-05
49.60826804467411,0.8116391610495646,0.319492067151472,1.1662467203648635e-05
49.63493915652609,0.811393124054113,0.31947482820129164,1.1602438665026817e-05
49.66161026837806,0.811157276020997,0.31945638725185893,1.1542716925811522e-05
49.68828138023004,0.8109322856430601,0.3194367960289888,1.1483300287728694e-05
49.71495249208201,0.8107187872326912,0.31941610908281187,1.1424187069745914e-05
49.74162360393399,0.810517380721824,0.3193943837877743,1.1365375608072391e-05
49.76829471578596,0.8103286316619376,0.31937168034263774,1.1306864256158969e-05
49.79496582763794,0.8101530712240558,0.3193480617704795,1.124865138469812e-05
49.82163693948991,0.8099911961987478,0.3193235939186922,1.119073538162395e-05
49.84830805134189,0.8098434689961276,0.31929834545898433,1.1133114652112196e-05
49.87497916319386,0.8097103176458543,0.31927238788737977,1.1075787618580227e-05
49.90165027504584,0.8095921357971323,0.31924579552421795,1.1018752720687045e-05
49.928321386897814,0.8094892827187107,0.31921864551415385,1.0962008415333283e-05
49.95499249874979,0.8094020832988839,0.3191910178261581,1.0905553176661202e-05
49.981663610601764,0.8093308280454913,0.31916299525351677,1.0849385496054702e-05
50.00833472245374,0.8092757730859174,0.3191346634138315,1.0793503882139308e-05
50.035005834305714,0.8092371310886866,0.3191061071326807,1.073790685591744e-05
50.06167694615769,0.8092149903364849,0.31907739336043445,1.0682592937687646e-05
50.088348058009664,0.8092093855102641,0.3190486081172759,1.0627560703766225e-05
50.11501916986164,0.8092203147427512,0.3190198399088297,1.0572808750096745e-05
50.141690281713615,0.8092477334449341,0.3189911753354941,1.051833568514013e-05
50.16836139356559,0.8092915543060613,0.31896269909244107,1.0464140129874654e-05
50.195032505417565,0.8093516472936424,0.31893449396961626,1.0410220717795952e-05
50.22170361726954,0.8094278396534478,0.31890664085173903,1.0356576094917012e-05
50.248374729121515,0.8095199159095088,0.31887921871830255,1.0303204919768172e-05
50.27504584097349,0.8096276178641174,0.3188523046435736,1.025010586339713e-05
50.301716952825466,0.8097506445978266,0.31882597379659267,1.0197277609368935e-05
50.32838806467744,0.8098886524694504,0.31880029944117394,1.0144718853765989e-05
50.355059176529416,0.8100412551160633,0.31877535293590537,1.0092428305188055e-05
50.38173028838139,0.8102080234530009,0.3187512037341486,1.0040404684752245e-05
50.40840140023337,0.8103884856738598,0.31872791938403894,9.98864672609301e-06
50.43507251208535,0.8105821272504969,0.31870556552848545,9.937153175362205e-06
50.46174362393732,0.8107883909330308,0.3186842059051709,9.885922791228988e-06
50.4884147357893,0.8110066767498401,0.31866390234655173,9.834954344879894e-06
50.515085847641274,0.8112363420075649,0.31864471477985806,9.784246620018805e-06
50.54175695949325,0.8114767012911058,0.31862670122709386,9.733798412866963e-06
50.568428071345224,0.8117270264636245,0.31860991780503667,9.683608532162964e-06
50.5950991831972,0.8119865466665434,0.31859441872523775,9.633675799162755e-06
50.621770295049174,0.8122545009474359,0.3185802550179351,9.583999037292969e-06
50.64844140690115,0.8125303789840969,0.3185674633426442,9.534577025008577e-06
50.675112518753124,0.8128133191243853,0.3185560765709688,9.485408614035931e-06
50.7017836306051,0.8131023939888112,0.3185461246842113,9.43649267272981e-06
50.728454742457075,0.8133966859392489,0.31853763364667337,9.387828071200563e-06
50.75512585430905,0.8136952870789365,0.31853062540565574,9.339413681314122e-06
50.781796966161025,0.8139972992524764,0.3185251178914583,9.291248376691985e-06
50.808468078013,0.8143018340458354,0.31852112501738006,9.243331032711232e-06
50.835139189864975,0.8146080127863441,0.3185186566797192,9.195660526504507e-06
50.86181030171695,0.8149149665426972,0.31851771875777296,9.148235736960039e-06
50.888481413568925,0.8152218361249537,0.3185183131138377,9.101055544721623e-06
50.9151525254209,0.8155277720845365,0.31852043759320914,9.054118832188632e-06
50.941823637272876,0.815831934714233,0.31852408602418175,9.007424483516012e-06
50.96849474912485,0.8161334940481942,0.3185292482180495,8.960971384614285e-06
50.995165860976826,0.8164316298619357,0.31853590996910525,8.914758423149544e-06
51.0218369728288,0.8167255316723371,0.31854405305464106,8.868784488543457e-06
51.048508084680776,0.8170143987376418,0.3185536552349482,8.82304847197327e-06
51.07517919653275,0.8172974400574579,0.31856469025331696,8.777549266371797e-06
51.101850308384726,0.8175738743727569,0.3185771278360368,8.73228576642743e-06
51.1285214202367,0.8178429301658751,0.31859093369239644,8.687256868584136e-06
51.15519253208868,0.8181038456605125,0.31860606951468345,8.64246147104145e-06
51.18186364394065,0.8183558688217335,0.3186224929781848,8.597898473754491e-06
51.20853475579263,0.8185982573559664,0.3186401577411864,8.553566778433944e-06
51.2352058676446,0.8188302787110036,0.3186590134449735,8.50946528854607e-06
51.26187697949658,0.8190512100760019,0.31867900571383034,8.465592909312707e-06
51.28854809134855,0.8192603383814819,0.3187000761550402,8.421948547711264e-06
51.31521920320053,0.8194570018176836,0.31872216541348103,8.378531113011003e-06
51.34189031505251,0.8196408589962993,0.31874522666719973,8.335339511970831e-06
51.368561426904485,0.8198114365136907,0.31876918861278464,8.292372635861254e-06
51.39523253875646,0.8199682502321356,0.31879397488340433,8.24962937368868e-06
51.421903650608435,0.8201108598984561,0.3188195089976605,8.207108614010606e-06
51.44857476246041,0.8202388691440181,0.3188457143595878,8.164809244935604e-06
51.475245874312385,0.8203519254847312,0.3188725142586541,8.122730154123331e-06
51.50191698616436,0.8204497203210493,0.31889983186976006,8.080870228784521e-06
51.528588098016336,0.8205319889379699,0.3189275902532397,8.039228355680985e-06
51.55525920986831,0.8205985105050343,0.31895571235485987,7.997803421125616e-06
51.581930321720286,0.8206491080763281,0.3189841210058207,7.956594310982381e-06
51.60860143357226,0.8206836485904806,0.31901273892275506,7.915599910666333e-06
51.635272545424236,0.820702042870665,0.3190414887077292,7.874819105143599e-06
51.66194365727621,0.8207042456245982,0.31907029284824223,7.834250778931384e-06
51.688614769128186,0.8206902554445415,0.31909907371722646,7.793893816097975e-06
51.71528588098016,0.8206601148072997,0.31912775357304707,7.753747100262738e-06
51.74195699283214,0.8206139100742218,0.3191562545595025,7.713809514596117e-06
51.76862810468411,0.8205517714912003,0.31918449870582405,7.674079941819633e-06
51.79529921653609,0.8204738731886719,0.31921240792667627,7.634557264205889e-06
51.82197032838806,0.8203804331816172,0.31923990402215663,7.595240363578564e-06
51.84864144024004,0.8202717133695608,0.3192669086777958,7.55612812131242e-06
51.87531255209201,0.8201480195365708,0.3192933434645573,7.517219418333294e-06
51.90198366394399,0.8200097013512597,0.31931912983883787,7.478513135118103e-06
51.92865477579596,0.8198571523667836,0.31934418914246726,7.440008151694844e-06
51.95532588764794,0.8196908100208424,0.3193684426027083,7.401703347642593e-06
51.98199699949991,0.8195111556356804,0.31939181133225686,7.363597602091504e-06
52.00866811135189,0.8193185972776107,0.31941423427477106,7.325689816956756e-06
52.03533922320386,0.8191135930177087,0.31943566340933627,7.2879788963387395e-06
52.06201033505584,0.8188967949626187,0.3194560355900301,7.250463716530243e-06
52.08868144690781,0.8186688691703506,0.31947529153273463,7.213143159479079e-06
52.11535255875979,0.8184304950566835,0.31949337589063137,7.17601611290171e-06
52.14202367061176,0.8181823653951648,0.31951023725420125,7.13908147028325e-06
52.16869478246374,0.8179251863171109,0.31952582815122443,7.102338130877465e-06
52.195365894315714,0.8176596773116067,0.31954010504678065,7.065784999706775e-06
52.22203700616769,0.8173865712255061,0.3195530283432489,7.029420987562249e-06
52.248708118019664,0.8171066142634313,0.3195645623803077,6.9932450110036085e-06
52.275379229871646,0.8168205659877736,0.31957467543493484,6.957255992359218e-06
52.30205034172362,0.8165291993186932,0.31958333972140746,6.921452859726123e-06
52.3287214535756,0.8162333005341184,0.3195905313913023,6.885834546969992e-06
52.35539256542757,0.8159336692697465,0.31959623053349523,6.850399993725153e-06
52.38206367727955,0.8156311185190438,0.31960042117416165,6.815148145394588e-06
52.40873478913152,0.8153264746332449,0.3196030912767764,6.78007795314993e-06
52.4354059009835,0.8150205773213535,0.3196042327421135,6.745188373931465e-06
52.46207701283547,0.8147142796501415,0.3196038414082466,6.7104783704481275e-06
52.48874812468745,0.8144084480441502,0.31960191705054863,6.675946911177507e-06
52.51541923653942,0.814103962285689,0.31959846338169184,6.641592970365846e-06
52.5420903483914,0.8138017155148365,0.31959348805164794,6.607415528028035e-06
52.56876146024337,0.8135026142294396,0.31958700264768813,6.573413569947619e-06
52.59543257209535,0.8132075782851143,0.31957902269438276,6.539586087676793e-06
52.62210368394732,0.8129175408952449,0.3195695676536017,6.505932078536406e-06
52.6487747957993,0.8126332744928916,0.3195586597790006,6.472450553522603e-06
52.67544590765127,0.8123554100963425,0.31954633092266427,6.43914054237429e-06
52.70211701950325,0.8120848072760215,0.3195326223021929,6.406001076003689e-06
52.72878813135522,0.8118222918605498,0.3195175776657515,6.3730311945907725e-06
52.7554592432072,0.8115686519591475,0.3195012432301316,6.3402299477354814e-06
52.782130355059174,0.8113246379616331,0.3194836676807512,6.307596394457731e-06
52.80880146691115,0.8110909625384239,0.31946490217165474,6.275129603197403e-06
52.835472578763124,0.8108683006405359,0.3194450003255133,6.242828651814352e-06
52.8621436906151,0.8106572894995836,0.3194240182336243,6.210692627588403e-06
52.888814802467074,0.8104585286277799,0.3194020144559118,6.17872062721935e-06
52.91548591431905,0.8102725798179369,0.3193790500209263,6.14691175682696e-06
52.942157026171024,0.8100999671434649,0.3193551884258448,6.115265131950969e-06
52.968828138023,0.8099411769583729,0.31933049563647076,6.083779877551084e-06
52.995499249874975,0.8097966578972686,0.3193050400872342,6.052455128006982e-06
53.02217036172695,0.8096668208753585,0.3192788926811917,6.021290027118311e-06
53.048841473578925,0.8095520390884472,0.3192521267900262,5.990283728104689e-06
53.0755125854309,0.8094526480129386,0.31922481825404714,5.9594353936057065e-06
53.102183697282875,0.8093689454058348,0.3191970453821906,5.928744195680922e-06
53.12885480913485,0.8093011913047367,0.31916888895201917,5.898209315809866e-06
53.155525920986825,0.8092496080278437,0.3191404322097217,5.8678299448920385e-06
53.1821970328388,0.809214380173954,0.31911176087011384,5.837605283246912e-06
53.208868144690776,0.8091956546224642,0.3190829631166375,5.807534540613927e-06
53.23553925654276,0.8091935352574666,0.3190541244847688,5.7776169319491894e-06
53.26221036839473,0.809208022852837,0.3190253118736913,5.747851670703654e-06
53.28888148024671,0.8092390387117437,0.31899661199320695,5.718238003438284e-06
53.31555259209868,0.8092864642797409,0.31896811252301843,5.68877518621851e-06
53.34222370395066,0.8093501413835161,0.3189398987878568,5.659462481364629e-06
53.36889481580263,0.8094298722308902,0.3189120537574813,5.6302991574518086e-06
53.39556592765461,0.8095254194108181,0.31888465804667937,5.601284489310085e-06
53.422237039506584,0.8096365058933875,0.31885778991526686,5.572417758024364e-06
53.44890815135856,0.8097628150298202,0.3188315252680879,5.543698250934418e-06
53.475579263210534,0.8099039905524711,0.3188059376550148,5.515125261634893e-06
53.50225037506251,0.8100596365748285,0.3187810982709482,5.4866980899753e-06
53.528921486914484,0.8102293175915146,0.31875707595581687,5.4584160420600196e-06
53.55559259876646,0.8104125584782849,0.3187339371945781,5.430278430248303e-06
53.582263710618435,0.8106088444920282,0.31871174611721725,5.40228457315427e-06
53.60893482247041,0.8108176212707671,0.3186905644987481,5.374433795646908e-06
53.635605934322385,0.8110382948336574,0.3186704517592125,5.346725428850077e-06
53.66227704617436,0.8112702315809885,0.3186514649636808,5.3191588101425e-06
53.688948158026335,0.8115127582941835,0.3186336588222514,5.2917332831577745e-06
53.71561926987831,0.8117651621357985,0.31861708569005126,5.264448197784365e-06
53.742290381730285,0.8120266906495236,0.3186017955672353,5.2373029101656055e-06
53.76896149358226,0.8122965517601821,0.31858783609898683,5.210296782699698e-06
53.795632605434236,0.8125739137737308,0.3185752525755175,5.183429184039713e-06
53.82230371728621,0.8128579213677796,0.318564087816297,5.156699487524114e-06
53.848974829138186,0.8131480292508307,0.31855437580631896,5.130107038602585e-06
53.87564594099016,0.8134434173959584,0.31854613944822385,5.1036512123729024e-06
53.902317052842136,0.8137431120599782,0.31853939762494754,5.077331401166044e-06
53.92898816469411,0.8140461560533918,0.3185341654041558,5.051146997753726e-06
53.955659276546086,0.8143516087403868,0.31853045403824387,5.025097395348408e-06
53.98233038839806,0.8146585460388367,0.31852827096433695,4.999181987603288e-06
54.00900150025004,0.8149660604203011,0.31852761980428984,4.973400168612307e-06
54.03567261210201,0.8152732609100253,0.31852850036468705,4.9477513329101474e-06
54.06234372395399,0.8155792730869407,0.31853090863684286,4.922234875472233e-06
54.08901483580596,0.8158832390836646,0.31853483679680134,4.896850191714728e-06
54.11568594765794,0.8161843175865001,0.3185402732053361,4.871596677494537e-06
54.14235705950991,0.8164816838354365,0.31854720240795076,4.846473729109308e-06
54.169028171361894,0.816774529624149,0.3185556051348783,4.821480743297422e-06
54.19569928321387,0.8170620632999984,0.3185654583010817,4.7966171172380214e-06
54.222370395065845,0.8173435097640318,0.3185767350062536,4.7718822485509695e-06
54.24904150691782,0.8176181104709822,0.3185894045348163,4.747275535296878e-06
54.275712618769795,0.8178851234292683,0.318603432355922,4.722796375977101e-06
54.30238373062177,0.8181438232009951,0.3186187801234523,4.698444169533731e-06
54.329054842473745,0.8183935009019532,0.3186354056760189,4.674218315349603e-06
54.35572595432572,0.8186334642016192,0.31865326303696295,4.650118213248295e-06
54.382397066177695,0.8188630373231558,0.3186723024143554,4.626143263494123e-06
54.40906817802967,0.8190815610434117,0.31869247020099706,4.602292866792146e-06
54.435739289881646,0.8192883926929211,0.31871370897441825,4.5785664242881655e-06
54.46241040173362,0.8194829061559046,0.31873595749687916,4.55496333756872e-06
54.489081513585596,0.8196644918702686,0.3187591507153697,4.531483008661094e-06
54.51575262543757,0.8198325568276053,0.3187832197616094,4.50812484003331e-06
54.542423737289546,0.8199865308191292,0.31880809254228154,4.4848882347791995e-06
54.56909484914152,0.8201261187954799,0.31883371322263104,4.4617726002466745e-06
54.595765960993496,0.8202510372101409,0.31886001025858035,4.438777332889409e-06
54.62243707284547,0.82036094505228,0.31888690097194683,4.415901824480076e-06
54.64910818469745,0.8204555446621741,0.31891430321142766,4.3931454668262085e-06
54.67577929654942,0.8205345817312095,0.31894213535259996,4.370507651770207e-06
54.7024504084014,0.8205978453018821,0.3189703162979208,4.34798777118933e-06
54.72912152025337,0.8206451677677966,0.3189987654767271,4.325585216995699e-06
54.75579263210535,0.8206764248736677,0.31902740284523595,4.303299381136301e-06
54.78246374395732,0.8206915357153187,0.319056148886544,4.281129655592982e-06
54.8091348558093,0.8206904627396827,0.31908492461062815,4.259075432382451e-06
54.83580596766127,0.8206732117448021,0.319113651554345,4.237136103556279e-06
54.86247707951325,0.8206398318798285,0.3191422517814313,4.215311061200902e-06
54.88914819136522,0.8205904156450226,0.3191706478825035,4.193599697437615e-06
54.9158193032172,0.820525098891755,0.31919876297505806,4.1720014044225784e-06
54.94249041506917,0.820444060822505,0.3192265207034715,4.15051557434681e-06
54.96916152692115,0.8203475239908617,0.31925384523900013,4.129141599436197e-06
54.99583263877312,0.8202357543015233,0.31928066127978016,4.1078788719514825e-06
55.0225037506251,0.8201090610102975,0.3193068940508278,4.086726784188276e-06
55.049174862477074,0.8199677967241009,0.3193324693040392,4.065684728477047e-06
55.07584597432905,0.8198123574009599,0.31935731331819034,4.0447520971831285e-06
55.10251708618103,0.8196431823500101,0.31938135289893727,4.0239282827067105e-06
55.129188198033006,0.8194607542314962,0.31940451537881587,4.003212677482861e-06
55.15585930988498,0.8192655990567725,0.319426728617242,3.9826046739814945e-06
55.182530421736956,0.8190582861883027,0.3194479210005113,3.962103664707394e-06
55.20920153358893,0.8188393820845892,0.3194680258980586,3.9417090461531316e-06
55.23587264544091,0.8186093078097526,0.3194870025190432,3.921420231721639e-06
55.26254375729288,0.8183687632734672,0.3195047986568811,3.9012366160605585e-06
55.28921486914486,0.818118498622151,0.31952136272809184,3.881157593736059e-06
55.31588598099683,0.8178592709150725,0.3195366472263727,3.861182562867764e-06
55.34255709284881,0.8175918441243503,0.3195506087225989,3.841310925128754e-06
55.36922820470078,0.8173169891349538,0.31956320786482345,3.821542085745569e-06
55.39589931655276,0.8170354837447026,0.31957440937827714,3.8018754534982076e-06
55.42257042840473,0.8167481126642666,0.3195841820653687,3.7823104407201224e-06
55.44924154025671,0.8164556675171663,0.3195924988056847,3.762846463298227e-06
55.47591265210868,0.8161589468397724,0.3195993365559894,3.7434829406728916e-06
55.50258376396066,0.8158587560813062,0.319604676350225,3.724219295837943e-06
55.52925487581263,0.8155559076038393,0.3196085032995116,3.705054955340668e-06
55.55592598766461,0.8152512206822937,0.3196108065921471,3.685989349281808e-06
55.58259709951658,0.8149455215044417,0.3196115794936071,3.6670219113155644e-06
55.60926821136856,0.8146396431709061,0.31961081934654517,3.6481520786495964e-06
55.63593932322053,0.8143344256951601,0.3196085275707927,3.6293792920450187e-06
55.66261043507251,0.8140307160035273,0.319604709663359,3.610702995816406e-06
55.689281546924484,0.8137293679351816,0.319599375198431,3.592122637831789e-06
55.71595265877646,0.8134312422421474,0.3195925378273737,3.5736376695126575e-06
55.742623770628434,0.8131372065892994,0.3195842152787297,3.555247545833957e-06
55.76929488248041,0.812848135554363,0.3195744293582197,3.5369517253240933e-06
55.795965994332384,0.8125649106279135,0.3195632059487421,3.5187496700649275e-06
55.82263710618436,0.8122884202133769,0.3195505750103731,3.5006408456917793e-06
55.849308218036334,0.8120195596270297,0.3195365705803667,3.482624721393426e-06
55.87597932988831,0.8117590004688784,0.3195212261299822,3.4647007740697e-06
55.902650441740285,0.8115073427262403,0.31950458547740584,3.446868490036004e-06
55.92932155359226,0.8112653687969039,0.31948670321287265,3.42912735880576e-06
55.955992665444235,0.8110338187668379,0.3194676357313959,3.4114768749786187e-06
55.98266377729621,0.8108133903538589,0.3194474412311096,3.393916538241206e-06
56.009334889148185,0.8106047389076323,0.31942617971326814,3.3764458533671237e-06
56.03600600100017,0.8104084774096718,0.3194039129822468,3.3590643302169435e-06
56.06267711285214,0.8102251764733395,0.3193807046455413,3.3417714837382264e-06
56.08934822470412,0.8100553643438457,0.31935662011376825,3.324566833965496e-06
56.11601933655609,0.8098995268982494,0.3193317266006646,3.307449906020256e-06
56.14269044840807,0.8097581076454577,0.31930609312308816,3.290420230110983e-06
56.16936156026004,0.8096315077262263,0.31927979050101724,3.2734773415331326e-06
56.19603267211202,0.8095200859131592,0.3192528913575508,3.256620780669133e-06
56.22270378396399,0.8094241586107086,0.3192254701189085,3.2398500929883895e-06
56.24937489581597,0.8093439998551755,0.3191976030144306,3.223164829047282e-06
56.276046007667944,0.8092798413147089,0.319169368076578,3.206564544489166e-06
56.30271711951992,0.8092318722893064,0.31914084514093216,3.1900488000443718e-06
56.329388231371894,0.809200239710814,0.3191121158461953,3.1736171615302065e-06
56.35605934322387,0.8091850481429259,0.3190832636341902,3.157269199850952e-06
56.382730455075844,0.8091863597811849,0.3190543737498603,3.141004490997865e-06
56.40940156692782,0.8092041944529821,0.3190255332412696,3.1248226160491783e-06
56.436072678779794,0.8092385296175569,0.3189968309596029,3.1087231611700995e-06
56.46274379063177,0.809289301201796,0.3189683571549032,3.0927057173794466e-06
56.489414902483745,0.8093564217955431,0.31894018133985147,3.076769869993009e-06
56.51608601433572,0.8094396701315139,0.31891237928020993,3.060915218813823e-06
56.542757126187695,0.8095387518318918,0.31888503595528567,3.0451413747396485e-06
56.56942823803967,0.8096533395922619,0.3188582333208012,3.0294479515304744e-06
56.596099349891645,0.8097830731816101,0.3188320503088948,3.013834565808515e-06
56.62277046174362,0.8099275594423236,0.3188065628281202,2.998300837058214e-06
56.649441573595595,0.8100863722901913,0.3187818437634468,2.9828463876262414e-06
56.67611268544757,0.8102590527144028,0.3187579629762596,2.967470842721493e-06
56.702783797299546,0.8104451087775494,0.3187349873043591,2.952173830415095e-06
56.72945490915152,0.8106440156156234,0.3187129805619615,2.936954981640398e-06
56.756126021003496,0.8108552154380186,0.3186920035396985,2.921813930192981e-06
56.78279713285547,0.8110781175275299,0.3186721140046174,2.9067503127306506e-06
56.809468244707446,0.8113120982403536,0.3186533667001812,2.8917637687734405e-06
56.83613935655942,0.8115565010060871,0.31863581334626834,2.8768539407036114e-06
56.862810468411396,0.8118106363277292,0.3186195026391729,2.862020473765651e-06
56.88948158026337,0.81207378178168,0.3186044802516046,2.847263016066275e-06
56.91615269211535,0.8123451820177406,0.3185907888326887,2.8325812185744265e-06
56.94282380396732,0.812624048759114,0.3185784680079661,2.8179747351212747e-06
56.9694949158193,0.8129095608024036,0.3185675543793931,2.803443222400217e-06
56.99616602767128,0.8132008640176149,0.31855808152534193,2.788986339966874e-06
57.022837139523254,0.8134970713481541,0.3185500800006001,2.7746037502391055e-06
57.04950825137523,0.8137972628108288,0.3185435773363709,2.760295118496986e-06
57.076179363227205,0.8141005097727365,0.31853859770470055,2.7460601118995643e-06
57.10285047507918,0.8144061689663664,0.31853515396036053,2.7318983875961365e-06
57.129521586931155,0.814713366088219,0.3185332502513785,2.7178096134176246e-06
57.15619269878313,0.8150211385697865,0.3185328875469075,2.7037934617750933e-06
57.182863810635105,0.8153285458776457,0.3185340631479078,2.6898496051661043e-06
57.20953492248708,0.8156346695134582,0.3185367706871469,2.675977716174717e-06
57.236206034339055,0.8159386130139706,0.31854100012919984,2.662177467471488e-06
57.26287714619103,0.816239501951014,0.31854673777044873,2.648448531813471e-06
57.289548258043006,0.8165364839315044,0.3185539662390831,2.634790582044217e-06
57.31621936989498,0.8168287285974422,0.31856266449509973,2.6212032910937748e-06
57.342890481746956,0.817115427625913,0.31857280783030273,2.6076863319786908e-06
57.36956159359893,0.8173957947290871,0.3185843678683036,2.5942393778020073e-06
57.396232705450906,0.8176690656542193,0.3185973125645209,2.580862101753265e-06
57.42290381730288,0.8179344981836492,0.3186116062061808,2.5675541771085023e-06
57.449574929154856,0.8181913721348013,0.31862720941231654,2.554315277230254e-06
57.47624604100683,0.8184389893601849,0.31864407913376885,2.5411450755675526e-06
57.50291715285881,0.8186766737473937,0.31866216865318564,2.5280432456559286e-06
57.52958826471078,0.8189037712191066,0.3186814275850221,2.515009461117408e-06
57.55625937656276,0.819119649733087,0.31870180187554087,2.5020433956605166e-06
57.58293048841473,0.8193236992821831,0.3187232338028117,2.4891447230802756e-06
57.60960160026671,0.8195153318943277,0.31874566197671184,2.4763131172582044e-06
57.63627271211868,0.8196939816325387,0.31876902133892576,2.4635482521623194e-06
57.66294382397066,0.8198591045949183,0.31879324316294516,2.4508498018471346e-06
57.68961493582263,0.820010178914654,0.3188182550540692,2.438217440453661e-06
57.71628604767461,0.8201467620273495,0.31884398858264656,2.4256508431933967e-06
57.74295715952658,0.8202685904594182,0.31887038422484043,2.413149684445693e-06
57.76962827137856,0.8203753405396779,0.31889736012855746,2.400713633303987e-06
57.79629938323053,0.8204667238527031,0.31892483367072105,2.388342358647423e-06
57.82297049508251,0.8205424953532052,0.31895272278821357,2.376035529381001e-06
57.84964160693448,0.8206024533660315,0.31898094597787663,2.3637928144355762e-06
57.87631271878646,0.8206464395861656,0.31900942229651086,2.351613882767856e-06
57.90298383063843,0.8206743390787273,0.31903807136087614,2.339498403360405e-06
57.929654942490416,0.820686080278973,0.3190668133476914,2.327446045221637e-06
57.95632605434239,0.820681634992295,0.3190955689936346,2.3154564773858316e-06
57.982997166194366,0.8206610183942219,0.319124259595343,2.303529368913113e-06
58.00966827804634,0.8206242890304188,0.3191528070094129,2.2916643888894617e-06
58.036339389898316,0.820571548816687,0.31918113365239964,2.2798612064267154e-06
58.06301050175029,0.8205029430389638,0.3192091625008179,2.268119490662564e-06
58.08968161360227,0.820418660353323,0.31923681709114116,2.2564389107605534e-06
58.11635272545424,0.8203189327859747,0.3192640215198024,2.244819135910084e-06
58.14302383730622,0.8202040357332652,0.3192907004431934,2.2332598353264096e-06
58.16969494915819,0.8200742879616769,0.31931677907766526,2.22176067825064e-06
58.19636606101017,0.8199300516078288,0.3193421831995281,2.2103213339497387e-06
58.22303717286214,0.8197717321784759,0.31936683914505126,2.1989414717165242e-06
58.24970828471412,0.8195997785505095,0.3193906738104631,2.1876207608696694e-06
58.27637939656609,0.8194146829709573,0.3194136146519511,2.1763588707537015e-06
58.30305050841807,0.8192169810569832,0.31943558968566205,2.165155470739003e-06
58.32972162027004,0.8190072500557988,0.31945652763164745,2.1540102303023926e-06
58.35639273212202,0.8187859228089835,0.3194763766586049,2.142922827798748e-06
58.38306384397399,0.8185535756283828,0.31949508844728536,2.1318929375721872e-06
58.40973495582597,0.8183109450560289,0.31951260832634293,2.1209202288999776e-06
58.43640606767794,0.8180587752780265,0.31952888568781435,2.1100043729695227e-06
58.46307717952992,0.8177978181245537,0.31954387398711875,2.0991450428783648e-06
58.48974829138189,0.817528833069861,0.31955753074305787,2.088341913634183e-06
58.51641940323387,0.8172525872322722,0.31956981753781605,2.0775946621547946e-06
58.543090515085844,0.8169698553741839,0.3195807000169601,2.066902967268153e-06
58.56976162693782,0.8166814199020651,0.3195901478894394,2.056266509712351e-06
58.596432738789794,0.8163880708664583,0.3195981349275858,2.045684972135618e-06
58.62310385064177,0.8160906059619786,0.31960463896711383,2.0351580390963203e-06
58.649774962493744,0.8157898305273139,0.3196096419071205,2.0246853970629626e-06
58.67644607434572,0.8154865575452251,0.3196131297100852,2.014266734414187e-06
58.703117186197694,0.8151816076425461,0.31961509240187014,2.003901741438773e-06
58.72978829804967,0.8148758090901834,0.31961552407171995,1.993590110335637e-06
58.756459409901645,0.8145699978031166,0.31961442287226166,1.983331535213834e-06
58.78313052175362,0.8142650173403979,0.3196117910195051,1.9731257120925565e-06
58.809801633605595,0.8139617189051527,0.31960763479284243,1.9629723389011333e-06
58.83647274545757,0.8136609613445791,0.3196019645350484,1.9528711154790313e-06
58.86314385730955,0.8133636111499482,0.31959479465228047,1.9428217435758524e-06
58.88981496916153,0.8130705424566037,0.31958614361407833,1.932823926851345e-06
58.9164860810135,0.8127826370439627,0.31957603395336454,1.922877370875385e-06
58.94315719286548,0.8125007843355146,0.31956449226644396,1.9129817831279895e-06
58.96982830471745,0.8122258813988221,0.31955154921300405,1.9031368729993136e-06
58.99649941656943,0.8119587838382865,0.3195372384013945,1.8933423522265418e-06
59.0231705284214,0.8117000239160327,0.3195215944790689,1.8835979387009926e-06
59.04984164027338,0.8114503479024215,0.31950466786125953,1.8739033527880848e-06
59.07651275212535,0.8112105259012816,0.3194865129667605,1.8642583172087375e-06
59.10318386397733,0.8109812859886719,0.3194671860763231,1.854662557456067e-06
59.1298549758293,0.810763314212882,0.3194467453326555,1.845115801795385e-06
59.15652608768128,0.810557254594432,0.31942525074042305,1.8356177812642004e-06
59.183197199533254,0.810363709126073,0.31940276416624813,1.8261682296722179e-06
59.20986831138523,0.8101832377727864,0.3193793493387102,1.8167668836013379e-06
59.236539423237204,0.8100163584717843,0.31935507184834583,1.8074134824056583e-06
59.26321053508918,0.8098635471325096,0.3193299991476484,1.7981077682114722e-06
59.289881646941154,0.8097252376366355,0.31930420055106873,1.7888494859172697e-06
59.31655275879313,0.8096018218380662,0.31927774723501434,1.7796383831937366e-06
59.343223870645105,0.8094936495629359,0.31925071223785,1.7704742104837556e-06
59.36989498249708,0.8094010286096103,0.3192231704598975,1.7613567210024052e-06
59.396566094349055,0.8093242247486848,0.3191951986634357,1.75228567073696e-06
59.42323720620103,0.8092634617229862,0.31916687547270045,1.7432608184468915e-06
59.449908318053005,0.8092189212475716,0.3191382813738847,1.734281925663867e-06
59.47657942990498,0.8091907430097285,0.3191094987151385,1.7253487566917503e-06
59.503250541756955,0.8091790246689753,0.31908061170656893,1.7164610786066014e-06
59.52992165360893,0.809183821857061,0.31905170642024,1.7076186612566766e-06
59.556592765460906,0.8092051481779652,0.319022870790173,1.6988212772624283e-06
59.58326387731288,0.809242975207898,0.3189941946123461,1.6900687020165054e-06
59.609934989164856,0.8092972422457566,0.31896576172886576,1.6813607114643744e-06
59.63660610101683,0.8093678167307446,0.31893763741631065,1.6726970809831379e-06
59.663277212868806,0.8094544410597229,0.31890990661154534,1.6640775966534598e-06
59.68994832472078,0.8095568193975553,0.31888265321338577,1.6555020467864664e-06
59.716619436572756,0.8096746223655041,0.3188559581474683,1.646970221275853e-06
59.74329054842473,0.80980748704123,0.31882989936624984,1.638481911597883e-06
59.76996166027671,0.8099550169587915,0.3188045518490074,1.6300369108113893e-06
59.79663277212868,0.8101167821086455,0.3187799876018387,1.6216350135577732e-06
59.823303883980664,0.8102923189376473,0.31875627565766174,1.6132760160610026e-06
59.84997499583264,0.8104811303490502,0.318733482076215,1.6049597161276208e-06
59.876646107684614,0.8106826857025059,0.3187116699440573,1.5966859131467334e-06
59.90331721953659,0.8108964208140641,0.318690899374568,1.5884544080900164e-06
59.929988331388564,0.811121737956173,0.31867122750794685,1.5802650035117154e-06
59.95665944324054,0.8113580058576787,0.3186527085112139,1.572117503548644e-06
59.983330555092515,0.811604559703826,0.31863539357820975,1.5640117139201853e-06
60.01000166694449,0.8118607011362572,0.3186193309295953,1.5559474419282903e-06
60.036672778796465,0.8121256982530136,0.31860456581285207,1.5479244964574797e-06
60.06334389064844,0.8123987856085343,0.31859114050228177,1.5399426879748424e-06
60.090015002500415,0.8126791642136567,0.31857909429900666,1.532001828530036e-06
60.11668611435239,0.8129660015356164,0.3185684635309694,1.524101731755287e-06
60.143357226204365,0.8132584314980473,0.3185592815529331,1.5162422128653907e-06
60.17002833805634,0.8135555544809815,0.3185515787464812,1.5084230886577115e-06
60.196699449908316,0.8138564373208492,0.31854538252001763,1.500644177512182e-06
60.22337056176029,0.8141602925737176,0.31854071376543264,1.492905295370785e-06
60.250041673612266,0.8144664234729491,0.31853758016930517,1.485206256960319e-06
60.27671278546424,0.8147738611337378,0.31853598588694526,1.4775468837320302e-06
60.303383897316216,0.8150816540886129,0.31853593141734715,1.4699269972850642e-06
60.33005500916819,0.8153888722667384,0.31853741356231846,1.4623464192768657e-06
60.356726121020166,0.8156946069939137,0.3185404254264799,1.4548049714231785e-06
60.38339723287214,0.8159979709925733,0.3185449564172655,1.4473024754980455e-06
60.41006834472412,0.8162980983817865,0.3185509922449224,1.439838753333809e-06
60.43673945657609,0.8165941446772578,0.3185585149225111,1.43241362682111e-06
60.46341056842807,0.8168852867913269,0.3185675027659051,1.4250269179088893e-06
60.49008168028004,0.8171707230329683,0.31857793039379145,1.417678448604386e-06
60.51675279213202,0.8174496731077919,0.3185897687276702,1.410368040973139e-06
60.54342390398399,0.8177213781180426,0.3186029849918546,1.4030955171389864e-06
60.57009501583597,0.8179851005626001,0.31861754271347115,1.3958606992840649e-06
60.59676612768794,0.8182401243369796,0.3186334017224597,1.388663409648811e-06
60.62343723953992,0.818485754733331,0.3186505181515732,1.3815034705319597e-06
60.65010835139189,0.8187213184404394,0.31866884443637783,1.3743807042905459e-06
60.67677946324387,0.8189461635437252,0.31868832931525304,1.3672949333399028e-06
60.70345057509584,0.8191596595252436,0.3187089178293914,1.3602459801536637e-06
60.73012168694782,0.8193611972636851,0.3187305513227989,1.35323366726376e-06
60.7567927987998,0.819550189034375,0.31875316744229454,1.3462578172604215e-06
60.783463910651776,0.8197260685092739,0.3187767001375107,1.3393182527921818e-06
60.81013502250375,0.8198882907569773,0.31880107966089277,1.3324147965658684e-06
60.836806134355726,0.8200363359020981,0.31882623308917646,1.3255472713898479e-06
60.8634772462077,0.8201698676046135,0.318852102504382,1.3187155010504001e-06
60.890148358059676,0.8202885807544731,0.3188786157596055,1.3119193065887303e-06
60.91681946991165,0.8203921520436409,0.3189056902825516,1.3051585078684914e-06
60.943490581763626,0.8204803016122477,0.31893324401340367,1.2984329247605703e-06
60.9701616936156,0.8205527930485915,0.31896119540482387,1.2917423771430882e-06
60.99683280546758,0.8206094333891368,0.3189894634219529,1.2850866849014008e-06
61.02350391731955,0.8206500731185152,0.31901796754241035,1.2784656679280976e-06
61.05017502917153,0.820674606169525,0.3190466277562944,1.2718791461230025e-06
61.0768461410235,0.8206829699231316,0.31907536456618196,1.2653269393931738e-06
61.10351725287548,0.820675145208467,0.3191040989871286,1.2588088676529036e-06
61.13018836472745,0.8206511563028303,0.31913275254666873,1.2523247508237184e-06
61.15685947657943,0.8206110709316871,0.31916124728481526,1.245874408834379e-06
61.1835305884314,0.8205550002686703,0.31918950575406,1.2394576616208804e-06
61.21020170028338,0.8204830989355797,0.3192174510193734,1.233074329126452e-06
61.23687281213535,0.8203955650023814,0.31924500665820454,1.2267242313015566e-06
61.26354392398733,0.820292639987209,0.31927209676048124,1.220407188103892e-06
61.2902150358393,0.8201746088563626,0.3192986459286101,1.21412301949839e-06
61.31688614769128,0.8200418000243093,0.3193245792774764,1.2078715454572169e-06
61.34355725954325,0.819894585353683,0.319349822434444,1.2016525859597725e-06
61.37022837139523,0.8197333801552844,0.31937430153935553,1.1954659609926915e-06
61.3968994832472,0.8195586431880815,0.3193979432445325,1.1893114905498423e-06
61.42357059509918,0.8193708766592084,0.31942067471477487,1.183188994632328e-06
61.450241706951154,0.8191706262239669,0.31944242362736147,1.1770982932484856e-06
61.47691281880313,0.8189584400461979,0.3194631219376661,1.1710392074656914e-06
61.503583930655104,0.8187347269869321,0.3194827254064454,1.1650115632303483e-06
61.53025504250708,0.8185001668046193,0.3195011796833081,1.1590151809891442e-06
61.556926154359054,0.8182554928982272,0.3195184310126692,1.1530498810675771e-06
61.58359726621103,0.818001446785465,0.3195344296947946,1.1471154848219822e-06
61.610268378063004,0.8177387781027843,0.3195491300858011,1.1412118146395307e-06
61.63693948991498,0.8174682446053786,0.31956249059765607,1.1353386939382303e-06
61.663610601766955,0.8171906121671836,0.319574473698178,1.1294959471669247e-06
61.69028171361894,0.8169066547808768,0.31958504591103587,1.1236833998052932e-06
61.71695282547091,0.8166171545578779,0.31959417781574984,1.1179008783638552e-06
61.74362393732289,0.8163229017283485,0.31960184404769054,1.1121482103839625e-06
61.77029504917486,0.8160246946411924,0.31960802329807964,1.1064252244378046e-06
61.79696616102684,0.8157233397640553,0.3196126983139896,1.100731750128407e-06
61.82363727287881,0.815419651683325,0.31961585589834357,1.0950676180896324e-06
61.85030838473079,0.8151144531041313,0.31961748690991565,1.0894326599861792e-06
61.87697949658276,0.814808574850346,0.31961758626333076,1.0838267085135821e-06
61.90365060843474,0.8145028558645829,0.31961615292906453,1.0782495973982128e-06
61.93032172028671,0.814198143208198,0.31961318993344345,1.072701161397279e-06
61.95699283213869,0.8138952920612893,0.31960870435864486,1.0671812362988244e-06
61.98366394399066,0.8135951657226965,0.31960270734269697,1.06168965892173e-06
62.01033505584264,0.8132986356100019,0.3195952140794786,1.056226267115712e-06
62.037006167694614,0.8130065812595294,0.31958624381871964,1.0507908997613239e-06
62.06367727954659,0.812719890326345,0.3195758198660006,1.0453833967699554e-06
62.090348391398564,0.8124394585842568,0.3195639695827529,1.0400035990838324e-06
62.11701950325054,0.812166189925815,0.3195507243862588,1.0346513486760167e-06
62.143690615102514,0.8119008043266192,0.319536116332276,1.0293264896250318e-06
62.17036172695449,0.8116438816890766,0.3195201860955129,1.0240288690441944e-06
62.197032838806464,0.8113962196325568,0.3195029860606667,1.0187583348283363e-06
62.22370395065844,0.8111585765406177,0.3194845705916986,1.013514736372045e-06
62.250375062510415,0.8109316690685446,0.3194649959644341,1.0082979245802201e-06
62.27704617436239,0.8107161721433503,0.31944432036656306,1.003107751868074e-06
62.303717286214365,0.8105127189637749,0.31942260389763966,9.97944072161131e-07
62.33038839806634,0.8103219010002858,0.31939990856908235,9.928067408952288e-07
62.357059509918315,0.8101442679950782,0.3193762983041739,9.876956150165169e-07
62.38373062177029,0.8099803279620742,0.3193518389380615,9.826105529814574e-07
62.410401733622265,0.8098305471869237,0.31932659821775666,9.775514147568251e-07
62.43707284547424,0.8096953502270038,0.3193006458021351,9.725180618197072e-07
62.463743957326216,0.8095751199114191,0.3192740532619369,9.675103571575033e-07
62.49041506917819,0.8094701973410016,0.31924689407976653,9.625281652679257e-07
62.517086181030166,0.8093808818883105,0.3192192436500928,9.575713521589989e-07
62.54375729288214,0.8093074311976326,0.3191911792792487,9.526397853490604e-07
62.570428404734116,0.8092500611849822,0.31916278018543176,9.477333338667594e-07
62.59709951658609,0.8092089460381009,0.3191341274987037,9.428518682510585e-07
62.623770628438066,0.8091842182164576,0.31910530426099043,9.37995260551232e-07
62.65044174029005,0.8091759684512486,0.31907639542608246,9.33163384326866e-07
62.677112852142024,0.8091842457453978,0.3190474878596345,9.283561146478626e-07
62.703783963994,0.8092090573735564,0.31901867033916553,9.235733280944326e-07
62.730455075845974,0.8092503693769852,0.3189900332583867,9.18814902707665e-07
62.75712618769795,0.8093081167100051,0.3189616470306754,9.140807149983057e-07
62.783797299549924,0.8093821058052587,0.31893358753699746,9.093706455697338e-07
62.8104684114019,0.8094720721119631,0.31890594061943384,9.046845784090335e-07
62.837139523253875,0.809577717023635,0.31887878919020785,9.000223983759702e-07
62.86381063510585,0.8096987078780905,0.3188522132316852,8.953839912029908e-07
62.890481746957825,0.8098346779574455,0.31882628979637434,8.907692434952234e-07
62.9171528588098,0.8099852264881156,0.31880109300692583,8.861780427304777e-07
62.943823970661775,0.8101499186408158,0.31877669405613296,8.816102772592445e-07
62.97049508251375,0.810328285530561,0.3187531612069314,8.770658363046963e-07
62.997166194365725,0.8105198242166656,0.3187305597923993,8.725446099626867e-07
63.0238373062177,0.8107239977027436,0.31870895221575724,8.680464892017507e-07
63.050508418069676,0.8109402349367087,0.3186883979503683,8.63571365863105e-07
63.07717952992165,0.8111679308107743,0.31866895353973806,8.591191326606473e-07
63.103850641773626,0.8114064461614533,0.3186506725975145,8.546896831809566e-07
63.1305217536256,0.8116551077695583,0.3186336058074881,8.502829118832938e-07
63.157192865477576,0.8119132083602013,0.3186178009235918,8.458987140996005e-07
63.18386397732955,0.8121800066027944,0.31860330276990106,8.415369860345003e-07
63.210535089181526,0.8124547271110492,0.3185901532406337,8.371976247652976e-07
63.2372062010335,0.8127365604429764,0.31857839130015014,8.328805282419788e-07
63.26387731288548,0.8130246631008871,0.31856805298295315,8.285855952872109e-07
63.29054842473745,0.8133181575313915,0.318559171393688,8.243127255963429e-07
63.31721953658943,0.8136161321253996,0.31855177670714246,8.200618197374052e-07
63.3438906484414,0.8139176728252802,0.3185458956756593,8.158327787586262e-07
63.37056176029338,0.8142221480766281,0.31854154297852494,8.116255006623384e-07
63.39723287214535,0.814528670962936,0.3185387254185559,8.074398870245201e-07
63.42390398399733,0.814836278862246,0.3185374466721364,8.032758406649986e-07
63.4505750958493,0.8151440300097075,0.31853770669496323,7.991332644405688e-07
63.47724620770128,0.8154510034975786,0.3185395017220452,7.950120612449924e-07
63.50391731955325,0.8157562992752252,0.31854282426770336,7.909121340089977e-07
63.53058843140523,0.8160590381491214,0.31854766312557103,7.868333857002808e-07
63.5572595432572,0.816358361782849,0.31855400336859363,7.827757193235042e-07
63.583930655109185,0.8166534326970987,0.31856182634902885,7.787390379202965e-07
63.61060176696116,0.8169434342696682,0.3185711096984466,7.747232445692569e-07
63.637272878813135,0.817227570735464,0.3185818273277289,7.707282423859479e-07
63.66394399066511,0.8175050671865005,0.31859394942707014,7.667539345229002e-07
63.690615102517086,0.8177751695719002,0.31860744246597683,7.628002241696119e-07
63.71728621436906,0.8180371446978937,0.3186222691932676,7.588670145525477e-07
63.743957326221036,0.8182902802278194,0.3186383886370734,7.549542089351394e-07
63.77062843807301,0.8185338846821241,0.31865575610483743,7.51061710617786e-07
63.797299549924986,0.8187672874383625,0.31867432318331496,7.471894229378535e-07
63.82397066177696,0.8189898387311975,0.31869403773857347,7.433372492696746e-07
63.85064177362894,0.8192009096523999,0.31871484391599286,7.395050930245494e-07
63.87731288548091,0.8193998921508489,0.31873668214026496,7.356928576507447e-07
63.90398399733289,0.8195861990325312,0.318759489115394,7.319004466334948e-07
63.93065510918486,0.8197592639605421,0.3187831978246963,7.281277634950005e-07
63.95732622103684,0.8199185414550848,0.3188077375308004,7.243747117944299e-07
63.98399733288881,0.8200635517426342,0.3188330394586907,7.206411953386068e-07
64.01066844474079,0.8201940155145294,0.3188590464149529,7.169271178696264e-07
64.03733955659276,0.8203095899464872,0.31888567824254227,7.13232381509327e-07
64.06401066844474,0.8204099604026003,0.3189128528711966,7.095568882559234e-07
64.09068178029672,0.8204948557554902,0.31894048870368635,7.059005401085366e-07
64.11735289214869,0.8205640483863081,0.3189685046158148,7.022632390671882e-07
64.14402400400067,0.8206173541847349,0.3189968199564177,6.986448871327953e-07
64.17069511585264,0.8206546325489805,0.3190253545473637,6.950453863071835e-07
64.19736622770462,0.8206757863857843,0.31905402868355404,6.914646385930719e-07
64.22403733955659,0.8206807621104152,0.3190827631329226,6.879025459940884e-07
64.25070845140857,0.8206695496466715,0.31911147913643606,6.843590105147539e-07
64.27737956326054,0.820642182426881,0.31914009840809365,6.808339341604984e-07
64.30405067511252,0.8205987373919007,0.3191685431349275,6.773272189376452e-07
64.33072178696449,0.8205393349911173,0.3191967359770021,6.738387668534259e-07
64.35739289881647,0.8204641391824465,0.31922460006741504,6.703684799159659e-07
64.38406401066844,0.820373357432334,0.3192520590122962,6.669162601342992e-07
64.41073512252042,0.8202672407157544,0.3192790368908084,6.634820095183531e-07
64.43740623437239,0.8201460835162121,0.3193054582551471,6.600656300789634e-07
64.46407734622437,0.8200102238257405,0.31933124813054037,6.566670238278596e-07
64.49074845807634,0.8198600431449029,0.319356332015249,6.532860927776797e-07
64.51741956992832,0.8196959664827915,0.3193806358805666,6.499227389419552e-07
64.54409068178029,0.8195184623570285,0.31940408617081917,6.465768643351261e-07
64.57076179363227,0.819328042793765,0.31942660980336574,6.432483709725259e-07
64.59743290548424,0.8191252633276819,0.3194481341685978,6.399371608703967e-07
64.62410401733622,0.8189106047116764,0.3194685990722438,6.366431377294318e-07
64.65077512918819,0.8186845466775087,0.3194879596635959,6.333662060477874e-07
64.67744624104017,0.8184478087338818,0.3195061593215101,6.301062676890849e-07
64.70411735289214,0.8182011222359825,0.31952314519500014,6.26863225027359e-07
64.73078846474412,0.8179452270479328,0.31953886848232893,6.236369809937308e-07
64.75745957659609,0.8176808715427907,0.3195532844310084,6.20427439076421e-07
64.78413068844807,0.8174088126025492,0.3195663523377993,6.172345033207362e-07
64.81080180030004,0.8171298156181376,0.3195780355487115,6.140580783290825e-07
64.83747291215202,0.8168446544894203,0.3195883014590039,6.108980692609525e-07
64.86414402400399,0.8165541116251981,0.31959712151318437,6.077543818329377e-07
64.89081513585597,0.8162589779432063,0.3196044712050097,6.046269223187166e-07
64.91748624770794,0.815960052870117,0.3196103300774856,6.015155975490665e-07
64.94415735955992,0.8156581443415369,0.3196146817228671,5.98420314911851e-07
64.97082847141189,0.8153540688020094,0.31961751378265796,5.953409823520335e-07
64.99749958326387,0.8150486512050126,0.3196188179476109,5.922775083716634e-07
65.02417069511586,0.8147427250129606,0.3196185899577278,5.892298020298878e-07
65.05084180696782,0.8144371321972036,0.31961682960225946,5.861977729429467e-07
65.0775129188198,0.8141327232380264,0.31961354071970566,5.831813312841682e-07
65.10418403067177,0.8138303571246506,0.31960873119781524,5.801803877839795e-07
65.13085514252376,0.8135309013552322,0.3196024129735859,5.771948537298941e-07
65.15752625437572,0.8132352319368642,0.31959460203326445,5.742246409665252e-07
65.1841973662277,0.8129442333855741,0.3195853184123467,5.712696618955721e-07
65.21086847807968,0.8126587987263256,0.3195745861955774,5.683298294758332e-07
65.23753958993166,0.8123798294930179,0.3195624335169503,5.654050572231937e-07
65.26421070178363,0.8121082158327038,0.31954889211457527,5.624952592639138e-07
65.29088181363561,0.8118445267025597,0.3195339939604202,5.596003514583745e-07
65.31755292548758,0.8115894806356794,0.31951778596037816,5.567202505778618e-07
65.34422403733956,0.8113438664017526,0.31950032057881284,5.538548739996817e-07
65.37089514919153,0.8111084312948655,0.31948165223289854,5.51004139923775e-07
65.39756626104351,0.8108838811335001,0.31946183729262034,5.481679673727047e-07
65.42423737289548,0.8106708802605347,0.31944093408077395,5.453462761916685e-07
65.45090848474746,0.8104700515432433,0.3194190028729658,5.425389870484865e-07
65.47757959659943,0.8102819763732965,0.3193961058976131,5.397460214336133e-07
65.50425070845141,0.8101071946667604,0.3193723073359436,5.369673016601261e-07
65.53092182030338,0.8099462048640979,0.31934767332199576,5.342027508637366e-07
65.55759293215536,0.8097994639301672,0.31932227194261886,5.314522930027789e-07
65.58426404400733,0.8096673873542234,0.31929617323747284,5.287158528582215e-07
65.61093515585931,0.8095503491499167,0.3192694491990282,5.259933560336559e-07
65.63760626771128,0.8094486818552944,0.3192421737725663,5.232847289553075e-07
65.66427737956326,0.8093626765327991,0.31921442285617907,5.205898988720245e-07
65.69094849141523,0.80929258276927,0.3191862743007693,5.179087938552896e-07
65.71761960326721,0.809238608675942,0.31915780791005016,5.15241342799208e-07
65.74429071511918,0.8092009208884463,0.3191291054405459,5.125874754205192e-07
65.77096182697116,0.8091796445668101,0.3191002506015912,5.099471222585857e-07
65.79763293882313,0.8091748633954569,0.31907132905533153,5.07320214675404e-07
65.82430405067511,0.8091866195832058,0.31904242841672303,5.047066848555933e-07
65.85097516252708,0.8092149138632725,0.31901363825353257,5.021064658064072e-07
65.87764627437906,0.8092597110196277,0.31898504472501904,4.995194909080887e-07
65.90431738623103,0.8093209103023168,0.31895671301084294,4.969456930661979e-07
65.93098849808301,0.8093982857294441,0.31892872747709333,4.943850083692484e-07
65.95765960993499,0.8094915693119877,0.3189011730263131,4.918373737244429e-07
65.98433072178696,0.8096004585868222,0.3188741316675828,4.893027265190594e-07
66.01100183363894,0.809724616616718,0.3188476825165212,4.867810046204483e-07
66.03767294549091,0.8098636719903415,0.31882190179528475,4.84272146376041e-07
66.0643440573429,0.8100172188222554,0.3187968628325679,4.817760906133389e-07
66.09101516919486,0.8101848167529182,0.31877263606360307,4.792927766399253e-07
66.11768628104684,0.8103659909486847,0.3187492890301606,4.768221442434537e-07
66.14435739289881,0.8105602321018052,0.3187268863805487,4.7436413369165855e-07
66.1710285047508,0.8107669964304267,0.31870548986961356,4.7191868573234516e-07
66.19769961660276,0.8109857056785919,0.3186851583587393,4.694857415933998e-07
66.22437072845474,0.8112157471162398,0.3186659478158479,4.6706524298277936e-07
66.25104184030671,0.8114564735392049,0.3186479113153994,4.646571320885218e-07
66.2777129521587,0.8117072032692184,0.3186310990383915,4.6226135157873557e-07
66.30438406401066,0.8119672201539071,0.31861555827236016,4.5987784460161037e-07
66.33105517586264,0.8122357735667942,0.31860133341137903,4.5750655478540645e-07
66.35772628771461,0.8125120784072986,0.3185884659560598,4.5514742623846506e-07
66.3843973995666,0.8127953151007354,0.31857699451355204,4.528004035491981e-07
66.41106851141856,0.8130846295983157,0.3185669547975432,4.504654317860985e-07
66.43773962327055,0.813379133377147,0.3185583796282588,4.4814245649772996e-07
66.46441073512251,0.8136779034402319,0.31855129893246215,4.458314237127369e-07
66.4910818469745,0.8139801381240136,0.3185457365688683,4.435322788748994e-07
66.51775295882646,0.8142851628078184,0.3185417028105726,4.4124496680818173e-07
66.54442407067845,0.8145920118513343,0.31853920440060046,4.3896943451908204e-07
66.57109518253041,0.8148997316128234,0.31853824443327416,4.367056290943849e-07
66.5977662943824,0.8152073888573289,0.31853882226329,4.344534976433963e-07
66.62443740623436,0.8155140707566744,0.31854093350571855,4.3221298729795275e-07
66.65110851808635,0.8158188848894651,0.31854457003600467,4.299840452124121e-07
66.67777962993831,0.8161209592410862,0.31854971998996723,4.2776661856366277e-07
66.7044507417903,0.8164194422037047,0.3185563677637994,4.255606545511145e-07
66.73112185364226,0.8167135025762674,0.31856449401406867,4.233661003967077e-07
66.75779296549425,0.8170023295645031,0.3185740756577165,4.21182903344904e-07
66.78446407734621,0.8172851327809205,0.31858508587205875,4.190110106626956e-07
66.8111351891982,0.81756114224481,0.3185974940947854,4.168503696395961e-07
66.83780630105016,0.8178296083822421,0.31861126602396056,4.147009275876496e-07
66.86447741290215,0.8180898020260687,0.3186263636180227,4.1256263184142167e-07
66.89114852475413,0.8183410144159224,0.3186427450957844,4.1043542975800714e-07
66.9178196366061,0.8185825571982166,0.31866036493643246,4.083192687170268e-07
66.94449074845808,0.8188137624261458,0.3186791738795279,4.0621409612062413e-07
66.97116186031005,0.8190339825596848,0.3186991189250058,4.041198593934729e-07
66.99783297216203,0.8192425904655902,0.3187201433331757,4.0203650598276843e-07
67.024504084014,0.8194389794173985,0.3187421866247212,3.999639833582364e-07
67.05117519586598,0.8196225630954279,0.3187651845807,3.9790223901212417e-07
67.07784630771795,0.8197927755867767,0.3187890692425443,3.9585122045920924e-07
67.10451741956993,0.8199490713877167,0.3188137689123939,3.938108752367992e-07
67.1311885314219,0.8200910558433332,0.3188392231235919,3.917811511438237e-07
67.15785964327388,0.8202184310089919,0.31886536583835967,3.8976199538898405e-07
67.18453075512585,0.8203308475058267,0.31889211495846054,3.8775335465118914e-07
67.21120186697783,0.820427999510217,0.31891938882619436,3.8575517560849185e-07
67.2378729788298,0.8205096247537882,0.3189471062243969,3.8376740493809784e-07
67.26454409068178,0.8205755045234111,0.31897518637644023,3.8178998931635685e-07
67.29121520253375,0.8206254636612025,0.3190035489462324,3.7982287541877115e-07
67.31788631438573,0.8206593705645249,0.3190321140382178,3.778660099199873e-07
67.3445574262377,0.8206771371859863,0.3190608021973767,3.759193394938045e-07
67.37122853808968,0.820678719033441,0.3190895344092259,3.73982810813166e-07
67.39789964994165,0.8206641151699884,0.3191182320998179,3.7205637055016767e-07
67.42457076179363,0.8206333682139738,0.3191468171357416,3.701399653760496e-07
67.4512418736456,0.8205865643389887,0.3191752118241221,3.6823354196120446e-07
67.47791298549758,0.8205238332738696,0.3192033389126205,3.663370469751691e-07
67.50458409734955,0.8204453483026992,0.319231121589434,3.644504270866329e-07
67.53125520920153,0.820351326264806,0.3192584834832961,3.6257362896342965e-07
67.5579263210535,0.8202420275547638,0.3192853486634764,3.6070659927254535e-07
67.58459743290548,0.8201177561223926,0.3193116416397806,3.588492846801106e-07
67.61126854475745,0.8199788594727578,0.3193372873625505,3.570016318514082e-07
67.63793965660943,0.8198257286661708,0.3193622112226642,3.551635874508655e-07
67.6646107684614,0.8196587983181886,0.3193863390515358,3.5333509814206206e-07
67.69128188031338,0.8194785465996137,0.3194095971211156,3.515161105877221e-07
67.71795299216535,0.8192854952364949,0.31943191214389,3.4970657144972185e-07
67.74462410401733,0.8190802030399388,0.31945321186165415,3.479064274390455e-07
67.7712952158693,0.8188630769983878,0.3194734463540251,3.461156268079868e-07
67.79796632772128,0.818634712762595,0.31949256438531753,3.443341167926854e-07
67.82463743957327,0.8183958316991983,0.31951050995509483,3.4256184404130623e-07
67.85130855142523,0.8181471640026369,0.3195272311064991,3.4079875550345057e-07
67.87797966327722,0.8178894486951519,0.31954267992625135,3.3904479843015354e-07
67.90465077512918,0.8176234336267869,0.31955681254465135,3.372999203738904e-07
67.93132188698117,0.8173498754753868,0.31956958913557765,3.355640691885695e-07
67.95799299883313,0.8170695397465995,0.31958097391648776,3.3383719302953923e-07
67.98466411068512,0.8167832007738736,0.31959093514841785,3.3211924035358086e-07
68.01133522253708,0.8164916417184608,0.31959944513598293,3.3041015991891603e-07
68.03800633438907,0.816195654569414,0.3196064802273769,3.2870990078519916e-07
68.06467744624103,0.8158960401435889,0.3196120208143724,3.2701841231352483e-07
68.09134855809302,0.815593608085642,0.31961605133232096,3.253356441664207e-07
68.11801966994499,0.815289176868033,0.3196185602601528,3.2366154630785436e-07
68.14469078179697,0.8149835737910229,0.3196195401203771,3.219960690032266e-07
68.17136189364894,0.814677634982675,0.3196189874790817,3.2033916281937817e-07
68.19803300550092,0.8143722053988541,0.3196169029459333,3.1869077862458295e-07
68.22470411735289,0.8140681388232277,0.31961329117417764,3.170508675885547e-07
68.25137522920487,0.8137662978672645,0.31960816086063887,3.154193811824405e-07
68.27804634105684,0.8134675539702361,0.3196015247457203,3.1379627117882723e-07
68.30471745290882,0.813172787399215,0.31959339961340383,3.121814896517349e-07
68.33138856476079,0.8128828872490766,0.3195838062912503,3.1057498897662374e-07
68.35805967661277,0.8125987514424978,0.3195727696503993,3.0897672183038676e-07
68.38473078846474,0.8123212867299578,0.3195603186055694,3.073866411913572e-07
68.41140190031672,0.8120513070434899,0.3195464842476235,3.058047005053667e-07
68.43807301216869,0.8117893553248985,0.31953130218836767,3.042308542372893e-07
68.46474412402067,0.811536224107144,0.3195148222671092,3.026650570961714e-07
68.49141523587264,0.8112926913848999,0.31949709705373,3.011072642059673e-07
68.51808634772462,0.8110594938880977,0.31947818110433424,2.995574311386094e-07
68.54475745957659,0.8108373270819283,0.3194581309612486,2.9801551391401514e-07
68.57142857142857,0.8106268451668405,0.3194370051530221,2.9648146900008015e-07
68.59809968328054,0.8104286610785423,0.31941486419442594,2.9495525331268505e-07
68.62477079513252,0.8102433464880001,0.31939177058645396,2.9343682421568855e-07
68.65144190698449,0.8100714318014394,0.31936778881632216,2.9192613952093444e-07
68.67811301883647,0.8099134061603436,0.3193429853574689,2.904231574882447e-07
68.70478413068844,0.8097697174414556,0.31931742866955504,2.8892783682542616e-07
68.73145524254042,0.8096407722567766,0.3192911891984637,2.8744013668826403e-07
68.7581263543924,0.8095269359535663,0.3192643393763004,2.8596001668052745e-07
68.78479746624437,0.8094285326143436,0.3192369536213929,2.8448743685396723e-07
68.81146857809635,0.8093458450568856,0.3192091083382916,2.830223577083132e-07
68.83813968994832,0.8092791148342282,0.31918088191776894,2.8156474019128024e-07
68.8648108018003,0.8092285422346661,0.31915235473681985,2.801145456985613e-07
68.89148191365227,0.8091942862817527,0.3191236091586618,2.7867173607383437e-07
68.91815302550425,0.8091764647342998,0.3190947295327342,2.7723627360875564e-07
68.94482413735622,0.8091751540863782,0.3190658021946993,2.7580812104296616e-07
68.9714952492082,0.8091903895673173,0.3190369154664414,2.743872415640854e-07
68.99816636106017,0.8092221651417049,0.31900815965606727,2.729735988077175e-07
69.02483747291215,0.8092704409711609,0.31897961144013176,2.7156715619760685e-07
69.05150858476412,0.8093350677941212,0.31895134149842796,2.701678777881292e-07
69.0781796966161,0.809415808184281,0.31892343666222167,2.6877572900618786e-07
69.10485080846807,0.8095123897890567,0.31889598096903055,2.673906755457448e-07
69.13152192032005,0.8096245054414762,0.31886905559319745,2.660126833643296e-07
69.15819303217202,0.8097518131601791,0.31884273884589015,2.646417186830453e-07
69.184864144024,0.8098939361494167,0.3188171061751015,2.632777479865629e-07
69.21153525587597,0.8100504627990515,0.3187922301656493,2.619207380231266e-07
69.23820636772795,0.8102209466845579,0.3187681805391764,2.605706558045485e-07
69.26487747957992,0.8104049065670218,0.3187450241541506,2.592274686062142e-07
69.2915485914319,0.8106018263931405,0.3187228250058648,2.5789114396707684e-07
69.31821970328387,0.8108111552952231,0.3187016442264368,2.565616496896634e-07
69.34489081513586,0.81103230759119,0.31868154008480953,2.5523895384006823e-07
69.37156192698782,0.8112646627845735,0.31866256798675074,2.539230247479594e-07
69.3982330388398,0.8115075655645174,0.31864478047485345,2.526138310065727e-07
69.42490415069177,0.8117603258057767,0.31862822722853545,2.513113414727173e-07
69.45157526254376,0.8120222185687185,0.3186129550640397,2.5001552526677015e-07
69.47824637439572,0.812292484099321,0.318599007934434,2.487263517726817e-07
69.5049174862477,0.8125703278291743,0.31858642692961137,2.4744379063797016e-07
69.53158859809967,0.8128549203754799,0.3185752502762897,2.461678117737271e-07
69.55825970995166,0.8131453975410511,0.31856551333801186,2.4489838535461214e-07
69.58493082180362,0.8134408603143123,0.31855724861514584,2.4363548181885793e-07
69.6116019336556,0.8137403860114062,0.31855048557694987,2.423790718262676e-07
69.63827304550757,0.8140433228743751,0.3185452428532021,2.4112912515252257e-07
69.66494415735956,0.814348833430947,0.318541529573845,2.398856124003221e-07
69.69161526921154,0.8146559519499695,0.31853935195738825,2.386485047488595e-07
69.7182863810635,0.8149637327342678,0.31853871246749454,2.3741777339068173e-07
69.74495749291549,0.8152712501206447,0.3185396098129797,2.361933895316875e-07
69.77162860476746,0.8155775984798799,0.3185420389478124,2.349753243911319e-07
69.79829971661944,0.815881892216731,0.3185459910711145,2.337635492016212e-07
69.82497082847141,0.8161832657699322,0.3185514536271607,2.3255803520911793e-07
69.85164194032339,0.8164808736121959,0.3185584103053789,2.3135875367293586e-07
69.87831305217536,0.8167738902502111,0.31856684104034977,2.3016567586574505e-07
69.90498416402734,0.8170615102246446,0.3185767220118072,2.2897877307356672e-07
69.93165527587931,0.8173429481101403,0.31858802564463795,2.2779801659577835e-07
69.95832638773129,0.8176174385153196,0.31860072060888195,2.266233777451087e-07
69.98499749958326,0.8178842360827813,0.31861477181973197,2.2545482784764277e-07
70.01166861143524,0.8181426154891014,0.31863014043753385,2.2429233824281675e-07
70.03833972328721,0.818391871444833,0.3186467838677865,2.2313588028342316e-07
70.06501083513919,0.8186313186945073,0.3186646557611417,2.2198542533560564e-07
70.09168194699116,0.8188602920166319,0.3186837060134045,2.208409447788642e-07
70.11835305884314,0.8190781462236927,0.31870388076553263,2.1970241000605e-07
70.14502417069511,0.819284256162152,0.3187251224036371,2.1856979242337048e-07
70.17169528254709,0.8194780167124502,0.31874736955898175,2.1744306345038435e-07
70.19836639439906,0.8196588427890046,0.3187705571079835,2.1632219452000648e-07
70.22503750625104,0.8198261693402101,0.3187946161722124,2.1520715707850308e-07
70.25170861810301,0.8199794672098052,0.31881947613256767,2.1409792260888992e-07
70.27837972995499,0.8201184213378852,0.3188450817253721,2.1299446269072055e-07
70.30505084180696,0.8202426896030032,0.3188713573807318,2.1189674841656365e-07
70.33172195365894,0.8203519315029381,0.31889822136706436,2.1080475077343482e-07
70.35839306551091,0.8204458501269333,0.3189255923667215,2.0971844074729745e-07
70.38506417736289,0.820524192155698,0.3189533894759891,2.0863778932305796e-07
70.41173528921486,0.8205867478614062,0.3189815322050869,2.0756276748457047e-07
70.43840640106684,0.8206333511076966,0.31900994047816883,2.064933462146322e-07
70.46507751291881,0.8206638793496736,0.3190385346333229,2.0542949649498806e-07
70.49174862477079,0.8206782536339063,0.3190672354225711,2.0437118930632605e-07
70.51841973662276,0.8206764385984292,0.3190959640118695,2.0331839562828184e-07
70.54509084847474,0.8206584424727416,0.3191246419811083,2.0227108643943425e-07
70.57176196032671,0.820624317077808,0.3191531913241116,2.0122923271730972e-07
70.5984330721787,0.8205741578260581,0.3191815344486378,2.001928054383778e-07
70.62510418403066,0.8205081037213867,0.31920959417637906,1.9916177557805578e-07
70.65177529588264,0.8204263373591535,0.31923729374296195,1.9813611411070396e-07
70.67844640773463,0.8203290849261834,0.3192645567979468,1.9711579200962985e-07
70.7051175195866,0.8202166162007666,0.3192913074048281,1.9610078024708625e-07
70.73178863143858,0.8200892445526579,0.31931747004103445,1.950910497942697e-07
70.75845974329054,0.8199473269430777,0.31934296959792846,1.9408657162132436e-07
70.78513085514253,0.8197912639247112,0.3193677313808068,1.9308731669733763e-07
70.8118019669945,0.819621499641709,0.31939168110890026,1.9209325599034435e-07
70.83847307884648,0.8194385218296864,0.3194147449153736,1.9110436046732277e-07
70.86514419069844,0.819242861815724,0.31943684934732564,1.9012060109419848e-07
70.89181530255043,0.8190350526031331,0.3194579254796817,1.8914194901431733e-07
70.9184864144024,0.818815496466186,0.3194779286735605,1.8816837614353787e-07
70.94515752625438,0.8185848629232634,0.3194968031988529,1.871998535012458e-07
70.97182863810635,0.8183438726263341,0.3195144939447035,1.862363520940142e-07
70.99849974995833,0.8180932553143917,0.31953094983904423,1.8527784309168815e-07
71.0251708618103,0.8178337498134558,0.3195461238485942,1.8432429782738893e-07
71.05184197366228,0.8175661040365707,0.3195599729788599,1.833756877975099e-07
71.07851308551425,0.817291074983807,0.3195724582741349,1.8243198466172064e-07
71.10518419736623,0.8170094287422601,0.3195835448175001,1.8149316024296274e-07
71.1318553092182,0.8167219404860511,0.3195932017308237,1.8055918652745404e-07
71.15852642107018,0.8164293944763261,0.31960140217476096,1.7963003566468443e-07
71.18519753292215,0.8161325840612573,0.31960812334875466,1.7870567996741993e-07
71.21186864477413,0.8158323116760419,0.3196133464910347,1.7778609191169876e-07
71.2385397566261,0.8155293888429025,0.3196170568786182,1.768712441368352e-07
71.26521086847808,0.8152246361710872,0.3196192438273095,1.7596110944541568e-07
71.29188198033005,0.8149188833568698,0.3196199006917003,1.7505566080330274e-07
71.31855309218203,0.814612969183549,0.3196190248651696,1.7415487133963114e-07
71.345224204034,0.8143077415214494,0.3196166177798834,1.7325871434681166e-07
71.37189531588598,0.8140040573279205,0.31961268490679523,1.7236716328052726e-07
71.39856642773795,0.813702782647338,0.3196072357556457,1.7148019175973702e-07
71.42523753958993,0.8134047926111021,0.3196002838749627,1.705977735666722e-07
71.4519086514419,0.8131109714376393,0.3195918468520615,1.6971988264684005e-07
71.47857976329388,0.8128222124324008,0.3195819463130443,1.6884649310902015e-07
71.50525087514585,0.8125394179878638,0.319570607922801,1.6797757922526802e-07
71.53192198699783,0.8122634995835304,0.3195578613850084,1.6711311543091146e-07
71.5585930988498,0.8119951419057315,0.31954373692276755,1.6625307655416343e-07
71.58526421070178,0.8117349690132265,0.3195282755585732,1.6539743785720958e-07
71.61193532255376,0.8114837896652042,0.31951152802796406,1.645461747224442e-07
71.63860643440573,0.8112423715489262,0.319493547080278,1.6369926277617193e-07
71.66527754625771,0.8110114412612882,0.3194743874782096,1.6285667788862074e-07
71.69194865810968,0.8107916843088203,0.3194541059978106,1.6201839617394486e-07
71.71861976996166,0.8105837451076866,0.31943276142848936,1.6118439399022137e-07
71.74529088181363,0.8103882269836856,0.31941041457301145,1.6035464793945358e-07
71.77196199366561,0.81020569217225,0.31938712824749904,1.595291348675677e-07
71.79863310551758,0.8100366618184466,0.3193629672814315,1.587078318644162e-07
71.82530421736956,0.8098816159769765,0.31933799851764477,1.5789071626377431e-07
71.85197532922153,0.809740993612175,0.3193122908123321,1.570777656433437e-07
71.87864644107351,0.8096151925980115,0.3192859150350433,1.5626895782474869e-07
71.90531755292548,0.8095045697180899,0.3192589440686852,1.5546427087354e-07
71.93198866477746,0.809409440665648,0.31923145280952164,1.5466368309919116e-07
71.95865977662943,0.809330080043558,0.31920351816717324,1.5386717305510196e-07
71.98533088848141,0.8092667213643262,0.3191752190646175,1.53074719538595e-07
72.01200200033338,0.8092195570500933,0.31914663643818897,1.5228630159091927e-07
72.03867311218536,0.8091887384326341,0.3191178532375789,1.5150189849724646e-07
72.06534422403733,0.8091743757533574,0.3190889544258357,1.507214897866746e-07
72.09201533588931,0.8091765381633065,0.3190600269793644,1.4994505523222456e-07
72.11868644774128,0.8091952537231589,0.3190311598879273,1.4917257485084348e-07
72.14535755959326,0.8092305109930621,0.3190024427073373,1.4840402886634867e-07
72.17202867144523,0.8092822510951174,0.3189739427912978,1.4763939725347988e-07
72.19869978329722,0.8093502863225654,0.31894574041292995,1.4687866081391903e-07
72.22537089514918,0.8094343743252691,0.3189179216436152,1.4612180075254982e-07
72.25204200700117,0.8095342376630735,0.3188905697165581,1.4536879841872046e-07
72.27871311885313,0.8096495638058058,0.31886376502678637,1.4461963530624683e-07
72.30538423070512,0.809780005133275,0.31883758513115057,1.438742930534093e-07
72.33205534255708,0.8099251789352723,0.31881210474832444,1.431327534429559e-07
72.35872645440907,0.810084667411571,0.3187873957588047,1.4239499840209916e-07
72.38539756626103,0.8102580176719262,0.31876352720491125,1.4166101000251923e-07
72.41206867811302,0.8104447417360753,0.3187405652907868,1.4093077046036084e-07
72.43873978996498,0.8106443165337371,0.3187185733823973,1.4020426213623628e-07
72.46541090181697,0.8108561839046134,0.3186976120075316,1.3948146753522241e-07
72.49208201366893,0.8110797505983871,0.31867773885580175,1.387623693068637e-07
72.51875312552092,0.8113143882747239,0.31865900877864267,1.3804695024516918e-07
72.5454242373729,0.8115594335032709,0.3186414737893124,1.3733519328861506e-07
72.57209534922487,0.8118141877636573,0.31862518306289206,1.366270815201437e-07
72.59876646107685,0.8120779174454948,0.3186101829362858,1.359225981671623e-07
72.62543757292882,0.8123498538483767,0.3185965169082208,1.3522172660154576e-07
72.6521086847808,0.8126291931818784,0.31858422563924715,1.3452445033963344e-07
72.67877979663277,0.8129150965655574,0.3185733469517383,1.3383075304223235e-07
72.70545090848475,0.8132066900289533,0.31856391582989035,1.3314061851461408e-07
72.73212202033672,0.8135030645115873,0.31855596441972284,1.3245403070651776e-07
72.7587931321887,0.8138033570746878,0.31854952048879326,1.3177097354439565e-07
72.78546424404067,0.8141069420034134,0.3185445980664342,1.31091430539546e-07
72.81213535589265,0.8144128822616238,0.31854120609553505,1.3041538590901203e-07
72.83880646774462,0.8147202195271162,0.3185393501382675,1.2974282396284696e-07
72.8654775795966,0.8150280152052423,0.31853903198974975,1.2907372901886314e-07
72.89214869144857,0.815335350428907,0.3185402496780465,1.284080854026349e-07
72.91881980330055,0.8156413260585701,0.3185429974641692,1.2774587744749573e-07
72.94549091515252,0.8159450626822444,0.3185472658420756,1.270870894945411e-07
72.9721620270045,0.8162457006154975,0.31855304153867015,1.2643170589262565e-07
72.99883313885647,0.8165423999014501,0.31856030751380393,1.2577971099836596e-07
73.02550425070845,0.8168343403107778,0.31856904296027444,1.2513108917613776e-07
73.05217536256042,0.8171207213417093,0.31857922330382576,1.2448582479807885e-07
73.0788464744124,0.817400762220028,0.3185908202031486,1.2384390224408607e-07
73.10551758626437,0.8176737018990706,0.31860380154988016,1.232053059018183e-07
73.13218869811635,0.8179387990597284,0.3186181314686043,1.2257002016669355e-07
73.15885980996832,0.818195332110446,0.3186337703168512,1.219380294418918e-07
73.1855309218203,0.8184425991872226,0.31865067468509783,1.2130931813835228e-07
73.21220203367227,0.8186799181536109,0.3186687973967677,1.2068387067477601e-07
73.23887314552425,0.8189066266007177,0.31868808750823074,1.2006167147762335e-07
73.26554425737622,0.8191220818472037,0.31870849030880355,1.1944270498111655e-07
73.2922153692282,0.8193256609392838,0.3187299473207492,1.1882695562723701e-07
73.31888648108017,0.8195167606507267,0.3187523962992775,1.1821440786572811e-07
73.34555759293215,0.819694797482855,0.3187757712325445,1.1760504615409245e-07
73.37222870478412,0.8198592076645452,0.3188000023416531,1.169988549575945e-07
73.3988998166361,0.820009508931231,0.3188250233127644,1.1639581878777531e-07
73.42557092848807,0.8201454142848319,0.31885077661616784,1.1579592210974632e-07
73.45224204034005,0.8202665588686312,0.31887718190785613,1.15199149148483e-07
73.47891315219204,0.8203726111373724,0.31890415775963993,1.1460548411658122e-07
73.505584264044,0.8204632831654077,0.3189316231356049,1.1401491122580327e-07
73.53225537589599,0.8205383306466995,0.31895949739211216,1.1342741468707702e-07
73.55892648774795,0.8205975528948184,0.31898770027779777,1.12842978710498e-07
73.58559759959994,0.8206407928429449,0.31901615193357313,1.1226158750532702e-07
73.6122687114519,0.8206679370438683,0.31904477289262484,1.1168322527999255e-07
73.63893982330389,0.8206789156699874,0.3190734840804147,1.1110787624208833e-07
73.66561093515585,0.8206737025133102,0.31910220681467966,1.1053552459837578e-07
73.69228204700784,0.8206523149854539,0.31913086280543196,1.0996615455478156e-07
73.7189531588598,0.8206148141176447,0.31915937415495893,1.093997503164e-07
73.74562427071179,0.8205613045607184,0.3191876633578232,1.0883629608749073e-07
73.77229538256375,0.8204919345851199,0.3192156533008626,1.0827577607148102e-07
73.79896649441574,0.8204068960809031,0.31924326726319013,1.077181744709634e-07
73.8256376062677,0.8203064245577316,0.319270428916194,1.071634754876981e-07
73.85230871811969,0.8201907991448776,0.3192970623235376,1.0661166332261057e-07
73.87897982997166,0.8200603425912232,0.31932309194115954,1.0606272217579398e-07
73.90565094182364,0.8199154212652592,0.31934844261727374,1.0551663624650675e-07
73.9323220536756,0.8197564451550858,0.31937303959236907,1.0497338973317492e-07
73.95899316552759,0.8195838678684125,0.31939680849920987,1.0443296683338987e-07
73.98566427737956,0.8193981866325583,0.31941967536283555,1.0389535174391058e-07
74.01233538923154,0.8191999422944505,0.3194415666005607,1.0336052866066139e-07
74.0390065010835,0.8189896182538895,0.31946241964173433,1.0282848201578866e-07
74.06567761293549,0.8187676701442443,0.31948218971406767,1.0229919643397258e-07
74.09234872478746,0.8185348026577345,0.3195008191241953,1.0177265608458868e-07
74.11901983663944,0.8182917363411468,0.31951825364201636,1.0124884521042538e-07
74.1456909484914,0.8180392010381107,0.3195344430722195,1.0072774814278809e-07
74.17236206034339,0.8177779358890966,0.31954934125428314,1.0020934930149688e-07
74.19903317219536,0.8175086893314177,0.3195629060624753,9.96936331948888e-08
74.22570428404734,0.8172322190992286,0.3195750994058535,9.918058441981562e-08
74.2523753958993,0.8169492922235261,0.3195858872282649,9.867018766164601e-08
74.27904650775129,0.8166606850321486,0.31959523950834656,9.816242769426338e-08
74.30571761960326,0.8163671831497769,0.31960313025952475,9.765728938006808e-08
74.33238873145524,0.8160695814979332,0.3196095375300156,9.715475766997517e-08
74.35905984330721,0.8157686842949821,0.3196144434028248,9.665481760341662e-08
74.38573095515919,0.8154653050561296,0.3196178339957477,9.615745430833918e-08
74.41240206701117,0.8151602665934241,0.31961969946136926,9.566265300120621e-08
74.43907317886314,0.814854401015756,0.31962003398706396,9.51703989869969e-08
74.46574429071512,0.8145485497288569,0.31961883579499595,9.468067765920545e-08
74.49241540256709,0.8142435634353012,0.31961610714211913,9.419347449984296e-08
74.51908651441907,0.8139403021345044,0.3196118543201769,9.370877507943533e-08
74.54575762627104,0.8136396351227247,0.31960608765570225,9.322656505702529e-08
74.57242873812302,0.8133424409930616,0.31959882151001784,9.274683018017039e-08
74.59909984997499,0.8130496076354571,0.31959007427923597,9.226955628494502e-08
74.62577096182697,0.8127620322366943,0.3195798683942585,9.179472929593836e-08
74.65244207367894,0.8124806212803992,0.319568230320777,9.132233522625648e-08
74.67911318553092,0.8122062693687404,0.3195551901235894,9.08523601872029e-08
74.70578429738289,0.811939550800184,0.31954077870601916,9.038479057618628e-08
74.73245540923487,0.8116811963243494,0.31952504167576706,8.991961292683344e-08
74.75912652108684,0.811432004649249,0.3195080299846885,8.945681386838357e-08
74.78579763293882,0.8111927335356383,0.3194897966199436,8.899638016287685e-08
74.81246874479079,0.8109640997970172,0.31947039660399684,8.853829870515651e-08
74.83913985664277,0.8107467792996297,0.31944988699461774,8.808255652286674e-08
74.86581096849474,0.8105414069624639,0.3194283268848801,8.76291407764548e-08
74.89248208034672,0.8103485767572518,0.31940577740316267,8.717803875916894e-08
74.91915319219869,0.8101688417084696,0.31938230171314874,8.67292378970604e-08
74.94582430405067,0.8100027138933374,0.31935796501382613,8.628272574898147e-08
74.97249541590264,0.8098506644418199,0.3193328345394876,8.583849000658745e-08
74.99916652775462,0.8097131235366248,0.3193069795597302,8.539651849433464e-08
75.02583763960659,0.809590480413205,0.319280471379456,8.495679916948234e-08
75.05250875145857,0.8094830833597568,0.31925338333887143,8.451932012209092e-08
75.07917986331054,0.8093912397172207,0.3192257908134878,8.408406957502367e-08
75.10585097516253,0.8093152158792813,0.31919777121412085,8.365103588394502e-08
75.1325220870145,0.8092552372923675,0.31916940398689114,8.322020753732228e-08
75.15919319886648,0.8092114884556517,0.3191407706132238,8.279157315642388e-08
75.18586431071844,0.8091841129210507,0.3191119546098487,8.23651214953212e-08
75.21253542257043,0.8091732132932257,0.31908304152880024,8.19408414408867e-08
75.2392065344224,0.8091788512295812,0.3190541189574176,8.151872201279573e-08
75.26587764627438,0.8092010474402664,0.3190252765183445,8.109875236352481e-08
75.29254875812634,0.809239785959103,0.3189965992573374,8.068092169177726e-08
75.31921986997833,0.8092949730076715,0.3189681529014373,8.026521915670972e-08
75.34589098183031,0.8093664006878367,0.318940023016976,7.985163442256968e-08
75.37256209368228,0.8094538212193964,0.3189122948995079,7.944015727203222e-08
75.39923320553426,0.8095569515096518,0.31888505102689974,7.903077756684763e-08
75.42590431738623,0.8096754731534075,0.3188583710593306,7.862348524784289e-08
75.45257542923821,0.809809032432972,0.3188323318392919,7.821827033491993e-08
75.47924654109018,0.809957240318157,0.3188070073915872,7.78151229270574e-08
75.50591765294216,0.8101196724662779,0.31878246892333256,7.741403320230892e-08
75.53258876479413,0.8102958692221536,0.31875878482395625,7.701499141780476e-08
75.55925987664611,0.8104853356181064,0.3187360206651989,7.661798790975022e-08
75.58593098849808,0.8106875413739624,0.31871423920111347,7.622301309342725e-08
75.61260210035006,0.8109019208970509,0.31869350036806515,7.583005746319277e-08
75.63927321220203,0.8111278732822049,0.3186738612847315,7.543911159248043e-08
75.66594432405401,0.8113647623117612,0.31865537625210244,7.505016613379883e-08
75.69261543590598,0.8116119164555595,0.3186380967534801,7.466321181873322e-08
75.71928654775796,0.8118686288709438,0.31862207145447896,7.42782394579439e-08
75.74595765960993,0.8121341574027607,0.31860734620302583,7.389523994116778e-08
75.77262877146191,0.8124077245833614,0.31859396402935986,7.351420423721682e-08
75.79929988331388,0.8126885176325997,0.31858196514603243,7.31351233939796e-08
75.82597099516586,0.8129756884578335,0.31857138694790726,7.275798853841973e-08
75.85264210701783,0.8132683536539239,0.3185622640121605,7.238279087657747e-08
75.87931321886981,0.813565594503236,0.3185546280982804,7.200952169356808e-08
75.90598433072178,0.813866659405987,0.31854850358617587,7.16381721246954e-08
75.93265544257376,0.8141708361680569,0.318543901915727,7.126873330103827e-08
75.95932655442573,0.8144771549597813,0.3185408317209486,7.090119667581304e-08
75.98599766627771,0.8147846641327997,0.3185392978757333,7.053555370815198e-08
76.01266877812968,0.815092431515982,0.3185393014771499,7.017179586163218e-08
76.03933988998166,0.8153995444154314,0.31854083984544324,6.980991460427391e-08
76.06601100183363,0.8157051096144821,0.3185439065240342,6.944990140854218e-08
76.09268211368561,0.8160082533737011,0.31854849127951984,6.909174775134521e-08
76.11935322553758,0.8163081214308868,0.31855458010167315,6.8735445114036e-08
76.14602433738956,0.8166038790010702,0.3185621552034433,6.838098498241076e-08
76.17269544924153,0.8168947107765135,0.3185711950209555,6.802835884671038e-08
76.19936656109351,0.8171798209267118,0.31858167421351113,6.767755820161906e-08
76.22603767294548,0.8174584330983914,0.3185935636635875,6.732857454626567e-08
76.25270878479746,0.8177297904155112,0.3186068304768381,6.698139938422234e-08
76.27937989664943,0.8179931554792614,0.31862143798209247,6.663602422350593e-08
76.30605100850141,0.8182478103680653,0.3186373457313562,6.629244057657652e-08
76.3327221203534,0.8184930566375771,0.318654509499811,6.595063996033875e-08
76.35939323220536,0.8187282153206833,0.31867288128581467,6.56106138961412e-08
76.38606434405735,0.8189526269275029,0.318692409310901,6.527235390977592e-08
76.41273545590931,0.8191656514453863,0.31871303801977996,6.493585153147965e-08
76.4394065677613,0.8193666683389164,0.31873470808033755,6.460109829593238e-08
76.46607767961326,0.8195550765499074,0.31875735638363584,6.426808574225883e-08
76.49274879146525,0.8197302944974064,0.318780916043913,6.393680541402694e-08
76.51941990331721,0.8198917600791429,0.3188053163987754,6.360724885925013e-08
76.5460910151692,0.8200390668987793,0.31883049786331624,6.327940766566101e-08
76.57276212702116,0.8201719059749351,0.3188563950772762,6.295327332586312e-08
76.59943323887315,0.8202899111360241,0.31888292649043315,6.262883724932784e-08
76.62610435072511,0.8203927598519932,0.3189100109272866,6.230609084495991e-08
76.6527754625771,0.8204801732343225,0.3189375675870577,6.198502552109613e-08
76.67944657442906,0.8205519160360247,0.3189655160436891,6.16656326855066e-08
76.70611768628105,0.8206077966516458,0.3189937762458453,6.134790374539346e-08
76.73278879813302,0.8206476671172648,0.31902226851691207,6.103183010739224e-08
76.759459909985,0.8206714231104936,0.31905091355499704,6.071740317757044e-08
76.78613102183697,0.820679003950477,0.31907963243292925,6.040461436142894e-08
76.81280213368895,0.8206703925978931,0.3191083465982596,6.009345506390065e-08
76.83947324554092,0.8206456156549528,0.31913697787326034,5.978391668935178e-08
76.8661443573929,0.8206047433654,0.3191654484549255,5.947599064158064e-08
76.89281546924487,0.8205478896145119,0.3191936809149705,5.9169668323818836e-08
76.91948658109685,0.8204752119290982,0.3192215981998327,5.886494113873002e-08
76.94615769294882,0.820386911477502,0.3192491236306707,5.8561800488411196e-08
76.9728288048008,0.8202832330695993,0.31927618090336496,5.826023777439138e-08
76.99949991665277,0.8201644651567991,0.31930269408851736,5.796024439763294e-08
77.02617102850475,0.8200309398320432,0.3193285876314516,5.7661811758530286e-08
77.05284214035672,0.8198830328298069,0.3193537863522128,5.7364931256911153e-08
77.0795132522087,0.8197211635260979,0.3193782154455677,5.706959429203534e-08
77.10618436406067,0.8195457949384576,0.31940180048100475,5.677579226259593e-08
77.13285547591265,0.8193574337259596,0.319424467402734,5.648351656671811e-08
77.15952658776462,0.8191566291118949,0.31944614262971543,5.619275860332352e-08
77.1861976996166,0.8189438000019608,0.31946677248591143,5.590350999543269e-08
77.21286881146857,0.8187194961044578,0.31948630728170735,5.561576227266479e-08
77.23953992332055,0.8184844288781673,0.3195046896288385,5.5329506822882305e-08
77.26621103517253,0.8182393192479235,0.31952186617052797,5.504473508197047e-08
77.2928821470245,0.8179848976046142,0.3195377875814869,5.4761438533836854e-08
77.31955325887648,0.8177219038051802,0.31955240856791434,5.4479608710410897e-08
77.34622437072845,0.8174510871726154,0.3195656878674974,5.419923719164496e-08
77.37289548258043,0.8171732064959668,0.319577588249411,5.39203156055131e-08
77.3995665944324,0.816889030030335,0.3195880765143182,5.364283562801234e-08
77.42623770628438,0.8165993354968731,0.31959712349436986,5.3366788983161375e-08
77.45290881813635,0.8163049100827882,0.3196047040532049,5.3092167443001845e-08
77.47957992998833,0.8160065504413396,0.31961079708595014,5.2818962827597114e-08
77.5062510418403,0.8157050626918408,0.31961538551922036,5.2547167005033445e-08
77.53292215369228,0.8154012624196576,0.31961845631111835,5.227677189141884e-08
77.55959326554425,0.8150959746762095,0.31962000045123484,5.20077694508842e-08
77.58626437739623,0.8147900339789689,0.3196200129606485,5.174015169558218e-08
77.6129354892482,0.8144842843114617,0.31961849289192606,5.147391068568832e-08
77.63960660110018,0.8141795791232664,0.319615443329122,5.12090385293999e-08
77.66627771295215,0.8138767813300154,0.31961087138777894,5.0945527382937094e-08
77.69294882480413,0.8135767633133936,0.31960478821492744,5.068336945054184e-08
77.7196199366561,0.8132804069211396,0.31959720898908595,5.042255698447895e-08
77.74629104850808,0.8129886034670446,0.31958815292026094,5.0163082285034994e-08
77.77296216036005,0.8127022537309538,0.31957764324994675,4.990493770051942e-08
77.79963327221203,0.8124222679587646,0.3195657072511259,4.964811562726345e-08
77.826304384064,0.8121494829835125,0.3195523747739798,4.939260853198451e-08
77.85297549591598,0.8118844451948068,0.3195376796483324,4.9138409048461807e-08
77.87964660776795,0.8116279471794093,0.31952167003266746,4.888550985005161e-08
77.90631771961993,0.8113807779093568,0.3195043971448734,4.863390367469195e-08
77.9329888314719,0.8111436855261449,0.3194859142558355,4.83835833326181e-08
77.95965994332389,0.8109173773407278,0.31946627668943567,4.813454170636158e-08
77.98633105517585,0.8107025198335187,0.3194455418225528,4.7886771750751176e-08
78.01300216702784,0.8104997386543895,0.3194237690850625,4.764026649291188e-08
78.0396732788798,0.8103096186226709,0.31940101995983705,4.739501903226596e-08
78.06634439073179,0.8101327037271523,0.3193773579827457,4.715102254053188e-08
78.09301550258375,0.809969497126082,0.3193528487426544,4.690827026172542e-08
78.11968661443574,0.809820461147167,0.31932755988142597,4.6666755512158526e-08
78.1463577262877,0.8096860172875731,0.3193015610939199,4.6426471680440436e-08
78.17302883813969,0.8095665462139247,0.3192749241279925,4.618741222747661e-08
78.19969994999167,0.8094623877623053,0.319247722784497,4.594957068646963e-08
78.22637106184364,0.8093738409382569,0.3192200329172833,4.5712940662918836e-08
78.25304217369562,0.8093011639167804,0.3191919324331981,4.547751583461991e-08
78.27971328554759,0.8092445740423357,0.319163501292085,4.5243289951665795e-08
78.30638439739957,0.8092042478288409,0.3191348215067841,4.5010256836445664e-08
78.33305550925154,0.8091803209596735,0.3191059771431327,4.477841038364594e-08
78.35972662110352,0.8091728882876693,0.31907705431996464,4.454774456024929e-08
78.38639773295549,0.8091820038351232,0.31904814120911057,4.431825340553562e-08
78.41306884480747,0.8092076807937887,0.319019328035398,4.408993103108109e-08
78.43973995665944,0.8092498951701035,0.31899069216230536,4.3862771520640696e-08
78.46641106851142,0.8093085144086233,0.31896230411596443,4.363676905189147e-08
78.49308218036339,0.8093833204668833,0.3189342511436542,4.341191802696917e-08
78.51975329221537,0.8094740596513091,0.3189066178080757,4.318821289217356e-08
78.54642440406734,0.8095804427767853,0.3188794858709381,4.2965648137040206e-08
78.57309551591932,0.809702145166656,0.31885293429295847,4.274421829433944e-08
78.59976662777129,0.809838806652724,0.31882703923386196,4.2523917940077367e-08
78.62643773962327,0.8099900315752518,0.31880187405238186,4.230474169349488e-08
78.65310885147524,0.8101553887829609,0.3187775093062593,4.208668421706862e-08
78.67977996332722,0.810334411633032,0.3187540127522436,4.186974021651006e-08
78.70645107517919,0.8105265979911048,0.31873144934609193,4.165390444076638e-08
78.73312218703117,0.8107314102312789,0.31870988124256977,4.1439171682019596e-08
78.75979329888314,0.810948275236112,0.3186893677954504,4.122553677568746e-08
78.78646441073512,0.8111765843966222,0.31866996555751514,4.101299460042253e-08
78.81313552258709,0.8114156936122857,0.31865172828055344,4.08015400781131e-08
78.83980663443907,0.8116649232910388,0.3186347069153628,4.05911681738823e-08
78.86647774629104,0.8119235583492763,0.3186189496117486,4.038187389608898e-08
78.89314885814302,0.8121908482118528,0.3186045017185244,4.01736522963268e-08
78.91981996999499,0.8124660068120815,0.3185914057835117,3.996649846942517e-08
78.94649108184697,0.8127482125917355,0.31857970155354004,3.976040755344832e-08
78.97316219369894,0.8130366085010463,0.3185694259744471,3.955537472969619e-08
78.99983330555092,0.8133303019987054,0.3185606131910785,3.9351395222703566e-08
79.02650441740289,0.8136283788746724,0.31855329432442225,3.914846429165904e-08
79.05317552925487,0.8139301980179982,0.31854748919081205,3.894657704830388e-08
79.07984664110684,0.8142349147934537,0.3185432085834717,3.874572875141128e-08
79.10651775295882,0.8145415643621414,0.3185404604477249,3.8545914749526034e-08
79.1331888648108,0.8148492011589603,0.3185392489442631,3.834713039370972e-08
79.15985997666277,0.8151568988926067,0.31853957444914505,3.8149371037540436e-08
79.18653108851476,0.8154637505455743,0.31854143355379705,3.7952632037112435e-08
79.21320220036672,0.8157688683741541,0.318544819065013,3.775690875103688e-08
79.2398733122187,0.8160713839084344,0.318549720004954,3.756219654044102e-08
79.26654442407067,0.8163704479523004,0.31855612161114905,3.7368490768969e-08
79.29321553592266,0.8166652305834352,0.31856400533649437,3.7175786802781034e-08
79.31988664777462,0.8169549211533184,0.3185733488492537,3.6984080010554263e-08
79.3465577596266,0.8172387282872275,0.31858412603305836,3.679336576348188e-08
79.37322887147857,0.8175158798842369,0.31859630698690716,3.6603639435273995e-08
79.39989998333056,0.8177856231172185,0.31860985802516634,3.6414896402156796e-08
79.42657109518252,0.818047224432841,0.31862474167756966,3.6227132042873367e-08
79.4532422070345,0.818299969551571,0.31864091668921846,3.604034173868288e-08
79.47991331888647,0.8185431634676718,0.3186583380205814,3.5854520873361396e-08
79.50658443073846,0.8187761304492044,0.3186769568474948,3.566966483320107e-08
79.53325554259042,0.8189982140380266,0.31869672056116244,3.548576900701094e-08
79.5599266544424,0.819208777049794,0.31871757276815554,3.5302828786116144e-08
79.58659776629437,0.819407201573959,0.31873945329041287,3.512083956435871e-08
79.61326887814636,0.8195928889737715,0.3187622981652406,3.493979673809674e-08
79.63993998999833,0.8197652598862785,0.31878603964531255,3.475969570620525e-08
79.66661110185031,0.8199237648586577,0.3188106075118227,3.4580531872492266e-08
79.69328221370228,0.8200680689763816,0.31883594686735295,3.4402300658377636e-08
79.71995332555426,0.8201978249886912,0.31886198417820594,3.422499740992164e-08
79.74662443740623,0.8203126757644706,0.3188886381206097,3.404861745226824e-08
79.77329554925821,0.8204123078312596,0.31891582773134153,3.387315611020259e-08
79.79996666111018,0.820496451375252,0.318943472407728,3.3698608708151834e-08
79.82663777296216,0.8205648802412961,0.3189714919076453,3.3524970570184286e-08
79.85330888481413,0.8206174119328956,0.3189998063495187,3.335223702001026e-08
79.87997999666611,0.820653907612208,0.31902833621232296,3.318040338098124e-08
79.90665110851808,0.8206742721000458,0.3190570023355824,3.300946497609071e-08
79.93332222037006,0.8206784538758763,0.31908572591937034,3.283941712797332e-08
79.95999333222203,0.8206664450778212,0.31911442852430977,3.267025515890571e-08
79.98666444407401,0.8206382815026566,0.31914303207157296,3.250197439080573e-08
80.01333555592598,0.8205940426058138,0.3191714588428815,3.2334570145233156e-08
80.04000666777796,0.8205338515013781,0.3191996314805064,3.216803774338902e-08
80.06667777962994,0.8204578749620901,0.319227472987268,3.2002372506116186e-08
80.09334889148191,0.8203663234193445,0.3192549067265361,3.1837569753899096e-08
80.12002000333389,0.8202594509631908,0.3192818564222298,3.167362480686354e-08
80.14669111518586,0.8201375553423331,0.31930824615881753,3.1510532984777207e-08
80.17336222703784,0.8200009779641303,0.31933400038131715,3.1348289607049045e-08
80.20003333888981,0.8198501038945957,0.31935904389529596,3.1186889992729934e-08
80.22670445074179,0.8196853618583974,0.3193833018668705,3.102632946051198e-08
80.25337556259376,0.8195072242388579,0.31940669982270664,3.086660332872922e-08
80.28004667444574,0.8193162070779546,0.3194291636500199,3.0707706915356946e-08
80.30671778629771,0.819112850935503,0.3194506214807769,3.0549635551311344e-08
80.33338889814969,0.8188975467582443,0.31947102620294443,3.039238470550373e-08
80.36006001000166,0.8186709218309659,0.31949032340937134,3.0235949722343484e-08
80.38673112185364,0.8184336882360104,0.3195084565816852,3.008032592092946e-08
80.41340223370561,0.8181865676578318,0.31952537323029634,2.9925508646430116e-08
80.4400733455576,0.8179302913829949,0.31954102489439806,2.9771493270082822e-08
80.46674445740956,0.8176656003001762,0.3195553671419667,2.9618275189194542e-08
80.49341556926154,0.8173932449001626,0.3195683595697614,2.9465849827141165e-08
80.52008668111351,0.817113985275853,0.31957996580332415,2.931421263336817e-08
80.5467577929655,0.8168285911222566,0.3195901534969801,2.916335908338996e-08
80.57342890481746,0.8165378417364944,0.31959889433383715,2.9013284678790523e-08
80.60010001666944,0.816242526017798,0.3196061640257862,2.886398494722278e-08
80.62677112852141,0.8159434424675106,0.319611942313501,2.871545544240923e-08
80.6534422403734,0.8156413991890861,0.31961621296643833,2.8567691744141316e-08
80.68011335222536,0.8153372138880901,0.3196189637828378,2.8420689458280043e-08
80.70678446407734,0.8150317138721987,0.31962018658972197,2.827444421675537e-08
80.73345557592931,0.8147257360511998,0.31961987724289637,2.8128951677566815e-08
80.7601266877813,0.8144201269369917,0.31961803562694946,2.798420752478285e-08
80.78679779963326,0.8141157426435846,0.3196146656552525,2.7840207468541512e-08
80.81346891148524,0.8138134488870991,0.3196097752699598,2.7696947245049788e-08
80.84014002333721,0.8135141209857677,0.3196033764420086,2.7554422616584226e-08
80.8668111351892,0.8132186438599333,0.31959548517111896,2.7412629371490323e-08
80.89348224704116,0.8129279120320505,0.31958612148579396,2.727156332418314e-08
80.92015335889315,0.8126428296266847,0.3195753094433196,2.71312203151467e-08
80.94682447074511,0.8123643103705128,0.3195630771297647,2.6991596210934568e-08
80.9734955825971,0.8120930974621358,0.3195494539865541,2.6852686932497766e-08
81.00016669444908,0.8118297804313263,0.31953447801086815,2.6714488480949794e-08
81.02683780630105,0.8115751756440521,0.3195181985658367,2.657699687321815e-08
81.05350891815303,0.8113300626042588,0.31950066717484094,2.6440208165107094e-08
81.080180030005,0.8110951800800493,0.31948193742848047,2.630411845177675e-08
81.10685114185698,0.8108712261036839,0.31946206498457297,2.616872386774251e-08
81.13352225370895,0.8106588579715805,0.31944110756815436,2.6034020586875618e-08
81.16019336556093,0.8104586922443144,0.3194191249714788,2.590000482240259e-08
81.1868644774129,0.8102713047466186,0.3193961790540186,2.57666728269058e-08
81.21353558926488,0.8100972305673831,0.3193723337424644,2.5634020892322882e-08
81.24020670111685,0.809936964059656,0.31934765503072493,2.5502045349947338e-08
81.26687781296883,0.8097909588406423,0.3193222109799272,2.537074257042793e-08
81.2935489248208,0.8096596277917049,0.3192960717184164,2.5240108963769272e-08
81.32022003667278,0.8095433430583637,0.3192693094417559,2.5110140979331264e-08
81.34689114852475,0.8094424360502968,0.3192419984127275,2.4980835105829644e-08
81.37356226037673,0.8093571974413389,0.3192142149613308,2.4852187871335434e-08
81.4002333722287,0.809287877169483,0.319186037484784,2.4724195843275492e-08
81.42690448408068,0.809234684436879,0.31915754644752337,2.4596855628431967e-08
81.45357559593265,0.8091977877098345,0.31912882438120327,2.4470163872942847e-08
81.48024670778463,0.8091773147188145,0.31909995588469653,2.43441172623014e-08
81.5069178196366,0.8091733524584417,0.31907102762409395,2.421871252135674e-08
81.53358893148858,0.8091859471874958,0.3190421283327047,2.4093946414313262e-08
81.56026004334055,0.8092151051318877,0.31901334809851006,2.3969815741788484e-08
81.58693115519253,0.8092607860103722,0.3189847560018328,2.3846317266112883e-08
81.6136022670445,0.8093228243330012,0.31895643065092383,2.3723447869311277e-08
81.64027337889648,0.8094009957509549,0.31892845869737063,2.3601204509274096e-08
81.66694449074845,0.8094950402801407,0.31890092400530706,2.347958416750983e-08
81.69361560260043,0.8096046623011929,0.31887390765141366,2.3358583849144508e-08
81.7202867144524,0.8097295305594726,0.3188474879249174,2.3238200582922205e-08
81.74695782630438,0.8098692781650684,0.31882174032759186,2.3118431421204538e-08
81.77362893815635,0.8100235025927954,0.3187967375737571,2.2999273439971178e-08
81.80030005000833,0.8101917656821962,0.3187725495902798,2.288072373881934e-08
81.8269711618603,0.81037359363754,0.31874924351657313,2.2762779440964273e-08
81.85364227371228,0.8105684770278234,0.3187268837045969,2.2645437693238782e-08
81.88031338556425,0.8107758707867697,0.3187055317188573,2.252869566609372e-08
81.90698449741623,0.8109951942128296,0.3186852463364072,2.241255055359748e-08
81.93365560926821,0.8112258309691804,0.318666083546846,2.229699957343644e-08
81.96032672112018,0.8114671290837266,0.3186480965523196,2.2182039966914763e-08
81.98699783297216,0.8117184009491001,0.31863133576752045,2.2067668998954245e-08
82.01366894482413,0.8119789233226589,0.3186158488196875,2.1953883958094698e-08
82.04034005667611,0.812247937326489,0.31860168054860644,2.1840682156493504e-08
82.06701116852808,0.812524648447403,0.31858887300660926,2.172806092992607e-08
82.09368228038007,0.8128082265369405,0.3185774654585746,2.161601763778537e-08
82.12035339223203,0.813097805811368,0.3185674943819277,2.1504549663082407e-08
82.14702450408402,0.8133924848516795,0.3185589934666403,2.1393654412445735e-08
82.17369561593598,0.8136913946052743,0.31855199231268205,2.1283329293074255e-08
82.20036672778797,0.8139939167838766,0.31854650683079266,2.1173571639283542e-08
82.22703783963993,0.8142991248713595,0.31854254753485506,2.106437890026327e-08
82.25370895149192,0.8146060598051232,0.3185401216437917,2.095574854424032e-08
82.28038006334388,0.8149137816317483,0.31853923258565975,2.084767804085463e-08
82.30705117519587,0.8152213695069978,0.318539879997651,2.0740164861158765e-08
82.33372228704783,0.815527921695815,0.31854205972609206,2.063320647761834e-08
82.36039339889982,0.8158325555723254,0.3185457638264441,2.0526800364111593e-08
82.38706451075178,0.8161344076198354,0.3185509805633031,2.0420943995929828e-08
82.41373562260377,0.8164326334308332,0.3185576944103997,2.031563484977696e-08
82.44040673445573,0.8167264077069879,0.31856588605059927,2.0210870403769968e-08
82.46707784630772,0.8170149242591503,0.31857553237590175,2.010664813743845e-08
82.49374895815969,0.8172973960073525,0.31858660648744197,2.0002965531725064e-08
82.52042007001167,0.8175730549808081,0.31859907769548934,1.9899820068985085e-08
82.54709118186364,0.8178411523179118,0.318612911519448,1.9797209232986847e-08
82.57376229371562,0.8181009582662399,0.31862806968785673,1.9695130508911308e-08
82.60043340556759,0.8183517621825498,0.3186445101383892,1.9593581383352486e-08
82.62710451741957,0.8185928725327808,0.31866218701785354,1.9492559344317013e-08
82.65377562927154,0.818823616892053,0.31868105068219266,1.9392061881224582e-08
82.68044674112352,0.8190433419446683,0.31870104769648433,1.9292086484907515e-08
82.70711785297549,0.8192514134841098,0.3187221208349408,1.9192630647611176e-08
82.73378896482747,0.819447216413042,0.3187442090809091,1.9093691862993562e-08
82.76046007667944,0.8196301547433107,0.318767247626871,1.8995267626125727e-08
82.78713118853142,0.8197996515959433,0.3187911678744429,1.889735543349134e-08
82.81380230038339,0.8199551909464927,0.3188159022754497,1.87999527872253e-08
82.84047341223537,0.8200964743397904,0.318841395534284,1.8703057188354674e-08
82.86714452408734,0.8202231310950094,0.31886756916118897,1.8606666096822105e-08
82.89381563593932,0.8203348131562144,0.31889434202402034,1.851077696855531e-08
82.9204867477913,0.8204312161395279,0.3189216333397767,1.841538725926544e-08
82.94715785964327,0.8205120793331319,0.31894936267459995,1.832049442444694e-08
82.97382897149525,0.8205771856972665,0.31897744994377525,1.8226095919377364e-08
83.00050008334722,0.8206263618642308,0.31900581541173084,1.8132189199117773e-08
83.0271711951992,0.8206594781383825,0.3190343796920383,1.803877171851229e-08
83.05384230705117,0.8206764484961376,0.31906306374741233,1.794584093218853e-08
83.08051341890315,0.8206772305859713,0.3190917888897108,1.7853394294557187e-08
83.10718453075512,0.8206618257284172,0.31912047677993477,1.7761429259812435e-08
83.1338556426071,0.8206302789160673,0.3191490494282287,1.766994328193153e-08
83.16052675445907,0.8205826788135728,0.31917742919387987,1.757893381467521e-08
83.18719786631105,0.8205191577576431,0.3192055387853192,1.7488398311587302e-08
83.21386897816302,0.8204398917570465,0.31923330126012045,1.7398334225995102e-08
83.240540090015,0.8203451004926097,0.31926064002500076,1.7308739011008996e-08
83.26721120186697,0.8202350473172185,0.3192874788358205,1.7219610119522847e-08
83.29388231371895,0.8201100392558169,0.31931374179758304,1.7130945004213607e-08
83.32055342557092,0.8199704270054079,0.3193393533644352,1.7042741117541703e-08
83.3472245374229,0.8198166049350528,0.3193642383396668,1.6954995911750646e-08
83.37389564927487,0.8196490110858721,0.319388321875711,1.6867706838867425e-08
83.40056676112685,0.8194681271710442,0.31941152947414403,1.678087135070212e-08
83.42723787297882,0.8192744785758069,0.3194337869856854,1.6694486898848282e-08
83.4539089848308,0.8190685780946874,0.31945502645836504,1.6608550956135908e-08
83.48058009668277,0.8188508338489655,0.3194752034673848,1.652306105503721e-08
83.50725120853475,0.8186219216283742,0.31949426070657794,1.643801464743114e-08
83.53392232038672,0.818382554466042,0.31951214252196525,1.635340918904617e-08
83.5605934322387,0.8181334551063427,0.31952879728614836,1.62692421497695e-08
83.58726454409067,0.8178753560048961,0.3195441773983095,1.618551101364744e-08
83.61393565594265,0.8176089993285672,0.31955823928421195,1.610221327888504e-08
83.64060676779462,0.8173351369554672,0.3195709433961996,1.6019346457846445e-08
83.6672778796466,0.8170545304749521,0.31958225421319736,1.5936908077054534e-08
83.69394899149857,0.8167679511876247,0.31959214024071075,1.5854895677191296e-08
83.72062010335056,0.8164761801053321,0.3196005740108262,1.577330681309745e-08
83.74729121520252,0.8161800079511682,0.3196075320822108,1.5692139053772822e-08
83.7739623270545,0.8158802351594717,0.31961299504011276,1.561138998237597e-08
83.80063343890647,0.8155776718758275,0.31961694749636077,1.5531057196224556e-08
83.82730455075846,0.8152731379570658,0.31961937808936447,1.5451138306794978e-08
83.85397566261044,0.8149674629712625,0.31962027948411426,1.5371630939722692e-08
83.8806467744624,0.8146614861977394,0.3196196483721815,1.5292532734802067e-08
83.90731788631439,0.8143560566270633,0.31961748547171803,1.5213841345986266e-08
83.93398899816636,0.8140520329610474,0.3196137955274569,1.513555444138754e-08
83.96066011001834,0.81375028361275,0.3196085873107116,1.5057669703276883e-08
83.9873312218703,0.8134516867064754,0.31960187361937675,1.498018482808439e-08
84.01400233372229,0.8131571300777728,0.3195936712779275,1.4903097526398904e-08
84.04067344557426,0.8128675112734383,0.31958400113741997,1.482640552296834e-08
84.06734455742624,0.8125837375515121,0.319572888075491,1.4750106556699387e-08
84.0940156692782,0.8123067218530394,0.31956036091074586,1.4674198380950452e-08
84.12068678113019,0.8120370932418584,0.31954644898940576,1.4598678790189263e-08
84.14735789298216,0.8117755355635061,0.31953119478509684,1.4523545608518227e-08
84.17402900483414,0.8115228597268429,0.3195146480790302,1.4448796672352061e-08
84.20070011668611,0.8112798359814003,0.3194968607310403,1.437442983952829e-08
84.22737122853809,0.8110471939173801,0.3194778866795845,1.430044298930692e-08
84.25404234039006,0.8108256224656556,0.3194577819417436,1.4226834022370773e-08
84.28071345224204,0.8106157698977704,0.3194366046132215,1.415360086082515e-08
84.30738456409401,0.8104182438259394,0.31941441486834515,1.4080741448198167e-08
84.33405567594599,0.8102336112030482,0.3193912749600648,1.4008253749440422e-08
84.36072678779796,0.8100623983226534,0.3193672492199539,1.393613575092532e-08
84.38739789964994,0.8099050908189821,0.319342404058209,1.3864385460448757e-08
84.41406901150191,0.8097621336669327,0.31931680796364986,1.3793000907229431e-08
84.44074012335389,0.8096339311820744,0.3192905315037194,1.3721980141908536e-08
84.46741123520586,0.8095208470206471,0.3192636473244837,1.3651321236550061e-08
84.49408234705784,0.8094232041795615,0.31923623015063207,1.3581022284640495e-08
84.52075345890981,0.8093412849963996,0.31920835678547704,1.3511081401089123e-08
84.54742457076179,0.8092753311494139,0.3191801061109542,1.3441496722227727e-08
84.57409568261376,0.8092255436575276,0.3191515590876224,1.3372266405810887e-08
84.60076679446574,0.8091920828803355,0.31912279875466354,1.330338863101568e-08
84.62743790631771,0.8091750685181025,0.31909391022988287,1.3234861598441977e-08
84.65410901816969,0.8091745796117649,0.3190649807097088,1.3166683530112155e-08
84.68078013002166,0.8091906545429294,0.3190360994691927,1.3098852669471379e-08
84.70745124187364,0.8092232935153202,0.3190073539586706,1.303136727303756e-08
84.73412235372561,0.8092724289570248,0.318978809943113,1.2964225582251499e-08
84.76079346557759,0.8093378742355979,0.31895055143917533,1.2897425918960007e-08
84.78746457742957,0.8094193985330268,0.3189226644161399,1.2830966629804186e-08
84.81413568928154,0.8095167352808784,0.31889523206677006,1.2764846074317181e-08
84.84080680113352,0.8096295821602997,0.31886833480730997,1.2699062624924077e-08
84.86747791298549,0.8097576011020169,0.31884205027748486,1.2633614666942142e-08
84.89414902483747,0.8099004182863364,0.3188164533405008,1.2568500598580553e-08
84.92082013668944,0.8100576241431442,0.318791616083045,1.2503718830940668e-08
84.94749124854143,0.8102287733519061,0.31876760781528546,1.2439267788015753e-08
84.9741623603934,0.8104133848416676,0.31874449507087127,1.2375145906691258e-08
85.00083347224538,0.8106109417910539,0.3187223416069323,1.2311351636744537e-08
85.02750458409734,0.81082089162827,0.31870120840407956,1.2247883440845132e-08
85.05417569594933,0.8110426460311008,0.3186811536664049,1.2184739794554489e-08
85.0808468078013,0.8112755809269105,0.3186622328214813,1.2121919186326235e-08
85.10751791965328,0.8115190364926439,0.3186444985203624,1.2059420117505908e-08
85.13418903150524,0.8117723171548245,0.31862800063758306,1.1997241102331227e-08
85.16086014335723,0.8120346915895564,0.31861278627115897,1.193538066793182e-08
85.1875312552092,0.8123053927225229,0.3185988997425868,1.1873837354329494e-08
85.21420236706118,0.8125836177289876,0.31858638259684424,1.181260971443797e-08
85.24087347891314,0.8128685280337931,0.3185752736023898,1.1751696314063143e-08
85.26754459076513,0.8131592493113625,0.31856560875116313,1.1691095731902825e-08
85.2942157026171,0.8134548714856981,0.31855742125858466,1.1630806559547001e-08
85.32088681446908,0.8137546053429071,0.31855073811654644,1.1570827372516877e-08
85.34755792632104,0.8140577809768663,0.3185455725770313,1.1511156730846902e-08
85.37422903817303,0.8143634338971271,0.3185419348109709,1.1451793254255447e-08
85.400900150025,0.8146706104108645,0.318539831294479,1.1392735564770115e-08
85.42757126187698,0.8149783758017074,0.3185392647078344,1.1333982285206343e-08
85.45424237372895,0.8152858143297369,0.3185402339354803,1.127553203916766e-08
85.48091348558093,0.815592029231488,0.318542734066025,1.1217383451045427e-08
85.5075845974329,0.8158961427199481,0.31854675639224134,1.11595351460191e-08
85.53425570928488,0.8161972959845585,0.31855228841106686,1.1101985750055967e-08
85.56092682113685,0.8164946491912126,0.31855931382360403,1.1044733889911404e-08
85.58759793298883,0.816787381482258,0.31856781253511984,1.098777819312863e-08
85.6142690448408,0.8170746909764945,0.3185777606550462,1.0931117288038942e-08
85.64094015669278,0.8173557947691757,0.31858913049697973,1.0874749803761486e-08
85.66761126854475,0.8176299289320076,0.3186018905786817,1.0818674370203486e-08
85.69428238039673,0.8178963485131499,0.31861600562207826,1.0762889618060011e-08
85.72095349224871,0.818154327537215,0.3186314365532602,1.0707394178814182e-08
85.74762460410068,0.8184031590052685,0.31864814050248313,1.0652186684737082e-08
85.77429571595266,0.8186421548948295,0.3186660708041673,1.0597265768887665e-08
85.80096682780463,0.8188706461598694,0.3186851769968978,1.0542630065112973e-08
85.82763793965661,0.8190879827308136,0.3187054048234244,1.0488278208047887e-08
85.85430905150858,0.8192935335145399,0.3187266962306617,1.0434208833115368e-08
85.88098016336056,0.8194866863943797,0.318748989369689,1.0380420576526228e-08
85.90765127521253,0.8196668482301169,0.3187722185957502,1.0326912075279352e-08
85.93432238706451,0.8198334448579894,0.3187963144682543,1.0273681967161475e-08
85.96099349891648,0.8199860140961037,0.3188212139424397,1.0220728894912158e-08
85.98766461076846,0.8201242592322373,0.3188468572087006,1.016805149231802e-08
86.01433572262043,0.8202478010616275,0.3188731634172994,1.0115648375273085e-08
86.04100683447241,0.8203563006291725,0.3189000516001401,1.006351815925291e-08
86.06767794632438,0.820449462662346,0.3189274411291138,1.0011659459605792e-08
86.09434905817636,0.8205270355711978,0.3189552517160985,9.960070891552544e-09
86.12102017002833,0.8205888114483539,0.31898340341295905,9.908751070186715e-09
86.14769128188031,0.8206346260690162,0.31901181661154737,9.857698610474373e-09
86.17436239373228,0.8206643588909621,0.31904041204370237,9.806912127254317e-09
86.20103350558426,0.8206779330545457,0.31906911078124983,9.756390235237871e-09
86.22770461743623,0.8206753153826966,0.3190978342360025,9.70613154900909e-09
86.25437572928821,0.8206565163809203,0.3191265041597602,9.65613468302455e-09
86.28104684114018,0.8206215902372985,0.3191550426443095,9.60639825161356e-09
86.30771795299216,0.8205706348224888,0.3191833721214241,9.55692086897795e-09
86.33438906484413,0.8205037916897248,0.3192114153628646,9.50770114919228e-09
86.36106017669611,0.8204212460748157,0.3192390954803786,9.458737706203636e-09
86.38773128854808,0.8203232268961472,0.31926633592570053,9.410029153831833e-09
86.41440240040006,0.8202100067546807,0.3192930604905519,9.361574105769209e-09
86.44107351225203,0.8200819019339536,0.31931919330664116,9.313371175580832e-09
86.46774462410401,0.8199392724000791,0.3193446588456637,9.265418976704296e-09
86.49441573595598,0.8197825218017467,0.31936938191930186,9.217716122449922e-09
86.52108684780796,0.8196120974702213,0.3193932876792249,9.170261226000557e-09
86.54775795965993,0.8194284904193446,0.3194163016170891,9.123052900411774e-09
86.57442907151191,0.8192322353455335,0.31943834956453776,9.076089758611677e-09
86.60110018336388,0.819023801307088,0.31945936965153665,9.029370436267932e-09
86.62777129521587,0.8188036508673704,0.319479316357801,8.982893581910082e-09
86.65444240706785,0.8185724843778601,0.31949813123603804,8.936657805724205e-09
86.68111351891982,0.8183310160799357,0.3195157594922205,8.89066172475031e-09
86.7077846307718,0.8180799700135871,0.31953215035711835,8.844903963721544e-09
86.73445574262377,0.817820080017416,0.3195472570862988,8.799383155064356e-09
86.76112685447575,0.8175520897286356,0.319561036960126,8.75409793889831e-09
86.78779796632772,0.8172767525830709,0.31957345128376163,8.709046963036273e-09
86.8144690781797,0.8169948318151582,0.3195844653871643,8.664228882984229e-09
86.84114019003167,0.8167071004579459,0.3195940486250899,8.619642361941459e-09
86.86781130188365,0.8164143413430937,0.31960217437709143,8.575286070800363e-09
86.89448241373562,0.816117347100873,0.3196088200475191,8.531158688146645e-09
86.9211535255876,0.8158169201601667,0.3196139670655205,8.487258900259121e-09
86.94782463743957,0.8155138727484699,0.31961760088504,8.443585401109909e-09
86.97449574929155,0.8152090268918882,0.3196197109848195,8.400136892364246e-09
87.00116686114352,0.8149032144151401,0.3196202908683979,8.356912083380664e-09
87.0278379729955,0.8145972769415548,0.3196193380641113,8.31390969121082e-09
87.05450908484747,0.8142920658930738,0.31961685412509316,8.271128440599667e-09
87.08118019669945,0.8139884424902494,0.3196128446292738,8.228567063985272e-09
87.10785130855142,0.8136872777522464,0.319607319179381,8.18622430149901e-09
87.1345224204034,0.8133894524968406,0.31960029140293966,8.144098900965366e-09
87.16119353225537,0.8130958573404199,0.3195917789522717,8.102189617902129e-09
87.18786464410735,0.8128073926979832,0.3195818035044964,8.060495215520206e-09
87.21453575595932,0.812524968783142,0.3195703907615302,8.0190144647238e-09
87.2412068678113,0.8122494712238357,0.31955756980664296,7.97774614556455e-09
87.26787797966327,0.811981463302827,0.3195433715350941,7.936689064415245e-09
87.29454909151525,0.8117217024485517,0.31952784158027436,7.895842037263849e-09
87.32122020336722,0.8114709904233826,0.3195110300749564,7.855203889013786e-09
87.3478913152192,0.8112300883919722,0.3194929892396652,7.814773456229092e-09
87.37456242707117,0.8109997169212544,0.3194737733826776,7.774549587134586e-09
87.40123353892315,0.8107805559804433,0.31945343890002253,7.734531141615695e-09
87.42790465077512,0.8105732449410341,0.31943204427548105,7.694716991218634e-09
87.4545757626271,0.8103783825768021,0.31940965008058625,7.655106019150226e-09
87.48124687447907,0.8101965270638037,0.3193863189746232,7.615697120278079e-09
87.50791798633105,0.8100281959803759,0.3193621157046291,7.57648920113041e-09
87.53458909818302,0.8098738663071364,0.31933710710539315,7.53748117989622e-09
87.561260210035,0.8097339744269835,0.31931136209945665,7.498671986425125e-09
87.58793132188698,0.8096089161250961,0.3192849516971129,7.460060562227497e-09
87.61460243373895,0.8094990465889341,0.31925794899640736,7.421645860474407e-09
87.64127354559093,0.8094046804082377,0.3192304291831373,7.383426845997562e-09
87.6679446574429,0.8093260915750279,0.31920246953085235,7.345402495289446e-09
87.69461576929488,0.8092635134836064,0.319174149400854,7.307571796503163e-09
87.72128688114685,0.8092171389305557,0.31914555024219576,7.2699337494525895e-09
87.74795799299883,0.8091871201147387,0.3191167555916834,7.232487365612222e-09
87.7746291048508,0.8091735686372994,0.3190878510738745,7.195231668117337e-09
87.80130021670278,0.809176555501662,0.31905892440107886,7.1581656917638216e-09
87.82797132855475,0.8091961111135316,0.31903006537335826,7.121288483008346e-09
87.85464244040674,0.8092322282255947,0.3190013564752494,7.084599089540193e-09
87.8813135522587,0.8092848070627799,0.31897286476967085,7.048096561986519e-09
87.90798466411069,0.809353647704136,0.3189446771081064,7.011779993170336e-09
87.93465577596265,0.809438512610806,0.31891687880113556,6.9756484845593565e-09
87.96132688781464,0.809539128401422,0.31888955239162087,6.9397011446543266e-09
87.9879979996666,0.8096551858521038,0.3188627776547082,6.9039370889891705e-09
88.01466911151859,0.8097863398964603,0.3188366315978267,6.868355440130841e-09
88.04134022337055,0.8099322096255882,0.3188111884606885,6.832955327679471e-09
88.06801133522254,0.8100923782880727,0.31878651971528926,6.797735888268226e-09
88.0946824470745,0.8102663932899873,0.3187626940659076,6.762696265563446e-09
88.12135355892649,0.8104537661948943,0.3187397774491055,6.727835610264504e-09
88.14802467077845,0.8106539727238437,0.31871783303372814,6.69315308010395e-09
88.17469578263044,0.8108664527553745,0.3186969212209039,6.6586478398473685e-09
88.2013668944824,0.8110906103255136,0.31867709964404434,6.624319061293516e-09
88.22803800633439,0.8113258136277766,0.31865842316884435,6.590165923274186e-09
88.25470911818635,0.811571395013167,0.318640943893282,6.556187611654346e-09
88.28138023003834,0.8118266509901775,0.31862471114761853,6.522383319331997e-09
88.3080513418903,0.8120908422247881,0.3186097714943984,6.488752246238316e-09
88.33472245374229,0.8123631935404683,0.3185961687284494,6.455293599337513e-09
88.36139356559426,0.8126428939181749,0.31858394387688244,6.422006592626975e-09
88.38806467744624,0.8129290964963539,0.31857313519909164,6.388890447137121e-09
88.4147357892982,0.813220918570939,0.3185637781867544,6.355944390931547e-09
88.44140690115019,0.8135174431132326,0.3185559055410806,6.32316765895306e-09
88.46807801300216,0.8138179860218556,0.31854954049465484,6.290559466075816e-09
88.49474912485414,0.8141217676699375,0.31854469519353606,6.258119040337253e-09
88.5214202367061,0.814427820542299,0.3185413791580172,6.225845631336678e-09
88.54809134855809,0.8147351959935112,0.31853959810859633,6.193738489110521e-09
88.57476246041007,0.8150429642478944,0.3185393539659764,6.161796864132454e-09
88.60143357226204,0.8153502143995182,0.31854064485106537,6.130020007313336e-09
88.62810468411402,0.8156560544122025,0.3185434650849763,6.098407170001166e-09
88.65477579596599,0.8159596111195161,0.3185478051890271,6.0669576039812025e-09
88.68144690781797,0.8162600302247781,0.31855365188474083,6.035670561475824e-09
88.70811801966994,0.8165564763010564,0.31856098809384553,6.004545295144668e-09
88.73478913152192,0.8168481327911693,0.31856979293827414,5.9735810580844934e-09
88.76146024337389,0.8171342020076839,0.3185800417401647,5.942777103829316e-09
88.78813135522587,0.8174139051329178,0.31859170602186015,5.912132686350276e-09
88.81480246707784,0.817686482218937,0.31860475350590856,5.8816470600557685e-09
88.84147357892982,0.8179511921875584,0.3186191481150629,5.851319479791314e-09
88.86814469078179,0.8182073128303475,0.31863484997228125,5.821149200839687e-09
88.89481580263377,0.81845414080862,0.3186518154007265,5.791135478920787e-09
88.92148691448574,0.8186909916534406,0.3186699969237667,5.761277570191768e-09
88.94815802633772,0.8189171997656243,0.3186893432649749,5.731574731246911e-09
88.97482913818969,0.8191321184157351,0.318709799348129,5.70202621911775e-09
89.00150025004167,0.8193351197440869,0.31873130629721214,5.672631291272944e-09
89.02817136189364,0.8195255947607432,0.31875380143641224,5.643389205618407e-09
89.05484247374562,0.819702953345517,0.3187772182901223,5.614299220497179e-09
89.08151358559759,0.8198666250434598,0.3188014866832127,5.585360594721126e-09
89.10818469744957,0.8200162194143163,0.3188265493401462,5.556572590591265e-09
89.13485580930154,0.8201514092226398,0.31885233879866093,5.527934460647764e-09
89.16152692115352,0.8202718209423713,0.3188787739002873,5.499445451470305e-09
89.18819803300549,0.8203771247382965,0.3189057738192081,5.47110480956521e-09
89.21486914485747,0.8204670344660462,0.31893325806225853,5.4429117813653185e-09
89.24154025670944,0.8205413076720959,0.3189611464689261,5.414865613230113e-09
89.26821136856142,0.8205997455937661,0.3189893592113506,5.386965551445597e-09
89.29488248041339,0.8206421931592223,0.31901781679432406,5.359210842224412e-09
89.32155359226537,0.8206685389874743,0.31904644005529115,5.331600731705723e-09
89.34822470411734,0.8206787153883774,0.31907515016434856,5.3041344659553335e-09
89.37489581596932,0.8206726983626316,0.31910386862424545,5.276811290965569e-09
89.40156692782129,0.8206505076017815,0.3191325172703832,5.249630452655392e-09
89.42823803967327,0.8206122064882166,0.3191610182708158,5.222591196870293e-09
89.45490915152524,0.8205579020951719,0.3191892941262492,5.195692769382393e-09
89.48158026337723,0.8204877451867263,0.31921726767004194,5.168934415890343e-09
89.50825137522921,0.8204019302178043,0.3192448620682048,5.142315382019412e-09
89.53492248708118,0.8203006953341749,0.3192720008194009,5.115834913321455e-09
89.56159359893316,0.8201843223724522,0.3192986077549456,5.089492255274859e-09
89.58826471078513,0.8200531368600951,0.31932460703880683,5.063286653284653e-09
89.61493582263711,0.819907508015407,0.31934992316760463,5.037217352682388e-09
89.64160693448908,0.8197478487475368,0.3193744809706114,5.0112835987262515e-09
89.66827804634106,0.8195746156564778,0.31939820560975196,4.9854846366009565e-09
89.69494915819303,0.8193883090330684,0.31942102257960336,4.959819711417851e-09
89.72162027004501,0.8191894717833922,0.31944285780998993,4.934288068335653e-09
89.74829138189698,0.8189785186720842,0.31946365737190385,4.9088889721601385e-09
89.77496249374896,0.8187559951171669,0.31948337120013665,4.883621679433174e-09
89.80163360560093,0.818522606901942,0.3195019413336986,4.858485434237567e-09
89.82830471745291,0.8182790696781507,0.31951931383495835,4.833479484837525e-09
89.85497582930488,0.8180261089659738,0.31953543878964286,4.808603083678768e-09
89.88164694115686,0.8177644601540318,0.3195502703068374,4.783855487388419e-09
89.90831805300883,0.8174948684993848,0.3195637665189857,4.75923595677511e-09
89.93498916486081,0.8172180891275325,0.31957588958188965,4.734743756828879e-09
89.96166027671278,0.8169348870324141,0.31958660567470965,4.71037815672127e-09
89.98833138856476,0.8166460370764088,0.31959588499996433,4.686138429805235e-09
90.01500250041673,0.8163523239903352,0.31960370178353076,4.662023853615231e-09
90.04167361226871,0.8160545423734512,0.31961003427464424,4.638033709867122e-09
90.06834472412068,0.815753496693455,0.3196148647458985,4.614167284458282e-09
90.09501583597266,0.8154500012864838,0.31961817949324556,4.5904238674674865e-09
90.12168694782463,0.8151448803571151,0.3196199688359958,4.566802753155021e-09
90.14835805967661,0.8148389679783651,0.319620227116818,4.543303239962578e-09
90.17502917152858,0.8145331080916907,0.3196189527017392,4.5199246305133545e-09
90.20170028338056,0.8142281545069874,0.3196161479801448,4.496666231611955e-09
90.22837139523253,0.8139249709025912,0.31961181936477856,4.473527354244494e-09
90.25504250708451,0.813624430825277,0.3196059772917426,4.450507313578486e-09
90.28171361893648,0.8133274176902601,0.31959863622049733,4.427605428962958e-09
90.30838473078846,0.8130348247811945,0.31958981463386155,4.404821023928342e-09
90.33505584264043,0.8127475552501746,0.3195795350380124,4.382153426186575e-09
90.36172695449241,0.8124665221177341,0.3195678239624853,4.359601967631004e-09
90.38839806634438,0.8121925554538966,0.31955471044127226,4.337165986604393e-09
90.41506917819636,0.8119262073282619,0.3195402282216938,4.3148448361108685e-09
90.44174029004834,0.8116682798472737,0.31952442490905575,4.292637872178285e-09
90.46841140190031,0.8114195657728884,0.31950735100846495,4.270544456587841e-09
90.4950825137523,0.8111808173188154,0.3194890591200763,4.248563957467628e-09
90.52175362560426,0.8109527461505179,0.31946960393909224,4.226695749292719e-09
90.54842473745624,0.810736023385212,0.31944904225576304,4.204939212885073e-09
90.57509584930821,0.8105312795918673,0.3194274329553868,4.183293735413626e-09
90.6017669611602,0.8103391047912067,0.3194048370183092,4.161758710394199e-09
90.62843807301216,0.8101600484557063,0.3193813175199238,4.1403335376895935e-09
90.65510918486414,0.8099946195095955,0.319356939630672,4.1190176235094956e-09
90.68178029671611,0.809843286328857,0.31933177061604273,4.097810380410571e-09
90.7084514085681,0.8097064767412269,0.3193058798365728,4.076711227296369e-09
90.73512252042006,0.8095845780261944,0.3192793387478468,4.05571958941742e-09
90.76179363227205,0.8094779369150021,0.31925222090049704,4.034834898371139e-09
90.78846474412401,0.8093868595906462,0.3192246019402036,4.014056592101918e-09
90.815135855976,0.8093116116878754,0.3191965596076942,3.993384114901037e-09
90.84180696782796,0.8092524182931925,0.31916817373874456,3.9728169174067535e-09
90.86847807967995,0.8092094639448532,0.3191395262641779,3.952354456604211e-09
90.89514919153191,0.8091828926328665,0.3191107012098654,3.93199619582553e-09
90.9218203033839,0.8091728077989948,0.31908178469672577,3.91174160474972e-09
90.94849141523586,0.8091792723367538,0.31905286494072577,3.891590159402766e-09
90.97516252708785,0.8092023085914124,0.31902403225287956,3.8715413421575396e-09
91.00183363893981,0.8092418986112169,0.3189953620049412,3.851594631934253e-09
91.0285047507918,0.8092979102140356,0.31896692670252225,3.8317495186836406e-09
91.05517586264376,0.8093701348669783,0.3189388137706386,3.81200551027443e-09
91.08184697449575,0.8094583281141603,0.31891110787978477,3.792362118414509e-09
91.10851808634771,0.8095622095836352,0.3188838909398055,3.772818858646808e-09
91.1351891981997,0.8096814629873946,0.3188572420998957,3.753375250349214e-09
91.16186031005167,0.8098157361213676,0.3188312377486004,3.734030816734659e-09
91.18853142190365,0.8099646408654219,0.3188059515138149,3.7147850848510306e-09
91.21520253375562,0.8101277531833626,0.31878145426278465,3.6956375855812587e-09
91.2418736456076,0.8103046131229334,0.31875781410210524,3.6765878536432324e-09
91.26854475745957,0.8104947248158155,0.31873509637772257,3.657635427589882e-09
91.29521586931155,0.8106975564776283,0.3187133636749326,3.6387798498090967e-09
91.32188698116352,0.810912540407929,0.3186926758183815,3.6200206665238065e-09
91.3485580930155,0.8111390729902132,0.31867308987206566,3.6013574277919017e-09
91.37522920486748,0.811376514691914,0.31865466013933164,3.5827896875063026e-09
91.40190031671945,0.8116241900644026,0.3186374381628762,3.5643170033949286e-09
91.42857142857143,0.8118813877429885,0.3186214727247463,3.5459389370206705e-09
91.4552425404234,0.8121473604469186,0.318606809846339,3.527655053781458e-09
91.48191365227538,0.8124213249793786,0.31859349278840166,3.509464922910183e-09
91.50858476412735,0.8127024622274913,0.3185815620510317,3.491368117474775e-09
91.53525587597933,0.8129899171623183,0.31857105537367686,3.473364214378126e-09
91.5619269878313,0.8132827988388582,0.318562007735135,3.4554527943581648e-09
91.58859809968328,0.8135802067925842,0.31855445089084167,3.437633440530722e-09
91.61526921153525,0.8138815186487686,0.318548404239244,3.4199057226057827e-09
91.64194032338723,0.8141858604490585,0.3185438794746114,3.4022692259675207e-09
91.6686114352392,0.8144922695565132,0.31854088535478037,3.3847235422177175e-09
91.69528254709118,0.8147998021183658,0.31853942683463976,3.3672682631997044e-09
91.72195365894315,0.8151075330660223,0.3185395050661305,3.349902980998438e-09
91.74862477079513,0.8154145561150629,0.3185411173982458,3.3326272879404245e-09
91.7752958826471,0.8157199837652402,0.31854425737703096,3.3154407765937948e-09
91.80196699449908,0.8160229473004817,0.3185489147455836,3.2983430397682297e-09
91.82863810635105,0.8163225967888871,0.3185550754440535,3.2813336705150344e-09
91.85530921820303,0.8166181010827304,0.31856272160964255,3.264412262127065e-09
91.881980330055,0.8169086478184584,0.31857183157660496,3.2475784081388012e-09
91.90865144190698,0.8171934434166921,0.3185823798762471,3.2308317023262732e-09
91.93532255375895,0.8174717130822253,0.31859433723692754,3.214171738707135e-09
91.96199366561093,0.8177427008040259,0.318607670584057,3.1975981115405923e-09
91.9886647774629,0.8180056693552347,0.3186223430400984,3.1811104153274732e-09
92.01533588931488,0.8182599002931663,0.318638313924567,3.164708244810158e-09
92.04200700116685,0.8185046939593087,0.3186555387540301,3.14839119497265e-09
92.06867811301883,0.8187393694793234,0.3186739692421072,3.1321588610405034e-09
92.0953492248708,0.8189632647630452,0.31869355329947013,3.1160108384808955e-09
92.12202033672278,0.8191757365044827,0.3187142350338429,3.0999467230025565e-09
92.14869144857475,0.8193761601818177,0.31873595475000155,3.083966110555838e-09
92.17536256042673,0.8195639300574056,0.31875864894977446,3.0680685973326437e-09
92.2020336722787,0.8197384591777752,0.31878225033204216,3.0522537797665005e-09
92.22870478413068,0.8198991927140231,0.3188066893869937,3.036521254778939e-09
92.25537589598265,0.8200457971401719,0.3188319118180568,3.0208706206146887e-09
92.28204700783463,0.8201779149960925,0.3188578437200337,3.0053014688822595e-09
92.30871811968662,0.8202951818833191,0.3188844040654621,2.9898133895469842e-09
92.33538923153858,0.8203972771007433,0.3189115121536667,2.9744059725324597e-09
92.36206034339057,0.8204839236446143,0.31893908761075923,2.959078807720519e-09
92.38873145524254,0.8205548882085387,0.31896705038963835,2.9438314849512915e-09
92.41540256709452,0.8206099811834806,0.31899532076998965,2.9286635940231374e-09
92.44207367894649,0.8206490566577613,0.31902381935828567,2.9135747246927104e-09
92.46874479079847,0.82067201241706,0.31905246708778606,2.8985644666748955e-09
92.49541590265044,0.820678789944413,0.3190811852185373,2.8836324096428727e-09
92.52208701450242,0.8206693744202141,0.3191098953373728,2.868778143228052e-09
92.54875812635439,0.8206437947222148,0.319138519357913,2.8540012570201386e-09
92.57542923820637,0.8206021234255239,0.3191669795205654,2.8393013405670675e-09
92.60210035005834,0.8205444768026073,0.3191951983925243,2.8246779833750697e-09
92.62877146191032,0.820471014823289,0.319223098867771,2.8101307749086056e-09
92.65544257376229,0.8203819411547502,0.3192506041670739,2.795659304590431e-09
92.68211368561427,0.8202775031615293,0.31927763783798824,2.7812631618015324e-09
92.70878479746624,0.8201579919055224,0.3193041237548562,2.7669419358811897e-09
92.73545590931822,0.8200237421459832,0.3193299861188069,2.7526952161269154e-09
92.76212702117019,0.8198751323395226,0.31935514945775667,2.7385225917945153e-09
92.78879813302217,0.819712584640109,0.31937953862640855,2.7244236520980265e-09
92.81546924487414,0.8195365648990683,0.3194030788062526,2.71039798620978e-09
92.84214035672612,0.819347582665084,0.319425695505566,2.6964451832603388e-09
92.86881146857809,0.8191461754980223,0.3194473161277123,2.682564833303571e-09
92.89548258043007,0.8189327322187705,0.3194678927964484,2.668756538539169e-09
92.92215369228204,0.818707868076202,0.31948737119826726,2.6550198907587003e-09
92.94882480413402,0.8184722903666025,0.31950569422690384,2.641354479060836e-09
92.97549591598599,0.8182267163104372,0.31952280879829426,2.627759894817608e-09
93.00216702783797,0.8179718730523491,0.31953866585057616,2.614235731674352e-09
93.02883813968994,0.8177084976611603,0.31955322034408845,2.6007815855497642e-09
93.05550925154192,0.8174373371298707,0.3195664312613714,2.587397054635844e-09
93.08218036339389,0.8171591483756597,0.31957826160716674,2.5740817393979525e-09
93.10885147524587,0.8168746982398845,0.3195886784084174,2.560835242574753e-09
93.13552258709784,0.8165847634880813,0.3195976527142679,2.5476571691782712e-09
93.16219369894982,0.8162901308099643,0.31960515959606384,2.5345471264938357e-09
93.18886481080179,0.8159915968194269,0.31961117814735246,2.5215047240801345e-09
93.21553592265377,0.8156899680545405,0.3196156914838822,2.508529573769161e-09
93.24220703450575,0.8153860609775553,0.3196186867436029,2.4956212896662623e-09
93.26887814635772,0.8150807019749002,0.3196201550866658,2.482779488150115e-09
93.2955492582097,0.8147747273571821,0.3196200916954234,2.4700037878727103e-09
93.32222037006167,0.8144689833591873,0.3196184957744297,2.457293809759397e-09
93.34889148191365,0.8141643261398794,0.3196153705504399,2.4446491770088288e-09
93.37556259376562,0.813861621782402,0.31961072327241086,2.4320695150930192e-09
93.4022337056176,0.8135617462940757,0.31960456521150044,2.4195544517572875e-09
93.42890481746957,0.8132655856064012,0.3195969116610681,2.407103617020311e-09
93.45557592932155,0.8129740355750565,0.31958778193667453,2.394716643174073e-09
93.48224704117352,0.8126880019798989,0.31957719937608187,2.382393164783915e-09
93.5089181530255,0.8124084005249637,0.31956519133925365,2.370132818688484e-09
93.53558926487747,0.8121359787438404,0.31955178668305545,2.3579352464981656e-09
93.56226037672945,0.8118713285629465,0.3195370228434608,2.3458000968759666e-09
93.58893148858142,0.8116152702330758,0.3195209485167943,2.333727019786172e-09
93.6156026004334,0.8113685876310426,0.3195036145967458,2.321715668601719e-09
93.64227371228537,0.8111320241250536,0.3194850740778763,2.3097657001501373e-09
93.66894482413736,0.8109062825747068,0.31946538205561775,2.297876774713501e-09
93.69561593598932,0.810692025330992,0.3194445957262733,2.2860485560284794e-09
93.7222870478413,0.8104898742362905,0.31942277438701716,2.2742807112862834e-09
93.74895815969327,0.8103004106243752,0.3193999794358946,2.26257291113272e-09
93.77562927154526,0.8101241753204105,0.31937627437182203,2.250924829668139e-09
93.80230038339722,0.8099616686409529,0.31935172479458696,2.2393361444474842e-09
93.8289714952492,0.80981335039395,0.3193263984048479,2.227806536480244e-09
93.85564260710117,0.8096796398787411,0.31930036500413456,2.2163356902305e-09
93.88231371895316,0.8095609158860575,0.31927369649484755,2.2049232936168777e-09
93.90898483080512,0.8094575166980218,0.3192464668802589,2.1935690380125974e-09
93.9356559426571,0.809369740088148,0.3192187522645113,2.1822726182454224e-09
93.96232705450907,0.8092978433213424,0.31919063085261895,2.1710337325977106e-09
93.98899816636106,0.8092420431539021,0.31916218295046683,2.1598520828063636e-09
94.01566927821302,0.8092025158335165,0.3191334909648112,2.148727374062876e-09
94.04234039006501,0.8091793970992663,0.3191046394032793,2.137659315013289e-09
94.06901150191698,0.8091727821816239,0.3190757148743695,2.1266476177582343e-09
94.09568261376896,0.8091827258024532,0.31904680608745123,2.11569199785289e-09
94.12235372562093,0.8092092428843038,0.31901800300102423,2.104792174002095e-09
94.14902483747291,0.8092522979868813,0.31898937438365854,2.0939478616139263e-09
94.17569594932488,0.8093117319937856,0.31896099947844075,2.0831587868479884e-09
94.20236706117686,0.8093873293540587,0.3189329650854067,2.0724246822699527e-09
94.22903817302884,0.8094788385420039,0.31890535524960417,2.061745282535851e-09
94.25570928488081,0.809585972057186,0.31887825126109237,2.051120324392059e-09
94.28238039673279,0.8097084064244314,0.31885173165494224,2.040549546675277e-09
94.30905150858476,0.8098457821938279,0.3188258722112366,2.030032690312573e-09
94.33572262043674,0.8099977039407248,0.31880074595506963,2.019569498321334e-09
94.36239373228871,0.8101637402657327,0.31877642315654753,2.009159715809313e-09
94.38906484414069,0.810343423794724,0.3187529713307879,1.998803089974584e-09
94.41573595599266,0.8105362511788322,0.31873045523792026,1.988499370105587e-09
94.44240706784464,0.8107416830944528,0.3187089368830856,1.9782483075810815e-09
94.46907817969661,0.8109591442432421,0.31868847551643675,1.9680496558701943e-09
94.49574929154859,0.8111880233521186,0.3186691276331382,1.9579031705323713e-09
94.52242040340056,0.8114276731732615,0.31865094697336604,1.9478086092174246e-09
94.54909151525254,0.8116774104841123,0.3186339845223081,1.9377657316654874e-09
94.57576262710451,0.8119365160873734,0.31861828851016394,1.927774299707058e-09
94.60243373895649,0.8122042348110088,0.31860390441214476,1.917834077262956e-09
94.62910485080846,0.812479775508244,0.3185908749484734,1.9079448303443658e-09
94.65577596266044,0.8127623110575662,0.31857924008438443,1.898106327052793e-09
94.68244707451241,0.8130509783627237,0.3185690370301241,1.888318337580108e-09
94.70911818636439,0.8133448783527266,0.3185603002409504,1.878580634208504e-09
94.73578929821636,0.8136431551512658,0.3185530598347517,1.8688929889307053e-09
94.76246041006834,0.8139451892279354,0.31854733198997687,1.859255167698876e-09
94.78913152192031,0.8142500464971488,0.3185431280559766,1.8496669468295484e-09
94.8158026337723,0.8145567689824457,0.31854045601969255,1.8401281040615992e-09
94.84247374562426,0.8148644174230394,0.3185393200626094,1.830638417267e-09
94.86914485747624,0.8151720712738193,0.3185397205607549,1.8211976644507764e-09
94.89581596932821,0.8154788287053488,0.3185416540847004,1.8118056237510487e-09
94.9224870811802,0.8157838066038668,0.3185451133995602,1.802462073438992e-09
94.94915819303216,0.8160861405712869,0.3185500874649918,1.7931667919188755e-09
94.97582930488414,0.8163849849251978,0.31855656143519606,1.783919557728023e-09
95.00250041673611,0.8166795126988627,0.3185645166589169,1.774720149536853e-09
95.0291715285881,0.8169689156412204,0.31857393067944156,1.7655683461488384e-09
95.05584264044006,0.8172524042168838,0.31858477723460044,1.7564639265005465e-09
95.08251375229204,0.8175292076061417,0.31859702625676717,1.7474066696615993e-09
95.10918486414401,0.8177985737049568,0.31861064387285865,1.7383963548347127e-09
95.135855975996,0.8180597691249677,0.31862559240433486,1.7294327613556582e-09
95.16252708784798,0.8183120791934871,0.3186418303671991,1.720515668693296e-09
95.18919819969994,0.8185548079535032,0.31865931247199786,1.7116448564495607e-09
95.21586931155193,0.818787278163679,0.3186779896238209,1.7028201043594473e-09
95.2425404234039,0.8190088312983521,0.318697808922301,1.694041192291044e-09
95.26921153525588,0.8192188275475355,0.31871871366161436,1.6853079002454948e-09
95.29588264710785,0.8194166458169168,0.3187406433304803,1.676620008357037e-09
95.32255375895983,0.8196016837278588,0.31876353361216136,1.6679772968929637e-09
95.3492248708118,0.8197733576173988,0.31878731638446334,1.6593795462536611e-09
95.37589598266378,0.8199311439551819,0.3188119244290124,1.650826537325371e-09
95.40256709451575,0.8200747403486081,0.31883730284445777,1.642318050891696e-09
95.42923820636773,0.8202037700635508,0.31886337349369226,1.6338538641590632e-09
95.4559093182197,0.8203178778411667,0.3188900554656206,1.6254337539712379e-09
95.48258043007168,0.8204167521251069,0.31891726817125055,1.61705749714848e-09
95.50925154192365,0.820500125061517,0.31894493134369284,1.6087248704875804e-09
95.53592265377563,0.8205677724990371,0.31897296503816125,1.6004356507618246e-09
95.5625937656276,0.8206195139888018,0.31900128963197266,1.5921896147210293e-09
95.58926487747958,0.8206552127844402,0.3190298258245469,1.5839865390915056e-09
95.61593598933155,0.8206747758420756,0.31905849463740676,1.5758262005760955e-09
95.64260710118353,0.8206781538203262,0.3190872174141782,1.5677083758541356e-09
95.6692782130355,0.8206653410803042,0.3191159158205901,1.5596328415814938e-09
95.69594932488748,0.8206363756856168,0.31914451184447445,1.5515993743905326e-09
95.72262043673945,0.8205913394023653,0.31917292779576617,1.5436077508901445e-09
95.74929154859143,0.8205303576991455,0.31920108630650323,1.5356577476657184e-09
95.7759626604434,0.8204535997470479,0.3192289103308267,1.527749141279172e-09
95.80263377229538,0.8203612784196572,0.31925632314498054,1.5198817082689201e-09
95.82930488414735,0.8202536502930527,0.3192832483473119,1.5120552251499058e-09
95.85597599599933,0.8201310156458084,0.3193096098582709,1.5042694684135693e-09
95.8826471078513,0.8199937184589922,0.3193353319204105,1.4965242145278796e-09
95.90931821970328,0.8198421464161669,0.31936033909838707,1.4888192399373024e-09
95.93598933155525,0.81967673090339,0.31938455627895956,1.4811543210628322e-09
95.96266044340723,0.8194979470092126,0.3194079086709903,1.4735292343019603e-09
95.9893315552592,0.8193063135246814,0.3194303218054444,1.4659437560287067e-09
96.01600266711118,0.8191023471052756,0.3194517263307087,1.4583976641375299e-09
96.04267377896315,0.8188864460639493,0.3194720774030223,1.4508907422299502e-09
96.06934489081513,0.8186592734901283,0.31949131786310625,1.4434227668957346e-09
96.09601600266711,0.8184215383282599,0.3195093914569536,1.4359935147741085e-09
96.12268711451908,0.8181739594914164,0.319526245951831,1.4286027637405036e-09
96.14935822637106,0.817917265861295,0.31954183313627826,1.421250292906546e-09
96.17602933822303,0.8176521962882186,0.3195561088201088,1.4139358826200839e-09
96.20270045007501,0.817379499591135,0.31956903283440946,1.406659314465155e-09
96.22937156192698,0.8170999345576173,0.3195805690315403,1.3994203712620203e-09
96.25604267377896,0.8168142699438635,0.31959068528513496,1.3922188370671298e-09
96.28271378563093,0.8165232844746974,0.3195993534901004,1.385054497173156e-09
96.30938489748291,0.816227766843567,0.31960654956261697,1.3779271381089622e-09
96.33605600933488,0.8159285157125467,0.31961225344013844,1.3708365476396328e-09
96.36272712118686,0.8156263397123348,0.3196164490813921,1.3637825147664434e-09
96.38939823303883,0.815322057442256,0.31961912446637847,1.3567648297268904e-09
96.41606934489081,0.8150164974702592,0.3196202715963715,1.3497832839946618e-09
96.44274045674278,0.8147104983329192,0.3196198864939187,1.3428376702796665e-09
96.46941156859477,0.8144049085354352,0.3196179692028408,1.3359277825280048e-09
96.49608268044673,0.8141005865516328,0.3196145237882321,1.3290534159219975e-09
96.52275379229872,0.8137984008239613,0.3196095583364601,1.3222143668801574e-09
96.54942490415068,0.8134992297634963,0.3196030849551659,1.3154104330572177e-09
96.57609601600267,0.8132039617499381,0.3195951197732638,1.3086414133441033e-09
96.60276712785463,0.8129134951316125,0.3195856829409418,1.3019071078679598e-09
96.62943823970662,0.8126287382254698,0.3195747986296611,1.2952073179921243e-09
96.65610935155858,0.8123506071698074,0.3195624949870221,1.2885418463299658e-09
96.68278046341057,0.8120797470136342,0.31954880084644305,1.2819104989970798e-09
96.70945157526253,0.811816832125776,0.3195337576702302,1.2753130848547643e-09
96.73612268711452,0.8115626780655176,0.3195174146478345,1.2687494137652058e-09
96.76279379896648,0.8113180599152384,0.3194998230742216,1.2622192974708601e-09
96.78946491081847,0.811083712280411,0.31948103634987135,1.255722549594423e-09
96.81613602267043,0.8108603292896026,0.3194611099807783,1.249258985638859e-09
96.84280713452242,0.8106485645944735,0.3194401015784514,1.2428284229873724e-09
96.86947824637438,0.8104490313697789,0.319418070859914,1.236430680903437e-09
96.89614935822637,0.8102623023133669,0.31939507964770425,1.2300655805307665e-09
96.92282047007834,0.8100889096461804,0.31937119186987445,1.2237329448933428e-09
96.94949158193032,0.8099293451122557,0.3193464735599915,1.2174325988953888e-09
96.97616269378229,0.809784059978723,0.31932099285713694,1.2111643693213955e-09
97.00283380563427,0.8096534650358066,0.31929482000590664,1.204928084836095e-09
97.02950491748625,0.8095379305968248,0.31926802735641097,1.1987235759844831e-09
97.05617602933822,0.8094377864981895,0.3192406893642748,1.1925506751918114e-09
97.0828471411902,0.8093533220994069,0.31921288259063757,1.1864092167635747e-09
97.10951825304217,0.8092847862830768,0.3191846857021532,1.1802990368855362e-09
97.13618936489415,0.8092323874548928,0.31915617947098995,1.1742199736237002e-09
97.16286047674612,0.8091962935436429,0.31912744677483074,1.1681718669243388e-09
97.1895315885981,0.8091766320012087,0.31909857259687285,1.162154558613965e-09
97.21620270045007,0.8091734898025656,0.31906964402582827,1.1561678923993599e-09
97.24287381230205,0.8091869134457833,0.31904075025592316,1.1502117138675455e-09
97.26954492415402,0.8092169109443222,0.31901197896231204,1.1442858698084417e-09
97.296216036006,0.8092634218348699,0.3189833960698217,1.1383902056570718e-09
97.32288714785797,0.8093262679665744,0.31895508548069823,1.1325245738427313e-09
97.34955825970995,0.8094052266465556,0.3189271333764804,1.1266888290395514e-09
97.37622937156192,0.8095000391604269,0.3188996231882463,1.1208828270607098e-09
97.4029004834139,0.809610410772295,0.31887263559661316,1.1151064248584063e-09
97.42957159526587,0.8097360107247598,0.3188462485317379,1.1093594805238865e-09
97.45624270711785,0.8098764722389148,0.3188205371733164,1.1036418532874183e-09
97.48291381896982,0.8100313925143464,0.318795573950584,1.0979534035183163e-09
97.5095849308218,0.8102003327291349,0.3187714285423154,1.0922939927249167e-09
97.53625604267377,0.8103828180398535,0.31874816787682453,1.086663483554602e-09
97.56292715452575,0.8105783375815688,0.31872585613196475,1.0810617397937771e-09
97.58959826637772,0.8107863444678409,0.3187045547351286,1.0754886263678928e-09
97.6162693782297,0.8110062557907234,0.31868432236324795,1.0699440093414224e-09
97.64294049008167,0.8112374526207625,0.3186652149427942,1.0644277559178851e-09
97.66961160193365,0.8114792800069986,0.31864728564977773,1.0589397344398224e-09
97.69628271378562,0.811731046976965,0.31863058490974855,1.053479814388822e-09
97.7229538256376,0.8119920265366883,0.3186151603977958,1.0480478663854936e-09
97.74962493748957,0.8122614556706886,0.318601057038548,1.0426437621894936e-09
97.77629604934155,0.8125385353419794,0.31858831700617296,1.0372673746994998e-09
97.80296716119352,0.812822430492067,0.3185769797243778,1.0319185779532367e-09
97.8296382730455,0.813112270040952,0.3185670818664091,1.0265972471274512e-09
97.85630938489747,0.8134071468871273,0.3185586573550525,1.0213032585379358e-09
97.88298049674945,0.8137062752859262,0.31855173384151986,1.0160364870636395e-09
97.90965160860142,0.8140089860374422,0.31854632521726434,1.0107968062544498e-09
97.9363227204534,0.8143143149834484,0.31854244239777124,1.0055840949477475e-09
97.96299383230539,0.8146213086365,0.3185400925924958,1.0003982321855877e-09
97.98966494415735,0.8149290321700844,0.3185392792034407,9.952390970831435e-10
98.01633605600934,0.8152365694186215,0.318540001825156,9.901065688286978e-10
98.0430071678613,0.815543022877463,0.3185422562447392,9.850005266836632e-10
98.06967827971329,0.815847513702893,0.31854603444183505,9.799208499825596e-10
98.09634939156525,0.8161491817121271,0.31855132458863594,9.748674181330358e-10
98.12302050341724,0.816447185383314,0.3185581110498815,9.698401106158483e-10
98.1496916152692,0.8167407018555334,0.31856637438285895,9.648388069848826e-10
98.17636272712119,0.8170289269287981,0.31857609133740267,9.598633868671318e-10
98.20303383897316,0.8173110750640524,0.3185872348558947,9.54913729962718e-10
98.22970495082514,0.8175863793831732,0.31859977407326434,9.499897160448708e-10
98.2563760626771,0.8178540916689689,0.3186136743169883,9.450912249599488e-10
98.28304717452909,0.8181134823651807,0.3186288971070908,9.402181366274185e-10
98.30971828638106,0.8183638405764811,0.31864540015614345,9.353703310398749e-10
98.33638939823304,0.8186044740684758,0.3186631373692651,9.305476882630212e-10
98.363060510085,0.8188347092677015,0.3186820588441223,9.257500884356889e-10
98.38973162193699,0.819053891261628,0.31870211087092876,9.209774117698178e-10
98.41640273378896,0.8192613837986564,0.31872323593244567,9.162295385504759e-10
98.44307384564094,0.8194565692881205,0.3187453727039818,9.115063491358397e-10
98.4697449574929,0.8196388488002859,0.31876845605339305,9.068077239572139e-10
98.49641606934489,0.8198076420663505,0.3187924170410829,9.021335435190115e-10
98.52308718119686,0.8199624730076295,0.31881719220116267,8.974836887301122e-10
98.54975829304884,0.8201030437002941,0.3188427228709292,8.928580398190902e-10
98.57642940490081,0.820228969514884,0.3188689286119536,8.882564753859984e-10
98.60310051675279,0.8203399043412708,0.31889572861800997,8.836788739797014e-10
98.62977162860476,0.8204355457758769,0.318923042401239,8.791251141359564e-10
98.65644274045674,0.8205156351216766,0.31895078979214814,8.745950743773935e-10
98.68311385230871,0.8205799573881958,0.3189788909396117,8.700886332135348e-10
98.70978496416069,0.8206283412915119,0.3190072663108704,8.656056691407756e-10
98.73645607601266,0.8206606592542539,0.319035836691532,8.611460606424031e-10
98.76312718786464,0.8206768274056024,0.3190645231855707,8.56709686188578e-10
98.78979829971661,0.8206768055812896,0.3190932472153276,8.522964242363525e-10
98.81646941156859,0.8206605973235993,0.3191219305215104,8.479061532296525e-10
98.84314052342056,0.8206282498813667,0.3191504951631935,8.435387515992954e-10
98.86981163527254,0.8205798542099788,0.31917886351781805,8.391940977629721e-10
98.89648274712452,0.8205155449713741,0.319206958281192,8.348720701252629e-10
98.92315385897649,0.8204355005340427,0.3192347024674898,8.30572547077631e-10
98.94982497082847,0.820339942973026,0.3192620194092528,8.262954069984149e-10
98.97649608268044,0.8202291380699177,0.31928883275738895,8.220405282528451e-10
99.00316719453242,0.8201033953128622,0.319315066481173,8.178077891930254e-10
99.02983830638439,0.8199630678965562,0.3193406448682463,8.135970681579513e-10
99.05650941823637,0.8198085527222474,0.319365492524617,8.094082434734919e-10
99.08318053008834,0.8196402903977356,0.3193895343746599,8.05241193452408e-10
99.10985164194032,0.8194587652373717,0.3194126956611165,8.010957963943336e-10
99.13652275379229,0.8192645052620587,0.3194349019450951,7.969719305857946e-10
99.16319386564427,0.8190579922374849,0.31945608893898636,7.92869475959097e-10
99.18986497749624,0.8188396654331961,0.31947621175016383,7.887883142249773e-10
99.21653608934822,0.8186102163451607,0.3194952117891363,7.847283234600178e-10
99.24320720120019,0.8183703556718048,0.31951303365220785,7.806893822468141e-10
99.26987831305217,0.8181208041155921,0.31952962595621326,7.766713698402995e-10
99.29654942490414,0.8178622923830245,0.31954494133851796,7.726741661677633e-10
99.32322053675612,0.8175955611846417,0.319558936457018,7.686976518288324e-10
99.3498916486081,0.8173213612350216,0.3195715719901401,7.647417080954892e-10
99.37656276046008,0.8170404532527799,0.3195828126368415,7.608062169120544e-10
99.40323387231204,0.8167536079605702,0.3195926271166103,7.568910608952039e-10
99.42990498416403,0.816461606085084,0.3196009881694651,7.529961233339519e-10
99.456576096016,0.8161652383570513,0.31960787255595513,7.491212881896677e-10
99.48324720786798,0.8158653055112394,0.3196132610571603,7.452664400960591e-10
99.50991831971994,0.8155626182864539,0.3196171384746912,7.414314643591888e-10
99.53658943157193,0.8152579974255383,0.319619493630689,7.376162469574581e-10
99.5632605434239,0.8149522736753743,0.31962031936782553,7.338206745416233e-10
99.58993165527588,0.8146462877868808,0.3196196125493032,7.300446344347792e-10
99.61660276712784,0.8143408905150157,0.31961737405885526,7.262880146323754e-10
99.64327387897983,0.8140369426187741,0.31961360880074535,7.225507038022006e-10
99.6699449908318,0.8137353148611896,0.319608325699768,7.188325912843976e-10
99.69661610268378,0.8134368880093331,0.31960153770124805,7.151335670914486e-10
99.72328721453574,0.8131425528343142,0.31959326177104136,7.1145352190819e-10
99.74995832638773,0.8128532101112799,0.3195835188955342,7.077923470917974e-10
99.7766294382397,0.8125697706194156,0.31957233408164354,7.041499346718009e-10
99.80330055009168,0.8122931308416613,0.3195597358995115,7.005261774401436e-10
99.82997166194366,0.8120238670371833,0.3195457543982024,6.969209704496905e-10
99.85664277379563,0.8117627241049369,0.3195304341440398,6.933342096998333e-10
99.88331388564761,0.8115105088556558,0.3195138247339546,6.897657919227606e-10
99.90998499749958,0.8112679876484868,0.31949597787409145,6.862156148740411e-10
99.93665610935156,0.8110358863909893,0.31947694737980914,6.826835773326086e-10
99.96332722120353,0.8108148905391358,0.3194567891756805,6.791695791007765e-10
99.98999833305551,0.8106056450973113,0.3194355612954924,6.756735210042237e-10
100.01666944490748,0.8104087546183137,0.3194133238822457,6.721953048920087e-10
100.04334055675946,0.8102247832033538,0.31939013918815523,6.687348336365553e-10
100.07001166861143,0.8100542545020551,0.31936607157464997,6.652920111336669e-10
100.09668278046341,0.8098976517124541,0.31934118751237284,6.618667423025124e-10
100.12335389231538,0.8097554175809999,0.3193155555811808,6.584589330856404e-10
100.15002500416736,0.8096279544025544,0.3192892464701449,6.550684904489645e-10
100.17669611601933,0.8095156240203925,0.31926233297755,6.516953223817782e-10
100.20336722787131,0.8094187478262017,0.31923489001089533,6.483393378967406e-10
100.23003833972328,0.8093376067600825,0.3192069945868939,6.450004470298897e-10
100.25670945157526,0.809272441310548,0.3191787258314727,6.416785608406296e-10
100.28338056342723,0.8092234515145244,0.319150164979773,6.383735914117438e-10
100.31005167527921,0.8091907969573503,0.31912139537614986,6.350854518493809e-10
100.33672278713118,0.8091745967727776,0.3190925024741725,6.318140562830694e-10
100.36339389898316,0.8091749296429706,0.319063573836624,6.285593198657032e-10
100.39006501083513,0.8091918337985066,0.3190346991355017,6.253211587735556e-10
100.41673612268711,0.8092253093271351,0.3190059619088759,6.220994894023238e-10
100.44340723453908,0.8092752668100226,0.31897742876772467,6.188942282016308e-10
100.47007834639106,0.80934151474056,0.3189491863544221,6.15705295388202e-10
100.49674945824303,0.8094238231820051,0.31892132024190034,6.125326119929095e-10
100.52342057009501,0.8095219261388591,0.3188939132562465,6.093760996671296e-10
100.55009168194698,0.8096355215568675,0.318867045476703,6.062356806827566e-10
100.57676279379896,0.8097642713230194,0.3188407942356672,6.031112779321891e-10
100.60343390565093,0.8099078012655484,0.3188152341186915,6.000028149283433e-10
100.63010501750291,0.8100657011539317,0.31879043696448356,5.969102158046402e-10
100.65677612935488,0.8102375246988903,0.318766471864906,5.938334053150184e-10
100.68344724120686,0.8104227895523898,0.31874340516497646,5.907723088339206e-10
100.71011835305883,0.8106209773076388,0.3187213004628679,5.877268523563078e-10
100.73678946491081,0.810831533499091,0.3187002186099081,5.846969624976449e-10
100.76346057676278,0.8110538676024429,0.3186802177105802,5.816825664939152e-10
100.79013168861476,0.811287353034636,0.31866135312252214,5.78683592201606e-10
100.81680280046675,0.811531327153855,0.3186436774565272,5.756999680977206e-10
100.84347391231871,0.8117850912595288,0.3186272405765436,5.727316232797736e-10
100.8701450241707,0.8120479105923306,0.3186120895996747,5.697784874657857e-10
100.89681613602266,0.8123190143341769,0.31859826889617887,5.668404909942954e-10
100.92348724787465,0.8125975956082289,0.31858582008946973,5.639175648243456e-10
100.95015835972661,0.8128828114788911,0.3185747820561158,5.610096405354965e-10
100.9768294715786,0.8131737829518124,0.3185651909258408,5.581166503278137e-10
101.00350058343057,0.8134695955583194,0.31855708007278316,5.552385270166453e-10
101.03017169528255,0.8137695558694296,0.31855047375200013,5.523752017469484e-10
101.05684280713452,0.8140728986578721,0.31854538475515437,5.495266066152703e-10
101.0835139189865,0.8143786561732514,0.3185418233181078,5.46692675755361e-10
101.11018503083847,0.814685879282409,0.31853979586768294,5.438733433410722e-10
101.13685614269045,0.8149936374694251,0.3185393050216624,5.410685435863455e-10
101.16352725454242,0.8153010188356175,0.3185403495887893,5.382782107452239e-10
101.1901983663944,0.8156071300995422,0.31854292456876715,5.355022791118401e-10
101.21686947824637,0.8159110965969932,0.3185470211522597,5.327406830204287e-10
101.24354059009835,0.8162120622810027,0.31855262672089113,5.299933568453136e-10
101.27021170195032,0.8165091897218406,0.31855972484724604,5.272602350009207e-10
101.2968828138023,0.8168016601070153,0.3185682952948692,5.245412519417652e-10
101.32355392565427,0.8170886732412724,0.3185783140182659,5.218363421624644e-10
101.35022503750625,0.8173694475465966,0.3185897531629018,5.19145440197725e-10
101.37689614935822,0.8176432200622096,0.31860258106520273,5.164684806223553e-10
101.4035672612102,0.8179092464445721,0.31861676225255514,5.138053980512537e-10
101.43023837306217,0.8181668009673818,0.3186322574433056,5.111561271394194e-10
101.45690948491415,0.8184151765215755,0.3186490235467612,5.085206025819423e-10
101.48358059676612,0.8186536846153271,0.3186670136631893,5.058987591140133e-10
101.5102517086181,0.8188816553740491,0.31868617708381763,5.032905315109131e-10
101.53692282047007,0.8190984375403917,0.31870645929083435,5.006958545880241e-10
101.56359393232205,0.8193033984742435,0.31872780195738787,4.981146632008185e-10
101.59026504417402,0.8194959241527305,0.318750142947587,4.955468922448698e-10
101.616936156026,0.8196754191702177,0.31877341631650097,4.929924766558417e-10
101.64360726787797,0.8198413067782321,0.3187975523151874,4.904513514096389e-10
101.67027837972995,0.8199931750185896,0.3188224925603751,4.879234517744576e-10
101.69694949158192,0.8201307027604496,0.31884817180009695,4.85408712259622e-10
101.7236206034339,0.8202535093395323,0.3188745090085923,4.82907066773053e-10
101.75029171528588,0.8203612578013165,0.3189014234754897,4.804184492153912e-10
101.77696282713785,0.8204536549010405,0.3189288348058064,4.779427934799935e-10
101.80363393898983,0.8205304511037016,0.3189566629199488,4.754800334529286e-10
101.8303050508418,0.8205914405840564,0.3189848280537121,4.730301030129861e-10
101.85697616269378,0.8206364612266207,0.3190132507582806,4.705929360316669e-10
101.88364727454575,0.8206653946256693,0.31904185190022755,4.681684663731924e-10
101.91031838639773,0.8206781660852362,0.3190705526615152,4.657566278944951e-10
101.9369894982497,0.8206747446191148,0.31909927453949455,4.633573544452287e-10
101.96366061010168,0.8206551429508574,0.3191279393469059,4.609705798677574e-10
101.99033172195365,0.8206194175137754,0.3191564692118783,4.5859623799716656e-10
102.01700283380563,0.8205676684509396,0.31918478657792976,4.562342626612524e-10
102.0436739456576,0.82050003961518,0.31921281420396735,4.5388458768053217e-10
102.07034505750958,0.8204167185690856,0.31924047516428705,4.5154714686823385e-10
102.09701616936155,0.8203179365850046,0.3192676928485738,4.492218740303066e-10
102.12368728121353,0.8202039686450443,0.31929439096190165,4.469087029654104e-10
102.1503583930655,0.8200751334410714,0.31932049352473335,4.4460756746492604e-10
102.17702950491748,0.8199317933747114,0.31934592487292085,4.423184013129454e-10
102.20370061676945,0.8197743545573496,0.3193706096577049,4.400411382862813e-10
102.23037172862144,0.8196032668101295,0.3193944728457154,4.377757121544574e-10
102.2570428404734,0.8194190236639548,0.3194174397189711,4.355220566797182e-10
102.28371395232539,0.8192221623594876,0.31943943587487966,4.332801056170195e-10
102.31038506417735,0.8190131169825012,0.3194604039762218,4.310497941966609e-10
102.33705617602934,0.8187923961432226,0.31948029590073046,4.2883105747458887e-10
102.3637272878813,0.8185607023145455,0.3194990530763958,4.2662382908315774e-10
102.39039839973329,0.8183187480316162,0.3195166209483007,4.2442804302014566e-10
102.41706951158525,0.8180672558618164,0.31953294898146506,4.222436336490612e-10
102.44374062343724,0.8178069584047614,0.319547990660846,4.200705356991336e-10
102.4704117352892,0.8175385982923014,0.31956170349133756,4.1790868426532257e-10
102.49708284714119,0.8172629281885205,0.319574048997771,4.1575801480830856e-10
102.52375395899315,0.8169807107897378,0.3195849927249145,4.136184631545024e-10
102.55042507084514,0.8166927188245059,0.3195945042374734,4.114899654960357e-10
102.5770961826971,0.8163997350536127,0.3196025571200901,4.0937245839077027e-10
102.60376729454909,0.8161025522700796,0.3196091289773441,4.07265878762289e-10
102.63043840640105,0.8158019732991632,0.31961420143375197,4.0517016389990486e-10
102.65710951825304,0.8154988109983535,0.31961776013376736,4.030852514586518e-10
102.68378063010502,0.8151938882573757,0.31961979474178087,4.010110794592928e-10
102.71045174195699,0.8148880379981893,0.3196202989421204,3.9894758628831633e-10
102.73712285380897,0.8145821031749875,0.31961927043905075,3.968947106979332e-10
102.76379396566094,0.8142769367741985,0.3196167109567738,3.94852391806084e-10
102.79046507751292,0.8139734018144846,0.31961262623942865,3.9282056909643076e-10
102.81713618936489,0.8136723713467426,0.31960702605109137,3.9079918241836525e-10
102.84380730121687,0.8133747284541035,0.31959992417577504,3.887881719870006e-10
102.87047841306884,0.8130813662519328,0.3195913384174299,3.867874783831797e-10
102.89714952492082,0.8127931878878303,0.3195812905999434,3.8479704255346675e-10
102.92382063677279,0.8125111065416303,0.31956980656713974,3.828168058101559e-10
102.95049174862477,0.8122359752794558,0.31955691500954064,3.8084670998041227e-10
102.97716286047674,0.8119683459880567,0.31954264834316487,3.788866981903488e-10
103.00383397232872,0.8117090110736713,0.31952705325855446,3.769367138727281e-10
103.03050508418069,0.8114587686593884,0.31951017976859336,3.7499670094097743e-10
103.05717619603267,0.8112183764369061,0.31949207999832524,3.730666038655083e-10
103.08384730788464,0.8109885516665338,0.3194728081849533,3.711463676737253e-10
103.11051841973662,0.8107699711771909,0.31945242067784047,3.692359379500177e-10
103.13718953158859,0.8105632713664077,0.31943097593850917,3.673352608357675e-10
103.16386064344057,0.8103690482003245,0.31940853454064155,3.6544428302934155e-10
103.19053175529254,0.8101878572136928,0.3193851591700794,3.6356295178609935e-10
103.21720286714452,0.8100202135098737,0.319360914624824,3.6169121491838525e-10
103.24387397899649,0.8098665917608399,0.31933586781503653,3.5982902079553637e-10
103.27054509084847,0.8097274262071734,0.31931008776303743,3.579763183438745e-10
103.29721620270044,0.8096031106580677,0.319283645603307,3.5613305704671424e-10
103.32388731455242,0.8094939984913261,0.3192566145824852,3.5429918694435503e-10
103.35055842640439,0.8094004026533629,0.3192290700593715,3.524746586340889e-10
103.37722953825637,0.8093225956592024,0.31920108950492504,3.506594232701929e-10
103.40390065010834,0.80926080959248,0.31917275250226457,3.488534325639365e-10
103.43057176196032,0.8092152361054412,0.3191441407466684,3.470566387835743e-10
103.45724287381229,0.8091860264189419,0.3191153380455747,3.452689947543533e-10
103.48391398566427,0.8091732913224489,0.31908643031858097,3.434904538585057e-10
103.51058509751624,0.809177101174039,0.31905750559744456,3.417209700352559e-10
103.53725620936822,0.8091974859004,0.3190286540260823,3.3996049778081363e-10
103.56392732122019,0.8092344353290525,0.3189999531906677,3.3820899140197763e-10
103.59059843307217,0.8092878301875962,0.31897147376764884,3.3646640591947173e-10
103.61726954492416,0.8093574694546726,0.31894330334150367,3.347326980769489e-10
103.64394065677612,0.8094431158702772,0.31891552688429986,3.3300782496399955e-10
103.6706117686281,0.8095444960859989,0.3188882266241443,3.31291744008181e-10
103.69728288048007,0.8096613006650195,0.3188614820451832,3.295844129750234e-10
103.72395399233206,0.809793184082115,0.31883536988760247,3.2788578996802275e-10
103.75062510418402,0.8099397647236539,0.3188099641476271,3.261958334286482e-10
103.777296216036,0.8101006248875989,0.3187853360775216,3.2451450213633454e-10
103.80396732788797,0.8102753107835052,0.3187615541855899,3.2284175520848974e-10
103.83063843973996,0.8104633325325222,0.31873868423617513,3.2117755210048746e-10
103.85730955159192,0.810664164167392,0.3187167892496601,3.195218526056744e-10
103.88398066344391,0.8108772436324506,0.3186959295024668,3.1787461685536326e-10
103.91065177529588,0.8111019727836271,0.31867616252705666,3.162358053188394e-10
103.93732288714786,0.811337717388444,0.31865754311193045,3.146053788033544e-10
103.96399399899983,0.811583807126017,0.31864012330162844,3.1298329845413257e-10
103.99066511085181,0.8118395355870558,0.3186239523967302,3.113695257543642e-10
104.01733622270378,0.8121041602738626,0.3186090769538547,3.0976402252521237e-10
104.04400733455576,0.8123769026003338,0.31859554078566027,3.081667509258063e-10
104.07067844640773,0.8126569478919584,0.31858338496084476,3.06577673453248e-10
104.09734955825971,0.8129434453858196,0.31857264780414524,3.0499675294260547e-10
104.12402067011168,0.8132355082305932,0.3185633648963383,3.034239525669195e-10
104.15069178196366,0.8135322317184142,0.3185555687608439,3.0185923574836895e-10
104.17736289381563,0.8138329865274017,0.3185492800661787,3.0030256473758826e-10
104.20403400566761,0.8141369174222491,0.318544511089964,2.9875390304548735e-10
104.23070511751958,0.8144430609360032,0.3185412712826733,2.9721321482751537e-10
104.25737622937156,0.8147504721841091,0.31853956628447866,2.95680464261071e-10
104.28404734122353,0.8150582248644099,0.31853939792525093,2.941556155455088e-10
104.31071845307551,0.8153654112571471,0.3185407642245597,2.926386329021331e-10
104.33738956492748,0.81567114222496,0.31854365939167295,2.9112948057420414e-10
104.36406067677946,0.8159745472128864,0.3185480738255576,2.896281228269316e-10
104.39073178863143,0.8162747742483619,0.3185539941148793,2.8813452394748113e-10
104.41740290048341,0.8165709899412208,0.31856140303800207,2.866486482449681e-10
104.44407401233538,0.8168623794836948,0.3185702795629889,2.851704600504638e-10
104.47074512418736,0.8171481466504146,0.3185805988476013,2.83699923716989e-10
104.49741623603933,0.8174275137984081,0.3185923322392995,2.8223700361952044e-10
104.52408734789131,0.8176997218671023,0.3186054472752424,2.8078166415498456e-10
104.55075845974329,0.8179640303783218,0.31861990768228765,2.793338697422628e-10
104.57742957159526,0.8182197174362892,0.31863567337699145,2.7789358482218947e-10
104.60410068344724,0.818466079727626,0.31865270046560873,2.7646077385754925e-10
104.63077179529921,0.8187024325213509,0.3186709412440931,2.7503540133308267e-10
104.6574429071512,0.8189281096688816,0.31869034419809694,2.7361743175548e-10
104.68411401900316,0.8191424636040334,0.31871085400297117,2.722068296533872e-10
104.71078513085514,0.8193448653430201,0.31873241152376536,2.7080355957740017e-10
104.73745624270711,0.8195347044844532,0.31875495381522795,2.694075861000705e-10
104.7641273545591,0.8197113892093428,0.3187784141218059,2.6801887381589946e-10
104.79079846641106,0.8198743536905012,0.3188027227680297,2.666373873536918e-10
104.81746957826304,0.8200232456701396,0.31882782507836743,2.65263091482879e-10
104.84414069011501,0.8201577136273465,0.31885364923849047,2.6389595041689054e-10
104.870811801967,0.8202773860561519,0.3188801143138052,2.62535928185196e-10
104.89748291381896,0.8203819351628827,0.31890713968273554,2.61182988813241e-10
104.92415402567094,0.8204710768661636,0.3189346450367229,2.59837096322441e-10
104.95082513752291,0.8205445707969161,0.3189625503802261,2.5849821473018733e-10
104.9774962493749,0.8206022202983594,0.31899077603072157,2.571663080498412e-10
105.00416736122686,0.8206438724260098,0.31901924261870307,2.558413402907398e-10
105.03083847307884,0.820669417947681,0.319047871087682,2.545232754581902e-10
105.05750958493081,0.8206787913434839,0.31907658269418715,2.532120775534752e-10
105.0841806967828,0.8206719708058268,0.3191052990077649,2.5190771057384776e-10
105.11085180863476,0.8206489782394153,0.31913394191097894,2.506101385125365e-10
105.13752292048675,0.8206098792612523,0.31916243359941066,2.4931932535874013e-10
105.16419403233871,0.820554783200638,0.3191906965816588,2.480352350976331e-10
105.1908651441907,0.82048384309917,0.31921865367933955,2.467578317103598e-10
105.21753625604266,0.8203972557107431,0.3192462280270867,2.4548707917404053e-10
105.24420736789465,0.8202952615015492,0.31927334307255156,2.442229414617656e-10
105.27087847974661,0.8201781446500781,0.3192999225764027,2.429653825426009e-10
105.2975495915986,0.8200462330471162,0.3193258906123265,2.417143663815826e-10
105.32422070345056,0.8198998982957478,0.3193511715670265,2.4046985693972243e-10
105.35089181530255,0.8197395557113543,0.31937569014022404,2.392318181740023e-10
105.37756292715451,0.8195656643216142,0.3193993713446577,2.380002140373798e-10
105.4042340390065,0.8193787268665035,0.3194221405060836,2.367750084787826e-10
105.43090515085846,0.8191792830309806,0.31944392393220844,2.3555616547971067e-10
105.45757626271045,0.8189677276474161,0.31946467120055233,2.343436500630036e-10
105.48424737456243,0.8187446443298283,0.3194843296520181,2.331374265405546e-10
105.5109184864144,0.818510737460048,0.31950284155980196,2.3193745883453422e-10
105.53758959826638,0.8182667214745787,0.3195201532165632,2.307437110660708e-10
105.56426071011835,0.8180133208645977,0.3195362149344246,2.2955614755525482e-10
105.59093182197033,0.8177512701759542,0.31955098104497215,2.2837473282113384e-10
105.6176029338223,0.8174813140091718,0.31956440989925544,2.271994315817177e-10
105.64427404567428,0.817204207019446,0.31957646386778715,2.2603020875397323e-10
105.67094515752625,0.8169207139166461,0.3195871093405434,2.2486702945382947e-10
105.69761626937823,0.8166316094653142,0.31959631672696376,2.2370985899617263e-10
105.7242873812302,0.8163376784846655,0.31960406045595086,2.2255866289485096e-10
105.75095849308218,0.8160397158485883,0.319610318975871,2.2141340686266997e-10
105.77762960493415,0.8157385264856438,0.3196150747545536,2.202740568113972e-10
105.80430071678613,0.8154349253790664,0.31961831427929155,2.1914057885175743e-10
105.8309718286381,0.8151297375667635,0.319620028056841,2.180129392934375e-10
105.85764294049008,0.8148237981413158,0.31962021061342144,2.1689110464508143e-10
105.88431405234205,0.8145179522499767,0.3196188604947159,2.1577504161429535e-10
105.91098516419403,0.8142130550946729,0.3196159802658704,2.146647171076426e-10
105.937656276046,0.8139099719320041,0.31961157651149463,2.1356009823064854e-10
105.96432738789798,0.813609578073243,0.31960565983566147,2.124611522877958e-10
105.99099849974995,0.8133127588843355,0.31959824486190713,2.1136784678252902e-10
106.01766961160193,0.8130204097859004,0.31958935023323126,2.1028014941725014e-10
106.0443407234539,0.8127334362532298,0.3195789986120968,2.0919802809332304e-10
106.07101183530588,0.8124527538162885,0.31956721668043003,2.0812145091106898e-10
106.09768294715785,0.8121791484341885,0.3195540330828479,2.0705038633940516e-10
106.12435405900983,0.8119131912033402,0.3195394834351267,2.059848035124385e-10
106.1510251708618,0.8116556998316063,0.31952361576575483,2.049246716772622e-10
106.17769628271378,0.8114074638021613,0.31950648051018266,2.0386996037243008e-10
106.20436739456575,0.811169232182888,0.31948813021836464,2.028206394396469e-10
106.23103850641773,0.8109417136263767,0.3194686195547586,2.0177667902376384e-10
106.2577096182697,0.8107255763699266,0.31944800529832634,2.0073804957278297e-10
106.28438073012168,0.8105214482355444,0.31942634634253325,1.9970472183785282e-10
106.31105184197365,0.8103299166299454,0.31940370369534843,1.9867666687327275e-10
106.33772295382563,0.8101515285445523,0.31938014047924473,1.9765385603648863e-10
106.3643940656776,0.8099867905554967,0.31935572193119866,1.9663626098809717e-10
106.39106517752958,0.8098361688236179,0.31933051540269053,1.9562385369184152e-10
106.41773628938155,0.8097000890944632,0.3193045903597043,1.9461660641461577e-10
106.44440740123353,0.8095789366982884,0.3192780183827276,1.9361449172646037e-10
106.47107851308552,0.809473056550057,0.31925087316675194,1.9261748250056616e-10
106.49774962493748,0.809382753149441,0.3192232305212723,1.9162555191327257e-10
106.52442073678947,0.80930829058082,0.31919516837028755,1.9063867344406618e-10
106.55109184864143,0.809249892513282,0.31916676675230027,1.8965682087558424e-10
106.57776296049342,0.8092077422006235,0.31913810782031665,1.8867996829361062e-10
106.60443407234538,0.8091819824813483,0.3191092758418466,1.8770809008707998e-10
106.63110518419737,0.8091727157786689,0.31908035719890393,1.8674116094807352e-10
106.65777629604933,0.8091800041005056,0.31905144038800587,1.8577915587182312e-10
106.68444740790132,0.8092038693144429,0.31902261570711615,1.848220501467642e-10
106.71111851975328,0.8092442866502384,0.31899395391928037,1.8386981879661623e-10
106.73778963160527,0.8093011095559561,0.3189655321315526,1.829224376644597e-10
106.76446074345724,0.8093741294985249,0.31893743746284825,1.8197988324989575e-10
106.79113185530922,0.8094631018328765,0.3189097542904207,1.8104213223657435e-10
106.81780296716119,0.8095677458019447,0.31888256424986167,1.801091614921981e-10
106.84447407901317,0.8096877445366661,0.3188559462351009,1.7918094806851832e-10
106.87114519086514,0.8098227450559798,0.31882997639840616,1.7825746920133911e-10
106.89781630271712,0.8099723582668277,0.31880472815038347,1.773387023105132e-10
106.92448741456909,0.8101361589641536,0.31878027215997695,1.764246249999461e-10
106.95115852642107,0.8103136858309045,0.31875667635446875,1.7551521505759197e-10
106.97782963827304,0.8105044414380291,0.3187340059194792,1.746104504554577e-10
107.00450075012502,0.8107078922444798,0.31871232329896676,1.73710309349599e-10
107.03117186197699,0.8109234685972103,0.31869168819522803,1.728147700801241e-10
107.05784297382897,0.8111505647311779,0.31867215756889766,1.7192381117119012e-10
107.08451408568094,0.8113885387693414,0.3186537856389484,1.7103741133100674e-10
107.11118519753292,0.8116367127226631,0.3186366238826912,1.701555494518325e-10
107.13785630938489,0.8118943724901071,0.3186207210357751,1.6927820460997853e-10
107.16452742123687,0.8121607678586406,0.3186061230921872,1.6840535606580477e-10
107.19119853308884,0.8124351125032326,0.3185928733042529,1.675369832637238e-10
107.21786964494082,0.8127165839868556,0.3185810121826354,1.6667306583219703e-10
107.24454075679279,0.8130043237604837,0.3185705774963364,1.6581358358373836e-10
107.27121186864477,0.8132974371630942,0.3185616042726953,1.6495851651491064e-10
107.29788298049674,0.8135950528529116,0.31855412364446434,1.6410784464881712e-10
107.32455409234872,0.8138965574715255,0.3185481530979157,1.6326154741808824e-10
107.35122520420069,0.8142010331030552,0.31854370451650504,1.6241960514435213e-10
107.37789631605267,0.8145075204741297,0.31854078656192336,1.6158199832113142e-10
107.40456742790465,0.8148150788660178,0.31853940408455755,1.607487074539546e-10
107.43123853975662,0.8151227861146296,0.3185395581234904,1.599197130603546e-10
107.4579096516086,0.8154297386105166,0.31854124590650046,1.5909499566986757e-10
107.48458076346057,0.8157350512988705,0.31854446085006227,1.5827453582403583e-10
107.51125187531255,0.8160378576795243,0.3185491925593462,1.5745831407640446e-10
107.53792298716452,0.8163373098069518,0.3185554268282186,1.5664631099252481e-10
107.5645940990165,0.8166325782902678,0.3185631456392415,1.5583850714995089e-10
107.59126521086847,0.8169228522932278,0.3185723271636729,1.55034883138243e-10
107.61793632272045,0.8172073395342284,0.31858294576146673,1.5423541955896415e-10
107.64460743457242,0.817485266286307,0.31859497198127273,1.5344009702568356e-10
107.6712785464244,0.8177558773771422,0.3186083725604366,1.5264889616397322e-10
107.69794965827637,0.8180184361890527,0.31862311042499974,1.5186179761141133e-10
107.72462077012835,0.8182722246589992,0.3186391446896996,1.5107878201757882e-10
107.75129188198032,0.8185165432785825,0.31865643065796945,1.5029983004406288e-10
107.7779629938323,0.8187507110940446,0.3186749198219384,1.495249223644534e-10
107.80463410568427,0.8189740657062684,0.31869455986243145,1.487540396643465e-10
107.83130521753625,0.8191859632707778,0.31871529464896947,1.4798716264134107e-10
107.85797632938822,0.8193857784977371,0.3187370642397693,1.4722427200504218e-10
107.8846474412402,0.8195729046519524,0.3187598048817435,1.464653484770577e-10
107.91131855309217,0.8197467535528699,0.3187834490105006,1.457103727910016e-10
107.93798966494415,0.8199067835940421,0.31880792846958184,1.449593257144496e-10
107.96466077679612,0.8200526809762618,0.31883318917562403,1.442121880387897e-10
107.9913318886481,0.8201840727294869,0.3188591546330864,1.4346894023495112e-10
108.01800300050007,0.8203005965105769,0.3188857439925375,1.4272956272592528e-10
108.04467411235206,0.8204019336906984,0.3189128767156761,1.4199403593248308e-10
108.07134522420402,0.8204878093553252,0.31894047257533076,1.4126234027317815e-10
108.098016336056,0.8205579923042382,0.31896845165545995,1.4053445616434362e-10
108.12468744790797,0.8206122950515257,0.3189967343511521,1.3981036402009525e-10
108.15135855975996,0.8206505738255827,0.3190252413686256,1.3909004425232833e-10
108.17802967161192,0.8206727285691118,0.31905389372522863,1.3837347727072083e-10
108.2047007834639,0.8206787029391223,0.31908261274943933,1.376606434827302e-10
108.23137189531587,0.820668484306931,0.3191113200808659,1.3695152329359658e-10
108.25804300716786,0.8206421037581616,0.31913993767024623,1.362460971063396e-10
108.28471411901982,0.8205996360927452,0.3191683877794484,1.355443453217616e-10
108.3113852308718,0.8205411998249198,0.3191965929814701,1.348462483384444e-10
108.33805634272379,0.8204669571832307,0.3192244761604392,1.3415178655275205e-10
108.36472745457576,0.8203771141105303,0.31925196051161336,1.3346094035882973e-10
108.39139856642774,0.820271920263978,0.31927896954138024,1.3277369014860255e-10
108.4180696782797,0.8201516690150407,0.3193054270672573,1.3209001631177822e-10
108.44474079013169,0.8200166974494919,0.319331257217892,1.3140989923584402e-10
108.47141190198366,0.819867386367413,0.31935638443306175,1.3073331930606986e-10
108.49808301383564,0.8197041602831918,0.3193807334636738,1.3006025690550521e-10
108.52475412568761,0.8195274874255237,0.3194042293717654,1.293906924149821e-10
108.55142523753959,0.819337879737411,0.3194267975305036,1.287246062131122e-10
108.57809634939156,0.819135864766461,0.31944836652078945,1.280619787594262e-10
108.60476746124354,0.8189218306431515,0.31946889022982006,1.274027910730356e-10
108.63143857309551,0.8186964163059295,0.3194883126607446,1.26747023600034e-10
108.65810968494749,0.8184603280705822,0.31950657693377243,1.2609465672829854e-10
108.68478079679946,0.8182142823254193,0.31952363018819824,1.25445670953954e-10
108.71145190865144,0.8179590055312721,0.31953942358240256,1.248000468813699e-10
108.73812302050341,0.8176952342214951,0.3195539122938514,1.241577652231635e-10
108.76479413235539,0.8174237150019642,0.31956705551909653,1.2351880680019674e-10
108.79146524420736,0.8171452045510781,0.31957881647377534,1.2288315254157924e-10
108.81813635605934,0.8168604696197572,0.31958916239261087,1.2225078348466542e-10
108.84480746791131,0.816570287031445,0.3195980645294117,1.2162168077505728e-10
108.87147857976329,0.8162754436821062,0.31960549815707223,1.2099582566660165e-10
108.89814969161526,0.8159767365402288,0.31961144256757235,1.2037319952139297e-10
108.92482080346724,0.8156749726468222,0.31961588107197764,1.197537838097705e-10
108.95149191531921,0.8153709691154187,0.3196188010004393,1.1913756011032105e-10
108.97816302717119,0.8150655531320722,0.3196201937021943,1.1852451010987631e-10
109.00483413902316,0.8147595619553594,0.3196200545455651,1.1791461560351557e-10
109.03150525087514,0.8144538429163789,0.31961838291795974,1.1730785849456288e-10
109.05817636272711,0.8141492534187521,0.31961518222587215,1.1670422079458993e-10
109.08484747457909,0.8138466609386217,0.31961045989488174,1.1610368462341324e-10
109.11151858643106,0.8135469430246537,0.31960422736965355,1.1550623220909687e-10
109.13818969828304,0.8132509872980355,0.3195965001139383,1.1491184588794979e-10
109.16486081013501,0.8129596914524773,0.3195872976105723,1.1432050810452847e-10
109.19153192198699,0.8126739632542113,0.3195766433614777,1.1373220141163431e-10
109.21820303383896,0.812394720541992,0.31956456488766194,1.1314690847031617e-10
109.24487414569094,0.812122658235183,0.3195510907406431,1.125646122110614e-10
109.27154525754293,0.8118584100624342,0.31953626029228754,1.1198529585434794e-10
109.2982163693949,0.8116027972667528,0.31952012228852644,1.1140894269123395e-10
109.32488748124688,0.8113566007287559,0.3195027275925344,1.1083553617774618e-10
109.35155859309884,0.8111205609265904,0.3194841291838544,1.102650599349044e-10
109.37822970495083,0.8108953779359306,0.31946438215839773,1.0969749774871884e-10
109.4049008168028,0.81068171142998,0.3194435437284441,1.0913283357019265e-10
109.43157192865478,0.8104801806794706,0.3194216732226413,1.0857105151531951e-10
109.45824304050674,0.810291364552663,0.3193988320860059,1.0801213586508604e-10
109.48491415235873,0.8101158015153462,0.3193750838799223,1.0745607106546936e-10
109.5115852642107,0.8099539896308381,0.3193504942821437,1.0690284172743952e-10
109.53825637606268,0.8098063865599846,0.3193251310867913,1.063524326269571e-10
109.56492748791464,0.809673409561161,0.3192990642043548,1.0580482870497555e-10
109.59159859976663,0.8095554354902705,0.31927236566169215,1.0526001506743893e-10
109.6182697116186,0.8094528008007452,0.31924510960202973,1.0471797698528416e-10
109.64494082347058,0.8093658015435456,0.31921737228496216,1.041786998944387e-10
109.67161193532255,0.8092946933671612,0.31918923208645256,1.036421693958229e-10
109.69828304717453,0.8092396915176094,0.31916076949883215,1.0310837125534769e-10
109.7249541590265,0.8092009708384368,0.3191320671308007,1.0257729140391687e-10
109.75162527087848,0.8091786657707182,0.3191032097074262,1.020489159374248e-10
109.77829638273045,0.8091728703530572,0.319074284070145,1.0152323111675873e-10
109.80496749458243,0.8091836382215858,0.3190453791767618,1.0100022336779644e-10
109.8316386064344,0.8092109839640537,0.31901658392397014,1.0047987924517021e-10
109.85830971828638,0.8092548611973135,0.318987965072331,9.996218515760081e-11
109.88498083013835,0.8093151026450605,0.31895960479451313,9.944712809682645e-11
109.91165194199033,0.8093914923598474,0.3189315896175092,9.893469529333695e-11
109.9383230538423,0.8094837782634672,0.31890400332848073,9.842487407784067e-11
109.96499416569428,0.8095916721469528,0.3188769269747581,9.791765188126242e-11
109.99166527754625,0.809714849670577,0.31885043886384046,9.741301623474561e-11
110.01833638939823,0.8098529503638532,0.31882461456339584,9.691095476965006e-11
110.0450075012502,0.8100055776255338,0.3187995269012611,9.64114552175542e-11
110.07167861310218,0.8101722987236123,0.318775245965442,9.591450541025288e-11
110.09834972495415,0.8103526447953217,0.31875183910411303,9.542009327975953e-11
110.12502083680613,0.810546110847135,0.31872937092561754,9.492820685830405e-11
110.1516919486581,0.8107521557547656,0.3187079032984678,9.443883427833487e-11
110.17836306051008,0.8109702022631666,0.3186874953513449,9.395196377251692e-11
110.20503417236206,0.8111996369865313,0.3186682034730987,9.34675836737334e-11
110.23170528421403,0.8114398104082928,0.3186500813127479,9.2985682415085e-11
110.25837639606601,0.8116900368811248,0.31863317977948014,9.25062485298892e-11
110.28504750791798,0.8119495946269405,0.31861754704265177,9.202927065168199e-11
110.31171861976996,0.8122177257368933,0.3186032285317881,9.155473751421583e-11
110.33838973162193,0.8124936361713766,0.31859026693658316,9.108263795146173e-11
110.36506084347391,0.8127764957600241,0.31857870220689993,9.06129608976072e-11
110.39173195532588,0.8130654382017091,0.3185685715527702,9.014569538705825e-11
110.41840306717786,0.8133595610645453,0.3185599094443945,8.968083055443741e-11
110.44507417902983,0.8136580489683994,0.31855274495302605,8.92183554569871e-11
110.47174529088181,0.8139602592813907,0.3185470930581952,8.87582589537489e-11
110.49841640273378,0.814265236733446,0.3185429652225754,8.830053039618674e-11
110.52508751458576,0.8145720261743593,0.31854036931642365,8.784515916903391e-11
110.55175862643773,0.814879690986465,0.3185393093978959,8.739213466358263e-11
110.57842973828971,0.8151873130846391,0.31853978571304686,8.694144627768219e-11
110.60510085014168,0.8154939929162975,0.31854179469583055,8.649308341574087e-11
110.63177196199366,0.8157988494613979,0.3185453289680998,8.604703548872397e-11
110.65844307384563,0.8161010202324382,0.3185503773396062,8.560329191415575e-11
110.68511418569761,0.8163996612744576,0.31855692480800074,8.516184211611754e-11
110.71178529754958,0.8166939471650358,0.318564952558833,8.472267552524964e-11
110.73845640940156,0.8169830710142939,0.31857443796555174,8.428578157874938e-11
110.76512752125353,0.817266244464893,0.3185853545895046,8.385114972037305e-11
110.79179863310551,0.8175426976920361,0.3185976721799382,8.341876940043401e-11
110.81846974495748,0.8178116794034662,0.31861135667399815,8.298863007580459e-11
110.84514085680946,0.8180724568394677,0.318626370196729,8.256072120991415e-11
110.87181196866143,0.8183243157728657,0.31864267106107436,8.213503227275101e-11
110.89848308051342,0.8185665605090261,0.31866021376787673,8.171155274086058e-11
110.92515419236538,0.8187985138858557,0.3186789490058775,8.129027209734718e-11
110.95182530421737,0.8190195172738024,0.3186988236517172,8.087117983187222e-11
110.97849641606933,0.8192289305758544,0.31871978076993523,8.045426544065605e-11
111.00516752792132,0.8194261322275416,0.31874175961296997,8.00395184264761e-11
111.03183863977328,0.819610519196934,0.3187646956211587,7.962692829866873e-11
111.05850975162527,0.8197815069846428,0.3187885204227379,7.921648457312739e-11
111.08518086347723,0.8199385923136812,0.31881316873267745,7.880817679511323e-11
111.11185197532922,0.8200814771718365,0.3188385841930034,7.84019944774385e-11
111.1385230871812,0.8202097767147358,0.3188646873449541,7.799792697457561e-11
111.16519419903317,0.8203231377655306,0.3188913974195612,7.759596363167044e-11
111.19186531088515,0.8204212508632723,0.3189186339574846,7.719609379264882e-11
111.21853642273712,0.8205038502629117,0.3189463168090124,7.679830680021805e-11
111.2452075345891,0.8205707139352992,0.31897436613406105,7.640259199586516e-11
111.27187864644107,0.8206216635671847,0.31900270240217493,7.600893871985867e-11
111.29854975829305,0.8206565645612177,0.31903124639252695,7.561733631124682e-11
111.32522087014502,0.8206753260359471,0.3190599191939179,7.522777410785933e-11
111.351891981997,0.8206779008258217,0.319088642204777,7.484024144630567e-11
111.37856309384897,0.8206642854811895,0.3191173371331617,7.445472766197675e-11
111.40523420570095,0.8206345202682983,0.31914592599675745,7.407122208904327e-11
111.43190531755292,0.8205886891692954,0.31917433112287813,7.368971406045732e-11
111.4585764294049,0.8205269198822274,0.3192024751484657,7.331019290795083e-11
111.48524754125687,0.8204493838210409,0.3192302810200904,7.29326479620371e-11
111.51191865310885,0.8203562961155818,0.3192576719939505,7.255706855200927e-11
111.53858976496082,0.8202479156115956,0.31928457163587276,7.218344400594185e-11
111.5652608768128,0.8201245448707272,0.31931090382131194,7.181176365068916e-11
111.59193198866477,0.8199865301705213,0.3193365927353511,7.144201681188695e-11
111.61860310051675,0.819834261504422,0.3193615628727014,7.107419281395077e-11
111.64527421236872,0.8196681725817732,0.3193857390377024,7.070828098007754e-11
111.6719453242207,0.8194887408278179,0.3194090463443217,7.034427063224403e-11
111.69861643607267,0.8192964873836991,0.3194314102161551,6.998215109120838e-11
111.72528754792465,0.8190919141094278,0.31945276314929766,6.962191177841657e-11
111.75195865977662,0.8188754324305771,0.3194730606095037,6.926354234618798e-11
111.7786297716286,0.8186477184880254,0.31949224451091646,6.890703210934152e-11
111.80530088348057,0.8184094805745181,0.3195102588199461,6.855237040657369e-11
111.83197199533255,0.8181614370695164,0.3195270515217877,6.819954663547687e-11
111.85864310718452,0.8179043164391976,0.3195425746204208,6.784855025254088e-11
111.8853142190365,0.8176388572364545,0.31955678413861,6.749937077315147e-11
111.91198533088847,0.8173658081008962,0.31956964011790445,6.715199777159178e-11
111.93865644274045,0.8170859277588471,0.3195811066186381,6.680642088104089e-11
111.96532755459242,0.8167999850233484,0.3195911517199296,6.646262979357531e-11
111.9919986664444,0.816508758794156,0.3195997475196824,6.612061426016744e-11
112.01866977829637,0.8162130380577427,0.31960687013458466,6.578036409068713e-11
112.04534089014835,0.8159136218872964,0.3196124997001094,6.544186915390015e-11
112.07201200200033,0.8156113194427216,0.3196166203705142,6.510511937746949e-11
112.0986831138523,0.8153069499706381,0.31961922031884143,6.477010474795481e-11
112.12535422570429,0.8150013428043817,0.31962029173691836,6.443681531081189e-11
112.15202533755625,0.8146953373640045,0.31961983083535683,6.41052411703939e-11
112.17869644940824,0.8143897831562735,0.3196178378435535,6.377537248995001e-11
112.2053675612602,0.8140855397746728,0.31961431700968973,6.34471994916267e-11
112.23203867311219,0.8137834768994013,0.31960927660073174,6.312071245646647e-11
112.25870978496415,0.8134844742973747,0.31960272890243036,6.279590172440916e-11
112.28538089681614,0.8131894218222236,0.3195946902193212,6.24727576942906e-11
112.3120520086681,0.8128992194142955,0.31958518087472465,6.215127082384398e-11
112.33872312052009,0.8126147771006528,0.3195742252107458,6.183143162969849e-11
112.36539423237205,0.812337005441176,0.3195618513995696,6.15132306904169e-11
112.39206534422404,0.8120665125454796,0.3195480885254006,6.11966587690899e-11
112.418736456076,0.8118040099258669,0.31953297946050996,6.08817067351997e-11
112.44540756792799,0.8115503102818676,0.3195165733819646,6.056836551376552e-11
112.47207867977995,0.8113061859207454,0.31949892158468257,6.025662611960531e-11
112.49874979163194,0.8110723687574964,0.319480077481433,5.994647965733426e-11
112.5254209034839,0.8108495503148503,0.31946009660283603,5.963791732136621e-11
112.55209201533589,0.8106383817232695,0.31943903659736295,5.93309303959123e-11
112.57876312718786,0.81043947372095,0.3194169572313361,5.902551025498232e-11
112.60543423903984,0.8102533966538207,0.3193939203889289,5.872164836238333e-11
112.6321053508918,0.8100806804755436,0.31936999007216577,5.841933627172103e-11
112.65877646274379,0.8099218147475138,0.31934523240092233,5.811856562639845e-11
112.68544757459576,0.8097772486388599,0.3193197156129252,5.7819328159617204e-11
112.71211868644774,0.8096473909264432,0.3192935100637521,5.7521615694376255e-11
112.7387897982997,0.8095326099948584,0.3192666882268318,5.7225420143473164e-11
112.76546091015169,0.8094332338364332,0.3192393246934442,5.693073350950281e-11
112.79213202200366,0.8093495500512286,0.3192114961727201,5.663754788485869e-11
112.81880313385564,0.8092818058470383,0.31918328149164166,5.634585545173163e-11
112.8454742457076,0.8092302080393899,0.3191547615950419,5.605564848211105e-11
112.87214535755959,0.8091949230515434,0.31912601954560493,5.576691933778372e-11
112.89881646941156,0.8091760769144924,0.31909714052386606,5.547966047033497e-11
112.92548758126354,0.8091737552669634,0.31906821182821155,5.519386442114751e-11
112.9521586931155,0.8091880033554161,0.31903932287487885,5.490952382140262e-11
112.97882980496749,0.8092188281601135,0.3190105594898081,5.4626631342341075e-11
113.00550091681946,0.8092661569689585,0.31898198755095764,5.434517962046959e-11
113.03217202867144,0.8093298072305373,0.31895369262016815,5.406516163064543e-11
113.05884314052342,0.809409555541807,0.3189257606365642,5.3786570434332086e-11
113.08551425237539,0.8095051423540476,0.3188982748008962,5.350939914755707e-11
113.11218536422737,0.8096162719728606,0.31887131557554055,5.3233640940911544e-11
113.13885647607934,0.8097426125581698,0.31884496068449975,5.29592890395513e-11
113.16552758793132,0.8098837961242217,0.31881928511340213,5.268633672319563e-11
113.19219869978329,0.8100394185395842,0.31879436110950216,5.2414777326128456e-11
113.21886981163527,0.810209039527148,0.3187702581816802,5.21446042371972e-11
113.24554092348724,0.8103921826641253,0.3187470431004427,5.1875810899813925e-11
113.27221203533922,0.8105883353820513,0.31872477989792203,5.1608390811954174e-11
113.29888314719119,0.8107969489667826,0.3187035298678766,5.134233752615813e-11
113.32555425904317,0.8110174385584985,0.3186833515656907,5.107764464952948e-11
113.35222537089514,0.8112491831517,0.3186643008083749,5.081430584373653e-11
113.37889648274712,0.8114915255952108,0.31864643067456533,5.05523148250111e-11
113.40556759459909,0.8117437725921761,0.3186297915045245,5.029166536414963e-11
113.43223870645107,0.812005194700064,0.3186144309001407,5.003235128651206e-11
113.45890981830304,0.8122750263306642,0.3186003937249284,4.977436647202296e-11
113.48558093015502,0.8125524657500889,0.31858772210402775,4.951770485517041e-11
113.51225204200699,0.8128366750787721,0.3185764554242052,4.92623604250071e-11
113.53892315385897,0.8131267802914706,0.31856663033385313,4.900832722514924e-11
113.56559426571094,0.8134218712172624,0.31855828074298975,4.8755599353777665e-11
113.59226537756292,0.8137212104143753,0.3185514328619608,4.850417079980767e-11
113.61893648941489,0.8140240827732809,0.31854610009978535,4.8254035562192455e-11
113.64560760126687,0.8143295195049005,0.3185422933346154,4.80051878600105e-11
113.67227871311884,0.8146365695270715,0.3185400196432028,4.775762191655794e-11
113.69894982497082,0.8149443002725861,0.318539282289565,4.751133195871021e-11
113.72562093682279,0.8152517976891899,0.3185400807249854,4.726631221692312e-11
113.75229204867478,0.8155581662395834,0.318542410588013,4.702255692523177e-11
113.77896316052674,0.815862528901421,0.3185462637044628,4.678006032125164e-11
113.80563427237873,0.8161640271673115,0.31855162808741533,4.6538816646177503e-11
113.8323053842307,0.8164618210448173,0.31855848793721697,4.629882014478451e-11
113.85897649608268,0.8167550890564561,0.31856682364148,4.606006506542711e-11
113.88564760793464,0.8170430282396987,0.31857661177508223,4.5822545660040115e-11
113.91231871978663,0.8173248541469708,0.3185878251001674,4.5586256184137653e-11
113.9389898316386,0.8175998008456519,0.31860043256614506,4.5351190896814214e-11
113.96566094349058,0.817867120918076,0.3186143993096904,4.5117344060743595e-11
113.99233205534256,0.8181260854615311,0.3186296866547444,4.488470994217981e-11
114.01900316719453,0.8183759840882594,0.3186462521125139,4.4653282810956735e-11
114.04567427904651,0.8186161249254578,0.3186640493814714,4.442305694048767e-11
114.07234539089848,0.8188458346152764,0.3186830283473553,4.4194026607766266e-11
114.09901650275046,0.8190644583148204,0.3187031350831696,4.396618609336552e-11
114.12568761460243,0.819271359696149,0.3187243118491842,4.3739529681438745e-11
114.15235872645441,0.8194659209462754,0.3187464970929348,4.3514051659718614e-11
114.17902983830638,0.8196475427671668,0.3187696254492226,4.328974631951811e-11
114.20570095015836,0.8198156443757454,0.318793627740115,4.306660795572957e-11
114.23237206201033,0.8199697758347814,0.31881844283513744,4.2844630885475147e-11
114.25904317386231,0.8201096306517888,0.3188440094298272,4.2623809377699623e-11
114.28571428571428,0.8202348223896226,0.3188702466889288,4.2404137634533467e-11
114.31238539756626,0.8203450070403827,0.3188970739202623,4.218560985701834e-11
114.33905650941823,0.8204398843133305,0.31892441074008143,4.1968220245527625e-11
114.36572762127021,0.8205191976348895,0.31895217707307416,4.1751962999765514e-11
114.39239873312218,0.8205827341486447,0.3189802931523621,4.153683231876793e-11
114.41906984497416,0.8206303247153434,0.31900867951950085,4.1322822400901575e-11
114.44574095682613,0.820661843912894,0.31903725702448005,4.1109927443864875e-11
114.47241206867811,0.8206772100363675,0.3190659468257231,4.089814164468708e-11
114.49908318053008,0.8206763850979963,0.3190946703900873,4.068745919972912e-11
114.52575429238206,0.8206593748271748,0.3191233494928641,4.047787430468277e-11
114.55242540423403,0.820626228670459,0.31915190621777845,4.0269381154571485e-11
114.57909651608601,0.8205770397915668,0.3191802629569896,4.006197394374956e-11
114.60576762793798,0.8205119450713781,0.3192083424110905,3.9855646865902965e-11
114.63243873978996,0.8204311251079345,0.319236067589108,3.965039411404852e-11
114.65910985164193,0.8203348042164395,0.31926336180850307,3.9446209880534724e-11
114.68578096349391,0.8202232504292581,0.3192901486951704,3.92430883570409e-11
114.71245207534588,0.8200967754959178,0.3193163521834386,3.904102373457808e-11
114.73912318719786,0.819955734883107,0.31934189651607026,3.884001020348812e-11
114.76579429904983,0.8198005277746768,0.31936670624426183,3.864004195344455e-11
114.79246541090181,0.8196315970716396,0.31939070622764376,3.8441113173451756e-11
114.81913652275378,0.8194494293921698,0.3194138216342803,3.824321805184579e-11
114.84580763460576,0.8192545550716036,0.31943597794066964,3.804635077629356e-11
114.87247874645773,0.8190474376047304,0.31945711328861226,3.785050563162582e-11
114.89914985830971,0.8188285394971869,0.31947718184953944,3.765567695241092e-11
114.9258209701617,0.8185985573583724,0.31949612475067013,3.746185891413687e-11
114.95249208201366,0.8183582014915664,0.31951388680398074,3.726904572122057e-11
114.97916319386565,0.818108192298047,0.3195304168399929,3.7077231610126016e-11
115.00583430571761,0.817849260277093,0.3195456677077734,3.688641084936501e-11
115.0325054175696,0.8175821460259819,0.31955959627493424,3.669657773949638e-11
115.05917652942156,0.8173076002399915,0.3195721634276326,3.6507726613126766e-11
115.08584764127355,0.8170263837123982,0.31958333407057093,3.6319851834909816e-11
115.11251875312551,0.8167392673344793,0.3195930771269967,3.6132947801546994e-11
115.1391898649775,0.8164470320955103,0.3196013655387028,3.5947008941786765e-11
115.16586097682946,0.8161504690827674,0.3196081762660271,3.576202971642543e-11
115.19253208868145,0.8158503794815257,0.31961349028785274,3.557800461830629e-11
115.21920320053341,0.8155475745750602,0.31961729260160815,3.539492817232046e-11
115.2458743123854,0.8152428757446453,0.31961957222326676,3.521279493540606e-11
115.27254542423736,0.814937114469555,0.3196203221873473,3.5031599496549044e-11
115.29921653608935,0.814631132327063,0.31961953954691374,3.4851336476782365e-11
115.32588764794131,0.8143257809924426,0.3196172253735752,3.467200052918678e-11
115.3525587597933,0.8140219222389663,0.3196133847574858,3.4493586338890085e-11
115.37922987164526,0.8137204279379068,0.31960802680734524,3.431608862306787e-11
115.40590098349725,0.8134221800585357,0.319601164650398,3.4139502130942744e-11
115.43257209534922,0.8131280706681249,0.3195928154324341,3.3963821643785113e-11
115.4592432072012,0.812839001931945,0.3195830003177885,3.3789041974912436e-11
115.48591431905317,0.8125558861132673,0.3195717444893415,3.361515796968994e-11
115.51258543090515,0.8122796047309505,0.31955907642397213,3.344216451296297e-11
115.53925654275712,0.8120107191439878,0.3195450269373614,3.327005660169103e-11
115.5659276546091,0.8117499981050618,0.31952964144802465,3.309882926887522e-11
115.59259876646107,0.811498245755035,0.31951296956672365,3.2928477585732294e-11
115.61926987831305,0.8112562258506213,0.31949506302325026,3.275899667235164e-11
115.64594099016502,0.8110246617643866,0.31947597566642605,3.259038169769604e-11
115.672612102017,0.8108042364847481,0.3194557634641025,3.242262787960093e-11
115.69928321386897,0.8105955926159755,0.3194344845031608,3.225573048477512e-11
115.72595432572095,0.8103993323781895,0.31941219898951206,3.2089684828800084e-11
115.75262543757292,0.8102160176073632,0.3193889692480972,3.192448627613066e-11
115.7792965494249,0.8100461697553211,0.3193648597228868,3.176013024009437e-11
115.80596766127687,0.8098902698897397,0.31933993697688157,3.159661218289208e-11
115.83263877312885,0.809748758694147,0.3193142696921118,3.1433927615597344e-11
115.85930988498083,0.8096220364679229,0.3192879286696377,3.1272072098156986e-11
115.8859809968328,0.8095104631262993,0.31926098682954923,3.1111041239390854e-11
115.91265210868478,0.8094143582003595,0.3192335192109663,3.095083069699155e-11
115.93932322053675,0.8093340008370387,0.3192056029720386,3.079143617752503e-11
115.96599433238873,0.8092696297991239,0.31917731738994554,3.0632853436429946e-11
115.9926654442407,0.8092214434652539,0.3191487438608965,3.047507827801829e-11
116.01933655609268,0.8091895998299193,0.31911996590013053,3.031810655547473e-11
116.04600766794465,0.8091742165034624,0.3190910691419167,3.016193417085732e-11
116.07267877979663,0.8091753707120772,0.3190621413395537,3.000655707509676e-11
116.0993498916486,0.8091930992978096,0.31903327236537016,2.9851971267997115e-11
116.12602100350058,0.809227400136351,0.3190045432995848,2.9698172748496804e-11
116.15269211535255,0.8092781719890112,0.31897602221157556,2.954515754286379e-11
116.17936322720453,0.8093452210800095,0.31894779643102295,2.939292184713277e-11
116.2060343390565,0.8094283165186086,0.31891995131234724,2.924146189116681e-11
116.23270545090848,0.8095271912565357,0.31889256947275413,2.9090773934534067e-11
116.25937656276045,0.8096415420879816,0.3188657307922346,2.8940854266508427e-11
116.28604767461243,0.8097710296496012,0.31883951241356484,2.8791699206068876e-11
116.3127187864644,0.8099152784205133,0.3188139887423064,2.864330510190013e-11
116.33938989831638,0.8100738767223007,0.318789231446806,2.8495668332392004e-11
116.36606101016835,0.8102463767190099,0.3187653094581957,2.8348785305640035e-11
116.39273212202033,0.8104322944171519,0.31874228897039286,2.8202652459444863e-11
116.4194032338723,0.810631109665701,0.31872023344010014,2.8057266261312856e-11
116.44607434572428,0.8108422661560959,0.31869920358680537,2.7912623208455485e-11
116.47274545757625,0.8110651714222389,0.31867925739278175,2.7768719827789933e-11
116.49941656942823,0.8112991968404966,0.3186604501030877,2.7625552675938506e-11
116.5260876812802,0.8115436776296993,0.318642834225567,2.7483118339229214e-11
116.55275879313218,0.8117979128511413,0.3186264595308486,2.7341413433695187e-11
116.57942990498415,0.8120611654085809,0.3186113730523468,2.7200434605075263e-11
116.60610101683613,0.8123326620482403,0.3185976190862612,2.7060178528813393e-11
116.6327721286881,0.8126115933588055,0.3185852391915766,2.6920641910059248e-11
116.65944324054009,0.8128971137714269,0.3185742721900631,2.6781821483667605e-11
116.68611435239205,0.8131883415597183,0.31856475416627617,2.6643714014198962e-11
116.71278546424404,0.8134843648333704,0.31855671837090344,2.650631629334909e-11
116.739456576096,0.8137845277759592,0.3185501875155821,2.6369625017864738e-11
116.76612768794799,0.8140880189204626,0.31854517434111207,2.6233636965646587e-11
116.79279879979997,0.8143938727086858,0.31854168894236,2.6098348991142814e-11
116.81946991165194,0.8147011420833995,0.31853973760095533,2.5963757950754527e-11
116.84614102350392,0.8150088984883392,0.3185393227852901,2.5829860702835552e-11
116.87281213535589,0.8153162318682056,0.3185404431505192,2.5696654107692928e-11
116.89948324720787,0.8156222506686642,0.31854309353856014,2.5564135027586343e-11
116.92615435905984,0.8159260818363454,0.318547264978093,2.5432300326728696e-11
116.95282547091182,0.816226870818845,0.3185529446845608,2.5301146871285542e-11
116.97949658276379,0.816523781564723,0.31856011606016915,2.5170671529375638e-11
117.00616769461577,0.8168159965235054,0.3185687586938863,2.5040871171070405e-11
117.03283880646774,0.8171027166456823,0.31857884836144323,2.4911742668394462e-11
117.05950991831972,0.8173831613827095,0.3185903570253337,2.4783282895325088e-11
117.08618103017169,0.8176565686870069,0.3186032528348141,2.4655488727792763e-11
117.11285214202367,0.8179221950119603,0.31861750012590356,2.4528357043680636e-11
117.13952325387564,0.8181793153119199,0.3186330594213838,2.4401884722825044e-11
117.16619436572762,0.8184272230422013,0.3186498874307994,2.4276068647015e-11
117.19286547757959,0.8186652301590845,0.31866793705045754,2.4150905699992702e-11
117.21953658943157,0.8188926671198153,0.3186871573634281,2.4026392767453023e-11
117.24620770128354,0.8191088828826036,0.3187074936395437,2.3902526737044028e-11
117.27287881313552,0.8193132449066249,0.31872888733539967,2.3779304498366448e-11
117.29954992498749,0.8195051391520195,0.31875127609435394,2.365672294297421e-11
117.32622103683947,0.8196839700798927,0.3187745937465273,2.3534778964373914e-11
117.35289214869144,0.8198491622378944,0.3187987705034853,2.341346945827364e-11
117.37956326054342,0.8200003302698914,0.31882375003828,2.3292791334505167e-11
117.40623437239539,0.8201371379376367,0.31884946416402177,2.317274146010106e-11
117.43290548424737,0.820259206686054,0.3188758319549633,2.3053316679307918e-11
117.45957659609934,0.8203662016782299,0.31890277279284135,2.293451383600643e-11
117.48624770795132,0.8204578317954138,0.31893020636687736,2.2816329773710875e-11
117.51291881980329,0.8205338496370177,0.3189580526737768,2.2698761335569628e-11
117.53958993165527,0.8205940515206166,0.3189862320177299,2.258180536436465e-11
117.56626104350724,0.820638277481948,0.3190146650104109,2.2465458702511992e-11
117.59293215535922,0.8206664112749122,0.31904327257097875,2.2349718192061294e-11
117.61960326721119,0.8206783803715727,0.31907197592607656,2.2234580674696285e-11
117.64627437906317,0.8206741559621552,0.3191006966098318,2.212004299173429e-11
117.67294549091514,0.8206537529550485,0.31912935646385643,2.2006101984126716e-11
117.69961660276712,0.8206172299768042,0.3191578776372468,2.189275449245857e-11
117.7262877146191,0.8205646893721363,0.3191861825865835,2.1779997356948878e-11
117.75295882647107,0.8204962772039222,0.31921419407593166,2.1667827417450503e-11
117.77962993832305,0.8204121832532013,0.3192418351768406,2.1556241513449976e-11
117.80630105017502,0.8203126410191764,0.3192690292683442,2.1445236484067895e-11
117.832972162027,0.8201979277192128,0.3192957000369607,2.1334809168058475e-11
117.85964327387897,0.8200683642888388,0.3193217714766925,2.1224956403809994e-11
117.88631438573096,0.819924315381745,0.3193471678890266,2.1115675029344344e-11
117.91298549758292,0.8197661893697853,0.3193718138829344,2.1006961882317487e-11
117.9396566094349,0.8195944383429759,0.31939563437487145,2.089881380001899e-11
117.96632772128687,0.8194095581094961,0.3194185545887778,2.07912276193725e-11
117.99299883313886,0.8192120874902747,0.3194405001242581,2.068420017726961e-11
118.01966994499082,0.8190024417742919,0.31946141639449077,2.0577728391234133e-11
118.0463410568428,0.8187811583483836,0.31948125344426254,2.0471809148003746e-11
118.07301216869477,0.8185489394455953,0.31949995291226585,2.0366439279602055e-11
118.09968328054676,0.8183064974059397,0.31951746045554774,2.026161563549116e-11
118.12635439239872,0.8180545546763985,0.31953372574950983,2.0157335082572087e-11
118.1530255042507,0.8177938438109206,0.31954870248790834,2.0053594505184363e-11
118.17969661610267,0.8175251074704235,0.3195623483828539,1.9950390805106453e-11
118.20636772795466,0.8172490984227923,0.3195746251648119,1.9847720901555307e-11
118.23303883980662,0.8169665795428804,0.3195854985826022,1.9745581731186814e-11
118.2597099516586,0.8166783238125092,0.31959493840339925,1.9643970248095364e-11
118.28638106351058,0.8163851143204681,0.31960291841273214,1.954288342381427e-11
118.31305217536256,0.8160877442625144,0.31960941641448437,1.9442318247315345e-11
118.33972328721453,0.8157870169413738,0.31961441423089415,1.934227172500934e-11
118.36639439906651,0.8154837457667395,0.3196178977025542,1.9242740880745496e-11
118.39306551091848,0.8151787542552733,0.3196198566884119,1.9143722755811984e-11
118.41973662277046,0.8148728760306045,0.31962028506576906,1.904521440893548e-11
118.44640773462243,0.8145669548233311,0.31961918073028217,1.894721291628159e-11
118.47307884647441,0.8142618444710182,0.31961654559596214,1.8849715371454413e-11
118.49974995832638,0.8139584089182,0.31961238559517474,1.8752718885496977e-11
118.52642107017836,0.8136575222163777,0.31960671067864,1.8656220586890822e-11
118.55309218203033,0.8133600685240214,0.31959953481543263,1.85602176215564e-11
118.57976329388231,0.8130669421065685,0.319590875992982,1.846470715285268e-11
118.60643440573428,0.8127790473364253,0.31958075621707205,1.836968636157754e-11
118.63310551758626,0.8124972986929649,0.3195692015118411,1.827515244596738e-11
118.65977662943823,0.8122225265338437,0.319556240431153,1.8181102631487727e-11
118.68644774129021,0.811955285720178,0.3195419064548732,1.8087534205131836e-11
118.71311885314219,0.8116963818478072,0.3195262467444849,1.7994444465876823e-11
118.73978996499416,0.8114466105183812,0.31950931134712346,1.790183073682549e-11
118.76646107684614,0.811206726955858,0.3194911524298909,1.7809690367679808e-11
118.79313218869811,0.8109774460065047,0.3194718242798558,1.771802073474125e-11
118.81980330055009,0.8107594421388963,0.31945138330405365,1.7626819240910418e-11
118.84647441240206,0.8105533494439165,0.3194298880294865,1.7536083315687428e-11
118.87314552425404,0.8103597616347578,0.3194073991031232,1.7445810415171507e-11
118.89981663610601,0.8101792320469208,0.3193839792918993,1.7355998022061407e-11
118.92648774795799,0.8100122736382144,0.31935969348271703,1.7266643645654987e-11
118.95315885980996,0.8098593589887566,0.3193346086824453,1.7177744821849623e-11
118.97982997166194,0.8097209203009733,0.3193087940179198,1.7089299113141818e-11
119.00650108351391,0.8095973493995993,0.31928232073594287,1.7001304108627574e-11
119.03317219536589,0.8094889977316775,0.3192552622032836,1.691375742400203e-11
119.05984330721786,0.8093961763665597,0.31922769390667777,1.6826656701559818e-11
119.08651441906984,0.8093191559959058,0.3191996934528279,1.673999961019471e-11
119.11318553092181,0.8092581669336844,0.3191713405684032,1.665378384539997e-11
119.1398566427738,0.8092133991161724,0.31914271710003955,1.6568007129268e-11
119.16652775462576,0.8091850021019554,0.3191139070143396,1.64826672104907e-11
119.19319886647774,0.8091730850719274,0.31908499639787263,1.6397761864359107e-11
119.21986997832971,0.8091777168292908,0.3190560734571748,1.6313288892763745e-11
119.2465410901817,0.8091989257998141,0.3190272285184928,1.6229246124193562e-11
119.27321220203366,0.8092366981470804,0.3189985362174527,1.6145631371297158e-11
119.29988331388564,0.8092909042670012,0.31897006988346616,1.606244249729422e-11
119.32655442573761,0.8093613419231214,0.3189419170250094,1.597967743748216e-11
119.3532255375896,0.8094477727120254,0.318914162414266,1.589733414332921e-11
119.37989664944156,0.8095499220633373,0.31888688808712673,1.581541058247482e-11
119.40656776129354,0.8096674792397209,0.31886017334318956,1.5733904738729248e-11
119.43323887314551,0.8098000973368796,0.31883409474575986,1.5652814612073966e-11
119.4599099849975,0.8099473932835566,0.31880872612185,1.557213821866127e-11
119.48658109684946,0.8101089478415343,0.31878413856217985,1.549187359081465e-11
119.51325220870145,0.8102843056056355,0.3187604004211763,1.541201877702844e-11
119.53992332055341,0.8104729750037217,0.3187375773169737,1.5332571841968148e-11
119.5665944324054,0.810674428296695,0.31871573213141347,1.5253530866470142e-11
119.59326554425736,0.8108881015784964,0.31869492501004426,1.5174893947541962e-11
119.61993665610935,0.8111133947761071,0.3186752133621222,1.5096659198361994e-11
119.64660776796133,0.8113496716495475,0.3186566518606103,1.5018824748279773e-11
119.6732788798133,0.8115962597918779,0.31863929244217926,1.4941388742815837e-11
119.69994999166528,0.8118524506291983,0.3186231843072066,1.4864349343661618e-11
119.72662110351725,0.8121174994206479,0.31860837391977737,1.478770472867973e-11
119.75329221536923,0.8123906252584063,0.31859490500768367,1.471145309190363e-11
119.7799633272212,0.8126710110676921,0.318582818562425,1.4635592643537963e-11
119.80663443907318,0.812957803606764,0.318572152839208,1.4560121609958213e-11
119.83330555092515,0.8132501134669198,0.31856294335694657,1.448503823371105e-11
119.85997666277713,0.8135470482590723,0.31855522229334016,1.4410340765777614e-11
119.8866477746291,0.8138479918045947,0.3185490090389903,1.4336027400903454e-11
119.91331888648108,0.814152058804371,0.3185443158789636,1.4262096404014525e-11
119.93998999833305,0.8144582877025723,0.31854115211214173,1.4188546063351736e-11
119.96666111018503,0.8147657354332114,0.3185395232237691,1.4115374668220715e-11
119.993332222037,0.8150734774201414,0.3185394308854535,1.4042580508992123e-11
120.02000333388898,0.815380607577057,0.31854087295516553,1.397016187710134e-11
120.04667444574095,0.8156862383074935,0.31854384347723896,1.3898117065048775e-11
120.07334555759293,0.8159895005048277,0.31854833268237054,1.3826444366399558e-11
120.1000166694449,0.8162895435522767,0.31855432698762015,1.3755142075783851e-11
120.12668778129688,0.8165855353228995,0.3185618089964106,1.3684208488896533e-11
120.15335889314885,0.8168766621795952,0.3185707574985279,1.3613641902497516e-11
120.18003000500083,0.8171621289751047,0.31858114747012106,1.354344061441143e-11
120.2067011168528,0.8174411590520093,0.3185929500737021,1.3473602923527935e-11
120.23337222870478,0.8177129942427319,0.3186061326581461,1.3404127129801414e-11
120.26004334055675,0.817976894869536,0.31862065875869117,1.3335011534251276e-11
120.28671445240873,0.8182321397445261,0.31863648809693856,1.3266254438961657e-11
120.3133855642607,0.8184780261696479,0.3186535765808525,1.3197854147081714e-11
120.34005667611268,0.8187138699366883,0.3186718763047603,1.312980896282533e-11
120.36672778796465,0.8189390053272746,0.3186913355493523,1.3062117191471418e-11
120.39339889981663,0.8191527851128758,0.3187118987816819,1.2994777139363613e-11
120.4200700116686,0.8193545805548015,0.31873350665516553,1.2927787113910568e-11
120.44674112352058,0.8195437814042025,0.31875609600958277,1.2861145423585677e-11
120.47341223537255,0.8197197959020703,0.3187795998710761,1.2794850377927343e-11
120.50008334722453,0.8198820645701641,0.3188039490736164,1.2728900288567441e-11
120.5267544590765,0.82003025184031,0.31882908959625095,1.2663293472391161e-11
120.55342557092848,0.8201639956590346,0.31885494766268946,1.2598028218615898e-11
120.58009668278046,0.8202829266430207,0.318881442419614,1.2533102809700955e-11
120.60676779463243,0.8203867191279076,0.31890849332043625,1.2468515527905398e-11
120.63343890648441,0.8204750911682916,0.31893602012529754,1.240426465528796e-11
120.66011001833638,0.8205478045377255,0.3189639429010687,1.234034847370728e-11
120.68678113018836,0.820604664728719,0.3189921820213505,1.2276765264821618e-11
120.71345224204033,0.8206455209527383,0.3190206581664729,1.2213513310089147e-11
120.74012335389232,0.8206702661402068,0.3190492923234958,1.2150590890767666e-11
120.76679446574428,0.820678836940504,0.31907800578620854,1.2087996287914876e-11
120.79346557759627,0.8206712137219667,0.31910672015513014,1.2025727782388113e-11
120.82013668944823,0.8206474205718881,0.31913535733750925,1.196378365484461e-11
120.84680780130022,0.8206075252965184,0.3191638395473241,1.1902162185741237e-11
120.87347891315218,0.8205516394210642,0.31919208930528253,1.1840861655334759e-11
120.90015002500417,0.820479918189689,0.31922002943882205,1.1779880343681582e-11
120.92682113685613,0.8203925605655132,0.31924758308210976,1.1719216530638005e-11
120.95349224870812,0.8202898092306138,0.31927467367604234,1.1658868495859965e-11
120.98016336056008,0.8201719505860243,0.3193012249682461,1.1598834518803298e-11
121.00683447241207,0.8200393147517354,0.319327161013077,1.153911287872347e-11
121.03350558426403,0.8198922755666941,0.31935240617162064,1.1479701854675853e-11
121.06017669611602,0.8197312505888044,0.31937688511169215,1.1420599725515449e-11
121.08684780796798,0.819556701094927,0.3194005228078363,1.1361804769897157e-11
121.11351891981997,0.8193691320808791,0.3194232445413276,1.130331526627552e-11
121.14019003167193,0.8191690798927405,0.31944497714457615,1.1245129496109394e-11
121.16686114352392,0.8189569331257075,0.31946567191825226,1.1187245791665455e-11
121.19353225537589,0.8187332955053327,0.3194852748831948,1.112966244432634e-11
121.22020336722787,0.818498871314702,0.319503728522932,1.1072377731936298e-11
121.24687447907984,0.818254374950997,0.3195209793391951,1.1015389941829379e-11
121.27354559093182,0.8180005309254935,0.3195369778519182,1.0958697370829181e-11
121.30021670278379,0.8177380738635633,0.31955167859923833,1.0902298325249098e-11
121.32688781463577,0.8174677485046727,0.31956504013749554,1.0846191120892075e-11
121.35355892648774,0.8171903097023835,0.31957702504123275,1.0790374083050853e-11
121.38023003833972,0.8169065224243519,0.31958759990319585,1.0734845546507728e-11
121.40690115019169,0.8166171617523301,0.3195967353343338,1.0679603855534786e-11
121.43357226204367,0.8163230128821646,0.3196044059637984,1.0624647363893669e-11
121.46024337389564,0.8160248711237976,0.31961059043894435,1.0569974434835812e-11
121.48691448574762,0.8157235419012656,0.3196152714253295,1.0515583441102207e-11
121.5135855975996,0.815419840752701,0.3196184356067143,1.0461472764923602e-11
121.54025670945157,0.8151145933303312,0.31962007368506257,1.0407640798020425e-11
121.56692782130355,0.8148086354004779,0.3196201803805408,1.0354085941602689e-11
121.59359893315552,0.8145028128435587,0.3196187544315185,1.0300806606370193e-11
121.6202700450075,0.8141979816540859,0.3196157985945682,1.0247801212512298e-11
121.64694115685947,0.8138950079406672,0.3196113196444652,1.0195068189708153e-11
121.67361226871145,0.8135947679260048,0.319605328374188,1.0142605977126466e-11
121.70028338056342,0.8132981479468968,0.3195978395949179,1.009041302342573e-11
121.7269544924154,0.8130060444542354,0.3195888721360391,1.0038487786754003e-11
121.75362560426737,0.8127193640130089,0.31957844884513886,9.986828734749125e-12
121.78029671611935,0.8124390233023,0.3195665965880074,9.935434344538502e-12
121.80696782797132,0.8121657788967788,0.31955334387839335,9.884303112807523e-12
121.8336389398233,0.8119002198741824,0.31953872754577933,9.833433566267524e-12
121.86031005167527,0.8116431683315055,0.319522795831432,9.782824236836368e-12
121.88698116352725,0.8113954113463808,0.3195055992209476,9.732473670657225e-12
121.91365227537922,0.8111576956238836,0.31948719032063366,9.68238042835011e-12
121.9403233872312,0.8109307274965303,0.31946762385750876,9.632543085011666e-12
121.96699449908317,0.8107151729242802,0.31944695667930295,9.582960230215391e-12
121.99366561093515,0.8105116574945338,0.31942524775445735,9.533630468011404e-12
122.02033672278712,0.810320766422134,0.31940255817212443,9.484552416926675e-12
122.0470078346391,0.8101430445493655,0.3193789511421678,9.435724709964807e-12
122.07367894649107,0.8099789963459552,0.31935449199516236,9.387145994606241e-12
122.10035005834305,0.8098290859090714,0.3193292481823942,9.338814932808059e-12
122.12702117019502,0.8096937369633251,0.31930328927586066,9.29073020100418e-12
122.153692282047,0.8095733328607688,0.31927668696827033,9.242890490105164e-12
122.18036339389897,0.8094682165808971,0.31924951507304306,9.195294505498403e-12
122.20703450575095,0.8093786907306463,0.3192218495243098,9.147940967047935e-12
122.23370561760292,0.8093050175443952,0.3191937683769129,9.100828609094631e-12
122.2603767294549,0.809247418883964,0.3191653518064058,9.053956180456005e-12
122.28704784130687,0.8092060762386154,0.3191366821090533,9.007322444426406e-12
122.31371895315885,0.8091811307250536,0.3191078437018313,8.96092617877682e-12
122.34039006501082,0.8091726830874251,0.31907892312242714,8.914766175755078e-12
122.3670611768628,0.8091807936973181,0.31905000902923913,8.868841242085643e-12
122.39373228871477,0.8092054831746021,0.3190211913840399,8.823150197749435e-12
122.42040340056676,0.8092467204342402,0.3189925390875292,8.777691849164349e-12
122.44707451241874,0.8093043517747034,0.31896413137854696,8.732465047451863e-12
122.4737456242707,0.8093781674349101,0.3189360551845216,8.687468670732678e-12
122.50041673612269,0.8094679214793297,0.31890839469732213,8.642701605930148e-12
122.52708784797466,0.8095733317979821,0.3188812313732576,8.59816274877045e-12
122.55375895982664,0.8096940801064384,0.3188546439330773,8.553851003782392e-12
122.5804300716786,0.8098298119458203,0.318828708361971,8.50976528429761e-12
122.60710118353059,0.8099801366828007,0.3188034979095686,8.465904512450366e-12
122.63377229538256,0.8101446275096029,0.3187790830899402,8.422267619177748e-12
122.66044340723454,0.8103228214440014,0.3187555316815962,8.378853544219478e-12
122.6871145190865,0.8105142193293211,0.31873290872748733,8.335661236118093e-12
122.71378563093849,0.8107182858344384,0.31871127653500453,8.292689652218774e-12
122.74045674279046,0.8109344494537798,0.318690694675979,8.249937758669514e-12
122.76712785464244,0.8111621025073235,0.31867121998668213,8.207404530420946e-12
122.7937989664944,0.8114006011405975,0.3186529065678258,8.16508895122652e-12
122.82047007834639,0.8116492653246816,0.3186358057845618,8.12299001364232e-12
122.84714119019836,0.8119073788562059,0.3186199662664825,8.081106719027256e-12
122.87381230205034,0.8121741893573516,0.31860543390762036,8.039438077542868e-12
122.90048341390231,0.8124489082758506,0.31859225186644813,7.997983108153515e-12
122.92715452575429,0.8127307108849856,0.3185804605658788,7.956740838626194e-12
122.95382563760626,0.8130187362835901,0.3185700976932657,7.915710305530722e-12
122.98049674945824,0.813312087396049,0.3185611982004024,7.87489055423955e-12
123.00716786131021,0.8136099128389017,0.3185537926391607,7.834280628550676e-12
123.03383897316219,0.8139115933727905,0.3185478975441897,7.793879547296636e-12
123.06051008501416,0.8142161935845668,0.31854352479521697,7.75368637320094e-12
123.08718119686614,0.814522755892176,0.31854068289407145,7.713700174754663e-12
123.11385230871811,0.8148303411945607,0.3185393765286277,7.673920021029378e-12
123.14052342057009,0.8151380288716618,0.31853960657280583,7.634344981677e-12
123.16719453242206,0.8154449167844173,0.3185413700865716,7.594974126929949e-12
123.19386564427404,0.8157501212747638,0.3185446603159362,7.555806527600974e-12
123.22053675612601,0.8160527771656347,0.31854946669295664,7.516841255083333e-12
123.24720786797799,0.8163520377609623,0.31855577483573533,7.47807738135062e-12
123.27387897982996,0.8166470748456758,0.3185635665484203,7.439513978956929e-12
123.30055009168194,0.8169370786857025,0.31857281982120517,7.401150121036696e-12
123.32722120353391,0.8172212580279674,0.3185835088303292,7.362984881304852e-12
123.35389231538589,0.8174988401003935,0.3185956039380772,7.325017334056675e-12
123.38056342723787,0.8177690706119014,0.31860907169277947,7.28724655416792e-12
123.40723453908984,0.8180312137524093,0.31862387482881205,7.2496716170947555e-12
123.43390565094182,0.8182845521928336,0.31863997226659646,7.21229159887372e-12
123.46057676279379,0.818528387085088,0.31865731911259987,7.175105576121845e-12
123.48724787464577,0.8187620380620846,0.318675866659335,7.138112626036507e-12
123.51391898649774,0.8189848432377325,0.3186955623853601,7.101311826395576e-12
123.54059009834972,0.8191961592069392,0.31871634995527914,7.064702255557267e-12
123.56726121020169,0.8193953610456096,0.3187381692197415,7.028282992460294e-12
123.59393232205367,0.8195818423106469,0.31876095621544237,6.99205311662371e-12
123.62060343390564,0.8197550150399513,0.31878464316512223,6.956011708147067e-12
123.64727454575763,0.8199143485735783,0.3188091628539549,6.920157849074035e-12
123.6739456576096,0.8200595368658321,0.3188344607605861,6.884490621280935e-12
123.70061676946158,0.8201902005435447,0.31886045918760747,6.849009091640096e-12
123.72728788131354,0.8203059793965247,0.3188870773522259,6.8137123253666036e-12
123.75395899316553,0.8204065569341678,0.3189142347777781,6.77859938756608e-12
123.7806301050175,0.820491660385456,0.31894185129373065,6.743669343234835e-12
123.80730121686948,0.8205610606989581,0.3189698470356798,6.708921257259716e-12
123.83397232872144,0.8206145725428297,0.31899814244535174,6.6743541944182564e-12
123.86064344057343,0.820652054304813,0.31902665827060234,6.639967219378529e-12
123.8873145524254,0.8206734080922368,0.3190553155654172,6.6057593966992884e-12
123.91398566427738,0.8206785797320166,0.31908403568991184,6.5717297908298335e-12
123.94065677612934,0.8206675587706547,0.31911274031033154,6.5378774661101455e-12
123.96732788798133,0.8206403784742399,0.31914135139905125,6.5042014867707435e-12
123.9939989998333,0.8205971158284476,0.3191697912345759,6.470700916932834e-12
124.02067011168528,0.8205378915385403,0.31919798240154007,6.437374820608162e-12
124.04734122353725,0.8204628700293666,0.3192258477907081,6.4042222616991575e-12
124.07401233538923,0.8203722594453621,0.31925331059897427,6.371242303998789e-12
124.1006834472412,0.820266311650549,0.31928029432936256,6.338434011190712e-12
124.12735455909318,0.8201453222285362,0.3193067227910266,6.305796446849118e-12
124.15402567094515,0.8200096304825194,0.3193325200992501,6.273328674438885e-12
124.18069678279713,0.8198596194352805,0.3193576106754464,6.241029757315433e-12
124.2073678946491,0.8196957158291888,0.31938191924715853,6.208898758724862e-12
124.23403900650108,0.8195183901261994,0.3194053708480594,6.176934741803817e-12
124.26071011835305,0.819328156507855,0.3194278908179518,6.14513676957962e-12
124.28738123020503,0.8191255351770734,0.31944940874964495,6.113503910309559e-12
124.31405234205701,0.8189109181607006,0.3194698793125167,6.082035257563069e-12
124.34072345390898,0.8186849575054461,0.31948924565687314,6.0507298761316565e-12
124.36739456576096,0.8184483595618293,0.3195074511107462,6.019586829827114e-12
124.39406567761293,0.8182018408001283,0.31952444302025007,5.9886051876254664e-12
124.42073678946491,0.8179461278103788,0.31954017274958146,5.957784023666841e-12
124.44740790131688,0.817681957302375,0.31955459568101935,5.927122417255598e-12
124.47407901316886,0.8174100761056685,0.3195676712149252,5.896619452860199e-12
124.50075012502083,0.8171312411695697,0.31957936276974275,5.8662742201133354e-12
124.52742123687281,0.8168462195631464,0.3195896377819982,5.8360858138118055e-12
124.55409234872478,0.8165557884752249,0.31959846770630024,5.806053333916635e-12
124.58076346057676,0.816260735214389,0.31960582801533977,5.776175885552954e-12
124.60743457242873,0.8159618572089814,0.3196116981998902,5.746452579010124e-12
124.63410568428071,0.8156599620071019,0.31961606176880725,5.71688252974161e-12
124.66077679613268,0.815355867276609,0.31961890624902906,5.687464858365105e-12
124.68744790798466,0.8150504008051189,0.3196202231855762,5.65819869066241e-12
124.71411901983663,0.8147444005000063,0.3196200081415516,5.629083157579553e-12
124.74079013168861,0.8144387143884031,0.3196182606981406,5.600117395226666e-12
124.76746124354058,0.8141342006172001,0.31961498445461084,5.571300544878112e-12
124.79413235539256,0.8138317274530457,0.31961018702831245,5.54263175297236e-12
124.82080346724453,0.8135321732823465,0.31960388005467794,5.514110171112104e-12
124.84747457909651,0.8132364266112669,0.3195960791872222,5.485734956064147e-12
124.87414569094848,0.8129453860657299,0.3195868040975425,5.457505269759519e-12
124.90081680280046,0.8126599603914157,0.3195760784753184,5.429420279293357e-12
124.92748791465243,0.8123810676491703,0.3195639300113854,5.4014791569467335e-12
124.95415902650441,0.812109369759841,0.3195503872164052,5.373681089128952e-12
124.98083013835638,0.811845529118852,0.31953549067382886,5.3460252744863435e-12
125.00750125020836,0.8115903646601568,0.3195192891880371,5.318510915535547e-12
125.03417236206033,0.8113446549492325,0.31950183368471374,5.29113722267224e-12
125.06084347391231,0.8111091381830777,0.3194831772108451,5.263903414171028e-12
125.08751458576428,0.8108845121902143,0.3194633749347206,5.2368087161855535e-12
125.11418569761626,0.8106714344306857,0.31944248414593224,5.209852362748387e-12
125.14085680946823,0.8104705219960585,0.31942056425537485,5.183033595771136e-12
125.16752792132021,0.8102823516094215,0.3193976767952463,5.1563516650443366e-12
125.19419903317218,0.8101074596253861,0.31937388541904693,5.129805828237564e-12
125.22087014502416,0.8099463420300856,0.3193492559015802,5.103395350899318e-12
125.24754125687613,0.8097994544411766,0.31932385613895226,5.077119506457138e-12
125.27421236872812,0.8096672121078374,0.3192977561485719,5.05097757621749e-12
125.3008834805801,0.8095499899107692,0.31927102806915103,5.024968849365866e-12
125.32755459243207,0.8094481223621955,0.31924374616070417,4.999092622966738e-12
125.35422570428405,0.8093619036058622,0.3192159868045487,4.973348201963522e-12
125.38089681613602,0.8092915874170378,0.3191878285033048,4.94773489917867e-12
125.407567927988,0.809237387202513,0.31915935188089545,4.922252035313562e-12
125.43423903983997,0.8091994760006012,0.3191306396825465,4.896898938948616e-12
125.46091015169195,0.8091779864811381,0.3191017767747865,4.871674946543178e-12
125.48758126354392,0.809173010945482,0.319072850145447,4.846579402435631e-12
125.5142523753959,0.8091846013265135,0.3190439489036621,4.821611658843287e-12
125.54092348724787,0.809212770851985,0.3190151610630544,4.796771073343136e-12
125.56759459909985,0.8092574652064486,0.31898655274006316,4.772056997508838e-12
125.59426571095182,0.8093185124321429,0.31895820749681253,4.747468811882828e-12
125.6209368228038,0.8093956952267081,0.3189302116813303,4.7230059068833755e-12
125.64760793465577,0.8094887601073845,0.31890264890666703,4.698667677720399e-12
125.67427904650775,0.8095974174110138,0.31887560005089644,4.6744535243953566e-12
125.70095015835972,0.8097213412940382,0.31884914325711494,4.650362851701356e-12
125.7276212702117,0.8098601697325005,0.3188233539334421,4.626395069223046e-12
125.75429238206367,0.8100135045220446,0.31879830475302007,4.602549591336721e-12
125.78096349391565,0.8101809112779149,0.3187740656540142,4.578825837210218e-12
125.80763460576762,0.8103619194349567,0.31875070383961274,4.55522323080302e-12
125.8343057176196,0.8105560222476159,0.3187282837780267,4.531741200866155e-12
125.86097682947157,0.8107626767899392,0.31870686720249003,4.508379180942293e-12
125.88764794132355,0.8109813039555743,0.31868651311125973,4.4851366093656516e-12
125.91431905317552,0.8112112884577691,0.31866727776761555,4.462012929262089e-12
125.9409901650275,0.811451978829373,0.3186492146998603,4.43900758854901e-12
125.96766127687947,0.8117026874228356,0.3186323747013196,4.4161200399354645e-12
125.99433238873145,0.8119626904102074,0.318616805830342,4.393349740922045e-12
126.02100350058342,0.8122312277831395,0.318602553410299,4.370696153800988e-12
126.0476746124354,0.8125075033528844,0.31858966002958505,4.348158745656077e-12
126.07434572428737,0.8127906847502943,0.31857816554161744,4.325736988362738e-12
126.10101683613935,0.8130799034258231,0.3185681070648363,4.30343035858794e-12
126.12768794799132,0.8133742546495251,0.3185595189827049,4.2812383377903e-12
126.1543590598433,0.813672949243704,0.31855242954034924,4.25916040176062e-12
126.18103017169527,0.813975323444323,0.3185468531331675,4.2371960200720916e-12
126.20770128354725,0.8142804144802278,0.31854280116037686,4.215344684851969e-12
126.23437239539923,0.8145872687207871,0.31854028132591977,4.193605889191046e-12
126.2610435072512,0.8148949510093384,0.3185392975195322,4.171979126496385e-12
126.28771461910318,0.8152025446631891,0.3185398498167433,4.1504638904912764e-12
126.31438573095515,0.8155091514736148,0.31854193447887585,4.129059675215327e-12
126.34105684280713,0.8158138917058612,0.318545543953046,4.107765975024359e-12
126.3677279546591,0.8161159040991421,0.3185506668721632,4.086582284590509e-12
126.39439906651108,0.8164143458666415,0.3185572880549305,4.065508098902134e-12
126.42107017836305,0.8167083926955115,0.3185653885058441,4.044542913263901e-12
126.44774129021503,0.8169972387468742,0.3185749454151939,4.023686223296699e-12
126.474412402067,0.8172800966558202,0.318585932159063,4.0029375249377265e-12
126.50108351391899,0.8175561975314097,0.318598318299328,3.982296314440404e-12
126.52775462577095,0.8178247909566716,0.31861206958365895,3.961762088374463e-12
126.55442573762294,0.8180851449886044,0.3186271479455192,3.941334343625856e-12
126.5810968494749,0.8183365461581751,0.31864351150416564,3.921012577396846e-12
126.60776796132689,0.8185782994703206,0.3186611145646485,3.9007962872059175e-12
126.63443907317885,0.8188097284039461,0.3186799076178114,3.880684970887863e-12
126.66111018503084,0.8190301749119268,0.3186998373402914,3.860678126593702e-12
126.6877812968828,0.8192389994211062,0.31872084659451905,3.8407752527907586e-12
126.71445240873479,0.8194355808322977,0.3187428744287182,3.820975848262581e-12
126.74112352058675,0.8196193165202832,0.31876585607690605,3.8012794121090285e-12
126.76779463243874,0.8197896223338141,0.3187897229588935,3.781685443746181e-12
126.7944657442907,0.8199460102542152,0.3188144110848679,3.762193444172495e-12
126.82113685614269,0.8200881817589962,0.3188398627823388,3.742802911982314e-12
126.84780796799465,0.8202157494109343,0.31886599799805965,3.723513338695866e-12
126.87447907984664,0.8203283621740193,0.31889273601827434,3.704324215548517e-12
126.9011501916986,0.8204257127323267,0.3189199964348799,3.685235033715961e-12
126.92782130355059,0.8205075374900195,0.31894769914542653,3.666245284314137e-12
126.95449241540256,0.8205736165713466,0.31897576435311764,3.647354458399317e-12
126.98116352725454,0.8206237738206439,0.31900411256680966,3.6285620469680155e-12
127.0078346391065,0.8206578768023336,0.31903266460101226,3.60986754095708e-12
127.03450575095849,0.8206758368009245,0.31906134157588834,3.5912704312436026e-12
127.06117686281046,0.8206776088210119,0.3190900649172538,3.572770208645005e-12
127.08784797466244,0.8206631915872779,0.3191187563565779,3.554366363918957e-12
127.1145190865144,0.820632627544491,0.31914733793098277,3.536058387763456e-12
127.14119019836639,0.820586002857506,0.319175731983244,3.5178457708167465e-12
127.16786131021837,0.8205234474112649,0.31920386116179017,3.4997280036573925e-12
127.19453242207034,0.8204451348107957,0.31923164842070306,3.481704576804245e-12
127.22120353392232,0.8203512823812132,0.31925901701971754,3.463774980716414e-12
127.24787464577429,0.8202421511677187,0.3192858905242218,3.4459387057933365e-12
127.27454575762627,0.8201180459355999,0.3193121928052571,3.4281952423746985e-12
127.30121686947824,0.8199793151702315,0.3193378480395177,3.4105440807405127e-12
127.32788798133022,0.8198263510770742,0.31936278070935126,3.3929847111110416e-12
127.35455909318219,0.8196595895816758,0.3193869156027585,3.3755166236468737e-12
127.38123020503417,0.8194795103296703,0.3194101778133933,3.358139308448847e-12
127.40790131688614,0.8192866366867784,0.31943249274056273,3.340852255558127e-12
127.43457242873812,0.8190814598157301,0.3194537943583984,3.323654960836038e-12
127.46124354059009,0.8188644033823045,0.3194740380342782,3.3065469294859234e-12
127.48791465244207,0.8186361509036604,0.31949316525999416,3.289527650895546e-12
127.51458576429404,0.8183974108113256,0.31951112020782263,3.2725966161396897e-12
127.54125687614602,0.8181489016610847,0.3195278510680267,3.255753319103443e-12
127.56792798799799,0.8178913521329798,0.31954331004885606,3.238997256482272e-12
127.59459909984997,0.81762550103131,0.31955745337654673,3.2223279277819462e-12
127.62127021170194,0.8173520972846319,0.3195702412953214,3.205744835318613e-12
127.64794132355392,0.8170718999457588,0.31958163806738943,3.1892474842187237e-12
127.67461243540589,0.8167856781917616,0.31959161197294655,3.1728353824191067e-12
127.70128354725787,0.8164942113239682,0.3196001353101751,3.1565080406668952e-12
127.72795465910984,0.8161982887679639,0.31960718439524405,3.140264972519599e-12
127.75462577096182,0.8158987100735908,0.3196127395623088,3.124105694345033e-12
127.78129688281379,0.8155962849149487,0.31961678516351133,3.1080297253213882e-12
127.80796799466577,0.8152918330903942,0.31961930956898027,3.0920365874371612e-12
127.83463910651774,0.8149861845225415,0.31962030516683065,3.076125805491224e-12
127.86131021836972,0.8146801792582613,0.3196197683631642,3.0602969070927547e-12
127.88798133022169,0.8143746674686824,0.3196176995820691,3.0445494226613072e-12
127.91465244207367,0.8140705094491898,0.31961410326562006,3.0288828854267412e-12
127.94132355392564,0.8137685756194267,0.3196089878738785,3.0132968314292915e-12
127.96799466577762,0.8134697465232927,0.31960236588489216,2.9977907995194997e-12
127.99466577762959,0.8131749128289453,0.3195942537946956,2.982364331358282e-12
128.02133688948157,0.8128849753287983,0.3195846721173096,2.967016971416861e-12
128.04800800133356,0.8126008449395234,0.31957364538474187,2.951748266976827e-12
128.0746791131855,0.8123234256800266,0.3195612018229283,2.9365577683932625e-12
128.1013502250375,0.8120533069637911,0.3195473708936177,2.9214450352532036e-12
128.12802133688947,0.8117912208821972,0.3195321963023012,2.9064096315456895e-12
128.15469244874146,0.8115379778630514,0.31951572729424343,2.8914511241424298e-12
128.18136356059344,0.8112943479689253,0.319498015236482,2.876569084203272e-12
128.2080346724454,0.8110610608971567,0.3194791136178273,2.8617630871762205e-12
128.23470578429738,0.8108388059798473,0.31945907804886253,2.847032712797371e-12
128.26137689614936,0.8106282321838653,0.3194379662619436,2.8323775450910053e-12
128.28804800800134,0.8104299481108438,0.3194158381111992,2.81779717236953e-12
128.3147191198533,0.8102445219971816,0.3193927555725312,2.803291187233507e-12
128.34139023170528,0.810072481714042,0.3193687827436138,2.7888591865715894e-12
128.36806134355726,0.8099143147673544,0.31934398584389423,2.774500771560618e-12
128.39473245540924,0.8097704682978133,0.3193184332145926,2.760215547665557e-12
128.4214035672612,0.8096413490808786,0.3192921953187017,2.7460031246395245e-12
128.44807467911318,0.8095273235267751,0.3192653447409872,2.731863116523734e-12
128.47474579096516,0.8094287176804935,0.31923795618798756,2.7177951416475826e-12
128.50141690281714,0.8093458172217897,0.31921010648801407,2.7037988226285927e-12
128.5280880146691,0.8092788674651845,0.3191818745911508,2.6898737863724404e-12
128.55475912652108,0.8092280733599646,0.3191533415692547,2.676019664072897e-12
128.58143023837306,0.8091935994901818,0.31912459061595533,2.662236091211917e-12
128.60810135022504,0.8091755700746529,0.3190957070466553,2.648522707559582e-12
128.634772462077,0.8091740689669606,0.31906677829853,2.6348791571741242e-12
128.66144357392898,0.8091891396554527,0.31903789393052745,2.621305088401874e-12
128.68811468578096,0.8092207872769009,0.31900913840622414,2.607800150915508e-12
128.71478579763294,0.8092689306255657,0.3189805779950009,2.5943639938616596e-12
128.7414569094849,0.809333384099233,0.3189522990293692,2.580996282359221e-12
128.76812802133688,0.809413922841296,0.31892438727923983,2.5676966851891843e-12
128.79479913318886,0.8095102858100204,0.31889692578000955,2.5544648737407132e-12
128.82147024504084,0.8096221757785462,0.3188699948325611,2.541300522011088e-12
128.8481413568928,0.809749259334887,0.31884367200326325,2.528203306605731e-12
128.87481246874478,0.8098911668819301,0.3188180321239706,2.5151729067381532e-12
128.90148358059676,0.8100474926374365,0.31879314729202374,2.502209004230036e-12
128.92815469244874,0.8102177946340409,0.3187690868702494,2.489311283511177e-12
128.9548258043007,0.8104015947192511,0.3187459174869601,2.476479431619517e-12
128.98149691615268,0.8105983785554498,0.3187237030359543,2.4637131382010844e-12
129.00816802800466,0.8108075956198922,0.3187025046765166,2.4510120955100795e-12
129.03483913985664,0.811028659204708,0.3186823808334174,2.4383759984088176e-12
129.06151025170863,0.8112609464168999,0.3186633871969131,2.4258045443677428e-12
129.08818136356058,0.8115037981783446,0.3186455767227462,2.4132974334654435e-12
129.11485247541256,0.811756519225793,0.3186289996321449,2.400854368388596e-12
129.14152358726454,0.8120183781108686,0.31861370341182366,2.3884750544320478e-12
129.16819469911653,0.8122886072000696,0.3185997328139827,2.3761591994987615e-12
129.19486581096848,0.8125664026747669,0.31858712985630827,2.363906514099842e-12
129.22153692282046,0.8128509245312062,0.31857593382197263,2.351716711354485e-12
129.24820803467244,0.8131412965805062,0.3185661812596339,2.339589506990055e-12
129.27487914652443,0.8134366065041277,0.3185579059826165,2.327524619339942e-12
129.30155025837638,0.8137361482479415,0.3185511331217304,2.315521760256001e-12
129.32822137022836,0.8140391730545156,0.31854587589939615,2.3035806445030235e-12
129.35489248208034,0.8143447127587972,0.3185421450354254,2.2917009960590634e-12
129.38156359393233,0.8146518176641171,0.3185399474352226,2.2798825390744503e-12
129.40823470578428,0.8149595565421897,0.31853928618978566,2.2681249978718152e-12
129.43490581763626,0.8152670166331139,0.31854016057570533,2.25642809694604e-12
129.46157692948825,0.8155733036453712,0.3185425660551657,2.244791560964333e-12
129.48824804134023,0.8158775417558272,0.3185464942759438,2.2332151147661785e-12
129.51491915319218,0.816178873609731,0.3185519330714098,2.221698483363362e-12
129.54159026504416,0.8164764603207159,0.31855886646052706,2.21024139193992e-12
129.56826137689615,0.8167694814707983,0.318567274647852,2.1988435658522153e-12
129.59493248874813,0.8170571351103785,0.3185771340235342,2.1875047306288873e-12
129.62160360060008,0.8173386377582399,0.3185884171633164,2.1762246119708746e-12
129.64827471245206,0.8176132244015507,0.3186010928285342,2.16500293575137e-12
129.67494582430405,0.817880148495862,0.3186151259661167,2.1538394280158893e-12
129.70161693615603,0.8181386819651083,0.31863047770858577,2.142733814982227e-12
129.72828804800798,0.8183881152016083,0.31864710537405655,2.1316858230404768e-12
129.75495915985996,0.8186277570660643,0.3186649624662374,2.1206951787529848e-12
129.78163027171195,0.8188569348875622,0.3186839986744296,2.109761608854423e-12
129.80830138356393,0.8190749944635713,0.3187041598735276,2.0988848402517387e-12
129.83497249541588,0.8192813000599447,0.31872538812401907,2.0880646000241806e-12
129.86164360726787,0.8194752344109196,0.31874762167198467,2.0773006154232502e-12
129.88831471911985,0.8196561987191162,0.3187707949490982,2.0665926138727736e-12
129.91498583097183,0.8198236126555388,0.3187948385726267,2.055940322968852e-12
129.94165694282378,0.8199770457078925,0.3188196930092149,2.04534347145461e-12
129.96832805467577,0.820116183021826,0.3188452949129937,2.0348017852826264e-12
129.99499916652775,0.8202406391699798,0.31887156335227673,2.0243149875880834e-12
130.02167027837973,0.8203500722913376,0.3188984176811831,2.0138828014712787e-12
130.0483413902317,0.820444184245366,0.31892577755910617,2.003504949999935e-12
130.07501250208367,0.8205227206120149,0.3189535629507139,1.9931811562092123e-12
130.10168361393565,0.8205854706917178,0.3189816941259487,1.9829111431016606e-12
130.12835472578763,0.8206322675053913,0.31901009166002736,1.9726946336472888e-12
130.1550258376396,0.8206629877944354,0.31903867643344125,1.96253135078352e-12
130.18169694949157,0.8206775520207332,0.31906736963195614,1.9524210174152127e-12
130.20836806134355,0.8206759243666516,0.31909609274661227,1.9423633564146186e-12
130.23503917319553,0.8206581127350402,0.31912476757372443,1.9323580906214458e-12
130.2617102850475,0.8206241687492324,0.3191533162148817,1.9224049428428173e-12
130.28838139689947,0.8205741877530446,0.3191816610769478,1.9125036358532913e-12
130.31505250875145,0.8205083088107766,0.3192097248720609,1.9026538923948203e-12
130.34172362060343,0.8204267147072117,0.3192374306176335,1.8928554351768114e-12
130.3683947324554,0.8203296319476163,0.31926470163635273,1.8831079868760886e-12
130.39506584430737,0.8202173307577403,0.31929146155618005,1.873411270136909e-12
130.42173695615935,0.8200901250838165,0.31931763431035154,1.8637650075709254e-12
130.44840806801133,0.8199483725925615,0.3193431441373776,1.8541689217572458e-12
130.47507917986331,0.819792474671175,0.31936791558104316,1.8446227352423925e-12
130.50175029171527,0.8196228764273401,0.31939187349040765,1.835126170540324e-12
130.52842140356725,0.8194400666892229,0.3194149430198049,1.825678950132392e-12
130.55509251541923,0.819244578005473,0.3194370496288433,1.8162807964674045e-12
130.58176362727122,0.8190368602712307,0.3194581333960245,1.8069314373140957e-12
130.60843473912317,0.8188173953005169,0.3194781475465409,1.7976306014676955e-12
130.63510585097515,0.8185868822737279,0.3194970331931058,1.7883780107902057e-12
130.66177696282713,0.8183460317139889,0.31951473535203845,1.779173388622661e-12
130.68844807467912,0.818095564272256,0.3195312030575685,1.7700164598355007e-12
130.71511918653107,0.8178362107273174,0.319546389361836,1.7609069508285893e-12
130.74179029838305,0.8175687119857915,0.3195602513348913,1.7518445895311773e-12
130.76846141023503,0.8172938190821291,0.3195727500646953,1.7428291054019592e-12
130.79513252208702,0.817012293178612,0.3195838506571192,1.7338602294290352e-12
130.82180363393897,0.8167249055653542,0.31959352223594445,1.7249376941299298e-12
130.84847474579095,0.8164324376602994,0.31960173794286306,1.7160612335515547e-12
130.87514585764293,0.8161356810092243,0.31960847493747735,1.7072305832702648e-12
130.90181696949492,0.8158354372857363,0.3196137143973,1.6984454803918206e-12
130.9284880813469,0.8155325182912745,0.3196174415177541,1.6897056635513979e-12
130.95515919319885,0.8152277459551096,0.31961964551217315,1.681010872913597e-12
130.98183030505083,0.8149219523343426,0.31962031961180093,1.6723608501724054e-12
131.00850141690282,0.8146159796139073,0.31961946106579175,1.6637553385512534e-12
131.0351725287548,0.814310680106568,0.3196170711412101,1.6551940828029773e-12
131.06184364060675,0.8140069162529212,0.319613155123031,1.6466768292098378e-12
131.08851475245874,0.8137055606213937,0.3196077223141399,1.6382033255834832e-12
131.11518586431072,0.8134074959082446,0.31960078603533243,1.6297733212650042e-12
131.1418569761627,0.8131136149375642,0.3195923636253148,1.621386567124898e-12
131.16852808801465,0.8128248206612745,0.3195824764407034,1.613042815563085e-12
131.19519919986664,0.8125420261591279,0.31957114985602525,1.6047418205088745e-12
131.22187031171862,0.8122661002040229,0.31955841233321103,1.5964833379017987e-12
131.2485414235706,0.811997598256028,0.31954429535871987,1.5882671291083878e-12
131.27521253542255,0.8117373025095703,0.31952884489606365,1.5800929569679882e-12
131.30188364727454,0.8114860148941869,0.3195121106324733,1.5719605862414682e-12
131.32855475912652,0.8112444969767578,0.3194941443773261,1.5638697840235412e-12
131.3552258709785,0.8110134699615049,0.31947500006214524,1.5558203197427301e-12
131.38189698283045,0.8107936146899927,0.31945473374060035,1.5478119651613857e-12
131.40856809468244,0.8105855716411267,0.31943340358850714,1.5398444943756517e-12
131.43523920653442,0.8103899409311557,0.31941106990382745,1.531917683815516e-12
131.4619103183864,0.8102072823136703,0.3193877951066694,1.5240313122447773e-12
131.48858143023836,0.8100381151796033,0.31936364373928733,1.5161851607610608e-12
131.51525254209034,0.8098829185572294,0.31933868246608166,1.508379012795786e-12
131.54192365394232,0.8097421311121656,0.31931298007359904,1.5006126541142157e-12
131.5685947657943,0.8096161511473713,0.31928660747053234,1.4928858728154236e-12
131.59526587764626,0.8095053366031477,0.31925963768772064,1.4851984593323101e-12
131.62193698949824,0.8094100050571384,0.319232145878149,1.47755020643157e-12
131.64860810135022,0.809330433724329,0.31920420931694904,1.4699409092137413e-12
131.6752792132022,0.8092668594570473,0.3191759074013982,1.4623703651131724e-12
131.70195032505416,0.8092194787449636,0.3191473216509203,1.454838373898039e-12
131.72862143690614,0.8091884477150896,0.31911853570708537,1.4473447376703112e-12
131.75529254875812,0.8091738821317797,0.3190896353336095,1.4398892608658023e-12
131.7819636606101,0.8091758573967305,0.3190607084163551,1.4324717502541355e-12
131.80863477246206,0.8091944085489806,0.3190318449633307,1.4250920149387618e-12
131.83530588431404,0.809229530853036,0.319003124254534,1.4177498635962876e-12
131.86197699616602,0.8092811147980145,0.31897461566406576,1.4104451070821725e-12
131.888648108018,0.8093489645708025,0.3189464067601261,1.4031775639167567e-12
131.91531921986999,0.8094328477504493,0.3189185827355091,1.3959470541316218e-12
131.94199033172194,0.8095324957271224,0.3188912260488629,1.3887533991779613e-12
131.96866144357392,0.8096476037021082,0.3188644164246894,1.3815964219265503e-12
131.9953325554259,0.8097778306878114,0.31883823085334445,1.374475946667792e-12
132.0220036672779,0.8099227995077551,0.318812743591038,1.3673917991116857e-12
132.04867477912984,0.8100820967965813,0.31878802615983376,1.3603438063878433e-12
132.07534589098182,0.8102552730000502,0.31876414734764924,1.3533317970454584e-12
132.1020170028338,0.8104418423750408,0.31874117320825607,1.3463556010533517e-12
132.1286881146858,0.8106412829895504,0.3187191670612796,1.3394150497999412e-12
132.15535922653774,0.8108530367226945,0.3186981894921993,1.3325099760932564e-12
132.18203033838972,0.8110765092647082,0.31867829835234834,1.3256402141609093e-12
132.2087014502417,0.811311070116944,0.31865954875891395,1.318805599650139e-12
132.2353725620937,0.8115560525918736,0.3186419930949371,1.3120059696277809e-12
132.26204367394564,0.8118107538130864,0.31862568100931293,1.305241162580283e-12
132.28871478579762,0.8120744347152918,0.31861065941679023,1.298511018413676e-12
132.3153858976496,0.8123463200443163,0.31859697249797186,1.2918153784536164e-12
132.3420570095016,0.8126255983571056,0.3185846616993145,1.285154085445358e-12
132.36872812135354,0.8129114220217233,0.3185737657331288,1.278526983553767e-12
132.39539923320552,0.8132029072173528,0.3185643205775793,1.2719339183632921e-12
132.4220703450575,0.8134991462030582,0.3185563592702423,1.2653747366266691e-12
132.4487414569095,0.813799500708385,0.3185499035013281,1.2588492802873377e-12
132.47541256876144,0.8141031332971641,0.3185449659285331,1.2523573960468607e-12
132.50208368061342,0.8144090797291083,0.3185415564727813,1.2458989336998607e-12
132.5287547924654,0.8147163942278752,0.3185396812404311,1.2394737431348183e-12
132.5554259043174,0.8150241494810685,0.3185393425232745,1.2330816743340443e-12
132.58209701616934,0.8153314366402369,0.31854053879853794,1.2267225773736947e-12
132.60876812802132,0.8156373653208757,0.3185432647288816,1.2203963024237422e-12
132.6354392398733,0.8159410636024252,0.3185475111623999,1.2141026997480173e-12
132.6621103517253,0.8162416780282714,0.31855326513262106,1.2078416197041817e-12
132.68878146357724,0.8165383736057457,0.3185605098585075,1.201612912743741e-12
132.71545257542923,0.8168303338061259,0.31856922474445565,1.1954164294120187e-12
132.7421236872812,0.8171167605646349,0.31857938538029584,1.1892520203481957e-12
132.7687947991332,0.817396874280441,0.3185909635412926,1.1831195362852837e-12
132.79546591098517,0.8176699138166587,0.3186039271881444,1.177018828050132e-12
132.82213702283713,0.8179351365003473,0.31861824046698367,1.1709497465634344e-12
132.8488081346891,0.8181918181225132,0.318633863709377,1.1649121428397018e-12
132.8754792465411,0.8184392529381068,0.31865075343232496,1.1589058679873035e-12
132.90215035839307,0.8186767536660252,0.3186688623382621,1.1529307732084385e-12
132.92882147024503,0.8189036514891104,0.31868813931505696,1.146986709799151e-12
132.955492582097,0.8191192960541508,0.3187085294360123,1.1410735291493027e-12
132.982163693949,0.81932305547188,0.3187299739598647,1.1351910827426124e-12
133.00883480580097,0.8195143163169772,0.3187524103307849,1.1293392221566303e-12
133.03550591765293,0.8196924836280671,0.31877577217837755,1.12351779906275e-12
133.0621770295049,0.8198569848458568,0.3187999897941102,1.1177266652544087e-12
133.0888481413569,0.8200074511182943,0.3188250078721531,1.1119656731671963e-12
133.11551925320887,0.8201435372439595,0.3188507564047988,1.1062346730340608e-12
133.14219036506083,0.8202648668166584,0.31887715450816106,1.1005335141675157e-12
133.1688614769128,0.8203711071509959,0.3189041216033271,1.0948620458622938e-12
133.1955325887648,0.8204619692823746,0.3189315774163579,1.0892201173953845e-12
133.22220370061677,0.8205372079669951,0.318959441978288,1.0836075780260087e-12
133.24887481246873,0.8205966216818571,0.3189876356251256,1.0780242769956311e-12
133.2755459243207,0.8206400526247578,0.31901607899785245,1.072470063527937e-12
133.3022170361727,0.820667386714293,0.319044693042424,1.0669447868288664e-12
133.32888814802467,0.8206785535898566,0.3190733990097692,1.061448296086592e-12
133.35555925987663,0.8206735266116408,0.31910211845579073,1.0559804404715302e-12
133.3822303717286,0.8206523228606362,0.31913077324136496,1.0505410691363175e-12
133.4089014835806,0.8206150031386313,0.31915928553234163,1.045130031215846e-12
133.43557259543257,0.8205616719682132,0.3191875777995444,1.0397471758272395e-12
133.46224370728453,0.8204924775927669,0.31921557281877017,1.034392352069866e-12
133.4889148191365,0.8204076119764759,0.3192431936707899,1.0290654090253135e-12
133.5155859309885,0.8203073108043221,0.3192703637413478,1.0237661957574254e-12
133.54225704284048,0.820191853482085,0.319297006721162,1.0184945613122777e-12
133.56892815469243,0.8200615631363433,0.319323046605924,1.013250354718189e-12
133.5955992665444,0.8199168066144729,0.319348407696299,1.0080334249856999e-12
133.6222703783964,0.8197579944846486,0.3193730145979259,1.0028436211076048e-12
133.64894149024838,0.8195855810358434,0.31939679222141715,9.97680792058931e-13
133.67561260210033,0.8194000642778287,0.31941966578235875,9.925447867969489e-13
133.7022837139523,0.8192019834217114,0.31944156104791316,9.874354543182773e-13
133.7289548258043,0.8189917430048,0.319462425294769,9.82352647739756e-13
133.75562593765628,0.818769900436538,0.31948220731918514,9.772962180103821e-13
133.78229704950826,0.8185371582092341,0.31950084896351677,9.722660139021376e-13
133.8089681613602,0.8182942289458688,0.3195182960879686,9.67261885019344e-13
133.8356392732122,0.8180418354000916,0.3195344985705955,9.622836817986414e-13
133.86231038506418,0.8177807104562238,0.31954941030730205,9.5733125550902e-13
133.88898149691616,0.8175115971292574,0.3195629892118426,9.524044582518001e-13
133.9156526087681,0.8172352485648546,0.3195751972158215,9.47503142960641e-13
133.9423237206201,0.8169524280393481,0.3195860002686929,9.42627163401521e-13
133.96899483247208,0.8166639089597416,0.3195953683377607,9.377763741727687e-13
133.99566594432406,0.8163704748637095,0.3196032754081788,9.329506307050422e-13
134.022337056176,0.816072919419597,0.3196096994829508,9.281497892613389e-13
134.049008168028,0.815772046426419,0.3196146225829304,9.233737069369754e-13
134.07567927987998,0.8154686698138619,0.3196180307468208,9.186222416596187e-13
134.10235039173196,0.8151636136422827,0.31961991403117535,9.138952521892646e-13
134.1290215035839,0.8148577121027092,0.31962026651039716,9.091925981182489e-13
134.1556926154359,0.8145518095168388,0.3196190862767391,9.045141398712264e-13
134.18236372728788,0.8142467603370407,0.31961637544030397,8.998597387052021e-13
134.20903483913986,0.8139434291463542,0.31961214012904443,8.952292567095098e-13
134.23570595099181,0.8136426906584898,0.319606390488763,8.906225568058234e-13
134.2623770628438,0.8133454297178275,0.3195991406831119,8.860395027481363e-13
134.28904817469578,0.8130525412994191,0.31959040889359347,8.814799591227912e-13
134.31571928654776,0.8127649305089865,0.31958021731955966,8.769437913484602e-13
134.34239039839971,0.8124835125829226,0.31956859217821243,8.724308656761552e-13
134.3690615102517,0.8122090992837664,0.31955556197684565,8.679410497609687e-13
134.39573262210368,0.8119422512951279,0.31954116106218944,8.634742141454003e-13
134.42240373395566,0.811683781265386,0.31952543692274266,8.590302298813696e-13
134.44907484580762,0.8114344826319594,0.3195084396885461,8.546089692072124e-13
134.4757459576596,0.8111951084716552,0.3194902216120834,8.502103056314299e-13
134.50241706951158,0.8109663715006709,0.3194708370682809,8.458341139327163e-13
134.52908818136356,0.810748944074593,0.3194503425545077,8.4148027015994e-13
134.55575929321552,0.810543458188398,0.31942879669057583,8.371486516321532e-13
134.5824304050675,0.8103505054764512,0.31940626021873997,8.328391369385734e-13
134.60910151691948,0.8101706372125077,0.3193827960036976,8.285516059386108e-13
134.63577262877146,0.8100043643097126,0.3193584690325891,8.242859397618499e-13
134.66244374062342,0.8098521573205998,0.31933334641499744,8.200420208080593e-13
134.6891148524754,0.8097144464370928,0.3193074973829486,8.158197327471724e-13
134.71578596432738,0.8095916214905049,0.3192809932909112,8.116189605193158e-13
134.74245707617936,0.8094840319515387,0.3192539076157966,8.074395903347902e-13
134.76912818803135,0.8093919869302864,0.31922631595695916,8.032815096740756e-13
134.7957992998833,0.8093157551762296,0.31919829603619587,7.991446072878354e-13
134.82247041173528,0.8092555650782393,0.31916992769774644,7.950287731968986e-13
134.84914152358726,0.8092116046645761,0.3191412929082935,7.909338986922869e-13
134.87581263543925,0.8091840216028903,0.3191124757569625,7.868598763351962e-13
134.9024837472912,0.8091729232002214,0.3190835624553216,7.82806599957006e-13
134.92915485914318,0.8091783764029984,0.31905464133738165,7.787739646592619e-13
134.95582597099516,0.8092004078677435,0.31902580278312165,7.747618668034306e-13
134.98249708284715,0.8092389999334204,0.3189971194408813,7.707702017971639e-13
135.0091681946991,0.8092940157691595,0.3189686665519828,7.667988679885044e-13
135.03583930655108,0.8093652515736754,0.31894053146673623,7.628477668190576e-13
135.06251041840306,0.8094524673538177,0.3189127988015982,7.589168005031167e-13
135.08918153025505,0.809555386924572,0.3188855504391713,7.55005872027646e-13
135.115852642107,0.809673697909059,0.3188588655282046,7.511148851522891e-13
135.14252375395898,0.8098070517385358,0.3188328204835933,7.472437444093523e-13
135.16919486581097,0.8099550636523948,0.3188074889863788,7.433923551038296e-13
135.19586597766295,0.8101173126981638,0.3187829419837489,7.39560623313386e-13
135.2225370895149,0.8102933417315062,0.3187592476890375,7.357484558883658e-13
135.24920820136688,0.8104826574162217,0.3187364715817249,7.319557604517761e-13
135.27587931321887,0.810684730224245,0.3187146764074374,7.281824453993117e-13
135.30255042507085,0.8108989944356466,0.31869392217794784,7.244284198993382e-13
135.3292215369228,0.8111248481386324,0.3186742661711751,7.206935938929007e-13
135.35589264877478,0.8113616532295446,0.31865576293118436,7.169778780937072e-13
135.38256376062677,0.8116087354128604,0.3186384642681871,7.132811839881531e-13
135.40923487247875,0.8118653842011928,0.318622419258541,7.096034238353047e-13
135.4359059843307,0.8121308529152903,0.31860767424475,7.059445106669078e-13
135.46257709618268,0.8124043586840376,0.3185942728354642,7.023043582873713e-13
135.48924820803467,0.8126850824444545,0.31858225590548017,6.986828812737913e-13
135.51591931988665,0.8129721689416964,0.31857166159574046,6.950799949759349e-13
135.5425904317386,0.8132647267290544,0.3185625253133341,6.914956155162484e-13
135.56926154359059,0.81356187376466,0.31855487887025674,6.879296592820475e-13
135.59593265544257,0.8138629975493084,0.3185487407904119,6.843820400489982e-13
135.62260376729455,0.8141671953158867,0.3185441232987232,6.808526751748131e-13
135.64927487914653,0.8144735067373173,0.31854103551679774,6.773414829209944e-13
135.67594599099849,0.8147809899469424,0.31853948275155025,6.73848381600149e-13
135.70261710285047,0.815088721538524,0.31853946649520315,6.703732895759738e-13
135.72928821470245,0.8153957965662436,0.3185409844252866,6.66916125263278e-13
135.75595932655443,0.8157013285447023,0.3185440304046384,6.634768071279681e-13
135.7826304384064,0.8160044494489207,0.318548594481404,6.600552536870553e-13
135.80930155025837,0.8163043097143401,0.31855466288903644,6.56651383508641e-13
135.83597266211035,0.8166000782368203,0.31856221804629664,6.532651152119388e-13
135.86264377396233,0.8168909423726417,0.318571238557253,6.498963674672595e-13
135.8893148858143,0.8171761079385033,0.31858169921128165,6.465450589960186e-13
135.91598599766627,0.8174547992115253,0.3185935709830665,6.432111085707221e-13
135.94265710951825,0.8177262589292464,0.31860682103259896,6.398944350149878e-13
135.96932822137023,0.8179897482896256,0.31862141270517824,6.365949572035309e-13
135.9959993332222,0.8182445469510409,0.31863730553141106,6.333125940621712e-13
136.02267044507417,0.818489953032291,0.3186544552272121,6.300472645678192e-13
136.04934155692615,0.8187252831125936,0.3186728136938034,6.267988877484971e-13
136.07601266877813,0.8189498722315864,0.3186923290177149,6.235673826833242e-13
136.1026837806301,0.8191630738893263,0.31871294547078405,6.20352668502525e-13
136.12935489248207,0.8193642600462908,0.3187346035101561,6.171546643874142e-13
136.15602600433405,0.8195528211233762,0.31875723977828385,6.139732895704184e-13
136.18269711618603,0.8197281660018991,0.3187807871029279,6.108084633350614e-13
136.209368228038,0.8198897416263761,0.31880517677096754,6.07660105082844e-13
136.23603933988997,0.8200372227558638,0.3188303549208147,6.045281344027545e-13
136.26271045174195,0.8201702411015579,0.3188562465108376,6.014124695449007e-13
136.28938156359393,0.8202884294331191,0.31888277072364996,5.983130284961723e-13
136.3160526754459,0.8203914642412564,0.31890984704659986,5.952297292337798e-13
136.34272378729787,0.8204790657377273,0.31893739527177034,5.921624897252433e-13
136.36939489914985,0.8205509978553371,0.3189653354959787,5.891112279284108e-13
136.39606601100184,0.8206070682479398,0.31899358812077727,5.860758617914462e-13
136.4227371228538,0.8206471282904372,0.3190220738524527,5.830563092528349e-13
136.44940823470577,0.8206710730787797,0.31905071370202637,5.800524882413713e-13
136.47607934655775,0.820678841429966,0.31907942898525427,5.770643166761782e-13
136.50275045840974,0.8206704158820428,0.3191081413226271,5.740917124666938e-13
136.5294215702617,0.8206458226941052,0.3191367726393701,5.71134593512678e-13
136.55609268211367,0.8206051318462966,0.3191652451654432,5.681928777042e-13
136.58276379396565,0.8205484570398084,0.31919348143554094,5.652664829216572e-13
136.60943490581764,0.8204759556968806,0.31922140428909246,5.623553270357621e-13
136.63610601766962,0.8203878289608013,0.3192489368702615,5.594593279075464e-13
136.66277712952157,0.8202843216959069,0.3192760026279466,5.565784033883627e-13
136.68944824137355,0.8201657224875819,0.31930252531578074,5.53712471319874e-13
136.71611935322554,0.8200323636422593,0.3193284289921316,5.508614495340705e-13
136.74279046507752,0.8198846211874201,0.31935363802010147,5.480252558532581e-13
136.76946157692947,0.819722914871594,0.31937807706752736,5.452038080900643e-13
136.79613268878146,0.8195477081643583,0.3194016711069808,5.423970240474265e-13
136.82280380063344,0.8193595082563391,0.31942434541576803,5.396048215186095e-13
136.84947491248542,0.8191588481985679,0.3194460273943765,5.368271185085305e-13
136.87614602433737,0.818946114482706,0.31946666949434244,5.340638354444091e-13
136.90281713618936,0.818721925325832,0.3194862168294225,5.313148905914477e-13
136.92948824804134,0.8184869853242914,0.3195046120857831,5.285802017395281e-13
136.95615935989332,0.8182420092073556,0.3195218019673924,5.25859687131505e-13
136.98283047174527,0.8179877218372216,0.31953773719602013,5.231532654632124e-13
137.00950158359726,0.8177248582090121,0.3195523725112382,5.204608558834514e-13
137.03617269544924,0.8174541634507764,0.3195656666704199,5.177823779940083e-13
137.06284380730122,0.8171763928234892,0.31957758244874046,5.151177518496424e-13
137.08951491915317,0.8168923117210517,0.3195880866391768,5.124668979580919e-13
137.11618603100516,0.81660269567029,0.3195971500525076,5.098297372800628e-13
137.14285714285714,0.8163083303309568,0.3196047475173134,5.072061912292455e-13
137.16952825470912,0.816010011495731,0.31961085787997623,5.045961816723041e-13
137.19619936656107,0.8157085450902172,0.3196154640046802,5.01999630928881e-13
137.22287047841306,0.8154047471729451,0.31961855277341106,4.994164617715871e-13
137.24954159026504,0.8150994439353713,0.3196201150859562,4.968465974260172e-13
137.27621270211702,0.814793471701878,0.3196201458599049,4.942899615707396e-13
137.30288381396898,0.8144876769297736,0.3196186440306481,4.917464783373016e-13
137.32955492582096,0.8141829162092916,0.31961561255137855,4.892160723102183e-13
137.35622603767294,0.8138800562635923,0.31961105839309084,4.866986685269892e-13
137.38289714952492,0.8135799739487614,0.3196049925445812,4.84194192478087e-13
137.40956826137688,0.813283556253811,0.3195974300124476,4.817025701069636e-13
137.43623937322886,0.8129917003006784,0.31958838982108984,4.792237278100384e-13
137.46291048508084,0.8127053133442272,0.31957789501270945,4.767575924367156e-13
137.48958159693282,0.8124253127722472,0.31956597264730974,4.743040912893725e-13
137.5162527087848,0.8121524308882602,0.3195526511901476,4.718631526818633e-13
137.54292382063676,0.8118872736541868,0.31953796845722054,4.6943470628101e-13
137.56959493248874,0.8116306643343771,0.3195219728533884,4.670186820113269e-13
137.59626604434072,0.8113833878789278,0.3195047149521591,4.646150104839687e-13
137.6229371561927,0.8111461888789512,0.3194862474497189,4.622236230013813e-13
137.64960826804466,0.8109197715665757,0.31946662516493235,4.598444515573061e-13
137.67627937989664,0.8107047998149453,0.31944590503934256,4.574774288367705e-13
137.70295049174862,0.8105018971382202,0.3194241461371708,4.551224882161031e-13
137.7296216036006,0.810311646691577,0.319401409645317,4.527795637629233e-13
137.75629271545256,0.8101345912712079,0.3193777588733592,4.504485902361462e-13
137.78296382730454,0.809971233314321,0.3193532592535539,4.4812950308597307e-13
137.80963493915652,0.8098220348991404,0.31932797834083615,4.4582223845390605e-13
137.8363060510085,0.8096874177449066,0.31930198581281916,4.4352673317273813e-13
137.86297716286046,0.8095677632118758,0.3192753534697947,4.412429247665583e-13
137.88964827471244,0.80946341230132,0.3192481552347327,4.3897075145074143e-13
137.91631938656442,0.8093746656555276,0.3192204671532817,4.3671015213196337e-13
137.9429904984164,0.8093017835578026,0.3191923673937685,4.3446106640819076e-13
137.96966161026836,0.8092449859324654,0.3191639362471983,4.3222343456868624e-13
137.99633272212034,0.8092044523448518,0.3191352561272547,4.299971975939985e-13
138.02300383397233,0.8091803220013144,0.3191064115702997,4.2778229715597704e-13
138.0496749458243,0.809172693749221,0.31907748923537355,4.2557867561776223e-13
138.07634605767626,0.8091816260769559,0.3190485779041951,4.233862760337902e-13
138.10301716952824,0.8092071380252152,0.3190197671484278,4.2120504205578097e-13
138.12968828138023,0.8092491928139968,0.31899112479108954,4.190349166884144e-13
138.1563593932322,0.8093076315196667,0.3189627314572025,4.168758452253024e-13
138.18303050508416,0.8093822427649986,0.3189346739211131,4.147277741143218e-13
138.20970161693614,0.809472778978533,0.3189070362235463,4.1259065022389476e-13
138.23637272878813,0.8095789563945763,0.31887989967160574,4.104644208430021e-13
138.2630438406401,0.8097004550532015,0.31885334283877337,4.083490336811744e-13
138.28971495249206,0.8098369188002473,0.3188274415649098,4.062444368684966e-13
138.31638606434404,0.8099879552873197,0.3188022689562539,4.0415057895559867e-13
138.34305717619603,0.8101531359717901,0.3187778953854232,4.020674089136695e-13
138.369728288048,0.8103319961167964,0.3187543884914138,3.9999487613444755e-13
138.39639939989996,0.810524034791243,0.31873181317960003,3.9793293043022557e-13
138.42307051175194,0.8107287148698008,0.31871023162173495,3.958815220338417e-13
138.44974162360393,0.8109454630329066,0.31868970325595,3.938406015986926e-13
138.4764127354559,0.8111736697667635,0.3186702847867551,3.9181012019872484e-13
138.5030838473079,0.8114126893633412,0.31865203018503874,3.897900293284368e-13
138.52975495915985,0.8116618399203751,0.3186349906880679,3.8778028090288106e-13
138.55642607101183,0.811920403341368,0.31861921479948796,3.8578082725765586e-13
138.5830971828638,0.8121876253355879,0.31860474828932284,3.8379162114891773e-13
138.6097682947158,0.8124627154180697,0.318591634193975,3.8181261575337305e-13
138.63643940656775,0.812744846909614,0.31857991281622533,3.798437646682824e-13
138.66311051841973,0.8130331569367888,0.3185696217252333,3.778850219114519e-13
138.6897816302717,0.8133267464319274,0.3185607957565367,3.7593634192124606e-13
138.7164527421237,0.8136247799488197,0.31855346492017833,3.739976789522033e-13
138.74312385397565,0.8139266297522095,0.3185476450934149,3.720689862143344e-13
138.76979496582763,0.8142313502984335,0.31854334808070983,3.70150219020755e-13
138.7964660776796,0.8145379851645955,0.31854058220401743,3.6824133289119946e-13
138.8231371895316,0.8148455963854188,0.3185393519704992,3.6634228337322464e-13
138.84980830138355,0.8151532644532447,0.31853965807252393,3.644530260422143e-13
138.87647941323553,0.8154600883180343,0.31854149738766774,3.625735165013708e-13
138.9031505250875,0.8157651853873663,0.31854486297871415,3.6070371038172726e-13
138.9298216369395,0.8160676915264384,0.31854974409365394,3.5884356334213954e-13
138.95649274879145,0.8163667610580666,0.3185561261656852,3.569930310692901e-13
138.98316386064343,0.8166615667626863,0.31856399081321335,3.5515206927768023e-13
139.0098349724954,0.8169512998783509,0.3185733158398511,3.533206337096418e-13
139.0365060843474,0.8172351701007327,0.3185840752344185,3.5149868013532956e-13
139.06317719619935,0.8175124055831221,0.31859623917094293,3.4968616435272473e-13
139.08984830805133,0.8177822529364291,0.31860977400865914,3.4788304218762755e-13
139.1165194199033,0.8180439772291819,0.3186246422920091,3.460892694936687e-13
139.1431905317553,0.8182968619875269,0.3186408027506421,3.443048021523017e-13
139.16986164360725,0.8185402091952294,0.3186582102994148,3.4252959607280664e-13
139.19653275545923,0.8187733392936739,0.3186768160383912,3.407636071922826e-13
139.2232038673112,0.8189955911818629,0.3186965672528426,3.3900679147565913e-13
139.2498749791632,0.8192063222164178,0.31871740741324756,3.3725910491568856e-13
139.27654609101515,0.8194049082115781,0.318739276175292,3.3552050353294974e-13
139.30321720286713,0.8195907434392029,0.3187621093798692,3.3379094337584075e-13
139.3298883147191,0.8197632406287693,0.31878583905307967,3.320703805205898e-13
139.3565594265711,0.8199218791025794,0.3188103987653334,3.3035877114844165e-13
139.38323053842308,0.8200663569771365,0.3188357334039774,3.286560713812906e-13
139.40990165027503,0.8201962913566612,0.31886176448499454,3.2696223664302835e-13
139.436572762127,0.820311324187093,0.3188884112568976,3.252772222972088e-13
139.463243873979,0.8204111411356177,0.318915593272744,3.2360098370211605e-13
139.48991498583098,0.8204954715906685,0.31894323039013606,3.21933476210757e-13
139.51658609768293,0.8205640886619245,0.3189712427712209,3.2027465517086526e-13
139.54325720953491,0.8206168091803124,0.3189995508826904,3.186244759248937e-13
139.5699283213869,0.8206534936980051,0.31902807549578127,3.169828938100253e-13
139.59659943323888,0.8206740464884223,0.31905673768627496,3.1534986415816597e-13
139.62327054509083,0.8206784155462308,0.3190854588344977,3.1372534229594806e-13
139.64994165694281,0.8206665925873438,0.31911416062532055,3.1210928354472353e-13
139.6766127687948,0.8206386130489212,0.3191427650481594,3.105016432205742e-13
139.70328388064678,0.8205945560893698,0.3191711943969749,3.0890237663430496e-13
139.72995499249873,0.8205345445883435,0.31919937127027237,3.0731143909144703e-13
139.75662610435072,0.8204587451467421,0.31922721857110214,3.057287858922514e-13
139.7832972162027,0.820367368086713,0.31925465950705917,3.0415437233169874e-13
139.80996832805468,0.8202606674516497,0.3192816175902833,3.025881536994928e-13
139.83663943990663,0.820138941006193,0.31930801663745906,3.0103008528006376e-13
139.86331055175862,0.8200025302362298,0.3193337807698159,2.994801223525616e-13
139.8899816636106,0.8198518203488944,0.31935883441312796,2.9793822019086585e-13
139.91665277546258,0.8196872402725675,0.3193831022977142,2.964043340635793e-13
139.94332388731453,0.8195092626568766,0.3194065094584384,2.9487841923403086e-13
139.96999499916652,0.8193184038726959,0.31942898123470914,2.9336043096026956e-13
139.9966661110185,0.8191151775297971,0.3194504481923618,2.9185032480996035e-13
140.02333722287048,0.8188999811808457,0.3194708654421204,2.9034805748366583e-13
140.05000833472243,0.8186734765202759,0.31949017556203163,2.888535842759617e-13
140.07667944657442,0.8184363702539474,0.3195083220819683,2.873668604960573e-13
140.1033505584264,0.8181893792224384,0.3195252525495666,2.8588784169968914e-13
140.13002167027838,0.8179332304010438,0.31954091853022654,2.844164836891146e-13
140.15669278213034,0.8176686608997762,0.31955527560711133,2.829527425131153e-13
140.18336389398232,0.8173964179633645,0.319568283381148,2.8149657446699065e-13
140.2100350058343,0.8171172589712556,0.31957990547102705,2.8004793609256706e-13
140.23670611768628,0.8168319514376139,0.31959010951320244,2.786067841781921e-13
140.26337722953824,0.8165412730113206,0.31959886716189184,2.771730757587373e-13
140.29004834139022,0.8162460114759738,0.3196061540890763,2.7574676811559217e-13
140.3167194532422,0.8159469647498895,0.3196119499845005,2.743278187766732e-13
140.34339056509418,0.8156449408861007,0.31961623855567267,2.729161855164179e-13
140.37006167694616,0.8153407580723578,0.3196190075278646,2.7151182635578645e-13
140.39673278879812,0.8150352446311285,0.3196202486441116,2.7011469956226276e-13
140.4234039006501,0.8147292390195972,0.3196199576652125,2.68724763649849e-13
140.45007501250208,0.814423589829666,0.31961813436972975,2.6734197737907426e-13
140.47674612435407,0.8141191557879544,0.3196147825539893,2.659662997569886e-13
140.50341723620602,0.8138168057557991,0.31960991003208067,2.6459769003716603e-13
140.530088348058,0.8135174187292532,0.31960352863585684,2.632361077196988e-13
140.55675945990998,0.8132218838390883,0.31959565421493447,2.618815125512059e-13
140.58343057176197,0.8129311003507926,0.31958630663669374,2.605338645248276e-13
140.61010168361392,0.812645977664572,0.3195755097862783,2.591931238802279e-13
140.6367727954659,0.8123674322207749,0.3195632915032605,2.578592511076363e-13
140.66344390731788,0.8120961028974097,0.31954968041196935,2.5653220741451084e-13
140.69011501916987,0.811832672823234,0.31953471800029215,2.552119545352001e-13
140.71678613102182,0.8115779588224555,0.3195184531628502,2.538984544077482e-13
140.7434572428738,0.8113327373615895,0.3195009369171303,2.5259166934643023e-13
140.77012835472578,0.8110977445494597,0.31948222240348473,2.51291562041761e-13
140.79679946657777,0.810873676137198,0.3194623648851313,2.4999809556048935e-13
140.82347057842972,0.8106611875182442,0.3194414217481534,2.4871123334560085e-13
140.8501416902817,0.8104608937283461,0.3194194525014997,2.474309392163122e-13
140.87681280213368,0.8102733694455594,0.3193965187769847,2.461571773680799e-13
140.90348391398567,0.8100991489902483,0.3193726843292882,2.448899123725941e-13
140.93015502583762,0.8099387263250848,0.31934801503595567,2.436291091777821e-13
140.9568261376896,0.8097925550550489,0.3193225788973978,2.423747331078022e-13
140.98349724954159,0.8096610484274286,0.3192964460368911,2.411267498630523e-13
141.01016836139357,0.8095445793318201,0.3192696887005775,2.3988512552016424e-13
141.03683947324552,0.8094434803001279,0.31924238125746435,2.386498265320067e-13
141.0635105850975,0.8093580435065639,0.3192146001994246,2.3742081972767975e-13
141.0901816969495,0.8092885207676486,0.31918642414119675,2.3619807231252275e-13
141.11685280880147,0.8092351235422103,0.3191579338203846,2.349815518681091e-13
141.14352392065342,0.8091980229313855,0.3191292120974578,2.337712263522491e-13
141.1701950325054,0.8091773496786188,0.31910034395575126,2.3256706409898426e-13
141.1968661443574,0.8091731941696625,0.3190714165014654,2.313690338185956e-13
141.22353725620937,0.8091856064325773,0.31904251896366626,2.301771045975981e-13
141.25020836806132,0.8092145979879105,0.31901373854747034,2.2899124574530073e-13
141.2768794799133,0.8092601077292201,0.3189851411245526,2.278114263337852e-13
141.3035505917653,0.8093219599631607,0.3189568111723319,2.266376168423536e-13
141.33022170361727,0.8093999357313284,0.3189288348897103,2.2546978817334135e-13
141.35689281546925,0.8094937798792035,0.3189012957421531,2.2430791145797908e-13
141.3835639273212,0.8096032010561507,0.3188742744616885,2.2315195805639406e-13
141.4102350391732,0.8097278717154193,0.31884784904690744,2.2200189955760524e-13
141.43690615102517,0.8098674281141429,0.31882209476296414,2.208577077795305e-13
141.46357726287715,0.8100214703133396,0.31879708414157576,2.1971935476898194e-13
141.4902483747291,0.8101895621779113,0.31877288698102235,2.1858681280166817e-13
141.5169194865811,0.8103712313766454,0.318749570346147,2.174600543821895e-13
141.54359059843307,0.8105659693822126,0.31872719856835574,2.1633905224404525e-13
141.57026171028505,0.8107732314711686,0.3187058332456177,2.1522377934962886e-13
141.596932822137,0.8109924367239533,0.3186855332424648,2.1411420889023025e-13
141.623603933989,0.8112229680248914,0.3186663546899921,2.1301031428603117e-13
141.65027504584097,0.8114641720621912,0.3186483509858577,2.119120691861123e-13
141.67694615769295,0.8117153593279463,0.31863157279428245,2.108194474684484e-13
141.7036172695449,0.8119758041181335,0.31861606804605036,2.0973242323991083e-13
141.7302883813969,0.8122447445326156,0.31860188193850847,2.086509708362627e-13
141.75695949324887,0.8125213824751386,0.3185890569355666,2.0757506482216602e-13
141.78363060510085,0.8128048836533331,0.3185776327676978,2.0650467999117697e-13
141.8103017169528,0.8130943775787142,0.31856764643193786,2.054397913657482e-13
141.8369728288048,0.8133889575666818,0.3185591321918858,2.043803741972243e-13
141.86364394065677,0.8136878555787844,0.31855211755113283,2.0332640339018345e-13
141.89031505250875,0.8139903883486861,0.318546616507816,2.02277853685885e-13
141.9169861643607,0.8142955894729859,0.31854264033786145,2.0123470084887192e-13
141.9436572762127,0.8146025064259198,0.3185401965633081,2.0019692067399283e-13
141.97032838806467,0.8149102051371162,0.31853928889132255,1.9916448897124883e-13
141.99699949991665,0.8152177699915977,0.31853991721419883,1.981373815657891e-13
142.0236706117686,0.8155243038297798,0.3185420776093589,1.9711557429791308e-13
142.0503417236206,0.8158289279474729,0.31854576233935195,1.9609904302306609e-13
142.07701283547257,0.8161307820958796,0.3185509598518551,1.950877636118459e-13
142.10368394732455,0.8164290244815969,0.318557654779673,1.9408171194999845e-13
142.1303550591765,0.8167228317666146,0.3185658279407379,1.9308086393841982e-13
142.1570261710285,0.8170113990683174,0.3185754563381096,1.920851954931521e-13
142.18369728288047,0.8172939399594824,0.3185865131599756,1.9109468254538975e-13
142.21036839473246,0.8175696864682805,0.31859896777965097,1.901093010414754e-13
142.23703950658444,0.8178378890782766,0.31861278575557844,1.8912902694290076e-13
142.2637106184364,0.8180978167284285,0.31862792883132834,1.8815383622630781e-13
142.29038173028837,0.8183487568130886,0.3186443549355986,1.8718370488348459e-13
142.31705284214036,0.818590015182002,0.31866201818221485,1.8621860892137142e-13
142.34372395399234,0.8188209161403076,0.31868086887013014,1.8525852436205676e-13
142.3703950658443,0.8190408024485378,0.3187008534834253,1.8430342724277925e-13
142.39706617769627,0.8192490353226193,0.3187219146913088,1.833532936159237e-13
142.42373728954826,0.8194449944338713,0.3187439913481166,1.8240809954902707e-13
142.45040840140024,0.8196280779090073,0.31876701849331235,1.8146782112477459e-13
142.4770795132522,0.8197977023301338,0.3187909273514873,1.8053243444100154e-13
142.50375062510417,0.819953393311584,0.31881565502209397,1.7960191567789531e-13
142.53042173695616,0.8200948502243235,0.31884114257178026,1.7867624086741724e-13
142.55709284880814,0.8202216848567981,0.3188673095818916,1.7775538572484923e-13
142.5837639606601,0.8203335483315535,0.3188940753663708,1.7683932595636023e-13
142.61043507251208,0.8204301354925397,0.31892135954355477,1.7592803726524246e-13
142.63710618436406,0.8205111849051112,0.3189490820361742,1.7502149535191737e-13
142.66377729621604,0.8205764788560265,0.31897716307135393,1.741196759139317e-13
142.690448408068,0.8206258433534486,0.31900552318061276,1.7322255464595932e-13
142.71711951991998,0.8206591481269451,0.3190340831998635,1.7233010723979766e-13
142.74379063177196,0.8206763066274875,0.319062764269413,1.7144230938437313e-13
142.77046174362394,0.8206772760274518,0.31909148783396196,1.705591367657375e-13
142.7971328554759,0.8206620572206186,0.31912017564260525,1.6968056506706977e-13
142.82380396732788,0.8206306948221724,0.31914874974883173,1.6880656996867234e-13
142.85047507917986,0.8205832771687025,0.31917713251052415,1.679371271479767e-13
142.87714619103184,0.8205199363182021,0.3192052465899594,1.6707221227953974e-13
142.9038173028838,0.820440848050069,0.31923301495380824,1.662118010350454e-13
142.93048841473578,0.8203462318651052,0.31926036087313553,1.653558690833012e-13
142.95715952658776,0.8202363509855174,0.3192872079234001,1.6450439209024372e-13
142.98383063843974,0.820111512354916,0.3193134799844548,1.6365734571893478e-13
143.0105017502917,0.8199720666383165,0.31933910124054643,1.6281470562956345e-13
143.03717286214368,0.8198184082221378,0.3193639961803158,1.6197644747944232e-13
143.06384397399566,0.8196509752142042,0.3193880895967978,1.6114254692301297e-13
143.09051508584764,0.8194702494437435,0.31941130658742134,1.603129796118423e-13
143.1171861976996,0.8192767564613884,0.3194335725540091,1.5948772119462442e-13
143.14385730955158,0.8190709778299076,0.3194548228595595,1.5866674764204622e-13
143.17052842140356,0.8188533495880147,0.31947501259323746,1.5785003529293743e-13
143.19719953325554,0.8186245605896203,0.31949408300947896,1.570375597541949e-13
143.22387064510752,0.8183853196543742,0.31951197848178126,1.5622929673118478e-13
143.25054175695948,0.8181363457380672,0.3195286474013748,1.554252220634396e-13
143.27721286881146,0.8178783679326287,0.3195440421772234,1.5462531172465486e-13
143.30388398066344,0.8176121254661293,0.31955811923602384,1.5382954182269414e-13
143.33055509251543,0.8173383677027793,0.31957083902220623,1.5303788859958566e-13
143.35722620436738,0.8170578541429295,0.31958216599793376,1.5225032843152403e-13
143.38389731621936,0.8167713544230695,0.31959206864310297,1.5146683782886685e-13
143.41056842807134,0.8164796483158301,0.31960051945534346,1.5068739343613978e-13
143.43723953992333,0.8161835257299819,0.3196074949500181,1.4991197203203317e-13
143.46391065177528,0.8158837867104355,0.31961297566022295,1.4914055052940364e-13
143.49058176362726,0.8155812414382411,0.3196169461367872,1.4837310597527093e-13
143.51725287547924,0.8152767102305896,0.3196193949482733,1.4760961555082276e-13
143.54392398733123,0.8149710235408115,0.31962031468097685,1.4685005657141155e-13
143.57059509918318,0.814665021958378,0.31961970193892664,1.4609440648655602e-13
143.59726621103516,0.8143595562088991,0.31961755734388475,1.45342642879938e-13
143.62393732288714,0.814055487154126,0.3196138855353463,1.445947434694073e-13
143.65060843473913,0.8137536857919496,0.31960869517053975,1.438506861069784e-13
143.67727954659108,0.813455033256401,0.3196019989244267,1.4311044877883213e-13
143.70395065844306,0.8131604208176506,0.31959381348970184,1.4237400960531242e-13
143.73062177029504,0.8128707498820096,0.31958415957679326,1.4164134684093111e-13
143.75729288214703,0.8125869319919291,0.31957306191386203,1.4091243887436482e-13
143.78396399399898,0.8123098640978095,0.31956054878932316,1.401872642469611e-13
143.81063510585096,0.812040123105286,0.31954665008424793,1.3946580195423107e-13
143.83730621770295,0.811778456210933,0.3195314101515185,1.387480311776865e-13
143.86397732955493,0.8115256717572674,0.3195148783299849,1.3803393124519074e-13
143.89064844140688,0.8112825377301404,0.3194971060815113,1.3732348168937321e-13
143.91731955325886,0.8110497817587369,0.31947814699097593,1.366166622476266e-13
143.94399066511085,0.8108280911155771,0.3194580567662713,1.3591345286211126e-13
143.97066177696283,0.8106181127165153,0.31943689323830393,1.3521383367975225e-13
143.99733288881478,0.8104204531207403,0.31941471636099456,1.3451778505224075e-13
144.02400400066676,0.8102356785307748,0.31939158821127805,1.3382528753603123e-13
144.05067511251875,0.8100643147924764,0.31936757298910334,1.331363218923458e-13
144.07734622437073,0.809906847395037,0.31934273701743365,1.3245086908717122e-13
144.1040173362227,0.8097637214709827,0.31931714874224626,1.3176891029125975e-13
144.13068844807466,0.8096353417961745,0.3192908787325326,1.3109042688012978e-13
144.15735955992665,0.8095220727898067,0.31926399968029817,1.3041540043406296e-13
144.18403067177863,0.809424238514409,0.3192365864005627,1.2974381273810858e-13
144.2107017836306,0.8093421226758454,0.3192087158313601,1.2907564578208063e-13
144.23737289548257,0.8092759686233139,0.31918046703373837,1.284108817605592e-13
144.26404400733455,0.8092259793493469,0.3191519211917596,1.2774950307288777e-13
144.29071511918653,0.8091923174898116,0.31912316161250015,1.2709149232317738e-13
144.3173862310385,0.8091751053239091,0.3190942737260503,1.264368323203037e-13
144.34405734289047,0.8091744247741753,0.3190653450855148,1.2578550607790869e-13
144.37072845474245,0.8091903174064803,0.3190364653670123,1.251374968143975e-13
144.39739956659443,0.8092227862447808,0.31900771782058157,1.2449278778716645e-13
144.4240706784464,0.80927174284905,0.31897916925464875,1.2385136227804e-13
144.45074179029837,0.8093369989447338,0.3189509064843901,1.2321320431680572e-13
144.47741290215035,0.8094183279881719,0.318923015133668,1.225782980932405e-13
144.50408401400233,0.8095154672380938,0.31889557809305447,1.219466279217037e-13
144.5307551258543,0.8096281177556184,0.31886867551983095,1.2131817824113443e-13
144.55742623770627,0.8097559444042544,0.31884238483798844,1.2069293361505292e-13
144.58409734955825,0.8098985758499004,0.3188167807382275,1.2007087873155787e-13
144.61076846141023,0.8100556045608447,0.3187919351779582,1.194519984033304e-13
144.6374395732622,0.8102265868077648,0.31876791738130017,1.1883627756763145e-13
144.66411068511417,0.8104110426637283,0.31874479383908255,1.18223701286303e-13
144.69078179696615,0.8106084560041927,0.31872262830884407,1.1761425474576562e-13
144.71745290881813,0.8108182745070048,0.3187014818148328,1.1700792325702214e-13
144.7441240206701,0.8110399096524011,0.3186814126480067,1.1640469225565536e-13
144.77079513252207,0.8112727367230077,0.31866247636603295,1.1580454730182903e-13
144.79746624437405,0.811516094803841,0.31864472579328834,1.152074740802855e-13
144.82413735622603,0.8117692867823065,0.31862821102085925,1.1461345840034946e-13
144.85080846807801,0.8120315793481996,0.3186129794065416,1.1402248619592543e-13
144.87747957992997,0.812302202993705,0.3185990755748408,1.1343454352549898e-13
144.90415069178195,0.8125803520133981,0.3185865414169718,1.128496165721343e-13
144.93082180363393,0.8128651845042428,0.31857541609085904,1.1226769164347782e-13
144.95749291548591,0.8131558223655936,0.31856573602113664,1.1168875517175589e-13
144.98416402733787,0.8134513525456123,0.3185575348800275,1.1111279371153265e-13
145.01083513918985,0.8137510915328741,0.3185508368875977,1.1053979346616154e-13
145.03750625104183,0.8140542644155212,0.31854565512402544,1.0996974086505474e-13
145.06417736289382,0.8143599041057883,0.3185420001261652,1.0940262272808249e-13
145.0908484747458,0.8146670619695361,0.3185398786159357,1.0883842588336246e-13
145.11751958659775,0.8149748078262513,0.31853929350032,1.0827713716726016e-13
145.14419069844973,0.8152822299490478,0.3185402438713656,1.0771874342438672e-13
145.17086181030172,0.8155884350646645,0.31854272500618414,1.071632315076024e-13
145.1975329221537,0.8158925483534669,0.31854672836695164,1.0661058827801415e-13
145.22420403400565,0.8161937134494464,0.3185522416009085,1.0606080060497692e-13
145.25087514585763,0.8164910924402214,0.31855924854035933,1.055138553660912e-13
145.27754625770962,0.8167838658670358,0.3185677292026732,1.049697394472066e-13
145.3042173695616,0.8170712327247595,0.3185776597902833,1.0442843974241945e-13
145.33088848141355,0.8173524104618887,0.3185890126906873,1.0388994315407404e-13
145.35755959326553,0.8176266349805463,0.3186017564764472,1.0335423659276026e-13
145.38423070511752,0.8178931606364811,0.3186158559051891,1.0282130697731706e-13
145.4109018169695,0.8181512602390677,0.3186312719196037,1.0229114123483019e-13
145.43757292882145,0.8184002250513069,0.31864796164744585,1.0176372630063325e-13
145.46424404067344,0.8186393647898266,0.3186658784015347,1.0123904911830553e-13
145.49091515252542,0.8188680076248797,0.3186849716797539,1.0071709663967533e-13
145.5175862643774,0.8190855001803458,0.31870518716505114,1.0019785582481778e-13
145.54425737622935,0.8192912075337303,0.3187264667254386,9.968131364205584e-14
145.57092848808134,0.8194845132161658,0.3187487484139928,9.916745706795819e-14
145.59759959993332,0.81966481921241,0.31877196646885453,9.865627308734249e-14
145.6242707117853,0.8198315460097784,0.3187960513193352,9.814774869330692e-14
145.65094182363725,0.8199842803760157,0.3188209447879105,9.764187093682012e-14
145.67761293548924,0.8201226990250463,0.3188465816754963,9.71386267164046e-14
145.70428404734122,0.8202464185347457,0.31887288105682504,9.663800281146013e-14
145.7309551591932,0.8203550992045191,0.31889976231090356,9.613998599982078e-14
145.75762627104515,0.8204484450553011,0.31892714512101283,9.564456305775593e-14
145.78429738289714,0.8205262038295563,0.31895494947470826,9.515172075996821e-14
145.81096849474912,0.820588166991278,0.31898309566381927,9.466144587959664e-14
145.8376396066011,0.8206341697259895,0.3190115042844497,9.417372518821455e-14
145.86431071845305,0.8206640909407432,0.3190400962369773,9.368854545583056e-14
145.89098183030504,0.8206778532641213,0.3190687927260546,9.320589345088659e-14
145.91765294215702,0.8206754230462353,0.31909751526060787,9.272575594026093e-14
145.944324054009,0.8206568103587263,0.3191261856538378,9.224811968926613e-14
145.97099516586096,0.8206220689947646,0.31915472602321937,9.17729714616501e-14
145.99766627771294,0.8205712964690502,0.31918305879050174,9.130029801959401e-14
146.02433738956492,0.8205046340178125,0.31921110668170827,9.083008612371541e-14
146.0510085014169,0.8204222665988105,0.3192387927271366,9.036232253306612e-14
146.07767961326888,0.8203244228913322,0.31926604026135863,8.989699400513281e-14
146.10435072512084,0.8202113752961959,0.3192927729232204,8.94340872958374e-14
146.13102183697282,0.8200834399357486,0.31931891465584233,8.897358915953522e-14
146.1576929488248,0.8199409766538671,0.3193443897066189,8.851548634901784e-14
146.18436406067678,0.8197843890159576,0.31936912262721895,8.805976561551116e-14
146.21103517252874,0.819614124308956,0.31939303827358556,8.760641370867641e-14
146.23770628438072,0.8194306735413271,0.31941606180593596,8.715541737660817e-14
146.2643773962327,0.8192345714430659,0.31943811868876165,8.670676336583725e-14
146.29104850808469,0.8190262555233869,0.31945915082153864,8.626043870681794e-14
146.31771961993664,0.8188062262082061,0.3194791104106283,8.581643041800408e-14
146.34439073178862,0.818575184122454,0.3194979386719793,8.537472521978082e-14
146.3710618436406,0.8183338402029041,0.3195155808226497,8.4935309905206e-14
146.3977329554926,0.8180829155235998,0.3195319860974068,8.449817134035462e-14
146.42440406734454,0.8178231412958546,0.31954710774872686,8.406329646431978e-14
146.45107517919652,0.8175552588682516,0.31956090304679535,8.363067228921082e-14
146.4777462910485,0.8172800197266447,0.3195733332795068,8.320028590015608e-14
146.5044174029005,0.8169981854941574,0.3195843637524647,8.277212445530107e-14
146.53108851475244,0.8167105279311838,0.3195939637889817,8.234617518580937e-14
146.55775962660442,0.8164178289353872,0.3196021067300796,8.192242539586085e-14
146.5844307384564,0.8161208805417016,0.3196087699344892,8.150086246265431e-14
146.6111018503084,0.8158204849223312,0.3196139347786504,8.108147383640579e-14
146.63777296216034,0.8155174543867504,0.31961758665671214,8.066424704034936e-14
146.66444407401232,0.8152126113817026,0.31961971498053254,8.024916967073537e-14
146.6911151858643,0.8149067884912025,0.31962031317967876,7.983622939683319e-14
146.7177862977163,0.8146008284365344,0.319619378701427,7.94254139609293e-14
146.74445740956824,0.8142955840762529,0.31961691301076256,7.901671117832827e-14
146.77112852142022,0.813991918406182,0.3196129215903799,7.861010893735102e-14
146.7977996332722,0.8136907045594165,0.3196074139406824,7.820559519933733e-14
146.8244707451242,0.8133928258063213,0.31960040357978275,7.780315799864423e-14
146.85114185697614,0.8130991755545313,0.31959190804350246,7.740278544264679e-14
146.87781296882812,0.8128106573489506,0.31958194888537234,7.70044657117364e-14
146.9044840806801,0.8125281848717546,0.3195705516766322,7.660818705932339e-14
146.9311551925321,0.8122526144553486,0.3195577448868544,7.621393784065626e-14
146.95782630438407,0.8119844992224654,0.3195435606523657,7.582170667122792e-14
146.98449741623602,0.8117246311457539,0.3195280453748639,7.543148222829586e-14
147.011168528088,0.8114738100885224,0.3195112488377681,7.504325328449751e-14
147.03783963994,0.8112327955582299,0.31949322294763,7.465700872391472e-14
147.06451075179197,0.8110023067064848,0.3194740217341332,7.427273754207208e-14
147.09118186364392,0.810783022329045,0.3194537013500937,7.389042884593777e-14
147.1178529754959,0.8105755808658176,0.31943232007145955,7.351007185392196e-14
147.1445240873479,0.8103805804008599,0.31940993829731107,7.31316558958792e-14
147.17119519919987,0.8101985786623787,0.3193866185498607,7.275517041310681e-14
147.19786631105183,0.8100300930227303,0.31936242547445326,7.23806049583457e-14
147.2245374229038,0.8098756004984206,0.3193374258395654,7.200794919577876e-14
147.2512085347558,0.8097355377501049,0.3193116885368063,7.163719290103328e-14
147.27787964660777,0.8096103010825886,0.31928528458091726,7.126832596117929e-14
147.30455075845973,0.8095002464448264,0.3192582871097716,7.090133837473043e-14
147.3312218703117,0.8094056894299227,0.319230771384375,7.053622025164232e-14
147.3578929821637,0.8093269052751314,0.3192028147888653,7.017296181331495e-14
147.38456409401567,0.8092641288618561,0.3191744968305125,6.98115533925911e-14
147.41123520586763,0.8092175547156499,0.31914589913971886,6.945198543375714e-14
147.4379063177196,0.8091873370062157,0.31911710547001865,6.909424849254139e-14
147.4645774295716,0.8091735895474059,0.3190882016980785,6.87383332361166e-14
147.49124854142357,0.8091763857972226,0.31905927582369725,6.838423044309825e-14
147.51791965327553,0.8091957588578174,0.31903041796980586,6.803193100354541e-14
147.5445907651275,0.8092317012225749,0.319001705801891,6.768142577094649e-14
147.5712618769795,0.8092840962769071,0.3189732099890073,6.73327057403523e-14
147.59793298883147,0.8093527462400134,0.3189450181749587,6.698576225182677e-14
147.62460410068343,0.8094374169798028,0.3189172154088829,6.664058671491306e-14
147.6512752125354,0.8095378381653869,0.31888988400674356,6.629717060695782e-14
147.6779463243874,0.8096537032670799,0.3188631035513302,6.595550547311345e-14
147.70461743623937,0.8097846695563984,0.31883695089225833,6.561558292633663e-14
147.73128854809133,0.8099303581060614,0.31881150014596943,6.527739464738904e-14
147.7579596599433,0.8100903537899911,0.3187868226957308,6.494093238483588e-14
147.7846307717953,0.8102642052833114,0.3187629871916357,6.46061879550481e-14
147.81130188364727,0.8104514250623495,0.31874005955060347,6.42731532422009e-14
147.83797299549923,0.8106514894046343,0.31871810295637926,6.394182019827451e-14
147.8646441073512,0.8108638383888982,0.3186971778595342,6.361218084305269e-14
147.8913152192032,0.8110878758950756,0.3186773419774654,6.32842272641249e-14
147.91798633105518,0.8113229696043034,0.3186586502943958,6.295795161688494e-14
147.94465744290716,0.8115684509989213,0.31864115506137425,6.263334612453116e-14
147.9713285547591,0.811823615362471,0.31862490579627584,6.231040307806694e-14
147.9979996666111,0.812087721779698,0.3186099492838012,6.198911483629926e-14
148.02467077846308,0.812359993136549,0.3185963295754772,6.166947382584076e-14
148.05134189031506,0.8126396161201739,0.31858408798965643,6.13514725411084e-14
148.078013002167,0.8129257412189247,0.3185732631115176,6.103510354432404e-14
148.104684114019,0.8132174827223567,0.31856389079306535,6.072035946551324e-14
148.13135522587098,0.8135139377004901,0.3185560038233211,6.040723298394143e-14
148.15802633772296,0.8138144787385837,0.3185496230471986,6.009571654339884e-14
148.1846974495749,0.8141182490713219,0.31854476102528667,5.978580284397632e-14
148.2113685614269,0.8144242854996727,0.31854142749420983,5.947748471335358e-14
148.23803967327888,0.8147316432768257,0.31853962837560673,5.917075498370096e-14
148.26471078513086,0.8150393961081928,0.31853936577613007,5.886560649167816e-14
148.2913818969828,0.8153466361514081,0.31854063798744653,5.85620320784348e-14
148.3180530088348,0.8156524740163291,0.3185434394862368,5.826002458960921e-14
148.34472412068678,0.8159560387650346,0.31854776093419573,5.795957687533035e-14
148.37139523253876,0.8162564779118262,0.3185535891780321,5.766068179021647e-14
148.3980663443907,0.8165529574232271,0.3185609072494689,5.736333219337581e-14
148.4247374562427,0.8168446617179842,0.31856969436524296,5.706752094840533e-14
148.45140856809468,0.8171307936670656,0.31857992592710527,5.677324092339254e-14
148.47807967994666,0.8174105745936623,0.3185915735218208,5.648048499091433e-14
148.5047507917986,0.8176832442731871,0.31860460492116877,5.6189246028037525e-14
148.5314219036506,0.8179480609332759,0.31861898408194217,5.589951691631768e-14
148.55809301550258,0.8182043012537863,0.3186346711459481,5.561129054180091e-14
148.58476412735456,0.8184512603667986,0.3186516224400079,5.53245597950227e-14
148.61143523920651,0.8186882518566151,0.3186697904759567,5.503931757100847e-14
148.6381063510585,0.818914607759761,0.31868912395064386,5.475555676927238e-14
148.66477746291048,0.8191296785649833,0.3187095677459327,5.447327029381916e-14
148.69144857476246,0.8193328332132517,0.31873106292870057,5.4192451053142884e-14
148.71811968661441,0.8195234590977576,0.31875354675083883,5.391309196022756e-14
148.7447907984664,0.8197009620639159,0.3187769526492531,5.363518593254596e-14
148.77146191031838,0.8198647731885459,0.31880121105667475,5.3358725894302775e-14
148.79813302217036,0.8200145365038307,0.31882626731088215,5.30837047980127e-14
148.82480413402234,0.8201498999921661,0.3188520499673602,5.281011548605446e-14
148.8514752458743,0.8202704894083833,0.3188784781657151,5.2537950762980316e-14
148.87814635772628,0.820375974228943,0.3189054713497321,5.226720343248934e-14
148.90481746957826,0.8204660676519343,0.3189329492673755,5.199786629742911e-14
148.93148858143024,0.8205405265970751,0.3189608319707888,5.172993215979457e-14
148.9581596932822,0.8205991517057122,0.3189890398162945,5.14633938207286e-14
148.98483080513418,0.8206417873408215,0.31901749346439445,5.119824408052087e-14
149.01150191698616,0.8206683215870073,0.31904611387976933,5.093447573860956e-14
149.03817302883814,0.820678686250503,0.3190748223312791,5.0672081593580216e-14
149.0648441406901,0.8206728568591708,0.31910354039196265,5.0411054443166314e-14
149.09151525254208,0.8206508526625017,0.31913218993903825,5.015138708424813e-14
149.11818636439406,0.8206127366316154,0.31916069315390305,4.989307231285446e-14
149.14485747624605,0.8205586154592606,0.31918897252213346,4.963610292416143e-14
149.171528588098,0.8204886395598148,0.31921695083348484,4.938047171249312e-14
149.19819969994998,0.8204030030692842,0.3192445511818918,4.912617147132044e-14
149.22487081180196,0.820301943845304,0.3192716969654681,4.887319499326274e-14
149.25154192365395,0.820185743467138,0.3192983118865064,4.862153507008679e-14
149.2782130355059,0.8200547272356794,0.3193243199514787,4.8371184492707244e-14
149.30488414735788,0.8199092641734493,0.31934964547103595,4.8122136051185626e-14
149.33155525920986,0.8197497670245983,0.3193742130600083,4.78743825347319e-14
149.35822637106185,0.8195766922549058,0.3193979476374049,4.762791673170342e-14
149.3848974829138,0.81939054005178,0.31942077442641414,4.7382731429605435e-14
149.41156859476578,0.8191918492648396,0.3194426194547411,4.713881942057484e-14
149.43823970661776,0.8189810170476644,0.3194634315117412,4.6896173701813943e-14
149.46491081846975,0.8187586175622145,0.31948315836504293,4.665478714078146e-14
149.4915819303217,0.8185253537268175,0.3195017420575258,4.641465251824581e-14
149.51825304217368,0.8182819385979679,0.31951912864975934,4.6175762654713604e-14
149.54492415402567,0.818029095370329,0.31953526822000294,4.593811041043117e-14
149.57159526587765,0.8177675573767306,0.319550114864206,4.570168868538353e-14
149.5982663777296,0.8174980680881709,0.3195636266960077,4.546649041929491e-14
149.62493748958158,0.8172213811138149,0.3195757658467373,4.523250859162774e-14
149.65160860143357,0.8169382602009958,0.3195864984654139,4.499973622158417e-14
149.67827971328555,0.8166494792352141,0.31959579471874666,4.476816636810502e-14
149.7049508251375,0.8163558222401385,0.31960362879113446,4.453779212987034e-14
149.73162193698948,0.8160580833776039,0.3196099788846663,4.430860664529838e-14
149.75829304884147,0.8157570669476141,0.31961482721912093,4.408060309254709e-14
149.78496416069345,0.8154535873883401,0.31961816003196725,4.385377468951312e-14
149.81163527254543,0.8151484692761202,0.3196199675783639,4.3628114693832074e-14
149.83830638439738,0.8148425473254611,0.3196202441311596,4.3403616402878764e-14
149.86497749624937,0.8145366663890358,0.31961898798089283,4.3180273153766207e-14
149.89164860810135,0.8142316814576858,0.31961620143579217,4.2958078323347124e-14
149.91831971995333,0.81392845766042,0.31961189082177605,4.2737025328212934e-14
149.94499083180528,0.8136278702644153,0.31960606648245277,4.251710762469424e-14
149.97166194365727,0.8133308046750151,0.3195987427791207,4.229831870885991e-14
149.99833305550925,0.8130381564357313,0.31958993809076797,4.2080652116518446e-14
150.02500416736123,0.8127508312282432,0.31957967481407284,4.18641014232171e-14
150.05167527921319,0.8124697448723979,0.3195679793634034,4.1648660244242285e-14
150.07834639106517,0.8121956913049067,0.3195548802264458,4.1434322266715795e-14
150.10501750291715,0.8119292388776967,0.319540412565392,4.122108131241455e-14
150.13168861476913,0.8116712048767706,0.31952462413827587,4.100893122573117e-14
150.1583597266211,0.8114223806881671,0.31950756517335155,4.079786590893632e-14
150.18503083847307,0.8111835173427214,0.3194892880220989,4.058787932495269e-14
150.21170195032505,0.8109553255160666,0.31946984715922405,4.037896549735634e-14
150.23837306217703,0.8107384755286327,0.3194492991826589,4.017111851037584e-14
150.265044174029,0.8105335973456468,0.3194277028135613,3.996433250889269e-14
150.29171528588097,0.8103412805771327,0.3194051188963151,3.9758601698440424e-14
150.31838639773295,0.8101620744779121,0.31938161039853,3.955392034520595e-14
150.34505750958493,0.8099964879476031,0.3193572424110419,3.935028277602868e-14
150.3717286214369,0.8098449895306217,0.3193320821479123,3.914768337840094e-14
150.39839973328887,0.8097080074161799,0.31930619894642887,3.8946116600467125e-14
150.42507084514085,0.8095859294382879,0.3192796642671052,3.874557695102499e-14
150.45174195699283,0.8094791030757523,0.3192525516936807,3.854605899952478e-14
150.4784130688448,0.8093878354521774,0.31922493693312104,3.8347557376069665e-14
150.50508418069677,0.809312393335964,0.31919689781561744,3.815006677141489e-14
150.53175529254875,0.8092530031403105,0.31916851429458737,3.795358193696904e-14
150.55842640440073,0.8092098509232122,0.319139868446674,3.775809768479321e-14
150.5850975162527,0.8091830823874615,0.3191110444717468,3.7563608887601413e-14
150.61176862810467,0.809172802880648,0.3190821286929008,3.737011047875974e-14
150.63843973995665,0.8091790773951584,0.3190532095564572,3.717759745228763e-14
150.66511085180863,0.8092019307828942,0.31902437738233846,3.6986064861270735e-14
150.69178196366062,0.8092413412833062,0.3189957033196181,3.679550770744098e-14
150.71845307551257,0.8092971660482899,0.31896726412968174,3.660592115174361e-14
150.74512418736455,0.8093691995545947,0.3189391470202692,3.641730048967996e-14
150.77179529921654,0.8094572000792291,0.31891143646603864,3.6229641053655336e-14
150.79846641106852,0.8095608896994613,0.31888421420856666,3.6042938212978256e-14
150.82513752292047,0.8096799542928192,0.3188575592563481,3.585718737386078e-14
150.85180863477245,0.8098140435370911,0.3188315478847964,3.5672383979417774e-14
150.87847974662444,0.809962770910324,0.3188062536362432,3.5488523509668083e-14
150.90515085847642,0.8101257136908251,0.3187817473199387,3.5305601481533716e-14
150.93182197032837,0.810302412957161,0.3187580970120514,3.5123613448840265e-14
150.95849308218035,0.8104923735881587,0.3187353680556681,3.494255500231613e-14
150.98516419403234,0.8106950642629042,0.31871362306079426,3.4762421769593654e-14
151.01183530588432,0.8109099174607434,0.31869292190435355,3.458320941520838e-14
151.03850641773627,0.8111363294612817,0.3186733217301881,3.440491364059942e-14
151.06517752958825,0.8113736603443849,0.3186548769490583,3.422753018410868e-14
151.09184864144024,0.8116212339901776,0.31863763923864313,3.4051054820982044e-14
151.11851975329222,0.8118783380790447,0.3186216575435399,3.3875483363368564e-14
151.14519086514417,0.8121442240916302,0.31860697807526417,3.370081166032087e-14
151.17186197699615,0.812418107308839,0.3185936443122501,3.352703559779441e-14
151.19853308884814,0.8126991668118343,0.31858169699985023,3.335415109864856e-14
151.22520420070012,0.8129865454820397,0.31857117415033526,3.3182154122645903e-14
151.25187531255207,0.8132793500011382,0.3185621110428946,3.3011040666452593e-14
151.27854642440406,0.813576708389628,0.3185545391057703,3.284080673304062e-14
151.30521753625604,0.8138780081684024,0.31854847614055354,3.267144820604578e-14
151.33188864810802,0.8141823334742323,0.31854393428760036,3.2502961146868657e-14
151.35855975995997,0.8144887249931767,0.3185409224831703,3.233534165250188e-14
151.38523087181196,0.8147962418624027,0.31853944584849686,3.2168585822381453e-14
151.41190198366394,0.8151039616701841,0.3185395056897877,3.200268975838788e-14
151.43857309551592,0.8154109804559019,0.3185410994982248,3.1837649564845424e-14
151.46524420736787,0.8157164127100445,0.31854422094996393,3.167346134852244e-14
151.49191531921986,0.8160193913742083,0.31854885990613524,3.15101212186307e-14
151.51858643107184,0.8163190678410965,0.31855500241284285,3.134762528682645e-14
151.54525754292382,0.8166146119545196,0.3185626307011651,3.118596966720968e-14
151.57192865477577,0.816905212009395,0.3185717231871544,3.10251504763245e-14
151.59859976662776,0.8171900747517488,0.3185822544718372,3.0865163833158435e-14
151.62527087847974,0.8174684253787131,0.31859419534121425,3.0706005859143466e-14
151.65194199033172,0.817739507538528,0.3186075127662603,3.054767267815534e-14
151.6786131021837,0.8180025833305405,0.31862216990292425,3.0390160416513736e-14
151.70528421403566,0.8182569333052051,0.3186381260921291,3.023346520298243e-14
151.73195532588764,0.8185018564640841,0.318655336859772,3.007758316876865e-14
151.75862643773962,0.8187366702598466,0.3186737539167242,2.992251044752405e-14
151.7852975495916,0.8189607105962692,0.3186933251588311,2.9768243175344054e-14
151.81196866144356,0.8191733318282355,0.31871399466691214,2.961477749076819e-14
151.83863977329554,0.8193739067617372,0.31873570270676094,2.946210953477942e-14
151.86531088514752,0.8195618266538726,0.31875838572914533,2.931023545080516e-14
151.8919819969995,0.8197365012128476,0.3187819763698071,2.9159151384716565e-14
151.91865310885146,0.819897384142206,0.3188064063803974,2.9008853488840246e-14
151.94532422070344,0.8200441579881876,0.31883162184029645,2.885933792140586e-14
151.97199533255542,0.8201764498236648,0.31885754670044136,2.871060077659186e-14
151.9986664444074,0.8202938945805962,0.3188841001650696,2.856263813820087e-14
152.02533755625936,0.8203961709126482,0.318911201742522,2.8415446089571555e-14
152.05200866811134,0.8204830011951949,0.3189387712452433,2.8269020713578018e-14
152.07867977996332,0.8205541515253183,0.3189667287897814,2.812335809263072e-14
152.1053508918153,0.8206094317218078,0.31899499479678795,2.7978454308675856e-14
152.13202200366726,0.8206486953251606,0.31902348999101826,2.7834305443195673e-14
152.15869311551924,0.8206718395975819,0.31905213540133104,2.7690907577207853e-14
152.18536422737122,0.8206788055229843,0.31908085236068856,2.7548256791266425e-14
152.2120353392232,0.8206695778069883,0.3191095625061568,2.740634916546117e-14
152.23870645107516,0.8206441848769221,0.3191381877789051,2.7265180779417906e-14
152.26537756292714,0.8206026988818217,0.31916665042420655,2.7124747712297893e-14
152.29204867477912,0.8205452356924304,0.3191948729914377,2.698504604279874e-14
152.3187197866311,0.8204719549011998,0.3192227783340785,2.68460718491538e-14
152.34539089848306,0.8203830598222891,0.3192502896097128,2.6707821209132468e-14
152.37206201033504,0.8202787974915647,0.31927733028002786,2.6570290200039584e-14
152.39873312218702,0.8201594586666014,0.3193038241108143,2.6433474898716337e-14
152.425404234039,0.8200253778266815,0.3193296951719667,2.629737138153965e-14
152.45207534589096,0.819876933172795,0.31935486783748274,2.6161975724422493e-14
152.47874645774294,0.8197145466276392,0.3193792667854641,2.6027284002813293e-14
152.50541756959493,0.8195386838356198,0.3194028169981156,2.589329229169681e-14
152.5320886814469,0.81934985416285,0.31942544376174603,2.5759996665593544e-14
152.55875979329886,0.8191485869906596,0.3194470751047971,2.5627393212605725e-14
152.58543090515084,0.8189352688552124,0.31946766437146995,2.5495478134753922e-14
152.61210201700283,0.8187105301887275,0.31948715593504956,2.5364247523423667e-14
152.6387731288548,0.8184750760305666,0.3195054926819034,2.523369745411135e-14
152.6654442407068,0.8182296215589716,0.3195226215160738,2.5103824023940885e-14
152.69211535255874,0.8179748920910652,0.31953849335927764,2.4974623351663842e-14
152.71878646441073,0.8177116230828498,0.31955306315090676,2.484609157765889e-14
152.7454575762627,0.8174405601292088,0.3195662898480275,2.471822486393263e-14
152.7721286881147,0.8171624589639058,0.31957813642538097,2.4591019394119056e-14
152.79879979996664,0.8168780854595851,0.31958856987538314,2.4464471373479803e-14
152.82547091181863,0.8165882156277705,0.3195975612081245,2.4338577028903615e-14
152.8521420236706,0.8162936356188673,0.3196050854513704,2.4213332608907178e-14
152.8788131355226,0.8159951417221603,0.3196111216505609,2.4088734383634543e-14
152.90548424737455,0.8156935403658157,0.31961565286881055,2.396477864485742e-14
152.93215535922653,0.8153896481168788,0.319618666186909,2.384146170597464e-14
152.9588264710785,0.815084291681276,0.3196201527033203,2.3718779902012953e-14
152.9854975829305,0.8147783079038146,0.3196201075341834,2.359672958962649e-14
153.01216869478245,0.8144725437681817,0.31961852981331185,2.3475307147097022e-14
153.03883980663443,0.8141678563969444,0.319615422692194,2.335450897433347e-14
153.0655109184864,0.8138651130515508,0.3196107933399929,2.323433149287264e-14
153.0921820303384,0.8135651911323295,0.3196046529435464,2.3114771145878747e-14
153.11885314219035,0.8132689781784894,0.3195970167073668,2.2995824398143637e-14
153.14552425404233,0.812977371868119,0.3195879038536414,2.2877487736086297e-14
153.1721953658943,0.8126912800181882,0.319577337622232,2.2759757667753618e-14
153.1988664777463,0.812411620584547,0.3195653452706754,2.2642630722819873e-14
153.22553758959825,0.8121391025748163,0.3195519552422227,2.2526103482840007e-14
153.25220870145023,0.8118743496190652,0.3195372062762416,2.2410172589864346e-14
153.2788798133022,0.811618184574184,0.3195211469137644,2.2294834699184434e-14
153.3055509251542,0.8113713903504512,0.3195038278280866,2.218008649905675e-14
153.33222203700615,0.8111347095034575,0.31948530181580426,2.2065924710747996e-14
153.35889314885813,0.8109088442341038,0.3194656237968137,2.1952346088534605e-14
153.3855642607101,0.8106944563886036,0.31944485081431173,2.1839347419703476e-14
153.4122353725621,0.8104921674584814,0.3194230420347956,2.1726925524551485e-14
153.43890648441405,0.810302558580573,0.319400258748063,2.1615077256385723e-14
153.46557759626603,0.8101261705370253,0.3193765643672118,2.1503799501523032e-14
153.492248708118,0.8099635037552972,0.3193520244286406,2.1393089179290697e-14
153.51891981997,0.8098150183081588,0.3193267065920482,2.1282943242025996e-14
153.54559093182198,0.8096811339136915,0.3193006806404339,2.1173358675076294e-14
153.57226204367393,0.809562229935288,0.3192740184800973,2.106433249679918e-14
153.5989331555259,0.8094586453816526,0.3192467941406386,2.095586175856199e-14
153.6256042673779,0.8093706789068008,0.3192190837749583,2.0847943544742507e-14
153.65227537922988,0.8092985888100598,0.3191909656592572,2.0740574972728497e-14
153.67894649108183,0.8092425930360679,0.3191625201930367,2.0633753192917937e-14
153.7056176029338,0.809202869174775,0.3191338298990986,2.0527475388718572e-14
153.7322887147858,0.8091795544614422,0.31910497942354493,2.0421738776548572e-14
153.75895982663778,0.8091727457766422,0.3190760555357783,2.0316540605836103e-14
153.78563093848973,0.809182499646259,0.31904714712850174,2.0211878159019537e-14
153.8123020503417,0.809208833416909,0.3190183433269053,2.01077487452374e-14
153.8389731621937,0.8092517047224752,0.3189897111962709,2.000414964381569e-14
153.86564427404568,0.8093109501298508,0.31896133247326025,1.9901078248613283e-14
153.89231538589763,0.8093863565237124,0.31893329379125096,1.9798532003432114e-14
153.91898649774961,0.8094776745882479,0.3189056790506123,1.9696508372158755e-14
153.9456576096016,0.8095846188071557,0.3188785694187055,1.9595004838765044e-14
153.97232872145358,0.8097068674636452,0.31885204332988376,1.9494018907307666e-14
153.99899983330553,0.8098440626404366,0.3188261764854918,1.9393548101928356e-14
154.02567094515751,0.8099958102197614,0.3188010418538664,1.9293589966853478e-14
154.0523420570095,0.8101616798833614,0.318776709670336,1.919414206639467e-14
154.07901316886148,0.8103412051124896,0.318753247437221,1.9095201984948412e-14
154.10568428071343,0.8105338831879096,0.3187307199238337,1.8996767326996233e-14
154.13235539256542,0.8107391751898966,0.318709189166478,1.8898835717104298e-14
154.1590265044174,0.8109565059982359,0.31868871446844976,1.880140479992404e-14
154.18569761626938,0.8111852642922239,0.3186693524000367,1.8704472240191732e-14
154.21236872812133,0.8114248025506678,0.3186511567985183,1.86080357227287e-14
154.23903983997332,0.8116744370518862,0.31863417876816585,1.8512092952440914e-14
154.2657109518253,0.8119334478737081,0.3186184666802425,1.8416641654319593e-14
154.29238206367728,0.8122010788934735,0.31860406617300335,1.8321679573440816e-14
154.31905317552923,0.8124765377880327,0.31859102015169516,1.8227204474965695e-14
154.34572428738122,0.8127589960337483,0.3185793687885565,1.813321414414e-14
154.3723953992332,0.8130475889064925,0.318569149522818,1.8039706386294754e-14
154.39906651108518,0.813341415481649,0.31856039706070177,1.794667902684582e-14
154.42573762293713,0.813639655441141,0.3185531408654711,1.7854129877523563e-14
154.45240873478912,0.8139416708368694,0.31854739627115514,1.7762056707511742e-14
154.4790798466411,0.8142465088204022,0.3185431749796667,1.767045738543644e-14
154.50575095849308,0.8145532139600468,0.3185404851267945,1.757932978737355e-14
154.53242207034506,0.8148608492743322,0.3185393310332696,1.7488671790729252e-14
154.55909318219702,0.8151684962320092,0.3185397132047654,1.7398481274240144e-14
154.585764294049,0.8154752547520508,0.3185416283318979,1.7308756117972827e-14
154.61243540590098,0.8157802432036513,0.3185450692902254,1.721949420332449e-14
154.63910651775296,0.8160825984062267,0.31855002514024866,1.7130693413022544e-14
154.66577762960492,0.8163814756294144,0.3185564811274108,1.7042351631124783e-14
154.6924487414569,0.816676048593075,0.31856441868209745,1.6954466743019024e-14
154.71911985330888,0.8169655094672893,0.3185738154196365,1.6867036635423678e-14
154.74579096516086,0.8172490688723605,0.31858464514029833,1.678005919638736e-14
154.77246207701282,0.8175259558788132,0.3185968778292958,1.669353231528907e-14
154.7991331888648,0.8177954180073944,0.31861047965678413,1.660745388283785e-14
154.82580430071678,0.8180567212290725,0.3186254129778609,1.6521821791073315e-14
154.85247541256877,0.8183091499650375,0.31864163633256615,1.6436633933365292e-14
154.87914652442072,0.8185520070867008,0.31865910444588236,1.6351888204414e-14
154.9058176362727,0.8187846139156968,0.31867776822773436,1.6267582500249693e-14
154.93248874812468,0.8190063102238805,0.31869757477298943,1.6183714718233192e-14
154.95915985997667,0.819216454233329,0.3187184673614573,1.610028275705554e-14
154.98583097182862,0.8194144226163411,0.31874038545788996,1.6017284516738168e-14
155.0125020836806,0.8195996104954376,0.3187632647119821,1.593471789863254e-14
155.03917319553258,0.8197714314433608,0.31878703695837046,1.5852580805420692e-14
155.06584430738457,0.8199293748443761,0.3188116365369616,1.5770871145336833e-14
155.09251541923652,0.820073141207361,0.3188370076264471,1.568958682143783e-14
155.1191865310885,0.8202023453025683,0.3188630711285535,1.560872570449355e-14
155.14585764294048,0.8203166312392165,0.31888974631196026,1.5528285663072617e-14
155.17252875479247,0.8204156868482941,0.31891695274939047,1.54482645654909e-14
155.19919986664442,0.8204992436825604,0.3189446103176107,1.536866027981166e-14
155.2258709784964,0.820567077016545,0.3189726391974312,1.528947067384523e-14
155.25254209034838,0.8206190058465477,0.31900095987370564,1.521069361514951e-14
155.27921320220037,0.8206548928906388,0.3190294931353313,1.513232697102963e-14
155.30588431405232,0.8206746445886588,0.3190581600752491,1.505436860853813e-14
155.3325554259043,0.820678211102219,0.3190868820904434,1.4976816394474612e-14
155.35922653775629,0.8206655863147005,0.31911558088194214,1.4899668195386247e-14
155.38589764960827,0.8206368078312554,0.31914417845481685,1.4822921877567444e-14
155.41256876146025,0.8205919569788056,0.3191725971181826,1.4746575307059925e-14
155.4392398733122,0.8205311588060437,0.31920075948519794,1.467062634965281e-14
155.4659109851642,0.8204545820834326,0.3192285884730651,1.45950728708823e-14
155.49258209701617,0.8203624393032054,0.3192560073030299,1.4519912736032157e-14
155.51925320886815,0.820254986679366,0.3192829395003815,1.4445143810133368e-14
155.5459243207201,0.8201325241476884,0.31930930889445275,1.4370763957964333e-14
155.5725954325721,0.8199953953657169,0.3193350396186201,1.429677104405052e-14
155.59926654442407,0.8198439877127661,0.3193600561103035,1.4223162932664963e-14
155.62593765627605,0.8196787322899214,0.3193842831109664,1.4149937487827928e-14
155.652608768128,0.8195001039200384,0.3194076456661159,1.4077092573307075e-14
155.67927987998,0.8193086211477425,0.31943006912530264,1.4004626052617152e-14
155.70595099183197,0.819104790829389,0.31945148506739757,1.3932535806966819e-14
155.73262210368395,0.8188890174150435,0.3194718488498749,1.3860819767508131e-14
155.7592932155359,0.8186619706450681,0.3194911026070332,1.378947579771276e-14
155.7859643273879,0.8184243576815824,0.31950919006869494,1.3718501764152596e-14
155.81263543923987,0.8181768958261532,0.31952605898234526,1.3647895545170353e-14
155.83930655109185,0.8179203125197936,0.3195416611131319,1.3577655030879258e-14
155.8659776629438,0.8176553453429634,0.3195559522438653,1.3507778123163195e-14
155.8926487747958,0.8173827420155682,0.31956889217501844,1.3438262735676419e-14
155.91931988664777,0.8171032603969607,0.3195804447247269,1.3369106793843992e-14
155.94599099849975,0.8168176684859403,0.3195905777287891,1.3300308234861493e-14
155.9726621103517,0.8165267444207527,0.3195992630406659,1.3231865007695164e-14
155.9993332222037,0.8162312764790894,0.3196064765314808,1.3163775073081612e-14
156.02600433405567,0.8159320630780895,0.31961219809002006,1.3096036403528256e-14
156.05267544590765,0.8156299127743379,0.3196164116227325,1.3028646983313026e-14
156.0793465577596,0.8153256442638668,0.3196191050537296,1.2961604808484515e-14
156.1060176696116,0.8150200863821535,0.31962027032478546,1.2894907886861691e-14
156.13268878146357,0.814714078104123,0.3196199033953368,1.2828554238034322e-14
156.15935989331555,0.8144084685441465,0.319618004242483,1.2762541893362692e-14
156.1860310051675,0.814104116956042,0.31961457686098604,1.269686889597775e-14
156.2127021170195,0.813801892733073,0.3196096292632706,1.2631533300780815e-14
156.23937322887147,0.8135026754079504,0.3196031734794239,1.2566533174444013e-14
156.26604434072345,0.8132073546528316,0.319595225557196,1.250186659540998e-14
156.2927154525754,0.8129168302793204,0.31958580556199934,1.2437531653892015e-14
156.3193865644274,0.8126320122384665,0.3195749375769091,1.23735264518738e-14
156.34605767627937,0.8123538141303326,0.31956264957306113,1.2309849103520387e-14
156.37272878813135,0.8120828561116938,0.3195489703720315,1.2246497758914855e-14
156.39939989998334,0.8118198389148095,0.31953394224178117,1.218347059092176e-14
156.4260710118353,0.8115655773296566,0.31951761417744856,1.2120765782939352e-14
156.45274212368727,0.8113208457919315,0.31950003729753174,1.2058381536331348e-14
156.47941323553925,0.8110863783830512,0.3194812648438883,1.1996316070427335e-14
156.50608434739124,0.8108628688301521,0.31946135218173527,1.1934567622522497e-14
156.5327554592432,0.8106509705060907,0.3194403567996495,1.1873134447877752e-14
156.55942657109517,0.8104512964294428,0.31941833830956706,1.1812014819719491e-14
156.58609768294716,0.8102644192645048,0.31939535844678385,1.1751207029239968e-14
156.61276879479914,0.8100908713212923,0.31937148106995517,1.1690709385597036e-14
156.6394399066511,0.8099311445555414,0.3193467721610959,1.1630520215914284e-14
156.66611101850307,0.8097856905687074,0.31932129982558044,1.1570637865280772e-14
156.69278213035506,0.809654920607966,0.3192951342921428,1.1511060696751421e-14
156.71945324220704,0.8095392055662123,0.31926834791287645,1.1451787091346759e-14
156.746124354059,0.8094388759820618,0.31924101516323455,1.1392815448053036e-14
156.77279546591097,0.8093542220398491,0.3192132126420297,1.1334144183821991e-14
156.79946657776296,0.8092854935696294,0.31918501907143404,1.127577173357121e-14
156.82613768961494,0.8092329000471775,0.31915651529697925,1.121769655018389e-14
156.8528088014669,0.8091966105939878,0.3191277842875568,1.1159917104508951e-14
156.87947991331887,0.8091767539772748,0.3190989111354172,1.1102431885360803e-14
156.90615102517086,0.8091734186099729,0.3190699830561711,1.10452393995197e-14
156.93282213702284,0.8091866525507363,0.3190410893887883,1.0988338171731507e-14
156.9594932488748,0.8092164654682465,0.3190123165079169,1.093172673580243e-14
156.98616436072678,0.8092627897678327,0.3189837302487838,1.0875403616841082e-14
157.01283547257876,0.8093254464187865,0.3189554158109374,1.0819367407588997e-14
157.03950658443074,0.8094042147120654,0.3189274592535564,1.07636167191353e-14
157.0661776962827,0.809498837737543,0.31889994390286996,1.0708150173500521e-14
157.09284880813468,0.8096090223840096,0.31887295035215696,1.0652966403636355e-14
157.11951991998666,0.8097344393391709,0.31884655646174687,1.0598064053426023e-14
157.14619103183864,0.8098747230896495,0.31882083735901895,1.0543441777684028e-14
157.1728621436906,0.8100294719209834,0.31879586543840294,1.0489098242156278e-14
157.19953325554258,0.8101982479176276,0.3187717103613784,1.0435032123519852e-14
157.22620436739456,0.8103805769629528,0.3187484390564753,1.0381242109383348e-14
157.25287547924654,0.810575948739246,0.31872611571927373,1.032772689828665e-14
157.27954659109852,0.8107838167277102,0.31870480181240374,1.0274485199700989e-14
157.30621770295048,0.8110035982084646,0.3186845560655457,1.0221515734028993e-14
157.33288881480246,0.811234674260545,0.31866543447543016,1.0168817232604472e-14
157.35955992665444,0.8114763897619028,0.31864749030583767,1.0116388437692747e-14
157.38623103850642,0.811728053389406,0.31863077408759904,1.0064228102490424e-14
157.41290215035838,0.8119889376188383,0.3186153336185953,1.0012334991125517e-14
157.43957326221036,0.8122582787249003,0.3186012139637574,9.960707878657213e-15
157.46624437406234,0.8125352767812081,0.31858845745506664,9.909345551076211e-15
157.49291548591432,0.8128190956602943,0.31857710369155445,9.858246805304501e-15
157.51958659776628,0.8131088630336072,0.3185671895393023,9.807410449195474e-15
157.54625770961826,0.8134036703715123,0.31855874913144194,9.756835301533697e-15
157.57292882147024,0.8137027697272448,0.3185518092334827,9.706520161098554e-15
157.59959993332222,0.8140054577985106,0.31854638353528497,9.656463825171981e-15
157.62627104517418,0.8143107663429823,0.31854248316284434,9.60666513696307e-15
157.65294215702616,0.8146177438089957,0.3185401154513961,9.55712294068293e-15
157.67961326887814,0.8149254570944039,0.3185392839210929,9.507836081266922e-15
157.70628438073012,0.8152329915465789,0.3185399882770045,9.458803404374455e-15
157.73295549258208,0.8155394509624109,0.318542224409118,9.41002375638909e-15
157.75962660443406,0.8158439575883091,0.31854598439233767,9.36149598441833e-15
157.78629771628604,0.8161456521202004,0.31855125648648497,9.313218936293933e-15
157.81296882813803,0.8164436937035304,0.3185580251362986,9.265191460571706e-15
157.83963993998998,0.8167372599332626,0.31856627097143464,9.217412406531602e-15
157.86631105184196,0.8170255468538802,0.3185759708064662,9.169880624177525e-15
157.89298216369394,0.8173077689593834,0.3185870976408837,9.12259496423763e-15
157.91965327554593,0.8175831591932915,0.3185996206590949,9.075554278164115e-15
157.94632438739788,0.8178509689486416,0.3186135052304246,9.028757418133334e-15
157.97299549924986,0.8181104680679904,0.31862871290911493,8.982203237045587e-15
157.99966661110184,0.8183609448434118,0.31864520143432523,8.935890588525426e-15
158.02633772295383,0.8186017060164986,0.3186629247301322,8.889818326921444e-15
158.05300883480578,0.8188320767783618,0.3186818329055295,8.84398530730639e-15
158.07967994665776,0.8190514007696313,0.3187018722544282,8.798390385476964e-15
158.10635105850974,0.8192590400804548,0.3187229852556567,8.753032417954109e-15
158.13302217036173,0.8194543752504987,0.31874511057296034,8.707910261982821e-15
158.15969328221368,0.8196368052689474,0.318768183055002,8.663022775532242e-15
158.18636439406566,0.8198057475745046,0.3187921337353616,8.618368817295468e-15
158.21303550591765,0.8199607413537605,0.3188169007739685,8.573947250193176e-15
158.23970661776963,0.8201014826246773,0.31884242392050316,8.529756928563936e-15
158.2663777296216,0.8202275832968926,0.3188686225061923,8.485796692646046e-15
158.29304884147356,0.820338696656987,0.31889541586400993,8.442065382385511e-15
158.31971995332555,0.8204345197133615,0.318922723630926,8.398561837590638e-15
158.34639106517753,0.8205147931962369,0.3189504657479062,8.355284897932314e-15
158.3730621770295,0.8205793015576544,0.3189785624599122,8.312233402943811e-15
158.39973328888146,0.820627872971475,0.31900693431590155,8.26940619202089e-15
158.42640440073345,0.8206603793333804,0.31903550216882776,8.22680210442161e-15
158.45307551258543,0.8206767362608718,0.31906418717564017,8.184419979266606e-15
158.4797466244374,0.8206769030932709,0.3190929107972841,8.142258655538907e-15
158.50641773628936,0.8206608828917193,0.3191215947987006,8.100316972084023e-15
158.53308884814135,0.820628722439179,0.3191501612488269,8.058593767609766e-15
158.55975995999333,0.8205805122404317,0.31917853252059586,8.017087880686521e-15
158.5864310718453,0.8205163865220797,0.31920663129093635,7.975798149747071e-15
158.61310218369726,0.8204365232325452,0.31923438054077313,7.934723413086673e-15
158.63977329554925,0.8203411440420705,0.319261703555027,7.893862508862897e-15
158.66644440740123,0.8202305143427179,0.3192885239226143,7.853214275095879e-15
158.6931155192532,0.8201049432483702,0.3193147655364477,7.812777549668149e-15
158.71978663110517,0.8199647835947301,0.31934035259343546,7.77255117032472e-15
158.74645774295715,0.8198104319393203,0.3193652095944819,7.732533974672911e-15
158.77312885480913,0.8196423285614839,0.31938926134448714,7.692724800182613e-15
158.7997999666611,0.8194609574623838,0.31941243295234734,7.653122484186107e-15
158.82647107851307,0.8192668463650036,0.3194346498309543,7.613725863878154e-15
158.85314219036505,0.8190604671798639,0.31945584876228045,7.574533793942248e-15
158.87981330221703,0.8188422692137541,0.31947598440394154,7.535545142731548e-15
158.906484414069,0.8186129455076792,0.319494997875192,7.496758745132863e-15
158.93315552592097,0.8183732053478627,0.3195128337492833,7.458173441379318e-15
158.95982663777295,0.8181237681604238,0.3195294406171203,7.419788078109976e-15
158.98649774962493,0.8178653635113783,0.31954477108726065,7.381601508370076e-15
159.0131688614769,0.817598731106638,0.31955878178591507,7.34361259161087e-15
159.03983997332887,0.8173246207920111,0.31957143335694743,7.305820193689704e-15
159.06651108518085,0.8170437925532009,0.31958269046187454,7.268223186869861e-15
159.09318219703283,0.8167570165158078,0.3195925217798663,7.230820449820796e-15
159.1198533088848,0.816465072945328,0.3196009000077456,7.19361086761798e-15
159.14652442073677,0.816168752247154,0.31960780185998844,7.156593331742978e-15
159.17319553258875,0.8158688549665738,0.3196132080687238,7.119766740083291e-15
159.19986664444073,0.8155661917887721,0.3196171033837336,7.083129996932593e-15
159.22653775629271,0.8152615835388294,0.3196194765724531,7.0466820129905725e-15
159.2532088681447,0.8149558611817226,0.31962032041997035,7.010421705362973e-15
159.27987997999665,0.8146498658223247,0.3196196317290264,6.9743479975616315e-15
159.30655109184863,0.8143444487054041,0.3196174113200156,6.938459819504324e-15
159.33322220370061,0.8140404712156261,0.3196136640309851,6.902756107514997e-15
159.3598933155526,0.8137388048775518,0.3196083987176352,6.867235804323611e-15
159.38656442740455,0.8134403313556389,0.31960162825331917,6.831897859066221e-15
159.41323553925653,0.8131459424542401,0.3195933695290434,6.796741227284822e-15
159.43990665110852,0.812856540117605,0.31958364345346724,6.761764870927578e-15
159.4665777629605,0.8125730364298794,0.31957247495290314,6.72696775834867e-15
159.49324887481245,0.8122963240055805,0.3195598929293603,6.692348865683489e-15
159.51991998666443,0.8120270016209019,0.3195459325445059,6.6579071926943385e-15
159.54659109851642,0.8117658232100492,0.3195306377160099,6.623641745429489e-15
159.5732622103684,0.8115135803167464,0.3195140555360531,6.58955153681761e-15
159.59993332222035,0.8112710262928066,0.3194962355719508,6.555635589593197e-15
159.62660443407233,0.8110388762981319,0.3194772298661524,6.521892936296431e-15
159.65327554592432,0.8108178073007142,0.31945709293624214,6.488322619273396e-15
159.6799466577763,0.8106084580766346,0.3194358817749385,6.454923690675932e-15
159.70661776962825,0.8104114292100635,0.31941365585009435,6.421695212461708e-15
159.73328888148023,0.8102272830932602,0.3193904771046969,6.3886362563940784e-15
159.75995999333222,0.8100565439265738,0.3193664099568681,6.3557459040423e-15
159.7866311051842,0.8098996977184424,0.319341521299864,6.323023246781386e-15
159.81330221703615,0.8097571922853938,0.3193158805020752,6.290467385792176e-15
159.83997332888814,0.8096294372520444,0.31928955940702675,6.258077432061201e-15
159.86664444074012,0.8095168040511006,0.31926263233337804,6.225852506380889e-15
159.8933155525921,0.8094196259233576,0.3192351760749229,6.193791739349424e-15
159.91998666444405,0.8093381979177005,0.31920726990058973,6.16189427137082e-15
159.94665777629604,0.8092727768911028,0.3191789955544411,6.1301592526547815e-15
159.97332888814802,0.809223581508628,0.3191504372556742,6.098585843216909e-15
160.0,0.8091907922434289,0.31912168169862054,6.0671732128785595e-15
